case,station,model,mode,time,east_m,north_m,up_m,error_3d_m,ambiguities,integer_valid_ambiguities,wl_selected,wl_passed,l1_selected,l1_passed,newly_fixed,held_integer_rank
r48u_20260914_DYNG_IF_float,DYNG,IF,float,2024-07-17T00:03:00,-0.168548,0.945416,-2.18773,2.3892221316277817,7,0,0,False,0,False,0,0
r48u_20260914_DYNG_IF_float,DYNG,IF,float,2024-07-17T00:03:30,0.445791,0.0166159,0.739088,0.8632825583537582,6,0,0,False,0,False,0,0
r48u_20260914_DYNG_IF_float,DYNG,IF,float,2024-07-17T00:04:00,0.629432,0.269668,-1.28896,1.4595627271371383,5,0,0,False,0,False,0,0
r48u_20260914_DYNG_IF_float,DYNG,IF,float,2024-07-17T00:04:30,0.567457,0.512161,-0.999736,1.25848655394724,6,0,0,False,0,False,0,0
r48u_20260914_DYNG_IF_float,DYNG,IF,float,2024-07-17T00:05:00,0.480946,0.338872,-0.774976,0.9730010729058833,6,0,0,False,0,False,0,0
r48u_20260914_DYNG_IF_float,DYNG,IF,float,2024-07-17T00:05:30,0.49048,0.318084,-0.502682,0.7709975710597278,6,0,0,False,0,False,0,0
r48u_20260914_DYNG_IF_float,DYNG,IF,float,2024-07-17T00:06:00,0.541855,0.375535,-0.35817,0.7502793654033143,6,0,0,False,0,False,0,0
r48u_20260914_DYNG_IF_float,DYNG,IF,float,2024-07-17T00:06:30,0.546103,0.380035,-0.571478,0.8770645314445227,5,0,0,False,0,False,0,0
r48u_20260914_DYNG_IF_float,DYNG,IF,float,2024-07-17T00:07:00,0.488763,0.660244,-0.363173,0.8981681566577608,6,0,0,False,0,False,0,0
r48u_20260914_DYNG_IF_float,DYNG,IF,float,2024-07-17T00:07:30,0.444349,0.714412,-0.351568,0.9118281626320829,6,0,0,False,0,False,0,0
r48u_20260914_DYNG_IF_float,DYNG,IF,float,2024-07-17T00:08:00,0.439671,0.676578,-0.390651,0.8964801069326637,5,0,0,False,0,False,0,0
r48u_20260914_DYNG_IF_float,DYNG,IF,float,2024-07-17T00:08:30,0.493849,0.705238,-0.191789,0.8820603675293432,6,0,0,False,0,False,0,0
r48u_20260914_DYNG_IF_float,DYNG,IF,float,2024-07-17T00:09:00,0.536831,0.725929,0.0029072,0.9028670375054346,6,0,0,False,0,False,0,0
r48u_20260914_DYNG_IF_float,DYNG,IF,float,2024-07-17T00:09:30,0.526574,0.745461,0.121845,0.9207814529094296,6,0,0,False,0,False,0,0
r48u_20260914_DYNG_IF_float,DYNG,IF,float,2024-07-17T00:10:00,0.498471,0.800192,0.217208,0.9674502002527056,6,0,0,False,0,False,0,0
r48u_20260914_DYNG_IF_float,DYNG,IF,float,2024-07-17T00:10:30,0.490427,0.820761,0.238116,0.9853255760945211,6,5,0,False,0,False,0,0
r48u_20260914_DYNG_IF_float,DYNG,IF,float,2024-07-17T00:11:00,0.466052,0.786297,0.238696,0.9446921293887233,6,0,0,False,0,False,0,0
r48u_20260914_DYNG_IF_float,DYNG,IF,float,2024-07-17T00:11:30,0.464658,0.740766,0.256062,0.9111580936171285,6,0,0,False,0,False,0,0
r48u_20260914_DYNG_IF_float,DYNG,IF,float,2024-07-17T00:12:00,0.456367,0.698471,0.277145,0.8791711594194841,6,0,0,False,0,False,0,0
r48u_20260914_DYNG_IF_float,DYNG,IF,float,2024-07-17T00:12:30,0.450823,0.6355,0.317419,0.841342052253422,5,0,0,False,0,False,0,0
r48u_20260914_DYNG_IF_float,DYNG,IF,float,2024-07-17T00:13:00,0.456687,0.662191,0.427958,0.9111574980287437,6,0,0,False,0,False,0,0
r48u_20260914_DYNG_IF_float,DYNG,IF,float,2024-07-17T00:13:30,0.40872,0.589196,0.322177,0.7861310222507442,6,0,0,False,0,False,0,0
r48u_20260914_DYNG_IF_float,DYNG,IF,float,2024-07-17T00:14:00,0.386376,0.57071,0.27568,0.7422908997663922,6,0,0,False,0,False,0,0
r48u_20260914_DYNG_IF_float,DYNG,IF,float,2024-07-17T00:14:30,0.357362,0.57655,0.234505,0.7177117085355372,6,0,0,False,0,False,0,0
r48u_20260914_DYNG_IF_float,DYNG,IF,float,2024-07-17T00:15:00,0.339306,0.584671,0.193874,0.7032466620987262,6,0,0,False,0,False,0,0
r48u_20260914_DYNG_IF_float,DYNG,IF,float,2024-07-17T00:15:30,0.307168,0.579646,0.165824,0.676638207993016,6,0,0,False,0,False,0,0
r48u_20260914_DYNG_IF_float,DYNG,IF,float,2024-07-17T00:16:00,0.305054,0.574658,0.197766,0.680000846055356,6,0,0,False,0,False,0,0
r48u_20260914_DYNG_IF_float,DYNG,IF,float,2024-07-17T00:16:30,0.304602,0.583974,0.243386,0.7021714577480347,6,0,0,False,0,False,0,0
r48u_20260914_DYNG_IF_float,DYNG,IF,float,2024-07-17T00:17:00,0.302177,0.565509,0.277152,0.6985159980372676,6,5,0,False,0,False,0,0
r48u_20260914_DYNG_IF_float,DYNG,IF,float,2024-07-17T00:17:30,0.295664,0.505125,0.252755,0.6375371020936742,6,5,0,False,0,False,0,0
r48u_20260914_DYNG_IF_float,DYNG,IF,float,2024-07-17T00:18:00,0.2934,0.467735,0.272241,0.615609252940532,6,5,0,False,0,False,0,0
r48u_20260914_DYNG_IF_float,DYNG,IF,float,2024-07-17T00:18:30,0.285779,0.454729,0.289102,0.609941035417359,6,5,0,False,0,False,0,0
r48u_20260914_DYNG_IF_float,DYNG,IF,float,2024-07-17T00:19:00,0.270852,0.427298,0.290282,0.5832735432299325,6,5,0,False,0,False,0,0
r48u_20260914_DYNG_IF_float,DYNG,IF,float,2024-07-17T00:19:30,0.259198,0.386643,0.264629,0.5354483357841352,6,5,0,False,0,False,0,0
r48u_20260914_DYNG_IF_float,DYNG,IF,float,2024-07-17T00:20:00,0.253837,0.360885,0.299563,0.5333002876082105,6,5,0,False,0,False,0,0
r48u_20260914_DYNG_IF_float,DYNG,IF,float,2024-07-17T00:20:30,0.256474,0.350115,0.302442,0.5289901598943028,6,6,0,False,0,False,0,0
r48u_20260914_DYNG_IF_float,DYNG,IF,float,2024-07-17T00:21:00,0.255557,0.348136,0.302754,0.5274163812975474,6,5,0,False,0,False,0,0
r48u_20260914_DYNG_IF_float,DYNG,IF,float,2024-07-17T00:21:30,0.264298,0.367546,0.345747,0.5696353947298219,6,6,0,False,0,False,0,0
r48u_20260914_DYNG_IF_float,DYNG,IF,float,2024-07-17T00:22:00,0.261085,0.374824,0.374594,0.5907445074116221,6,6,0,False,0,False,0,0
r48u_20260914_DYNG_IF_float,DYNG,IF,float,2024-07-17T00:22:30,0.270256,0.400955,0.426155,0.6445240892208762,6,6,0,False,0,False,0,0
r48u_20260914_DYNG_IF_float,DYNG,IF,float,2024-07-17T00:23:00,0.258633,0.400461,0.413334,0.6309556535652882,6,6,0,False,0,False,0,0
r48u_20260914_DYNG_IF_float,DYNG,IF,float,2024-07-17T00:23:30,0.241376,0.38262,0.37741,0.5891508685184127,6,5,0,False,0,False,0,0
r48u_20260914_DYNG_IF_float,DYNG,IF,float,2024-07-17T00:24:00,0.223146,0.371405,0.352831,0.5587714433487094,6,5,0,False,0,False,0,0
r48u_20260914_DYNG_IF_float,DYNG,IF,float,2024-07-17T00:24:30,0.214127,0.3616,0.349174,0.5463766232233952,6,5,0,False,0,False,0,0
r48u_20260914_DYNG_IF_float,DYNG,IF,float,2024-07-17T00:25:00,0.211797,0.348681,0.381768,0.5587335812299097,6,5,0,False,0,False,0,0
r48u_20260914_DYNG_IF_float,DYNG,IF,float,2024-07-17T00:25:30,0.211308,0.344356,0.417688,0.5811156433482065,6,0,0,False,0,False,0,0
r48u_20260914_DYNG_IF_float,DYNG,IF,float,2024-07-17T00:26:00,0.199094,0.331994,0.426315,0.5758497339558298,6,5,0,False,0,False,0,0
r48u_20260914_DYNG_IF_float,DYNG,IF,float,2024-07-17T00:26:30,0.194253,0.316325,0.427596,0.5662455941108946,6,5,0,False,0,False,0,0
r48u_20260914_DYNG_IF_float,DYNG,IF,float,2024-07-17T00:27:00,0.186708,0.297757,0.441258,0.5641167706042783,6,6,0,False,0,False,0,0
r48u_20260914_DYNG_IF_float,DYNG,IF,float,2024-07-17T00:27:30,0.188943,0.279152,0.434867,0.5502132350661878,6,6,0,False,0,False,0,0
r48u_20260914_DYNG_IF_float,DYNG,IF,float,2024-07-17T00:28:00,0.187623,0.277263,0.421083,0.5379480032373017,6,6,0,False,0,False,0,0
r48u_20260914_DYNG_IF_float,DYNG,IF,float,2024-07-17T00:28:30,0.174469,0.292522,0.453836,0.5674289976208478,6,6,0,False,0,False,0,0
r48u_20260914_DYNG_IF_float,DYNG,IF,float,2024-07-17T00:29:00,0.162811,0.278786,0.46714,0.5678457846255442,6,6,0,False,0,False,0,0
r48u_20260914_DYNG_IF_float,DYNG,IF,float,2024-07-17T00:29:30,0.159224,0.267299,0.476348,0.5689538247353646,6,6,0,False,0,False,0,0
r48u_20260914_DYNG_IF_float,DYNG,IF,float,2024-07-17T00:30:00,0.138028,0.242021,0.45892,0.5368737837006012,6,6,0,False,0,False,0,0
r48u_20260914_DYNG_IF_round_shadow,DYNG,IF,round_shadow,2024-07-17T00:03:00,-0.168548,0.945416,-2.18773,2.3892221316277817,7,0,0,False,0,False,0,0
r48u_20260914_DYNG_IF_round_shadow,DYNG,IF,round_shadow,2024-07-17T00:03:30,0.445791,0.0166159,0.739088,0.8632825583537582,6,0,0,False,0,False,0,0
r48u_20260914_DYNG_IF_round_shadow,DYNG,IF,round_shadow,2024-07-17T00:04:00,0.629432,0.269668,-1.28896,1.4595627271371383,5,0,0,False,0,False,0,0
r48u_20260914_DYNG_IF_round_shadow,DYNG,IF,round_shadow,2024-07-17T00:04:30,0.567457,0.512161,-0.999736,1.25848655394724,6,0,0,False,0,False,0,0
r48u_20260914_DYNG_IF_round_shadow,DYNG,IF,round_shadow,2024-07-17T00:05:00,0.480946,0.338872,-0.774976,0.9730010729058833,6,0,0,False,0,False,0,0
r48u_20260914_DYNG_IF_round_shadow,DYNG,IF,round_shadow,2024-07-17T00:05:30,0.49048,0.318084,-0.502682,0.7709975710597278,6,0,0,False,0,False,0,0
r48u_20260914_DYNG_IF_round_shadow,DYNG,IF,round_shadow,2024-07-17T00:06:00,0.541855,0.375535,-0.35817,0.7502793654033143,6,0,0,False,0,False,0,0
r48u_20260914_DYNG_IF_round_shadow,DYNG,IF,round_shadow,2024-07-17T00:06:30,0.546103,0.380035,-0.571478,0.8770645314445227,5,0,0,False,0,False,0,0
r48u_20260914_DYNG_IF_round_shadow,DYNG,IF,round_shadow,2024-07-17T00:07:00,0.488763,0.660244,-0.363173,0.8981681566577608,6,0,0,False,0,False,0,0
r48u_20260914_DYNG_IF_round_shadow,DYNG,IF,round_shadow,2024-07-17T00:07:30,0.444349,0.714412,-0.351568,0.9118281626320829,6,0,0,False,0,False,0,0
r48u_20260914_DYNG_IF_round_shadow,DYNG,IF,round_shadow,2024-07-17T00:08:00,0.439671,0.676578,-0.390651,0.8964801069326637,5,0,0,False,0,False,0,0
r48u_20260914_DYNG_IF_round_shadow,DYNG,IF,round_shadow,2024-07-17T00:08:30,0.493849,0.705238,-0.191789,0.8820603675293432,6,0,0,False,0,False,0,0
r48u_20260914_DYNG_IF_round_shadow,DYNG,IF,round_shadow,2024-07-17T00:09:00,0.536831,0.725929,0.0029072,0.9028670375054346,6,0,0,False,0,False,0,0
r48u_20260914_DYNG_IF_round_shadow,DYNG,IF,round_shadow,2024-07-17T00:09:30,0.526574,0.745461,0.121845,0.9207814529094296,6,0,0,False,0,False,0,0
r48u_20260914_DYNG_IF_round_shadow,DYNG,IF,round_shadow,2024-07-17T00:10:00,0.498471,0.800192,0.217208,0.9674502002527056,6,0,0,False,0,False,0,0
r48u_20260914_DYNG_IF_round_shadow,DYNG,IF,round_shadow,2024-07-17T00:10:30,0.490427,0.820761,0.238116,0.9853255760945211,6,5,0,False,0,False,0,0
r48u_20260914_DYNG_IF_round_shadow,DYNG,IF,round_shadow,2024-07-17T00:11:00,0.466052,0.786297,0.238696,0.9446921293887233,6,0,0,False,0,False,0,0
r48u_20260914_DYNG_IF_round_shadow,DYNG,IF,round_shadow,2024-07-17T00:11:30,0.464658,0.740766,0.256062,0.9111580936171285,6,0,0,False,0,False,0,0
r48u_20260914_DYNG_IF_round_shadow,DYNG,IF,round_shadow,2024-07-17T00:12:00,0.456367,0.698471,0.277145,0.8791711594194841,6,0,0,False,0,False,0,0
r48u_20260914_DYNG_IF_round_shadow,DYNG,IF,round_shadow,2024-07-17T00:12:30,0.450823,0.6355,0.317419,0.841342052253422,5,0,0,False,0,False,0,0
r48u_20260914_DYNG_IF_round_shadow,DYNG,IF,round_shadow,2024-07-17T00:13:00,0.456687,0.662191,0.427958,0.9111574980287437,6,0,0,False,0,False,0,0
r48u_20260914_DYNG_IF_round_shadow,DYNG,IF,round_shadow,2024-07-17T00:13:30,0.40872,0.589196,0.322177,0.7861310222507442,6,0,0,False,0,False,0,0
r48u_20260914_DYNG_IF_round_shadow,DYNG,IF,round_shadow,2024-07-17T00:14:00,0.386376,0.57071,0.27568,0.7422908997663922,6,0,0,False,0,False,0,0
r48u_20260914_DYNG_IF_round_shadow,DYNG,IF,round_shadow,2024-07-17T00:14:30,0.357362,0.57655,0.234505,0.7177117085355372,6,0,0,False,0,False,0,0
r48u_20260914_DYNG_IF_round_shadow,DYNG,IF,round_shadow,2024-07-17T00:15:00,0.339306,0.584671,0.193874,0.7032466620987262,6,0,0,False,0,False,0,0
r48u_20260914_DYNG_IF_round_shadow,DYNG,IF,round_shadow,2024-07-17T00:15:30,0.307168,0.579646,0.165824,0.676638207993016,6,0,0,False,0,False,0,0
r48u_20260914_DYNG_IF_round_shadow,DYNG,IF,round_shadow,2024-07-17T00:16:00,0.305054,0.574658,0.197766,0.680000846055356,6,0,0,False,0,False,0,0
r48u_20260914_DYNG_IF_round_shadow,DYNG,IF,round_shadow,2024-07-17T00:16:30,0.304602,0.583974,0.243386,0.7021714577480347,6,0,0,False,0,False,0,0
r48u_20260914_DYNG_IF_round_shadow,DYNG,IF,round_shadow,2024-07-17T00:17:00,0.302177,0.565509,0.277152,0.6985159980372676,6,5,0,False,0,False,0,0
r48u_20260914_DYNG_IF_round_shadow,DYNG,IF,round_shadow,2024-07-17T00:17:30,0.295664,0.505125,0.252755,0.6375371020936742,6,5,0,False,0,False,0,0
r48u_20260914_DYNG_IF_round_shadow,DYNG,IF,round_shadow,2024-07-17T00:18:00,0.2934,0.467735,0.272241,0.615609252940532,6,5,0,False,0,False,0,0
r48u_20260914_DYNG_IF_round_shadow,DYNG,IF,round_shadow,2024-07-17T00:18:30,0.285779,0.454729,0.289102,0.609941035417359,6,5,0,False,0,False,0,0
r48u_20260914_DYNG_IF_round_shadow,DYNG,IF,round_shadow,2024-07-17T00:19:00,0.270852,0.427298,0.290282,0.5832735432299325,6,5,0,False,0,False,0,0
r48u_20260914_DYNG_IF_round_shadow,DYNG,IF,round_shadow,2024-07-17T00:19:30,0.259198,0.386643,0.264629,0.5354483357841352,6,5,0,False,0,False,0,0
r48u_20260914_DYNG_IF_round_shadow,DYNG,IF,round_shadow,2024-07-17T00:20:00,0.253837,0.360885,0.299563,0.5333002876082105,6,5,0,False,0,False,0,0
r48u_20260914_DYNG_IF_round_shadow,DYNG,IF,round_shadow,2024-07-17T00:20:30,0.256474,0.350115,0.302442,0.5289901598943028,6,6,1,True,0,False,0,0
r48u_20260914_DYNG_IF_round_shadow,DYNG,IF,round_shadow,2024-07-17T00:21:00,0.255557,0.348136,0.302754,0.5274163812975474,6,5,1,True,0,False,0,0
r48u_20260914_DYNG_IF_round_shadow,DYNG,IF,round_shadow,2024-07-17T00:21:30,0.264298,0.367546,0.345747,0.5696353947298219,6,6,1,True,0,False,0,0
r48u_20260914_DYNG_IF_round_shadow,DYNG,IF,round_shadow,2024-07-17T00:22:00,0.261085,0.374824,0.374594,0.5907445074116221,6,6,1,True,0,False,0,0
r48u_20260914_DYNG_IF_round_shadow,DYNG,IF,round_shadow,2024-07-17T00:22:30,0.270256,0.400955,0.426155,0.6445240892208762,6,6,1,True,0,False,0,0
r48u_20260914_DYNG_IF_round_shadow,DYNG,IF,round_shadow,2024-07-17T00:23:00,0.258633,0.400461,0.413334,0.6309556535652882,6,6,1,True,0,False,0,0
r48u_20260914_DYNG_IF_round_shadow,DYNG,IF,round_shadow,2024-07-17T00:23:30,0.241376,0.38262,0.37741,0.5891508685184127,6,5,2,True,0,False,0,0
r48u_20260914_DYNG_IF_round_shadow,DYNG,IF,round_shadow,2024-07-17T00:24:00,0.223146,0.371405,0.352831,0.5587714433487094,6,5,2,True,0,False,0,0
r48u_20260914_DYNG_IF_round_shadow,DYNG,IF,round_shadow,2024-07-17T00:24:30,0.214127,0.3616,0.349174,0.5463766232233952,6,5,2,True,0,False,0,0
r48u_20260914_DYNG_IF_round_shadow,DYNG,IF,round_shadow,2024-07-17T00:25:00,0.211797,0.348681,0.381768,0.5587335812299097,6,5,0,False,0,False,0,0
r48u_20260914_DYNG_IF_round_shadow,DYNG,IF,round_shadow,2024-07-17T00:25:30,0.211308,0.344356,0.417688,0.5811156433482065,6,0,0,False,0,False,0,0
r48u_20260914_DYNG_IF_round_shadow,DYNG,IF,round_shadow,2024-07-17T00:26:00,0.199094,0.331994,0.426315,0.5758497339558298,6,5,0,False,0,False,0,0
r48u_20260914_DYNG_IF_round_shadow,DYNG,IF,round_shadow,2024-07-17T00:26:30,0.194253,0.316325,0.427596,0.5662455941108946,6,5,3,True,0,False,0,0
r48u_20260914_DYNG_IF_round_shadow,DYNG,IF,round_shadow,2024-07-17T00:27:00,0.186708,0.297757,0.441258,0.5641167706042783,6,6,3,True,0,False,0,0
r48u_20260914_DYNG_IF_round_shadow,DYNG,IF,round_shadow,2024-07-17T00:27:30,0.188943,0.279152,0.434867,0.5502132350661878,6,6,3,True,0,False,0,0
r48u_20260914_DYNG_IF_round_shadow,DYNG,IF,round_shadow,2024-07-17T00:28:00,0.187623,0.277263,0.421083,0.5379480032373017,6,6,3,True,0,False,0,0
r48u_20260914_DYNG_IF_round_shadow,DYNG,IF,round_shadow,2024-07-17T00:28:30,0.174469,0.292522,0.453836,0.5674289976208478,6,6,3,True,0,False,0,0
r48u_20260914_DYNG_IF_round_shadow,DYNG,IF,round_shadow,2024-07-17T00:29:00,0.162811,0.278786,0.46714,0.5678457846255442,6,6,3,True,0,False,0,0
r48u_20260914_DYNG_IF_round_shadow,DYNG,IF,round_shadow,2024-07-17T00:29:30,0.159224,0.267299,0.476348,0.5689538247353646,6,6,3,True,0,False,0,0
r48u_20260914_DYNG_IF_round_shadow,DYNG,IF,round_shadow,2024-07-17T00:30:00,0.138028,0.242021,0.45892,0.5368737837006012,6,6,3,True,0,False,0,0
r48u_20260914_DYNG_IF_round_feedback,DYNG,IF,round_feedback,2024-07-17T00:03:00,-0.168548,0.945416,-2.18773,2.3892221316277817,7,0,0,False,0,False,0,0
r48u_20260914_DYNG_IF_round_feedback,DYNG,IF,round_feedback,2024-07-17T00:03:30,0.445791,0.0166159,0.739088,0.8632825583537582,6,0,0,False,0,False,0,0
r48u_20260914_DYNG_IF_round_feedback,DYNG,IF,round_feedback,2024-07-17T00:04:00,0.629432,0.269668,-1.28896,1.4595627271371383,5,0,0,False,0,False,0,0
r48u_20260914_DYNG_IF_round_feedback,DYNG,IF,round_feedback,2024-07-17T00:04:30,0.567457,0.512161,-0.999736,1.25848655394724,6,0,0,False,0,False,0,0
r48u_20260914_DYNG_IF_round_feedback,DYNG,IF,round_feedback,2024-07-17T00:05:00,0.480946,0.338872,-0.774976,0.9730010729058833,6,0,0,False,0,False,0,0
r48u_20260914_DYNG_IF_round_feedback,DYNG,IF,round_feedback,2024-07-17T00:05:30,0.49048,0.318084,-0.502682,0.7709975710597278,6,0,0,False,0,False,0,0
r48u_20260914_DYNG_IF_round_feedback,DYNG,IF,round_feedback,2024-07-17T00:06:00,0.541855,0.375535,-0.35817,0.7502793654033143,6,0,0,False,0,False,0,0
r48u_20260914_DYNG_IF_round_feedback,DYNG,IF,round_feedback,2024-07-17T00:06:30,0.546103,0.380035,-0.571478,0.8770645314445227,5,0,0,False,0,False,0,0
r48u_20260914_DYNG_IF_round_feedback,DYNG,IF,round_feedback,2024-07-17T00:07:00,0.488763,0.660244,-0.363173,0.8981681566577608,6,0,0,False,0,False,0,0
r48u_20260914_DYNG_IF_round_feedback,DYNG,IF,round_feedback,2024-07-17T00:07:30,0.444349,0.714412,-0.351568,0.9118281626320829,6,0,0,False,0,False,0,0
r48u_20260914_DYNG_IF_round_feedback,DYNG,IF,round_feedback,2024-07-17T00:08:00,0.439671,0.676578,-0.390651,0.8964801069326637,5,0,0,False,0,False,0,0
r48u_20260914_DYNG_IF_round_feedback,DYNG,IF,round_feedback,2024-07-17T00:08:30,0.493849,0.705238,-0.191789,0.8820603675293432,6,0,0,False,0,False,0,0
r48u_20260914_DYNG_IF_round_feedback,DYNG,IF,round_feedback,2024-07-17T00:09:00,0.536831,0.725929,0.0029072,0.9028670375054346,6,0,0,False,0,False,0,0
r48u_20260914_DYNG_IF_round_feedback,DYNG,IF,round_feedback,2024-07-17T00:09:30,0.526574,0.745461,0.121845,0.9207814529094296,6,0,0,False,0,False,0,0
r48u_20260914_DYNG_IF_round_feedback,DYNG,IF,round_feedback,2024-07-17T00:10:00,0.498471,0.800192,0.217208,0.9674502002527056,6,0,0,False,0,False,0,0
r48u_20260914_DYNG_IF_round_feedback,DYNG,IF,round_feedback,2024-07-17T00:10:30,0.490427,0.820761,0.238116,0.9853255760945211,6,5,0,False,0,False,0,0
r48u_20260914_DYNG_IF_round_feedback,DYNG,IF,round_feedback,2024-07-17T00:11:00,0.466052,0.786297,0.238696,0.9446921293887233,6,0,0,False,0,False,0,0
r48u_20260914_DYNG_IF_round_feedback,DYNG,IF,round_feedback,2024-07-17T00:11:30,0.464658,0.740766,0.256062,0.9111580936171285,6,0,0,False,0,False,0,0
r48u_20260914_DYNG_IF_round_feedback,DYNG,IF,round_feedback,2024-07-17T00:12:00,0.456367,0.698471,0.277145,0.8791711594194841,6,0,0,False,0,False,0,0
r48u_20260914_DYNG_IF_round_feedback,DYNG,IF,round_feedback,2024-07-17T00:12:30,0.450823,0.6355,0.317419,0.841342052253422,5,0,0,False,0,False,0,0
r48u_20260914_DYNG_IF_round_feedback,DYNG,IF,round_feedback,2024-07-17T00:13:00,0.456687,0.662191,0.427958,0.9111574980287437,6,0,0,False,0,False,0,0
r48u_20260914_DYNG_IF_round_feedback,DYNG,IF,round_feedback,2024-07-17T00:13:30,0.40872,0.589196,0.322177,0.7861310222507442,6,0,0,False,0,False,0,0
r48u_20260914_DYNG_IF_round_feedback,DYNG,IF,round_feedback,2024-07-17T00:14:00,0.386376,0.57071,0.27568,0.7422908997663922,6,0,0,False,0,False,0,0
r48u_20260914_DYNG_IF_round_feedback,DYNG,IF,round_feedback,2024-07-17T00:14:30,0.357362,0.57655,0.234505,0.7177117085355372,6,0,0,False,0,False,0,0
r48u_20260914_DYNG_IF_round_feedback,DYNG,IF,round_feedback,2024-07-17T00:15:00,0.339306,0.584671,0.193874,0.7032466620987262,6,0,0,False,0,False,0,0
r48u_20260914_DYNG_IF_round_feedback,DYNG,IF,round_feedback,2024-07-17T00:15:30,0.307168,0.579646,0.165824,0.676638207993016,6,0,0,False,0,False,0,0
r48u_20260914_DYNG_IF_round_feedback,DYNG,IF,round_feedback,2024-07-17T00:16:00,0.305054,0.574658,0.197766,0.680000846055356,6,0,0,False,0,False,0,0
r48u_20260914_DYNG_IF_round_feedback,DYNG,IF,round_feedback,2024-07-17T00:16:30,0.304602,0.583974,0.243386,0.7021714577480347,6,0,0,False,0,False,0,0
r48u_20260914_DYNG_IF_round_feedback,DYNG,IF,round_feedback,2024-07-17T00:17:00,0.302177,0.565509,0.277152,0.6985159980372676,6,5,0,False,0,False,0,0
r48u_20260914_DYNG_IF_round_feedback,DYNG,IF,round_feedback,2024-07-17T00:17:30,0.295664,0.505125,0.252755,0.6375371020936742,6,5,0,False,0,False,0,0
r48u_20260914_DYNG_IF_round_feedback,DYNG,IF,round_feedback,2024-07-17T00:18:00,0.2934,0.467735,0.272241,0.615609252940532,6,5,0,False,0,False,0,0
r48u_20260914_DYNG_IF_round_feedback,DYNG,IF,round_feedback,2024-07-17T00:18:30,0.285779,0.454729,0.289102,0.609941035417359,6,5,0,False,0,False,0,0
r48u_20260914_DYNG_IF_round_feedback,DYNG,IF,round_feedback,2024-07-17T00:19:00,0.270852,0.427298,0.290282,0.5832735432299325,6,5,0,False,0,False,0,0
r48u_20260914_DYNG_IF_round_feedback,DYNG,IF,round_feedback,2024-07-17T00:19:30,0.259198,0.386643,0.264629,0.5354483357841352,6,5,0,False,0,False,0,0
r48u_20260914_DYNG_IF_round_feedback,DYNG,IF,round_feedback,2024-07-17T00:20:00,0.253837,0.360885,0.299563,0.5333002876082105,6,5,0,False,0,False,0,0
r48u_20260914_DYNG_IF_round_feedback,DYNG,IF,round_feedback,2024-07-17T00:20:30,0.256474,0.350115,0.302442,0.5289901598943028,6,6,1,True,0,False,0,0
r48u_20260914_DYNG_IF_round_feedback,DYNG,IF,round_feedback,2024-07-17T00:21:00,0.255557,0.348136,0.302754,0.5274163812975474,6,5,1,True,0,False,0,0
r48u_20260914_DYNG_IF_round_feedback,DYNG,IF,round_feedback,2024-07-17T00:21:30,0.264298,0.367546,0.345747,0.5696353947298219,6,6,1,True,0,False,0,0
r48u_20260914_DYNG_IF_round_feedback,DYNG,IF,round_feedback,2024-07-17T00:22:00,0.261085,0.374824,0.374594,0.5907445074116221,6,6,1,True,0,False,0,0
r48u_20260914_DYNG_IF_round_feedback,DYNG,IF,round_feedback,2024-07-17T00:22:30,0.270256,0.400955,0.426155,0.6445240892208762,6,6,1,True,0,False,0,0
r48u_20260914_DYNG_IF_round_feedback,DYNG,IF,round_feedback,2024-07-17T00:23:00,0.258633,0.400461,0.413334,0.6309556535652882,6,6,1,True,0,False,0,0
r48u_20260914_DYNG_IF_round_feedback,DYNG,IF,round_feedback,2024-07-17T00:23:30,0.241376,0.38262,0.37741,0.5891508685184127,6,5,2,True,0,False,0,0
r48u_20260914_DYNG_IF_round_feedback,DYNG,IF,round_feedback,2024-07-17T00:24:00,0.223146,0.371405,0.352831,0.5587714433487094,6,5,2,True,0,False,0,0
r48u_20260914_DYNG_IF_round_feedback,DYNG,IF,round_feedback,2024-07-17T00:24:30,0.214127,0.3616,0.349174,0.5463766232233952,6,5,2,True,0,False,0,0
r48u_20260914_DYNG_IF_round_feedback,DYNG,IF,round_feedback,2024-07-17T00:25:00,0.211797,0.348681,0.381768,0.5587335812299097,6,5,0,False,0,False,0,0
r48u_20260914_DYNG_IF_round_feedback,DYNG,IF,round_feedback,2024-07-17T00:25:30,0.211308,0.344356,0.417688,0.5811156433482065,6,0,0,False,0,False,0,0
r48u_20260914_DYNG_IF_round_feedback,DYNG,IF,round_feedback,2024-07-17T00:26:00,0.199094,0.331994,0.426315,0.5758497339558298,6,5,0,False,0,False,0,0
r48u_20260914_DYNG_IF_round_feedback,DYNG,IF,round_feedback,2024-07-17T00:26:30,0.194253,0.316325,0.427596,0.5662455941108946,6,5,3,True,0,False,0,0
r48u_20260914_DYNG_IF_round_feedback,DYNG,IF,round_feedback,2024-07-17T00:27:00,0.186708,0.297757,0.441258,0.5641167706042783,6,6,3,True,0,False,0,0
r48u_20260914_DYNG_IF_round_feedback,DYNG,IF,round_feedback,2024-07-17T00:27:30,0.188943,0.279152,0.434867,0.5502132350661878,6,6,3,True,0,False,0,0
r48u_20260914_DYNG_IF_round_feedback,DYNG,IF,round_feedback,2024-07-17T00:28:00,0.187623,0.277263,0.421083,0.5379480032373017,6,6,3,True,0,False,0,0
r48u_20260914_DYNG_IF_round_feedback,DYNG,IF,round_feedback,2024-07-17T00:28:30,0.174469,0.292522,0.453836,0.5674289976208478,6,6,3,True,0,False,0,0
r48u_20260914_DYNG_IF_round_feedback,DYNG,IF,round_feedback,2024-07-17T00:29:00,0.162811,0.278786,0.46714,0.5678457846255442,6,6,3,True,0,False,0,0
r48u_20260914_DYNG_IF_round_feedback,DYNG,IF,round_feedback,2024-07-17T00:29:30,0.159224,0.267299,0.476348,0.5689538247353646,6,6,3,True,0,False,0,0
r48u_20260914_DYNG_IF_round_feedback,DYNG,IF,round_feedback,2024-07-17T00:30:00,0.138028,0.242021,0.45892,0.5368737837006012,6,6,3,True,0,False,0,0
r48u_20260914_DYNG_IF_ils_shadow,DYNG,IF,ils_shadow,2024-07-17T00:03:00,-0.168548,0.945416,-2.18773,2.3892221316277817,7,0,0,False,0,False,0,0
r48u_20260914_DYNG_IF_ils_shadow,DYNG,IF,ils_shadow,2024-07-17T00:03:30,0.445791,0.0166159,0.739088,0.8632825583537582,6,0,0,False,0,False,0,0
r48u_20260914_DYNG_IF_ils_shadow,DYNG,IF,ils_shadow,2024-07-17T00:04:00,0.629432,0.269668,-1.28896,1.4595627271371383,5,0,0,False,0,False,0,0
r48u_20260914_DYNG_IF_ils_shadow,DYNG,IF,ils_shadow,2024-07-17T00:04:30,0.567457,0.512161,-0.999736,1.25848655394724,6,0,0,False,0,False,0,0
r48u_20260914_DYNG_IF_ils_shadow,DYNG,IF,ils_shadow,2024-07-17T00:05:00,0.480946,0.338872,-0.774976,0.9730010729058833,6,0,0,False,0,False,0,0
r48u_20260914_DYNG_IF_ils_shadow,DYNG,IF,ils_shadow,2024-07-17T00:05:30,0.49048,0.318084,-0.502682,0.7709975710597278,6,0,0,False,0,False,0,0
r48u_20260914_DYNG_IF_ils_shadow,DYNG,IF,ils_shadow,2024-07-17T00:06:00,0.541855,0.375535,-0.35817,0.7502793654033143,6,0,0,False,0,False,0,0
r48u_20260914_DYNG_IF_ils_shadow,DYNG,IF,ils_shadow,2024-07-17T00:06:30,0.546103,0.380035,-0.571478,0.8770645314445227,5,0,0,False,0,False,0,0
r48u_20260914_DYNG_IF_ils_shadow,DYNG,IF,ils_shadow,2024-07-17T00:07:00,0.488763,0.660244,-0.363173,0.8981681566577608,6,0,0,False,0,False,0,0
r48u_20260914_DYNG_IF_ils_shadow,DYNG,IF,ils_shadow,2024-07-17T00:07:30,0.444349,0.714412,-0.351568,0.9118281626320829,6,0,0,False,0,False,0,0
r48u_20260914_DYNG_IF_ils_shadow,DYNG,IF,ils_shadow,2024-07-17T00:08:00,0.439671,0.676578,-0.390651,0.8964801069326637,5,0,0,False,0,False,0,0
r48u_20260914_DYNG_IF_ils_shadow,DYNG,IF,ils_shadow,2024-07-17T00:08:30,0.493849,0.705238,-0.191789,0.8820603675293432,6,0,0,False,0,False,0,0
r48u_20260914_DYNG_IF_ils_shadow,DYNG,IF,ils_shadow,2024-07-17T00:09:00,0.536831,0.725929,0.0029072,0.9028670375054346,6,0,0,False,0,False,0,0
r48u_20260914_DYNG_IF_ils_shadow,DYNG,IF,ils_shadow,2024-07-17T00:09:30,0.526574,0.745461,0.121845,0.9207814529094296,6,0,0,False,0,False,0,0
r48u_20260914_DYNG_IF_ils_shadow,DYNG,IF,ils_shadow,2024-07-17T00:10:00,0.498471,0.800192,0.217208,0.9674502002527056,6,0,0,False,0,False,0,0
r48u_20260914_DYNG_IF_ils_feedback,DYNG,IF,ils_feedback,2024-07-17T00:03:00,-0.168548,0.945416,-2.18773,2.3892221316277817,7,0,0,False,0,False,0,0
r48u_20260914_DYNG_IF_ils_feedback,DYNG,IF,ils_feedback,2024-07-17T00:03:30,0.445791,0.0166159,0.739088,0.8632825583537582,6,0,0,False,0,False,0,0
r48u_20260914_DYNG_IF_ils_feedback,DYNG,IF,ils_feedback,2024-07-17T00:04:00,0.629432,0.269668,-1.28896,1.4595627271371383,5,0,0,False,0,False,0,0
r48u_20260914_DYNG_IF_ils_feedback,DYNG,IF,ils_feedback,2024-07-17T00:04:30,0.567457,0.512161,-0.999736,1.25848655394724,6,0,0,False,0,False,0,0
r48u_20260914_DYNG_IF_ils_feedback,DYNG,IF,ils_feedback,2024-07-17T00:05:00,0.480946,0.338872,-0.774976,0.9730010729058833,6,0,0,False,0,False,0,0
r48u_20260914_DYNG_IF_ils_feedback,DYNG,IF,ils_feedback,2024-07-17T00:05:30,0.49048,0.318084,-0.502682,0.7709975710597278,6,0,0,False,0,False,0,0
r48u_20260914_DYNG_IF_ils_feedback,DYNG,IF,ils_feedback,2024-07-17T00:06:00,0.541855,0.375535,-0.35817,0.7502793654033143,6,0,0,False,0,False,0,0
r48u_20260914_DYNG_IF_ils_feedback,DYNG,IF,ils_feedback,2024-07-17T00:06:30,0.546103,0.380035,-0.571478,0.8770645314445227,5,0,0,False,0,False,0,0
r48u_20260914_DYNG_IF_ils_feedback,DYNG,IF,ils_feedback,2024-07-17T00:07:00,0.488763,0.660244,-0.363173,0.8981681566577608,6,0,0,False,0,False,0,0
r48u_20260914_DYNG_IF_ils_feedback,DYNG,IF,ils_feedback,2024-07-17T00:07:30,0.444349,0.714412,-0.351568,0.9118281626320829,6,0,0,False,0,False,0,0
r48u_20260914_DYNG_IF_ils_feedback,DYNG,IF,ils_feedback,2024-07-17T00:08:00,0.439671,0.676578,-0.390651,0.8964801069326637,5,0,0,False,0,False,0,0
r48u_20260914_DYNG_IF_ils_feedback,DYNG,IF,ils_feedback,2024-07-17T00:08:30,0.493849,0.705238,-0.191789,0.8820603675293432,6,0,0,False,0,False,0,0
r48u_20260914_DYNG_IF_ils_feedback,DYNG,IF,ils_feedback,2024-07-17T00:09:00,0.536831,0.725929,0.0029072,0.9028670375054346,6,0,0,False,0,False,0,0
r48u_20260914_DYNG_IF_ils_feedback,DYNG,IF,ils_feedback,2024-07-17T00:09:30,0.526574,0.745461,0.121845,0.9207814529094296,6,0,0,False,0,False,0,0
r48u_20260914_DYNG_IF_ils_feedback,DYNG,IF,ils_feedback,2024-07-17T00:10:00,0.498471,0.800192,0.217208,0.9674502002527056,6,0,0,False,0,False,0,0
r48u_20260914_NICO_IF_float,NICO,IF,float,2024-07-17T00:03:00,-0.0568621,-0.434299,-1.66956,1.7260589542125755,8,0,0,False,0,False,0,0
r48u_20260914_NICO_IF_float,NICO,IF,float,2024-07-17T00:03:30,2.47756,0.487356,-5.14978,5.735508126812828,7,0,0,False,0,False,0,0
r48u_20260914_NICO_IF_float,NICO,IF,float,2024-07-17T00:04:00,1.64257,0.413378,-3.72881,4.09547818842733,7,0,0,False,0,False,0,0
r48u_20260914_NICO_IF_float,NICO,IF,float,2024-07-17T00:04:30,1.27253,0.290349,-3.01097,3.281703137640728,7,0,0,False,0,False,0,0
r48u_20260914_NICO_IF_float,NICO,IF,float,2024-07-17T00:05:00,1.08502,-0.0290803,-2.66844,2.8807440181050605,7,0,0,False,0,False,0,0
r48u_20260914_NICO_IF_float,NICO,IF,float,2024-07-17T00:05:30,0.986782,-0.374016,-2.4284,2.6477827032783487,7,0,0,False,0,False,0,0
r48u_20260914_NICO_IF_float,NICO,IF,float,2024-07-17T00:06:00,0.925373,-0.394063,-2.17804,2.3990537882044247,7,0,0,False,0,False,0,0
r48u_20260914_NICO_IF_float,NICO,IF,float,2024-07-17T00:06:30,0.859056,-0.247557,-1.87606,2.078187383992358,7,0,0,False,0,False,0,0
r48u_20260914_NICO_IF_float,NICO,IF,float,2024-07-17T00:07:00,0.776162,-0.177268,-1.69585,1.8734349779397204,7,0,0,False,0,False,0,0
r48u_20260914_NICO_IF_float,NICO,IF,float,2024-07-17T00:07:30,0.686406,-0.070767,-1.5262,1.6749470454689008,7,0,0,False,0,False,0,0
r48u_20260914_NICO_IF_float,NICO,IF,float,2024-07-17T00:08:00,0.633564,0.0286856,-1.38328,1.521739059150208,7,0,0,False,0,False,0,0
r48u_20260914_NICO_IF_float,NICO,IF,float,2024-07-17T00:08:30,0.599188,0.104299,-1.19586,1.3416354498689276,8,0,0,False,0,False,0,0
r48u_20260914_NICO_IF_float,NICO,IF,float,2024-07-17T00:09:00,0.559157,0.152524,-1.05786,1.2062287929016617,8,0,0,False,0,False,0,0
r48u_20260914_NICO_IF_float,NICO,IF,float,2024-07-17T00:09:30,0.522482,0.153862,-0.90108,1.0529036621495815,8,0,0,False,0,False,0,0
r48u_20260914_NICO_IF_float,NICO,IF,float,2024-07-17T00:10:00,0.508877,0.137773,-0.712787,0.8865678248318061,8,0,0,False,0,False,0,0
r48u_20260914_NICO_IF_float,NICO,IF,float,2024-07-17T00:10:30,0.50785,0.0974023,-0.5389,0.746868154726984,8,6,0,False,0,False,0,0
r48u_20260914_NICO_IF_float,NICO,IF,float,2024-07-17T00:11:00,0.521006,0.0730171,-0.333976,0.6231522426377121,8,0,0,False,0,False,0,0
r48u_20260914_NICO_IF_float,NICO,IF,float,2024-07-17T00:11:30,0.540001,0.0383341,-0.148323,0.5613112287784825,9,0,0,False,0,False,0,0
r48u_20260914_NICO_IF_float,NICO,IF,float,2024-07-17T00:12:00,0.566871,0.00423645,-0.0125645,0.5670260530256546,9,0,0,False,0,False,0,0
r48u_20260914_NICO_IF_float,NICO,IF,float,2024-07-17T00:12:30,0.567054,-0.0311328,-0.0137095,0.5680734464328446,9,0,0,False,0,False,0,0
r48u_20260914_NICO_IF_float,NICO,IF,float,2024-07-17T00:13:00,0.582487,-0.0613829,0.066063,0.5894262341891562,9,0,0,False,0,False,0,0
r48u_20260914_NICO_IF_float,NICO,IF,float,2024-07-17T00:13:30,0.585874,-0.0901385,0.101878,0.6014585770792948,9,0,0,False,0,False,0,0
r48u_20260914_NICO_IF_float,NICO,IF,float,2024-07-17T00:14:00,0.596617,-0.10821,0.15659,0.6262441032768292,9,0,0,False,0,False,0,0
r48u_20260914_NICO_IF_float,NICO,IF,float,2024-07-17T00:14:30,0.60197,-0.111531,0.215159,0.648922522449329,8,0,0,False,0,False,0,0
r48u_20260914_NICO_IF_float,NICO,IF,float,2024-07-17T00:15:00,0.592592,-0.120076,0.230763,0.6471746954331574,8,0,0,False,0,False,0,0
r48u_20260914_NICO_IF_float,NICO,IF,float,2024-07-17T00:15:30,0.592325,-0.127881,0.295679,0.6742614677015142,8,0,0,False,0,False,0,0
r48u_20260914_NICO_IF_float,NICO,IF,float,2024-07-17T00:16:00,0.580968,-0.133359,0.323039,0.6779842442313834,8,0,0,False,0,False,0,0
r48u_20260914_NICO_IF_float,NICO,IF,float,2024-07-17T00:16:30,0.589025,-0.148143,0.424784,0.7411735597887987,8,0,0,False,0,False,0,0
r48u_20260914_NICO_IF_float,NICO,IF,float,2024-07-17T00:17:00,0.582891,-0.130929,0.452379,0.749367120017285,8,5,0,False,0,False,0,0
r48u_20260914_NICO_IF_float,NICO,IF,float,2024-07-17T00:17:30,0.570583,-0.124719,0.454462,0.7400374978972349,8,5,0,False,0,False,0,0
r48u_20260914_NICO_IF_float,NICO,IF,float,2024-07-17T00:18:00,0.568402,-0.0972372,0.486865,0.7547008910110282,8,5,0,False,0,False,0,0
r48u_20260914_NICO_IF_float,NICO,IF,float,2024-07-17T00:18:30,0.551221,-0.083407,0.472198,0.7305972007159622,8,5,0,False,0,False,0,0
r48u_20260914_NICO_IF_float,NICO,IF,float,2024-07-17T00:19:00,0.546912,-0.0713313,0.510514,0.7515486905714691,8,6,0,False,0,False,0,0
r48u_20260914_NICO_IF_float,NICO,IF,float,2024-07-17T00:19:30,0.524984,-0.0719743,0.504016,0.7313143157169085,8,6,0,False,0,False,0,0
r48u_20260914_NICO_IF_float,NICO,IF,float,2024-07-17T00:20:00,0.493192,-0.0683039,0.46101,0.6785528658249186,8,5,0,False,0,False,0,0
r48u_20260914_NICO_IF_float,NICO,IF,float,2024-07-17T00:20:30,0.421455,-0.0710555,0.0322508,0.42861791283833445,8,8,0,False,0,False,0,0
r48u_20260914_NICO_IF_float,NICO,IF,float,2024-07-17T00:21:00,0.400591,-0.0757049,0.0791126,0.415286870300242,8,5,0,False,0,False,0,0
r48u_20260914_NICO_IF_float,NICO,IF,float,2024-07-17T00:21:30,0.366394,-0.0789392,-0.125618,0.395292097640011,8,6,0,False,0,False,0,0
r48u_20260914_NICO_IF_float,NICO,IF,float,2024-07-17T00:22:00,0.341193,-0.0777956,-0.27176,0.44307822811368197,8,7,0,False,0,False,0,0
r48u_20260914_NICO_IF_float,NICO,IF,float,2024-07-17T00:22:30,0.311693,-0.0760548,-0.428876,0.5356038482199694,8,7,0,False,0,False,0,0
r48u_20260914_NICO_IF_float,NICO,IF,float,2024-07-17T00:23:00,0.289903,-0.0779775,-0.48458,0.570036855225388,8,7,0,False,0,False,0,0
r48u_20260914_NICO_IF_float,NICO,IF,float,2024-07-17T00:23:30,0.292464,-0.0749055,-0.363482,0.4725094597468394,8,6,0,False,0,False,0,0
r48u_20260914_NICO_IF_float,NICO,IF,float,2024-07-17T00:24:00,0.2923,-0.0698367,-0.282194,0.4122498129810249,7,6,0,False,0,False,0,0
r48u_20260914_NICO_IF_float,NICO,IF,float,2024-07-17T00:24:30,0.304393,-0.0613252,-0.212995,0.3765405006490537,7,6,0,False,0,False,0,0
r48u_20260914_NICO_IF_float,NICO,IF,float,2024-07-17T00:25:00,0.311293,-0.051475,-0.180238,0.3633713584172533,7,6,0,False,0,False,0,0
r48u_20260914_NICO_IF_float,NICO,IF,float,2024-07-17T00:25:30,0.310457,-0.0516983,-0.180772,0.36295286065257837,6,0,0,False,0,False,0,0
r48u_20260914_NICO_IF_float,NICO,IF,float,2024-07-17T00:26:00,0.310911,-0.051499,-0.182301,0.36407616170658574,6,5,0,False,0,False,0,0
r48u_20260914_NICO_IF_float,NICO,IF,float,2024-07-17T00:26:30,0.311571,-0.051312,-0.183176,0.36505185434537923,6,5,0,False,0,False,0,0
r48u_20260914_NICO_IF_float,NICO,IF,float,2024-07-17T00:27:00,0.312805,-0.0511013,-0.182928,0.365952133578546,6,6,0,False,0,False,0,0
r48u_20260914_NICO_IF_float,NICO,IF,float,2024-07-17T00:27:30,0.3119,-0.0513788,-0.182824,0.3651657241109028,6,6,0,False,0,False,0,0
r48u_20260914_NICO_IF_float,NICO,IF,float,2024-07-17T00:28:00,0.308191,-0.0523113,-0.183592,0.3625247399181054,6,6,0,False,0,False,0,0
r48u_20260914_NICO_IF_float,NICO,IF,float,2024-07-17T00:28:30,0.304445,-0.0532428,-0.184324,0.35985676421715346,6,6,0,False,0,False,0,0
r48u_20260914_NICO_IF_float,NICO,IF,float,2024-07-17T00:29:00,0.302163,-0.0536975,-0.185937,0.35882930209815644,6,6,0,False,0,False,0,0
r48u_20260914_NICO_IF_float,NICO,IF,float,2024-07-17T00:29:30,0.299765,-0.054226,-0.187056,0.3574765187211602,6,6,0,False,0,False,0,0
r48u_20260914_NICO_IF_float,NICO,IF,float,2024-07-17T00:30:00,0.297246,-0.0548781,-0.18726,0.3555743213107634,6,6,0,False,0,False,0,0
r48u_20260914_NICO_IF_round_shadow,NICO,IF,round_shadow,2024-07-17T00:03:00,-0.0568621,-0.434299,-1.66956,1.7260589542125755,8,0,0,False,0,False,0,0
r48u_20260914_NICO_IF_round_shadow,NICO,IF,round_shadow,2024-07-17T00:03:30,2.47756,0.487356,-5.14978,5.735508126812828,7,0,0,False,0,False,0,0
r48u_20260914_NICO_IF_round_shadow,NICO,IF,round_shadow,2024-07-17T00:04:00,1.64257,0.413378,-3.72881,4.09547818842733,7,0,0,False,0,False,0,0
r48u_20260914_NICO_IF_round_shadow,NICO,IF,round_shadow,2024-07-17T00:04:30,1.27253,0.290349,-3.01097,3.281703137640728,7,0,0,False,0,False,0,0
r48u_20260914_NICO_IF_round_shadow,NICO,IF,round_shadow,2024-07-17T00:05:00,1.08502,-0.0290803,-2.66844,2.8807440181050605,7,0,0,False,0,False,0,0
r48u_20260914_NICO_IF_round_shadow,NICO,IF,round_shadow,2024-07-17T00:05:30,0.986782,-0.374016,-2.4284,2.6477827032783487,7,0,0,False,0,False,0,0
r48u_20260914_NICO_IF_round_shadow,NICO,IF,round_shadow,2024-07-17T00:06:00,0.925373,-0.394063,-2.17804,2.3990537882044247,7,0,0,False,0,False,0,0
r48u_20260914_NICO_IF_round_shadow,NICO,IF,round_shadow,2024-07-17T00:06:30,0.859056,-0.247557,-1.87606,2.078187383992358,7,0,0,False,0,False,0,0
r48u_20260914_NICO_IF_round_shadow,NICO,IF,round_shadow,2024-07-17T00:07:00,0.776162,-0.177268,-1.69585,1.8734349779397204,7,0,0,False,0,False,0,0
r48u_20260914_NICO_IF_round_shadow,NICO,IF,round_shadow,2024-07-17T00:07:30,0.686406,-0.070767,-1.5262,1.6749470454689008,7,0,0,False,0,False,0,0
r48u_20260914_NICO_IF_round_shadow,NICO,IF,round_shadow,2024-07-17T00:08:00,0.633564,0.0286856,-1.38328,1.521739059150208,7,0,0,False,0,False,0,0
r48u_20260914_NICO_IF_round_shadow,NICO,IF,round_shadow,2024-07-17T00:08:30,0.599188,0.104299,-1.19586,1.3416354498689276,8,0,0,False,0,False,0,0
r48u_20260914_NICO_IF_round_shadow,NICO,IF,round_shadow,2024-07-17T00:09:00,0.559157,0.152524,-1.05786,1.2062287929016617,8,0,0,False,0,False,0,0
r48u_20260914_NICO_IF_round_shadow,NICO,IF,round_shadow,2024-07-17T00:09:30,0.522482,0.153862,-0.90108,1.0529036621495815,8,0,0,False,0,False,0,0
r48u_20260914_NICO_IF_round_shadow,NICO,IF,round_shadow,2024-07-17T00:10:00,0.508877,0.137773,-0.712787,0.8865678248318061,8,0,0,False,0,False,0,0
r48u_20260914_NICO_IF_round_shadow,NICO,IF,round_shadow,2024-07-17T00:10:30,0.50785,0.0974023,-0.5389,0.746868154726984,8,6,0,False,0,False,0,0
r48u_20260914_NICO_IF_round_shadow,NICO,IF,round_shadow,2024-07-17T00:11:00,0.521006,0.0730171,-0.333976,0.6231522426377121,8,0,0,False,0,False,0,0
r48u_20260914_NICO_IF_round_shadow,NICO,IF,round_shadow,2024-07-17T00:11:30,0.540001,0.0383341,-0.148323,0.5613112287784825,9,0,0,False,0,False,0,0
r48u_20260914_NICO_IF_round_shadow,NICO,IF,round_shadow,2024-07-17T00:12:00,0.566871,0.00423645,-0.0125645,0.5670260530256546,9,0,0,False,0,False,0,0
r48u_20260914_NICO_IF_round_shadow,NICO,IF,round_shadow,2024-07-17T00:12:30,0.567054,-0.0311328,-0.0137095,0.5680734464328446,9,0,0,False,0,False,0,0
r48u_20260914_NICO_IF_round_shadow,NICO,IF,round_shadow,2024-07-17T00:13:00,0.582487,-0.0613829,0.066063,0.5894262341891562,9,0,0,False,0,False,0,0
r48u_20260914_NICO_IF_round_shadow,NICO,IF,round_shadow,2024-07-17T00:13:30,0.585874,-0.0901385,0.101878,0.6014585770792948,9,0,0,False,0,False,0,0
r48u_20260914_NICO_IF_round_shadow,NICO,IF,round_shadow,2024-07-17T00:14:00,0.596617,-0.10821,0.15659,0.6262441032768292,9,0,0,False,0,False,0,0
r48u_20260914_NICO_IF_round_shadow,NICO,IF,round_shadow,2024-07-17T00:14:30,0.60197,-0.111531,0.215159,0.648922522449329,8,0,0,False,0,False,0,0
r48u_20260914_NICO_IF_round_shadow,NICO,IF,round_shadow,2024-07-17T00:15:00,0.592592,-0.120076,0.230763,0.6471746954331574,8,0,0,False,0,False,0,0
r48u_20260914_NICO_IF_round_shadow,NICO,IF,round_shadow,2024-07-17T00:15:30,0.592325,-0.127881,0.295679,0.6742614677015142,8,0,0,False,0,False,0,0
r48u_20260914_NICO_IF_round_shadow,NICO,IF,round_shadow,2024-07-17T00:16:00,0.580968,-0.133359,0.323039,0.6779842442313834,8,0,0,False,0,False,0,0
r48u_20260914_NICO_IF_round_shadow,NICO,IF,round_shadow,2024-07-17T00:16:30,0.589025,-0.148143,0.424784,0.7411735597887987,8,0,0,False,0,False,0,0
r48u_20260914_NICO_IF_round_shadow,NICO,IF,round_shadow,2024-07-17T00:17:00,0.582891,-0.130929,0.452379,0.749367120017285,8,5,0,False,0,False,0,0
r48u_20260914_NICO_IF_round_shadow,NICO,IF,round_shadow,2024-07-17T00:17:30,0.570583,-0.124719,0.454462,0.7400374978972349,8,5,0,False,0,False,0,0
r48u_20260914_NICO_IF_round_shadow,NICO,IF,round_shadow,2024-07-17T00:18:00,0.568402,-0.0972372,0.486865,0.7547008910110282,8,5,0,False,0,False,0,0
r48u_20260914_NICO_IF_round_shadow,NICO,IF,round_shadow,2024-07-17T00:18:30,0.551221,-0.083407,0.472198,0.7305972007159622,8,5,0,False,0,False,0,0
r48u_20260914_NICO_IF_round_shadow,NICO,IF,round_shadow,2024-07-17T00:19:00,0.546912,-0.0713313,0.510514,0.7515486905714691,8,6,0,False,0,False,0,0
r48u_20260914_NICO_IF_round_shadow,NICO,IF,round_shadow,2024-07-17T00:19:30,0.524984,-0.0719743,0.504016,0.7313143157169085,8,6,0,False,0,False,0,0
r48u_20260914_NICO_IF_round_shadow,NICO,IF,round_shadow,2024-07-17T00:20:00,0.493192,-0.0683039,0.46101,0.6785528658249186,8,5,0,False,0,False,0,0
r48u_20260914_NICO_IF_round_shadow,NICO,IF,round_shadow,2024-07-17T00:20:30,0.421455,-0.0710555,0.0322508,0.42861791283833445,8,8,0,False,0,False,0,0
r48u_20260914_NICO_IF_round_shadow,NICO,IF,round_shadow,2024-07-17T00:21:00,0.400591,-0.0757049,0.0791126,0.415286870300242,8,5,0,False,0,False,0,0
r48u_20260914_NICO_IF_round_shadow,NICO,IF,round_shadow,2024-07-17T00:21:30,0.366394,-0.0789392,-0.125618,0.395292097640011,8,6,1,True,0,False,0,0
r48u_20260914_NICO_IF_round_shadow,NICO,IF,round_shadow,2024-07-17T00:22:00,0.341193,-0.0777956,-0.27176,0.44307822811368197,8,7,1,True,0,False,0,0
r48u_20260914_NICO_IF_round_shadow,NICO,IF,round_shadow,2024-07-17T00:22:30,0.311693,-0.0760548,-0.428876,0.5356038482199694,8,7,1,True,0,False,0,0
r48u_20260914_NICO_IF_round_shadow,NICO,IF,round_shadow,2024-07-17T00:23:00,0.289903,-0.0779775,-0.48458,0.570036855225388,8,7,2,True,0,False,0,0
r48u_20260914_NICO_IF_round_shadow,NICO,IF,round_shadow,2024-07-17T00:23:30,0.292464,-0.0749055,-0.363482,0.4725094597468394,8,6,2,True,0,False,0,0
r48u_20260914_NICO_IF_round_shadow,NICO,IF,round_shadow,2024-07-17T00:24:00,0.2923,-0.0698367,-0.282194,0.4122498129810249,7,6,2,True,0,False,0,0
r48u_20260914_NICO_IF_round_shadow,NICO,IF,round_shadow,2024-07-17T00:24:30,0.304393,-0.0613252,-0.212995,0.3765405006490537,7,6,0,False,0,False,0,0
r48u_20260914_NICO_IF_round_shadow,NICO,IF,round_shadow,2024-07-17T00:25:00,0.311293,-0.051475,-0.180238,0.3633713584172533,7,6,0,False,0,False,0,0
r48u_20260914_NICO_IF_round_shadow,NICO,IF,round_shadow,2024-07-17T00:25:30,0.310457,-0.0516983,-0.180772,0.36295286065257837,6,0,0,False,0,False,0,0
r48u_20260914_NICO_IF_round_shadow,NICO,IF,round_shadow,2024-07-17T00:26:00,0.310911,-0.051499,-0.182301,0.36407616170658574,6,5,3,True,0,False,0,0
r48u_20260914_NICO_IF_round_shadow,NICO,IF,round_shadow,2024-07-17T00:26:30,0.311571,-0.051312,-0.183176,0.36505185434537923,6,5,3,True,0,False,0,0
r48u_20260914_NICO_IF_round_shadow,NICO,IF,round_shadow,2024-07-17T00:27:00,0.312805,-0.0511013,-0.182928,0.365952133578546,6,6,3,True,0,False,0,0
r48u_20260914_NICO_IF_round_shadow,NICO,IF,round_shadow,2024-07-17T00:27:30,0.3119,-0.0513788,-0.182824,0.3651657241109028,6,6,3,True,0,False,0,0
r48u_20260914_NICO_IF_round_shadow,NICO,IF,round_shadow,2024-07-17T00:28:00,0.308191,-0.0523113,-0.183592,0.3625247399181054,6,6,3,True,0,False,0,0
r48u_20260914_NICO_IF_round_shadow,NICO,IF,round_shadow,2024-07-17T00:28:30,0.304445,-0.0532428,-0.184324,0.35985676421715346,6,6,3,True,0,False,0,0
r48u_20260914_NICO_IF_round_shadow,NICO,IF,round_shadow,2024-07-17T00:29:00,0.302163,-0.0536975,-0.185937,0.35882930209815644,6,6,3,True,0,False,0,0
r48u_20260914_NICO_IF_round_shadow,NICO,IF,round_shadow,2024-07-17T00:29:30,0.299765,-0.054226,-0.187056,0.3574765187211602,6,6,3,True,0,False,0,0
r48u_20260914_NICO_IF_round_shadow,NICO,IF,round_shadow,2024-07-17T00:30:00,0.297246,-0.0548781,-0.18726,0.3555743213107634,6,6,3,True,0,False,0,0
r48u_20260914_NICO_IF_round_feedback,NICO,IF,round_feedback,2024-07-17T00:03:00,-0.0568621,-0.434299,-1.66956,1.7260589542125755,8,0,0,False,0,False,0,0
r48u_20260914_NICO_IF_round_feedback,NICO,IF,round_feedback,2024-07-17T00:03:30,2.47756,0.487356,-5.14978,5.735508126812828,7,0,0,False,0,False,0,0
r48u_20260914_NICO_IF_round_feedback,NICO,IF,round_feedback,2024-07-17T00:04:00,1.64257,0.413378,-3.72881,4.09547818842733,7,0,0,False,0,False,0,0
r48u_20260914_NICO_IF_round_feedback,NICO,IF,round_feedback,2024-07-17T00:04:30,1.27253,0.290349,-3.01097,3.281703137640728,7,0,0,False,0,False,0,0
r48u_20260914_NICO_IF_round_feedback,NICO,IF,round_feedback,2024-07-17T00:05:00,1.08502,-0.0290803,-2.66844,2.8807440181050605,7,0,0,False,0,False,0,0
r48u_20260914_NICO_IF_round_feedback,NICO,IF,round_feedback,2024-07-17T00:05:30,0.986782,-0.374016,-2.4284,2.6477827032783487,7,0,0,False,0,False,0,0
r48u_20260914_NICO_IF_round_feedback,NICO,IF,round_feedback,2024-07-17T00:06:00,0.925373,-0.394063,-2.17804,2.3990537882044247,7,0,0,False,0,False,0,0
r48u_20260914_NICO_IF_round_feedback,NICO,IF,round_feedback,2024-07-17T00:06:30,0.859056,-0.247557,-1.87606,2.078187383992358,7,0,0,False,0,False,0,0
r48u_20260914_NICO_IF_round_feedback,NICO,IF,round_feedback,2024-07-17T00:07:00,0.776162,-0.177268,-1.69585,1.8734349779397204,7,0,0,False,0,False,0,0
r48u_20260914_NICO_IF_round_feedback,NICO,IF,round_feedback,2024-07-17T00:07:30,0.686406,-0.070767,-1.5262,1.6749470454689008,7,0,0,False,0,False,0,0
r48u_20260914_NICO_IF_round_feedback,NICO,IF,round_feedback,2024-07-17T00:08:00,0.633564,0.0286856,-1.38328,1.521739059150208,7,0,0,False,0,False,0,0
r48u_20260914_NICO_IF_round_feedback,NICO,IF,round_feedback,2024-07-17T00:08:30,0.599188,0.104299,-1.19586,1.3416354498689276,8,0,0,False,0,False,0,0
r48u_20260914_NICO_IF_round_feedback,NICO,IF,round_feedback,2024-07-17T00:09:00,0.559157,0.152524,-1.05786,1.2062287929016617,8,0,0,False,0,False,0,0
r48u_20260914_NICO_IF_round_feedback,NICO,IF,round_feedback,2024-07-17T00:09:30,0.522482,0.153862,-0.90108,1.0529036621495815,8,0,0,False,0,False,0,0
r48u_20260914_NICO_IF_round_feedback,NICO,IF,round_feedback,2024-07-17T00:10:00,0.508877,0.137773,-0.712787,0.8865678248318061,8,0,0,False,0,False,0,0
r48u_20260914_NICO_IF_round_feedback,NICO,IF,round_feedback,2024-07-17T00:10:30,0.50785,0.0974023,-0.5389,0.746868154726984,8,6,0,False,0,False,0,0
r48u_20260914_NICO_IF_round_feedback,NICO,IF,round_feedback,2024-07-17T00:11:00,0.521006,0.0730171,-0.333976,0.6231522426377121,8,0,0,False,0,False,0,0
r48u_20260914_NICO_IF_round_feedback,NICO,IF,round_feedback,2024-07-17T00:11:30,0.540001,0.0383341,-0.148323,0.5613112287784825,9,0,0,False,0,False,0,0
r48u_20260914_NICO_IF_round_feedback,NICO,IF,round_feedback,2024-07-17T00:12:00,0.566871,0.00423645,-0.0125645,0.5670260530256546,9,0,0,False,0,False,0,0
r48u_20260914_NICO_IF_round_feedback,NICO,IF,round_feedback,2024-07-17T00:12:30,0.567054,-0.0311328,-0.0137095,0.5680734464328446,9,0,0,False,0,False,0,0
r48u_20260914_NICO_IF_round_feedback,NICO,IF,round_feedback,2024-07-17T00:13:00,0.582487,-0.0613829,0.066063,0.5894262341891562,9,0,0,False,0,False,0,0
r48u_20260914_NICO_IF_round_feedback,NICO,IF,round_feedback,2024-07-17T00:13:30,0.585874,-0.0901385,0.101878,0.6014585770792948,9,0,0,False,0,False,0,0
r48u_20260914_NICO_IF_round_feedback,NICO,IF,round_feedback,2024-07-17T00:14:00,0.596617,-0.10821,0.15659,0.6262441032768292,9,0,0,False,0,False,0,0
r48u_20260914_NICO_IF_round_feedback,NICO,IF,round_feedback,2024-07-17T00:14:30,0.60197,-0.111531,0.215159,0.648922522449329,8,0,0,False,0,False,0,0
r48u_20260914_NICO_IF_round_feedback,NICO,IF,round_feedback,2024-07-17T00:15:00,0.592592,-0.120076,0.230763,0.6471746954331574,8,0,0,False,0,False,0,0
r48u_20260914_NICO_IF_round_feedback,NICO,IF,round_feedback,2024-07-17T00:15:30,0.592325,-0.127881,0.295679,0.6742614677015142,8,0,0,False,0,False,0,0
r48u_20260914_NICO_IF_round_feedback,NICO,IF,round_feedback,2024-07-17T00:16:00,0.580968,-0.133359,0.323039,0.6779842442313834,8,0,0,False,0,False,0,0
r48u_20260914_NICO_IF_round_feedback,NICO,IF,round_feedback,2024-07-17T00:16:30,0.589025,-0.148143,0.424784,0.7411735597887987,8,0,0,False,0,False,0,0
r48u_20260914_NICO_IF_round_feedback,NICO,IF,round_feedback,2024-07-17T00:17:00,0.582891,-0.130929,0.452379,0.749367120017285,8,5,0,False,0,False,0,0
r48u_20260914_NICO_IF_round_feedback,NICO,IF,round_feedback,2024-07-17T00:17:30,0.570583,-0.124719,0.454462,0.7400374978972349,8,5,0,False,0,False,0,0
r48u_20260914_NICO_IF_round_feedback,NICO,IF,round_feedback,2024-07-17T00:18:00,0.568402,-0.0972372,0.486865,0.7547008910110282,8,5,0,False,0,False,0,0
r48u_20260914_NICO_IF_round_feedback,NICO,IF,round_feedback,2024-07-17T00:18:30,0.551221,-0.083407,0.472198,0.7305972007159622,8,5,0,False,0,False,0,0
r48u_20260914_NICO_IF_round_feedback,NICO,IF,round_feedback,2024-07-17T00:19:00,0.546912,-0.0713313,0.510514,0.7515486905714691,8,6,0,False,0,False,0,0
r48u_20260914_NICO_IF_round_feedback,NICO,IF,round_feedback,2024-07-17T00:19:30,0.524984,-0.0719743,0.504016,0.7313143157169085,8,6,0,False,0,False,0,0
r48u_20260914_NICO_IF_round_feedback,NICO,IF,round_feedback,2024-07-17T00:20:00,0.493192,-0.0683039,0.46101,0.6785528658249186,8,5,0,False,0,False,0,0
r48u_20260914_NICO_IF_round_feedback,NICO,IF,round_feedback,2024-07-17T00:20:30,0.421455,-0.0710555,0.0322508,0.42861791283833445,8,8,0,False,0,False,0,0
r48u_20260914_NICO_IF_round_feedback,NICO,IF,round_feedback,2024-07-17T00:21:00,0.400591,-0.0757049,0.0791126,0.415286870300242,8,5,0,False,0,False,0,0
r48u_20260914_NICO_IF_round_feedback,NICO,IF,round_feedback,2024-07-17T00:21:30,0.366394,-0.0789392,-0.125618,0.395292097640011,8,6,1,True,0,False,0,0
r48u_20260914_NICO_IF_round_feedback,NICO,IF,round_feedback,2024-07-17T00:22:00,0.341193,-0.0777956,-0.27176,0.44307822811368197,8,7,1,True,0,False,0,0
r48u_20260914_NICO_IF_round_feedback,NICO,IF,round_feedback,2024-07-17T00:22:30,0.311693,-0.0760548,-0.428876,0.5356038482199694,8,7,1,True,0,False,0,0
r48u_20260914_NICO_IF_round_feedback,NICO,IF,round_feedback,2024-07-17T00:23:00,0.289903,-0.0779775,-0.48458,0.570036855225388,8,7,2,True,0,False,0,0
r48u_20260914_NICO_IF_round_feedback,NICO,IF,round_feedback,2024-07-17T00:23:30,0.292464,-0.0749055,-0.363482,0.4725094597468394,8,6,2,True,0,False,0,0
r48u_20260914_NICO_IF_round_feedback,NICO,IF,round_feedback,2024-07-17T00:24:00,0.2923,-0.0698367,-0.282194,0.4122498129810249,7,6,2,True,0,False,0,0
r48u_20260914_NICO_IF_round_feedback,NICO,IF,round_feedback,2024-07-17T00:24:30,0.304393,-0.0613252,-0.212995,0.3765405006490537,7,6,0,False,0,False,0,0
r48u_20260914_NICO_IF_round_feedback,NICO,IF,round_feedback,2024-07-17T00:25:00,0.311293,-0.051475,-0.180238,0.3633713584172533,7,6,0,False,0,False,0,0
r48u_20260914_NICO_IF_round_feedback,NICO,IF,round_feedback,2024-07-17T00:25:30,0.310457,-0.0516983,-0.180772,0.36295286065257837,6,0,0,False,0,False,0,0
r48u_20260914_NICO_IF_round_feedback,NICO,IF,round_feedback,2024-07-17T00:26:00,0.310911,-0.051499,-0.182301,0.36407616170658574,6,5,3,True,0,False,0,0
r48u_20260914_NICO_IF_round_feedback,NICO,IF,round_feedback,2024-07-17T00:26:30,0.311571,-0.051312,-0.183176,0.36505185434537923,6,5,3,True,0,False,0,0
r48u_20260914_NICO_IF_round_feedback,NICO,IF,round_feedback,2024-07-17T00:27:00,0.312805,-0.0511013,-0.182928,0.365952133578546,6,6,3,True,0,False,0,0
r48u_20260914_NICO_IF_round_feedback,NICO,IF,round_feedback,2024-07-17T00:27:30,0.3119,-0.0513788,-0.182824,0.3651657241109028,6,6,3,True,0,False,0,0
r48u_20260914_NICO_IF_round_feedback,NICO,IF,round_feedback,2024-07-17T00:28:00,0.308191,-0.0523113,-0.183592,0.3625247399181054,6,6,3,True,0,False,0,0
r48u_20260914_NICO_IF_round_feedback,NICO,IF,round_feedback,2024-07-17T00:28:30,0.304445,-0.0532428,-0.184324,0.35985676421715346,6,6,3,True,0,False,0,0
r48u_20260914_NICO_IF_round_feedback,NICO,IF,round_feedback,2024-07-17T00:29:00,0.302163,-0.0536975,-0.185937,0.35882930209815644,6,6,3,True,0,False,0,0
r48u_20260914_NICO_IF_round_feedback,NICO,IF,round_feedback,2024-07-17T00:29:30,0.299765,-0.054226,-0.187056,0.3574765187211602,6,6,3,True,0,False,0,0
r48u_20260914_NICO_IF_round_feedback,NICO,IF,round_feedback,2024-07-17T00:30:00,0.297246,-0.0548781,-0.18726,0.3555743213107634,6,6,3,True,0,False,0,0
r48u_20260914_NICO_IF_ils_shadow,NICO,IF,ils_shadow,2024-07-17T00:03:00,-0.0568621,-0.434299,-1.66956,1.7260589542125755,8,0,0,False,0,False,0,0
r48u_20260914_NICO_IF_ils_shadow,NICO,IF,ils_shadow,2024-07-17T00:03:30,2.47756,0.487356,-5.14978,5.735508126812828,7,0,0,False,0,False,0,0
r48u_20260914_NICO_IF_ils_shadow,NICO,IF,ils_shadow,2024-07-17T00:04:00,1.64257,0.413378,-3.72881,4.09547818842733,7,0,0,False,0,False,0,0
r48u_20260914_NICO_IF_ils_shadow,NICO,IF,ils_shadow,2024-07-17T00:04:30,1.27253,0.290349,-3.01097,3.281703137640728,7,0,0,False,0,False,0,0
r48u_20260914_NICO_IF_ils_shadow,NICO,IF,ils_shadow,2024-07-17T00:05:00,1.08502,-0.0290803,-2.66844,2.8807440181050605,7,0,0,False,0,False,0,0
r48u_20260914_NICO_IF_ils_shadow,NICO,IF,ils_shadow,2024-07-17T00:05:30,0.986782,-0.374016,-2.4284,2.6477827032783487,7,0,0,False,0,False,0,0
r48u_20260914_NICO_IF_ils_shadow,NICO,IF,ils_shadow,2024-07-17T00:06:00,0.925373,-0.394063,-2.17804,2.3990537882044247,7,0,0,False,0,False,0,0
r48u_20260914_NICO_IF_ils_shadow,NICO,IF,ils_shadow,2024-07-17T00:06:30,0.859056,-0.247557,-1.87606,2.078187383992358,7,0,0,False,0,False,0,0
r48u_20260914_NICO_IF_ils_shadow,NICO,IF,ils_shadow,2024-07-17T00:07:00,0.776162,-0.177268,-1.69585,1.8734349779397204,7,0,0,False,0,False,0,0
r48u_20260914_NICO_IF_ils_shadow,NICO,IF,ils_shadow,2024-07-17T00:07:30,0.686406,-0.070767,-1.5262,1.6749470454689008,7,0,0,False,0,False,0,0
r48u_20260914_NICO_IF_ils_shadow,NICO,IF,ils_shadow,2024-07-17T00:08:00,0.633564,0.0286856,-1.38328,1.521739059150208,7,0,0,False,0,False,0,0
r48u_20260914_NICO_IF_ils_shadow,NICO,IF,ils_shadow,2024-07-17T00:08:30,0.599188,0.104299,-1.19586,1.3416354498689276,8,0,0,False,0,False,0,0
r48u_20260914_NICO_IF_ils_shadow,NICO,IF,ils_shadow,2024-07-17T00:09:00,0.559157,0.152524,-1.05786,1.2062287929016617,8,0,0,False,0,False,0,0
r48u_20260914_NICO_IF_ils_shadow,NICO,IF,ils_shadow,2024-07-17T00:09:30,0.522482,0.153862,-0.90108,1.0529036621495815,8,0,0,False,0,False,0,0
r48u_20260914_NICO_IF_ils_shadow,NICO,IF,ils_shadow,2024-07-17T00:10:00,0.508877,0.137773,-0.712787,0.8865678248318061,8,0,0,False,0,False,0,0
r48u_20260914_NICO_IF_ils_feedback,NICO,IF,ils_feedback,2024-07-17T00:03:00,-0.0568621,-0.434299,-1.66956,1.7260589542125755,8,0,0,False,0,False,0,0
r48u_20260914_NICO_IF_ils_feedback,NICO,IF,ils_feedback,2024-07-17T00:03:30,2.47756,0.487356,-5.14978,5.735508126812828,7,0,0,False,0,False,0,0
r48u_20260914_NICO_IF_ils_feedback,NICO,IF,ils_feedback,2024-07-17T00:04:00,1.64257,0.413378,-3.72881,4.09547818842733,7,0,0,False,0,False,0,0
r48u_20260914_NICO_IF_ils_feedback,NICO,IF,ils_feedback,2024-07-17T00:04:30,1.27253,0.290349,-3.01097,3.281703137640728,7,0,0,False,0,False,0,0
r48u_20260914_NICO_IF_ils_feedback,NICO,IF,ils_feedback,2024-07-17T00:05:00,1.08502,-0.0290803,-2.66844,2.8807440181050605,7,0,0,False,0,False,0,0
r48u_20260914_NICO_IF_ils_feedback,NICO,IF,ils_feedback,2024-07-17T00:05:30,0.986782,-0.374016,-2.4284,2.6477827032783487,7,0,0,False,0,False,0,0
r48u_20260914_NICO_IF_ils_feedback,NICO,IF,ils_feedback,2024-07-17T00:06:00,0.925373,-0.394063,-2.17804,2.3990537882044247,7,0,0,False,0,False,0,0
r48u_20260914_NICO_IF_ils_feedback,NICO,IF,ils_feedback,2024-07-17T00:06:30,0.859056,-0.247557,-1.87606,2.078187383992358,7,0,0,False,0,False,0,0
r48u_20260914_NICO_IF_ils_feedback,NICO,IF,ils_feedback,2024-07-17T00:07:00,0.776162,-0.177268,-1.69585,1.8734349779397204,7,0,0,False,0,False,0,0
r48u_20260914_NICO_IF_ils_feedback,NICO,IF,ils_feedback,2024-07-17T00:07:30,0.686406,-0.070767,-1.5262,1.6749470454689008,7,0,0,False,0,False,0,0
r48u_20260914_NICO_IF_ils_feedback,NICO,IF,ils_feedback,2024-07-17T00:08:00,0.633564,0.0286856,-1.38328,1.521739059150208,7,0,0,False,0,False,0,0
r48u_20260914_NICO_IF_ils_feedback,NICO,IF,ils_feedback,2024-07-17T00:08:30,0.599188,0.104299,-1.19586,1.3416354498689276,8,0,0,False,0,False,0,0
r48u_20260914_NICO_IF_ils_feedback,NICO,IF,ils_feedback,2024-07-17T00:09:00,0.559157,0.152524,-1.05786,1.2062287929016617,8,0,0,False,0,False,0,0
r48u_20260914_NICO_IF_ils_feedback,NICO,IF,ils_feedback,2024-07-17T00:09:30,0.522482,0.153862,-0.90108,1.0529036621495815,8,0,0,False,0,False,0,0
r48u_20260914_NICO_IF_ils_feedback,NICO,IF,ils_feedback,2024-07-17T00:10:00,0.508877,0.137773,-0.712787,0.8865678248318061,8,0,0,False,0,False,0,0
r48u_20260914_BREW_IF_float,BREW,IF,float,2024-07-17T00:03:00,-0.557178,0.526274,-0.754987,1.0758331733726192,8,0,0,False,0,False,0,0
r48u_20260914_BREW_IF_float,BREW,IF,float,2024-07-17T00:03:30,-0.273826,-0.0949659,-0.0496327,0.2940452437093653,8,0,0,False,0,False,0,0
r48u_20260914_BREW_IF_float,BREW,IF,float,2024-07-17T00:04:00,-0.149337,-0.222318,0.557082,0.6181158365686806,8,0,0,False,0,False,0,0
r48u_20260914_BREW_IF_float,BREW,IF,float,2024-07-17T00:04:30,-0.126749,-0.165615,0.500614,0.5423172634371876,8,0,0,False,0,False,0,0
r48u_20260914_BREW_IF_float,BREW,IF,float,2024-07-17T00:05:00,-0.108935,-0.0930079,0.479962,0.500880050642277,8,0,0,False,0,False,0,0
r48u_20260914_BREW_IF_float,BREW,IF,float,2024-07-17T00:05:30,-0.170092,0.000878532,0.378192,0.41468210613248674,8,0,0,False,0,False,0,0
r48u_20260914_BREW_IF_float,BREW,IF,float,2024-07-17T00:06:00,-0.136901,0.0194121,0.0677722,0.15398631276918737,8,0,0,False,0,False,0,0
r48u_20260914_BREW_IF_float,BREW,IF,float,2024-07-17T00:06:30,-0.231255,0.0153662,-0.424459,0.4836118669020023,8,0,0,False,0,False,0,0
r48u_20260914_BREW_IF_float,BREW,IF,float,2024-07-17T00:07:00,-0.255448,0.118324,-0.882814,0.926614703248335,8,0,0,False,0,False,0,0
r48u_20260914_BREW_IF_float,BREW,IF,float,2024-07-17T00:07:30,-0.243081,0.15128,-1.01632,1.0558789482516449,8,0,0,False,0,False,0,0
r48u_20260914_BREW_IF_float,BREW,IF,float,2024-07-17T00:08:00,-0.188973,0.100121,-1.03439,1.0562659141854382,8,0,0,False,0,False,0,0
r48u_20260914_BREW_IF_float,BREW,IF,float,2024-07-17T00:08:30,-0.216206,0.1516,-0.969469,1.0047874085581487,8,0,0,False,0,False,0,0
r48u_20260914_BREW_IF_float,BREW,IF,float,2024-07-17T00:09:00,-0.222615,0.111872,-1.01392,1.0440816773648505,8,0,0,False,0,False,0,0
r48u_20260914_BREW_IF_float,BREW,IF,float,2024-07-17T00:09:30,-0.18814,0.150712,-0.91787,0.9489974201461245,8,0,0,False,0,False,0,0
r48u_20260914_BREW_IF_float,BREW,IF,float,2024-07-17T00:10:00,-0.173691,0.15274,-1.05101,1.0761598817931284,8,1,0,False,0,False,0,0
r48u_20260914_BREW_IF_float,BREW,IF,float,2024-07-17T00:10:30,-0.11311,0.149657,-1.10367,1.1194992445951002,8,1,0,False,0,False,0,0
r48u_20260914_BREW_IF_float,BREW,IF,float,2024-07-17T00:11:00,-0.0751922,0.183268,-1.02539,1.0443494045887325,8,1,0,False,0,False,0,0
r48u_20260914_BREW_IF_float,BREW,IF,float,2024-07-17T00:11:30,-0.0769206,0.157217,-1.01573,1.030699469628931,8,2,0,False,0,False,0,0
r48u_20260914_BREW_IF_float,BREW,IF,float,2024-07-17T00:12:00,-0.0704888,0.154284,-0.992081,1.0064774881448864,8,2,0,False,0,False,0,0
r48u_20260914_BREW_IF_float,BREW,IF,float,2024-07-17T00:12:30,-0.0671305,0.158653,-1.08535,1.0989367138007766,8,2,0,False,0,False,0,0
r48u_20260914_BREW_IF_float,BREW,IF,float,2024-07-17T00:13:00,-0.0519236,0.136218,-1.24341,1.2519264482632195,8,2,0,False,0,False,0,0
r48u_20260914_BREW_IF_float,BREW,IF,float,2024-07-17T00:13:30,-0.0406753,0.12476,-1.23393,1.2408879008718274,8,2,0,False,0,False,0,0
r48u_20260914_BREW_IF_float,BREW,IF,float,2024-07-17T00:14:00,-0.0472875,0.140035,-1.20532,1.2143484719310391,8,2,0,False,0,False,0,0
r48u_20260914_BREW_IF_float,BREW,IF,float,2024-07-17T00:14:30,-0.0385687,0.11653,-1.08894,1.0958362601774454,8,2,0,False,0,False,0,0
r48u_20260914_BREW_IF_float,BREW,IF,float,2024-07-17T00:15:00,-0.0530692,0.100084,-0.982633,0.9891414255472469,8,2,0,False,0,False,0,0
r48u_20260914_BREW_IF_float,BREW,IF,float,2024-07-17T00:15:30,-0.0582968,0.0865114,-1.05258,1.057736921743871,8,2,0,False,0,False,0,0
r48u_20260914_BREW_IF_float,BREW,IF,float,2024-07-17T00:16:00,-0.0530252,0.079035,-1.1762,1.1800443394466327,8,2,0,False,0,False,0,0
r48u_20260914_BREW_IF_float,BREW,IF,float,2024-07-17T00:16:30,-0.0594376,0.051598,-1.23936,1.2418568321258936,8,2,0,False,0,False,0,0
r48u_20260914_BREW_IF_float,BREW,IF,float,2024-07-17T00:17:00,-0.298287,0.272379,-5.32989,5.345174727369536,8,4,0,False,0,False,0,0
r48u_20260914_BREW_IF_float,BREW,IF,float,2024-07-17T00:17:30,-0.334317,0.314413,-5.88342,5.901292594631959,8,4,0,False,0,False,0,0
r48u_20260914_BREW_IF_float,BREW,IF,float,2024-07-17T00:18:00,-0.355426,0.303406,-5.9174,5.935823919416074,8,4,0,False,0,False,0,0
r48u_20260914_BREW_IF_float,BREW,IF,float,2024-07-17T00:18:30,-0.351268,0.308832,-5.78161,5.8004983065378095,8,4,0,False,0,False,0,0
r48u_20260914_BREW_IF_float,BREW,IF,float,2024-07-17T00:19:00,-0.325329,0.269945,-5.5846,5.600577329281866,8,4,0,False,0,False,0,0
r48u_20260914_BREW_IF_float,BREW,IF,float,2024-07-17T00:19:30,-0.316367,0.259637,-5.31533,5.331062976495214,8,4,0,False,0,False,0,0
r48u_20260914_BREW_IF_float,BREW,IF,float,2024-07-17T00:20:00,-0.284214,0.257779,-4.93284,4.947740704224201,8,4,0,False,0,False,0,0
r48u_20260914_BREW_IF_float,BREW,IF,float,2024-07-17T00:20:30,-0.243286,0.267258,-4.54,4.5543621854613185,8,5,0,False,0,False,0,0
r48u_20260914_BREW_IF_float,BREW,IF,float,2024-07-17T00:21:00,-0.21668,0.258458,-4.20574,4.219241603388457,8,4,0,False,0,False,0,0
r48u_20260914_BREW_IF_float,BREW,IF,float,2024-07-17T00:21:30,-0.196803,0.229592,-3.9553,3.9668428248763523,8,4,0,False,0,False,0,0
r48u_20260914_BREW_IF_float,BREW,IF,float,2024-07-17T00:22:00,-0.180681,0.180165,-3.5871,3.596163436356307,8,5,0,False,0,False,0,0
r48u_20260914_BREW_IF_float,BREW,IF,float,2024-07-17T00:22:30,-0.151804,0.141969,-3.20496,3.211692428140808,8,5,0,False,0,False,0,0
r48u_20260914_BREW_IF_float,BREW,IF,float,2024-07-17T00:23:00,-0.127705,0.10903,-2.89583,2.9006943128887266,8,5,0,False,0,False,0,0
r48u_20260914_BREW_IF_float,BREW,IF,float,2024-07-17T00:23:30,-0.0957174,0.0829671,-2.63971,2.6427474802646524,8,4,0,False,0,False,0,0
r48u_20260914_BREW_IF_float,BREW,IF,float,2024-07-17T00:24:00,-0.0607369,0.0569321,-2.42728,2.42870715267033,8,5,0,False,0,False,0,0
r48u_20260914_BREW_IF_float,BREW,IF,float,2024-07-17T00:24:30,-0.0520018,0.00446318,-2.28202,2.282616785090952,8,5,0,False,0,False,0,0
r48u_20260914_BREW_IF_float,BREW,IF,float,2024-07-17T00:25:00,-0.037255,-0.015966,-2.15519,2.1555711039724486,8,5,0,False,0,False,0,0
r48u_20260914_BREW_IF_float,BREW,IF,float,2024-07-17T00:25:30,-0.0198646,-0.0327502,-2.09947,2.0998193871933846,8,2,0,False,0,False,0,0
r48u_20260914_BREW_IF_float,BREW,IF,float,2024-07-17T00:26:00,-0.0109574,-0.0460109,-1.97473,1.9752963424341092,8,4,0,False,0,False,0,0
r48u_20260914_BREW_IF_float,BREW,IF,float,2024-07-17T00:26:30,-0.00429504,-0.0679761,-1.90514,1.9063571588607975,8,4,0,False,0,False,0,0
r48u_20260914_BREW_IF_float,BREW,IF,float,2024-07-17T00:27:00,0.00530896,-0.0955515,-1.81539,1.817910648604197,8,3,0,False,0,False,0,0
r48u_20260914_BREW_IF_float,BREW,IF,float,2024-07-17T00:27:30,0.0197993,-0.116519,-1.74725,1.7512427736157798,8,3,0,False,0,False,0,0
r48u_20260914_BREW_IF_float,BREW,IF,float,2024-07-17T00:28:00,0.033933,-0.142573,-1.65996,1.6664170277628587,8,3,0,False,0,False,0,0
r48u_20260914_BREW_IF_float,BREW,IF,float,2024-07-17T00:28:30,0.0473668,-0.140672,-1.58007,1.5870266003524454,8,4,0,False,0,False,0,0
r48u_20260914_BREW_IF_float,BREW,IF,float,2024-07-17T00:29:00,0.0558286,-0.131401,-1.54694,1.5535142158921365,8,4,0,False,0,False,0,0
r48u_20260914_BREW_IF_float,BREW,IF,float,2024-07-17T00:29:30,0.0617942,-0.154254,-1.5228,1.5318396324908297,8,4,0,False,0,False,0,0
r48u_20260914_BREW_IF_float,BREW,IF,float,2024-07-17T00:30:00,0.0649174,-0.179526,-1.4716,1.4839307306942464,8,4,0,False,0,False,0,0
r48u_20260914_BREW_IF_round_shadow,BREW,IF,round_shadow,2024-07-17T00:03:00,-0.557178,0.526274,-0.754987,1.0758331733726192,8,0,0,False,0,False,0,0
r48u_20260914_BREW_IF_round_shadow,BREW,IF,round_shadow,2024-07-17T00:03:30,-0.273826,-0.0949659,-0.0496327,0.2940452437093653,8,0,0,False,0,False,0,0
r48u_20260914_BREW_IF_round_shadow,BREW,IF,round_shadow,2024-07-17T00:04:00,-0.149337,-0.222318,0.557082,0.6181158365686806,8,0,0,False,0,False,0,0
r48u_20260914_BREW_IF_round_shadow,BREW,IF,round_shadow,2024-07-17T00:04:30,-0.126749,-0.165615,0.500614,0.5423172634371876,8,0,0,False,0,False,0,0
r48u_20260914_BREW_IF_round_shadow,BREW,IF,round_shadow,2024-07-17T00:05:00,-0.108935,-0.0930079,0.479962,0.500880050642277,8,0,0,False,0,False,0,0
r48u_20260914_BREW_IF_round_shadow,BREW,IF,round_shadow,2024-07-17T00:05:30,-0.170092,0.000878532,0.378192,0.41468210613248674,8,0,0,False,0,False,0,0
r48u_20260914_BREW_IF_round_shadow,BREW,IF,round_shadow,2024-07-17T00:06:00,-0.136901,0.0194121,0.0677722,0.15398631276918737,8,0,0,False,0,False,0,0
r48u_20260914_BREW_IF_round_shadow,BREW,IF,round_shadow,2024-07-17T00:06:30,-0.231255,0.0153662,-0.424459,0.4836118669020023,8,0,0,False,0,False,0,0
r48u_20260914_BREW_IF_round_shadow,BREW,IF,round_shadow,2024-07-17T00:07:00,-0.255448,0.118324,-0.882814,0.926614703248335,8,0,0,False,0,False,0,0
r48u_20260914_BREW_IF_round_shadow,BREW,IF,round_shadow,2024-07-17T00:07:30,-0.243081,0.15128,-1.01632,1.0558789482516449,8,0,0,False,0,False,0,0
r48u_20260914_BREW_IF_round_shadow,BREW,IF,round_shadow,2024-07-17T00:08:00,-0.188973,0.100121,-1.03439,1.0562659141854382,8,0,0,False,0,False,0,0
r48u_20260914_BREW_IF_round_shadow,BREW,IF,round_shadow,2024-07-17T00:08:30,-0.216206,0.1516,-0.969469,1.0047874085581487,8,0,0,False,0,False,0,0
r48u_20260914_BREW_IF_round_shadow,BREW,IF,round_shadow,2024-07-17T00:09:00,-0.222615,0.111872,-1.01392,1.0440816773648505,8,0,0,False,0,False,0,0
r48u_20260914_BREW_IF_round_shadow,BREW,IF,round_shadow,2024-07-17T00:09:30,-0.18814,0.150712,-0.91787,0.9489974201461245,8,0,0,False,0,False,0,0
r48u_20260914_BREW_IF_round_shadow,BREW,IF,round_shadow,2024-07-17T00:10:00,-0.173691,0.15274,-1.05101,1.0761598817931284,8,1,0,False,0,False,0,0
r48u_20260914_BREW_IF_round_shadow,BREW,IF,round_shadow,2024-07-17T00:10:30,-0.11311,0.149657,-1.10367,1.1194992445951002,8,1,0,False,0,False,0,0
r48u_20260914_BREW_IF_round_shadow,BREW,IF,round_shadow,2024-07-17T00:11:00,-0.0751922,0.183268,-1.02539,1.0443494045887325,8,1,0,False,0,False,0,0
r48u_20260914_BREW_IF_round_shadow,BREW,IF,round_shadow,2024-07-17T00:11:30,-0.0769206,0.157217,-1.01573,1.030699469628931,8,2,0,False,0,False,0,0
r48u_20260914_BREW_IF_round_shadow,BREW,IF,round_shadow,2024-07-17T00:12:00,-0.0704888,0.154284,-0.992081,1.0064774881448864,8,2,0,False,0,False,0,0
r48u_20260914_BREW_IF_round_shadow,BREW,IF,round_shadow,2024-07-17T00:12:30,-0.0671305,0.158653,-1.08535,1.0989367138007766,8,2,0,False,0,False,0,0
r48u_20260914_BREW_IF_round_shadow,BREW,IF,round_shadow,2024-07-17T00:13:00,-0.0519236,0.136218,-1.24341,1.2519264482632195,8,2,0,False,0,False,0,0
r48u_20260914_BREW_IF_round_shadow,BREW,IF,round_shadow,2024-07-17T00:13:30,-0.0406753,0.12476,-1.23393,1.2408879008718274,8,2,0,False,0,False,0,0
r48u_20260914_BREW_IF_round_shadow,BREW,IF,round_shadow,2024-07-17T00:14:00,-0.0472875,0.140035,-1.20532,1.2143484719310391,8,2,0,False,0,False,0,0
r48u_20260914_BREW_IF_round_shadow,BREW,IF,round_shadow,2024-07-17T00:14:30,-0.0385687,0.11653,-1.08894,1.0958362601774454,8,2,0,False,0,False,0,0
r48u_20260914_BREW_IF_round_shadow,BREW,IF,round_shadow,2024-07-17T00:15:00,-0.0530692,0.100084,-0.982633,0.9891414255472469,8,2,0,False,0,False,0,0
r48u_20260914_BREW_IF_round_shadow,BREW,IF,round_shadow,2024-07-17T00:15:30,-0.0582968,0.0865114,-1.05258,1.057736921743871,8,2,0,False,0,False,0,0
r48u_20260914_BREW_IF_round_shadow,BREW,IF,round_shadow,2024-07-17T00:16:00,-0.0530252,0.079035,-1.1762,1.1800443394466327,8,2,0,False,0,False,0,0
r48u_20260914_BREW_IF_round_shadow,BREW,IF,round_shadow,2024-07-17T00:16:30,-0.0594376,0.051598,-1.23936,1.2418568321258936,8,2,0,False,0,False,0,0
r48u_20260914_BREW_IF_round_shadow,BREW,IF,round_shadow,2024-07-17T00:17:00,-0.298287,0.272379,-5.32989,5.345174727369536,8,4,0,False,0,False,0,0
r48u_20260914_BREW_IF_round_shadow,BREW,IF,round_shadow,2024-07-17T00:17:30,-0.334317,0.314413,-5.88342,5.901292594631959,8,4,0,False,0,False,0,0
r48u_20260914_BREW_IF_round_shadow,BREW,IF,round_shadow,2024-07-17T00:18:00,-0.355426,0.303406,-5.9174,5.935823919416074,8,4,0,False,0,False,0,0
r48u_20260914_BREW_IF_round_shadow,BREW,IF,round_shadow,2024-07-17T00:18:30,-0.351268,0.308832,-5.78161,5.8004983065378095,8,4,0,False,0,False,0,0
r48u_20260914_BREW_IF_round_shadow,BREW,IF,round_shadow,2024-07-17T00:19:00,-0.325329,0.269945,-5.5846,5.600577329281866,8,4,0,False,0,False,0,0
r48u_20260914_BREW_IF_round_shadow,BREW,IF,round_shadow,2024-07-17T00:19:30,-0.316367,0.259637,-5.31533,5.331062976495214,8,4,0,False,0,False,0,0
r48u_20260914_BREW_IF_round_shadow,BREW,IF,round_shadow,2024-07-17T00:20:00,-0.284214,0.257779,-4.93284,4.947740704224201,8,4,0,False,0,False,0,0
r48u_20260914_BREW_IF_round_shadow,BREW,IF,round_shadow,2024-07-17T00:20:30,-0.243286,0.267258,-4.54,4.5543621854613185,8,5,0,False,0,False,0,0
r48u_20260914_BREW_IF_round_shadow,BREW,IF,round_shadow,2024-07-17T00:21:00,-0.21668,0.258458,-4.20574,4.219241603388457,8,4,0,False,0,False,0,0
r48u_20260914_BREW_IF_round_shadow,BREW,IF,round_shadow,2024-07-17T00:21:30,-0.196803,0.229592,-3.9553,3.9668428248763523,8,4,0,False,0,False,0,0
r48u_20260914_BREW_IF_round_shadow,BREW,IF,round_shadow,2024-07-17T00:22:00,-0.180681,0.180165,-3.5871,3.596163436356307,8,5,0,False,0,False,0,0
r48u_20260914_BREW_IF_round_shadow,BREW,IF,round_shadow,2024-07-17T00:22:30,-0.151804,0.141969,-3.20496,3.211692428140808,8,5,0,False,0,False,0,0
r48u_20260914_BREW_IF_round_shadow,BREW,IF,round_shadow,2024-07-17T00:23:00,-0.127705,0.10903,-2.89583,2.9006943128887266,8,5,0,False,0,False,0,0
r48u_20260914_BREW_IF_round_shadow,BREW,IF,round_shadow,2024-07-17T00:23:30,-0.0957174,0.0829671,-2.63971,2.6427474802646524,8,4,0,False,0,False,0,0
r48u_20260914_BREW_IF_round_shadow,BREW,IF,round_shadow,2024-07-17T00:24:00,-0.0607369,0.0569321,-2.42728,2.42870715267033,8,5,0,False,0,False,0,0
r48u_20260914_BREW_IF_round_shadow,BREW,IF,round_shadow,2024-07-17T00:24:30,-0.0520018,0.00446318,-2.28202,2.282616785090952,8,5,0,False,0,False,0,0
r48u_20260914_BREW_IF_round_shadow,BREW,IF,round_shadow,2024-07-17T00:25:00,-0.037255,-0.015966,-2.15519,2.1555711039724486,8,5,0,False,0,False,0,0
r48u_20260914_BREW_IF_round_shadow,BREW,IF,round_shadow,2024-07-17T00:25:30,-0.0198646,-0.0327502,-2.09947,2.0998193871933846,8,2,0,False,0,False,0,0
r48u_20260914_BREW_IF_round_shadow,BREW,IF,round_shadow,2024-07-17T00:26:00,-0.0109574,-0.0460109,-1.97473,1.9752963424341092,8,4,0,False,0,False,0,0
r48u_20260914_BREW_IF_round_shadow,BREW,IF,round_shadow,2024-07-17T00:26:30,-0.00429504,-0.0679761,-1.90514,1.9063571588607975,8,4,0,False,0,False,0,0
r48u_20260914_BREW_IF_round_shadow,BREW,IF,round_shadow,2024-07-17T00:27:00,0.00530896,-0.0955515,-1.81539,1.817910648604197,8,3,0,False,0,False,0,0
r48u_20260914_BREW_IF_round_shadow,BREW,IF,round_shadow,2024-07-17T00:27:30,0.0197993,-0.116519,-1.74725,1.7512427736157798,8,3,0,False,0,False,0,0
r48u_20260914_BREW_IF_round_shadow,BREW,IF,round_shadow,2024-07-17T00:28:00,0.033933,-0.142573,-1.65996,1.6664170277628587,8,3,0,False,0,False,0,0
r48u_20260914_BREW_IF_round_shadow,BREW,IF,round_shadow,2024-07-17T00:28:30,0.0473668,-0.140672,-1.58007,1.5870266003524454,8,4,0,False,0,False,0,0
r48u_20260914_BREW_IF_round_shadow,BREW,IF,round_shadow,2024-07-17T00:29:00,0.0558286,-0.131401,-1.54694,1.5535142158921365,8,4,0,False,0,False,0,0
r48u_20260914_BREW_IF_round_shadow,BREW,IF,round_shadow,2024-07-17T00:29:30,0.0617942,-0.154254,-1.5228,1.5318396324908297,8,4,0,False,0,False,0,0
r48u_20260914_BREW_IF_round_shadow,BREW,IF,round_shadow,2024-07-17T00:30:00,0.0649174,-0.179526,-1.4716,1.4839307306942464,8,4,0,False,0,False,0,0
r48u_20260914_BREW_IF_round_feedback,BREW,IF,round_feedback,2024-07-17T00:03:00,-0.557178,0.526274,-0.754987,1.0758331733726192,8,0,0,False,0,False,0,0
r48u_20260914_BREW_IF_round_feedback,BREW,IF,round_feedback,2024-07-17T00:03:30,-0.273826,-0.0949659,-0.0496327,0.2940452437093653,8,0,0,False,0,False,0,0
r48u_20260914_BREW_IF_round_feedback,BREW,IF,round_feedback,2024-07-17T00:04:00,-0.149337,-0.222318,0.557082,0.6181158365686806,8,0,0,False,0,False,0,0
r48u_20260914_BREW_IF_round_feedback,BREW,IF,round_feedback,2024-07-17T00:04:30,-0.126749,-0.165615,0.500614,0.5423172634371876,8,0,0,False,0,False,0,0
r48u_20260914_BREW_IF_round_feedback,BREW,IF,round_feedback,2024-07-17T00:05:00,-0.108935,-0.0930079,0.479962,0.500880050642277,8,0,0,False,0,False,0,0
r48u_20260914_BREW_IF_round_feedback,BREW,IF,round_feedback,2024-07-17T00:05:30,-0.170092,0.000878532,0.378192,0.41468210613248674,8,0,0,False,0,False,0,0
r48u_20260914_BREW_IF_round_feedback,BREW,IF,round_feedback,2024-07-17T00:06:00,-0.136901,0.0194121,0.0677722,0.15398631276918737,8,0,0,False,0,False,0,0
r48u_20260914_BREW_IF_round_feedback,BREW,IF,round_feedback,2024-07-17T00:06:30,-0.231255,0.0153662,-0.424459,0.4836118669020023,8,0,0,False,0,False,0,0
r48u_20260914_BREW_IF_round_feedback,BREW,IF,round_feedback,2024-07-17T00:07:00,-0.255448,0.118324,-0.882814,0.926614703248335,8,0,0,False,0,False,0,0
r48u_20260914_BREW_IF_round_feedback,BREW,IF,round_feedback,2024-07-17T00:07:30,-0.243081,0.15128,-1.01632,1.0558789482516449,8,0,0,False,0,False,0,0
r48u_20260914_BREW_IF_round_feedback,BREW,IF,round_feedback,2024-07-17T00:08:00,-0.188973,0.100121,-1.03439,1.0562659141854382,8,0,0,False,0,False,0,0
r48u_20260914_BREW_IF_round_feedback,BREW,IF,round_feedback,2024-07-17T00:08:30,-0.216206,0.1516,-0.969469,1.0047874085581487,8,0,0,False,0,False,0,0
r48u_20260914_BREW_IF_round_feedback,BREW,IF,round_feedback,2024-07-17T00:09:00,-0.222615,0.111872,-1.01392,1.0440816773648505,8,0,0,False,0,False,0,0
r48u_20260914_BREW_IF_round_feedback,BREW,IF,round_feedback,2024-07-17T00:09:30,-0.18814,0.150712,-0.91787,0.9489974201461245,8,0,0,False,0,False,0,0
r48u_20260914_BREW_IF_round_feedback,BREW,IF,round_feedback,2024-07-17T00:10:00,-0.173691,0.15274,-1.05101,1.0761598817931284,8,1,0,False,0,False,0,0
r48u_20260914_BREW_IF_round_feedback,BREW,IF,round_feedback,2024-07-17T00:10:30,-0.11311,0.149657,-1.10367,1.1194992445951002,8,1,0,False,0,False,0,0
r48u_20260914_BREW_IF_round_feedback,BREW,IF,round_feedback,2024-07-17T00:11:00,-0.0751922,0.183268,-1.02539,1.0443494045887325,8,1,0,False,0,False,0,0
r48u_20260914_BREW_IF_round_feedback,BREW,IF,round_feedback,2024-07-17T00:11:30,-0.0769206,0.157217,-1.01573,1.030699469628931,8,2,0,False,0,False,0,0
r48u_20260914_BREW_IF_round_feedback,BREW,IF,round_feedback,2024-07-17T00:12:00,-0.0704888,0.154284,-0.992081,1.0064774881448864,8,2,0,False,0,False,0,0
r48u_20260914_BREW_IF_round_feedback,BREW,IF,round_feedback,2024-07-17T00:12:30,-0.0671305,0.158653,-1.08535,1.0989367138007766,8,2,0,False,0,False,0,0
r48u_20260914_BREW_IF_round_feedback,BREW,IF,round_feedback,2024-07-17T00:13:00,-0.0519236,0.136218,-1.24341,1.2519264482632195,8,2,0,False,0,False,0,0
r48u_20260914_BREW_IF_round_feedback,BREW,IF,round_feedback,2024-07-17T00:13:30,-0.0406753,0.12476,-1.23393,1.2408879008718274,8,2,0,False,0,False,0,0
r48u_20260914_BREW_IF_round_feedback,BREW,IF,round_feedback,2024-07-17T00:14:00,-0.0472875,0.140035,-1.20532,1.2143484719310391,8,2,0,False,0,False,0,0
r48u_20260914_BREW_IF_round_feedback,BREW,IF,round_feedback,2024-07-17T00:14:30,-0.0385687,0.11653,-1.08894,1.0958362601774454,8,2,0,False,0,False,0,0
r48u_20260914_BREW_IF_round_feedback,BREW,IF,round_feedback,2024-07-17T00:15:00,-0.0530692,0.100084,-0.982633,0.9891414255472469,8,2,0,False,0,False,0,0
r48u_20260914_BREW_IF_round_feedback,BREW,IF,round_feedback,2024-07-17T00:15:30,-0.0582968,0.0865114,-1.05258,1.057736921743871,8,2,0,False,0,False,0,0
r48u_20260914_BREW_IF_round_feedback,BREW,IF,round_feedback,2024-07-17T00:16:00,-0.0530252,0.079035,-1.1762,1.1800443394466327,8,2,0,False,0,False,0,0
r48u_20260914_BREW_IF_round_feedback,BREW,IF,round_feedback,2024-07-17T00:16:30,-0.0594376,0.051598,-1.23936,1.2418568321258936,8,2,0,False,0,False,0,0
r48u_20260914_BREW_IF_round_feedback,BREW,IF,round_feedback,2024-07-17T00:17:00,-0.298287,0.272379,-5.32989,5.345174727369536,8,4,0,False,0,False,0,0
r48u_20260914_BREW_IF_round_feedback,BREW,IF,round_feedback,2024-07-17T00:17:30,-0.334317,0.314413,-5.88342,5.901292594631959,8,4,0,False,0,False,0,0
r48u_20260914_BREW_IF_round_feedback,BREW,IF,round_feedback,2024-07-17T00:18:00,-0.355426,0.303406,-5.9174,5.935823919416074,8,4,0,False,0,False,0,0
r48u_20260914_BREW_IF_round_feedback,BREW,IF,round_feedback,2024-07-17T00:18:30,-0.351268,0.308832,-5.78161,5.8004983065378095,8,4,0,False,0,False,0,0
r48u_20260914_BREW_IF_round_feedback,BREW,IF,round_feedback,2024-07-17T00:19:00,-0.325329,0.269945,-5.5846,5.600577329281866,8,4,0,False,0,False,0,0
r48u_20260914_BREW_IF_round_feedback,BREW,IF,round_feedback,2024-07-17T00:19:30,-0.316367,0.259637,-5.31533,5.331062976495214,8,4,0,False,0,False,0,0
r48u_20260914_BREW_IF_round_feedback,BREW,IF,round_feedback,2024-07-17T00:20:00,-0.284214,0.257779,-4.93284,4.947740704224201,8,4,0,False,0,False,0,0
r48u_20260914_BREW_IF_round_feedback,BREW,IF,round_feedback,2024-07-17T00:20:30,-0.243286,0.267258,-4.54,4.5543621854613185,8,5,0,False,0,False,0,0
r48u_20260914_BREW_IF_round_feedback,BREW,IF,round_feedback,2024-07-17T00:21:00,-0.21668,0.258458,-4.20574,4.219241603388457,8,4,0,False,0,False,0,0
r48u_20260914_BREW_IF_round_feedback,BREW,IF,round_feedback,2024-07-17T00:21:30,-0.196803,0.229592,-3.9553,3.9668428248763523,8,4,0,False,0,False,0,0
r48u_20260914_BREW_IF_round_feedback,BREW,IF,round_feedback,2024-07-17T00:22:00,-0.180681,0.180165,-3.5871,3.596163436356307,8,5,0,False,0,False,0,0
r48u_20260914_BREW_IF_round_feedback,BREW,IF,round_feedback,2024-07-17T00:22:30,-0.151804,0.141969,-3.20496,3.211692428140808,8,5,0,False,0,False,0,0
r48u_20260914_BREW_IF_round_feedback,BREW,IF,round_feedback,2024-07-17T00:23:00,-0.127705,0.10903,-2.89583,2.9006943128887266,8,5,0,False,0,False,0,0
r48u_20260914_BREW_IF_round_feedback,BREW,IF,round_feedback,2024-07-17T00:23:30,-0.0957174,0.0829671,-2.63971,2.6427474802646524,8,4,0,False,0,False,0,0
r48u_20260914_BREW_IF_round_feedback,BREW,IF,round_feedback,2024-07-17T00:24:00,-0.0607369,0.0569321,-2.42728,2.42870715267033,8,5,0,False,0,False,0,0
r48u_20260914_BREW_IF_round_feedback,BREW,IF,round_feedback,2024-07-17T00:24:30,-0.0520018,0.00446318,-2.28202,2.282616785090952,8,5,0,False,0,False,0,0
r48u_20260914_BREW_IF_round_feedback,BREW,IF,round_feedback,2024-07-17T00:25:00,-0.037255,-0.015966,-2.15519,2.1555711039724486,8,5,0,False,0,False,0,0
r48u_20260914_BREW_IF_round_feedback,BREW,IF,round_feedback,2024-07-17T00:25:30,-0.0198646,-0.0327502,-2.09947,2.0998193871933846,8,2,0,False,0,False,0,0
r48u_20260914_BREW_IF_round_feedback,BREW,IF,round_feedback,2024-07-17T00:26:00,-0.0109574,-0.0460109,-1.97473,1.9752963424341092,8,4,0,False,0,False,0,0
r48u_20260914_BREW_IF_round_feedback,BREW,IF,round_feedback,2024-07-17T00:26:30,-0.00429504,-0.0679761,-1.90514,1.9063571588607975,8,4,0,False,0,False,0,0
r48u_20260914_BREW_IF_round_feedback,BREW,IF,round_feedback,2024-07-17T00:27:00,0.00530896,-0.0955515,-1.81539,1.817910648604197,8,3,0,False,0,False,0,0
r48u_20260914_BREW_IF_round_feedback,BREW,IF,round_feedback,2024-07-17T00:27:30,0.0197993,-0.116519,-1.74725,1.7512427736157798,8,3,0,False,0,False,0,0
r48u_20260914_BREW_IF_round_feedback,BREW,IF,round_feedback,2024-07-17T00:28:00,0.033933,-0.142573,-1.65996,1.6664170277628587,8,3,0,False,0,False,0,0
r48u_20260914_BREW_IF_round_feedback,BREW,IF,round_feedback,2024-07-17T00:28:30,0.0473668,-0.140672,-1.58007,1.5870266003524454,8,4,0,False,0,False,0,0
r48u_20260914_BREW_IF_round_feedback,BREW,IF,round_feedback,2024-07-17T00:29:00,0.0558286,-0.131401,-1.54694,1.5535142158921365,8,4,0,False,0,False,0,0
r48u_20260914_BREW_IF_round_feedback,BREW,IF,round_feedback,2024-07-17T00:29:30,0.0617942,-0.154254,-1.5228,1.5318396324908297,8,4,0,False,0,False,0,0
r48u_20260914_BREW_IF_round_feedback,BREW,IF,round_feedback,2024-07-17T00:30:00,0.0649174,-0.179526,-1.4716,1.4839307306942464,8,4,0,False,0,False,0,0
r48u_20260914_BREW_IF_ils_shadow,BREW,IF,ils_shadow,2024-07-17T00:03:00,-0.557178,0.526274,-0.754987,1.0758331733726192,8,0,0,False,0,False,0,0
r48u_20260914_BREW_IF_ils_shadow,BREW,IF,ils_shadow,2024-07-17T00:03:30,-0.273826,-0.0949659,-0.0496327,0.2940452437093653,8,0,0,False,0,False,0,0
r48u_20260914_BREW_IF_ils_shadow,BREW,IF,ils_shadow,2024-07-17T00:04:00,-0.149337,-0.222318,0.557082,0.6181158365686806,8,0,0,False,0,False,0,0
r48u_20260914_BREW_IF_ils_shadow,BREW,IF,ils_shadow,2024-07-17T00:04:30,-0.126749,-0.165615,0.500614,0.5423172634371876,8,0,0,False,0,False,0,0
r48u_20260914_BREW_IF_ils_shadow,BREW,IF,ils_shadow,2024-07-17T00:05:00,-0.108935,-0.0930079,0.479962,0.500880050642277,8,0,0,False,0,False,0,0
r48u_20260914_BREW_IF_ils_shadow,BREW,IF,ils_shadow,2024-07-17T00:05:30,-0.170092,0.000878532,0.378192,0.41468210613248674,8,0,0,False,0,False,0,0
r48u_20260914_BREW_IF_ils_shadow,BREW,IF,ils_shadow,2024-07-17T00:06:00,-0.136901,0.0194121,0.0677722,0.15398631276918737,8,0,0,False,0,False,0,0
r48u_20260914_BREW_IF_ils_shadow,BREW,IF,ils_shadow,2024-07-17T00:06:30,-0.231255,0.0153662,-0.424459,0.4836118669020023,8,0,0,False,0,False,0,0
r48u_20260914_BREW_IF_ils_shadow,BREW,IF,ils_shadow,2024-07-17T00:07:00,-0.255448,0.118324,-0.882814,0.926614703248335,8,0,0,False,0,False,0,0
r48u_20260914_BREW_IF_ils_shadow,BREW,IF,ils_shadow,2024-07-17T00:07:30,-0.243081,0.15128,-1.01632,1.0558789482516449,8,0,0,False,0,False,0,0
r48u_20260914_BREW_IF_ils_shadow,BREW,IF,ils_shadow,2024-07-17T00:08:00,-0.188973,0.100121,-1.03439,1.0562659141854382,8,0,0,False,0,False,0,0
r48u_20260914_BREW_IF_ils_shadow,BREW,IF,ils_shadow,2024-07-17T00:08:30,-0.216206,0.1516,-0.969469,1.0047874085581487,8,0,0,False,0,False,0,0
r48u_20260914_BREW_IF_ils_shadow,BREW,IF,ils_shadow,2024-07-17T00:09:00,-0.222615,0.111872,-1.01392,1.0440816773648505,8,0,0,False,0,False,0,0
r48u_20260914_BREW_IF_ils_shadow,BREW,IF,ils_shadow,2024-07-17T00:09:30,-0.18814,0.150712,-0.91787,0.9489974201461245,8,0,0,False,0,False,0,0
r48u_20260914_BREW_IF_ils_feedback,BREW,IF,ils_feedback,2024-07-17T00:03:00,-0.557178,0.526274,-0.754987,1.0758331733726192,8,0,0,False,0,False,0,0
r48u_20260914_BREW_IF_ils_feedback,BREW,IF,ils_feedback,2024-07-17T00:03:30,-0.273826,-0.0949659,-0.0496327,0.2940452437093653,8,0,0,False,0,False,0,0
r48u_20260914_BREW_IF_ils_feedback,BREW,IF,ils_feedback,2024-07-17T00:04:00,-0.149337,-0.222318,0.557082,0.6181158365686806,8,0,0,False,0,False,0,0
r48u_20260914_BREW_IF_ils_feedback,BREW,IF,ils_feedback,2024-07-17T00:04:30,-0.126749,-0.165615,0.500614,0.5423172634371876,8,0,0,False,0,False,0,0
r48u_20260914_BREW_IF_ils_feedback,BREW,IF,ils_feedback,2024-07-17T00:05:00,-0.108935,-0.0930079,0.479962,0.500880050642277,8,0,0,False,0,False,0,0
r48u_20260914_BREW_IF_ils_feedback,BREW,IF,ils_feedback,2024-07-17T00:05:30,-0.170092,0.000878532,0.378192,0.41468210613248674,8,0,0,False,0,False,0,0
r48u_20260914_BREW_IF_ils_feedback,BREW,IF,ils_feedback,2024-07-17T00:06:00,-0.136901,0.0194121,0.0677722,0.15398631276918737,8,0,0,False,0,False,0,0
r48u_20260914_BREW_IF_ils_feedback,BREW,IF,ils_feedback,2024-07-17T00:06:30,-0.231255,0.0153662,-0.424459,0.4836118669020023,8,0,0,False,0,False,0,0
r48u_20260914_BREW_IF_ils_feedback,BREW,IF,ils_feedback,2024-07-17T00:07:00,-0.255448,0.118324,-0.882814,0.926614703248335,8,0,0,False,0,False,0,0
r48u_20260914_BREW_IF_ils_feedback,BREW,IF,ils_feedback,2024-07-17T00:07:30,-0.243081,0.15128,-1.01632,1.0558789482516449,8,0,0,False,0,False,0,0
r48u_20260914_BREW_IF_ils_feedback,BREW,IF,ils_feedback,2024-07-17T00:08:00,-0.188973,0.100121,-1.03439,1.0562659141854382,8,0,0,False,0,False,0,0
r48u_20260914_BREW_IF_ils_feedback,BREW,IF,ils_feedback,2024-07-17T00:08:30,-0.216206,0.1516,-0.969469,1.0047874085581487,8,0,0,False,0,False,0,0
r48u_20260914_BREW_IF_ils_feedback,BREW,IF,ils_feedback,2024-07-17T00:09:00,-0.222615,0.111872,-1.01392,1.0440816773648505,8,0,0,False,0,False,0,0
r48u_20260914_BREW_IF_ils_feedback,BREW,IF,ils_feedback,2024-07-17T00:09:30,-0.18814,0.150712,-0.91787,0.9489974201461245,8,0,0,False,0,False,0,0
r48u_20260914_MARS_IF_float,MARS,IF,float,2024-07-17T00:03:00,-0.488747,0.29678,-1.91546,1.998984494689491,7,0,0,False,0,False,0,0
r48u_20260914_MARS_IF_float,MARS,IF,float,2024-07-17T00:03:30,-0.242396,0.438853,-0.136659,0.5196378149307458,7,0,0,False,0,False,0,0
r48u_20260914_MARS_IF_float,MARS,IF,float,2024-07-17T00:04:00,-0.327171,0.513653,-0.292114,0.6754338284732265,7,0,0,False,0,False,0,0
r48u_20260914_MARS_IF_float,MARS,IF,float,2024-07-17T00:04:30,-0.318628,0.63661,-0.197563,0.7388012137598313,6,0,0,False,0,False,0,0
r48u_20260914_MARS_IF_float,MARS,IF,float,2024-07-17T00:05:00,-0.233157,0.627928,-0.252345,0.7157749358967525,7,0,0,False,0,False,0,0
r48u_20260914_MARS_IF_float,MARS,IF,float,2024-07-17T00:05:30,-0.142172,0.653063,-0.210915,0.7008489828615005,6,0,0,False,0,False,0,0
r48u_20260914_MARS_IF_float,MARS,IF,float,2024-07-17T00:06:00,-0.0617045,0.6528,-0.147532,0.6721019091955104,6,0,0,False,0,False,0,0
r48u_20260914_MARS_IF_float,MARS,IF,float,2024-07-17T00:06:30,-0.0210188,0.579698,-0.0954392,0.5878777101184225,6,0,0,False,0,False,0,0
r48u_20260914_MARS_IF_float,MARS,IF,float,2024-07-17T00:07:00,-0.00628965,0.479761,-0.0913306,0.48841729628923103,6,0,0,False,0,False,0,0
r48u_20260914_MARS_IF_float,MARS,IF,float,2024-07-17T00:07:30,-0.0130997,0.398038,-0.143956,0.42347276361070735,6,0,0,False,0,False,0,0
r48u_20260914_MARS_IF_float,MARS,IF,float,2024-07-17T00:08:00,-0.044709,0.318974,-0.194189,0.37610194771896616,6,0,0,False,0,False,0,0
r48u_20260914_MARS_IF_float,MARS,IF,float,2024-07-17T00:08:30,-0.0857957,0.265025,-0.238437,0.36667609102924886,6,0,0,False,0,False,0,0
r48u_20260914_MARS_IF_float,MARS,IF,float,2024-07-17T00:09:00,-0.122561,0.23312,-0.269756,0.37700720504653484,6,0,0,False,0,False,0,0
r48u_20260914_MARS_IF_float,MARS,IF,float,2024-07-17T00:09:30,-0.150684,0.255266,-0.240652,0.38181118856838125,6,0,0,False,0,False,0,0
r48u_20260914_MARS_IF_float,MARS,IF,float,2024-07-17T00:10:00,-0.17526,0.269746,-0.221108,0.390343079585126,6,0,0,False,0,False,0,0
r48u_20260914_MARS_IF_float,MARS,IF,float,2024-07-17T00:10:30,-0.193857,0.287138,-0.200666,0.40036934329316476,6,5,0,False,0,False,0,0
r48u_20260914_MARS_IF_float,MARS,IF,float,2024-07-17T00:11:00,-0.215478,0.291246,-0.187575,0.4079698293072663,6,0,0,False,0,False,0,0
r48u_20260914_MARS_IF_float,MARS,IF,float,2024-07-17T00:11:30,-0.244521,0.280852,-0.16509,0.40733656040797517,6,0,0,False,0,False,0,0
r48u_20260914_MARS_IF_float,MARS,IF,float,2024-07-17T00:12:00,-0.268477,0.261092,-0.132393,0.3972113271823955,7,0,0,False,0,False,0,0
r48u_20260914_MARS_IF_float,MARS,IF,float,2024-07-17T00:12:30,-4.95094,-10.1938,-7.19475,13.423479164735943,7,0,0,False,0,False,0,0
r48u_20260914_MARS_IF_float,MARS,IF,float,2024-07-17T00:13:00,-4.47707,-9.69414,-6.70822,12.610341854719879,7,0,0,False,0,False,0,0
r48u_20260914_MARS_IF_float,MARS,IF,float,2024-07-17T00:13:30,-4.07012,-8.97777,-6.8277,11.990984875201036,7,0,0,False,0,False,0,0
r48u_20260914_MARS_IF_float,MARS,IF,float,2024-07-17T00:14:00,-3.69177,-8.31802,-7.03696,11.503800610880738,7,0,0,False,0,False,0,0
r48u_20260914_MARS_IF_float,MARS,IF,float,2024-07-17T00:14:30,-3.38225,-7.76032,-7.14796,11.07950873127956,7,0,0,False,0,False,0,0
r48u_20260914_MARS_IF_float,MARS,IF,float,2024-07-17T00:15:00,-3.1672,-7.33068,-6.98732,10.610969130329236,7,0,0,False,0,False,0,0
r48u_20260914_MARS_IF_float,MARS,IF,float,2024-07-17T00:15:30,-3.01205,-6.9782,-6.72842,10.150830317708005,7,0,0,False,0,False,0,0
r48u_20260914_MARS_IF_float,MARS,IF,float,2024-07-17T00:16:00,-2.87466,-6.66464,-6.43551,9.70035491130608,7,0,0,False,0,False,0,0
r48u_20260914_MARS_IF_float,MARS,IF,float,2024-07-17T00:16:30,-2.78578,-6.49754,-6.29611,9.466762772569089,6,0,0,False,0,False,0,0
r48u_20260914_MARS_IF_float,MARS,IF,float,2024-07-17T00:17:00,-2.70688,-6.32926,-6.14784,9.229445711829069,6,5,0,False,0,False,0,0
r48u_20260914_MARS_IF_float,MARS,IF,float,2024-07-17T00:17:30,-2.63541,-6.15813,-6.01686,9.003918881498212,6,5,0,False,0,False,0,0
r48u_20260914_MARS_IF_float,MARS,IF,float,2024-07-17T00:18:00,-2.55616,-5.92333,-5.75945,8.648182267794777,7,5,0,False,0,False,0,0
r48u_20260914_MARS_IF_float,MARS,IF,float,2024-07-17T00:18:30,-2.47139,-5.68795,-5.55807,8.327825998392377,7,5,0,False,0,False,0,0
r48u_20260914_MARS_IF_float,MARS,IF,float,2024-07-17T00:19:00,-2.40044,-5.5348,-5.45769,8.135262956395447,6,5,0,False,0,False,0,0
r48u_20260914_MARS_IF_float,MARS,IF,float,2024-07-17T00:19:30,-2.33876,-5.40408,-5.33888,7.9484286898984005,6,5,0,False,0,False,0,0
r48u_20260914_MARS_IF_float,MARS,IF,float,2024-07-17T00:20:00,-2.26016,-5.18389,-5.13,7.635308687780737,7,5,0,False,0,False,0,0
r48u_20260914_MARS_IF_float,MARS,IF,float,2024-07-17T00:20:30,-2.20137,-5.06997,-5.03551,7.477097474147304,6,6,0,False,0,False,0,0
r48u_20260914_MARS_IF_float,MARS,IF,float,2024-07-17T00:21:00,-2.1264,-4.84822,-4.83653,7.170692893249577,7,5,0,False,0,False,0,0
r48u_20260914_MARS_IF_float,MARS,IF,float,2024-07-17T00:21:30,-2.0608,-4.6534,-4.63129,6.881124563913954,7,6,0,False,0,False,0,0
r48u_20260914_MARS_IF_float,MARS,IF,float,2024-07-17T00:22:00,-2.01615,-4.55104,-4.52931,6.729894128454028,6,6,0,False,0,False,0,0
r48u_20260914_MARS_IF_float,MARS,IF,float,2024-07-17T00:22:30,-1.97162,-4.43276,-4.41934,6.56256144181523,6,6,0,False,0,False,0,0
r48u_20260914_MARS_IF_float,MARS,IF,float,2024-07-17T00:23:00,-1.91993,-4.26128,-4.20605,6.2877257451164335,7,6,0,False,0,False,0,0
r48u_20260914_MARS_IF_float,MARS,IF,float,2024-07-17T00:23:30,-1.87364,-4.12211,-4.07282,6.090170806644096,6,5,0,False,0,False,0,0
r48u_20260914_MARS_IF_float,MARS,IF,float,2024-07-17T00:24:00,-1.82465,-3.94668,-3.86349,5.816544130753243,7,5,0,False,0,False,0,0
r48u_20260914_MARS_IF_float,MARS,IF,float,2024-07-17T00:24:30,-1.78711,-3.82526,-3.75266,5.648790427631388,6,5,0,False,0,False,0,0
r48u_20260914_MARS_IF_float,MARS,IF,float,2024-07-17T00:25:00,-1.75011,-3.68891,-3.63739,5.468230793620547,6,5,0,False,0,False,0,0
r48u_20260914_MARS_IF_float,MARS,IF,float,2024-07-17T00:25:30,-1.70138,-3.49965,-3.45086,5.201026703113531,7,0,0,False,0,False,0,0
r48u_20260914_MARS_IF_float,MARS,IF,float,2024-07-17T00:26:00,-1.65989,-3.3452,-3.34618,5.014231590632805,6,5,0,False,0,False,0,0
r48u_20260914_MARS_IF_float,MARS,IF,float,2024-07-17T00:26:30,-1.63313,-3.25912,-3.25995,4.890424396082614,7,5,0,False,0,False,0,0
r48u_20260914_MARS_IF_float,MARS,IF,float,2024-07-17T00:27:00,-1.61938,-3.21699,-3.23427,4.840652711918094,6,6,0,False,0,False,0,0
r48u_20260914_MARS_IF_float,MARS,IF,float,2024-07-17T00:27:30,-1.60216,-3.15161,-3.15108,4.735912522851325,7,6,0,False,0,False,0,0
r48u_20260914_MARS_IF_float,MARS,IF,float,2024-07-17T00:28:00,-1.58322,-3.09037,-3.07546,4.638472433560428,7,6,0,False,0,False,0,0
r48u_20260914_MARS_IF_float,MARS,IF,float,2024-07-17T00:28:30,-1.56336,-3.03305,-3.01181,4.551316981731771,7,6,0,False,0,False,0,0
r48u_20260914_MARS_IF_float,MARS,IF,float,2024-07-17T00:29:00,-1.5415,-2.97836,-2.94472,4.462984026186963,7,6,0,False,0,False,0,0
r48u_20260914_MARS_IF_float,MARS,IF,float,2024-07-17T00:29:30,-1.52029,-2.91639,-2.87377,4.367512602053942,8,7,0,False,0,False,0,0
r48u_20260914_MARS_IF_float,MARS,IF,float,2024-07-17T00:30:00,-1.49591,-2.85783,-2.81348,4.2802580234607355,8,7,0,False,0,False,0,0
r48u_20260914_MARS_IF_round_shadow,MARS,IF,round_shadow,2024-07-17T00:03:00,-0.488747,0.29678,-1.91546,1.998984494689491,7,0,0,False,0,False,0,0
r48u_20260914_MARS_IF_round_shadow,MARS,IF,round_shadow,2024-07-17T00:03:30,-0.242396,0.438853,-0.136659,0.5196378149307458,7,0,0,False,0,False,0,0
r48u_20260914_MARS_IF_round_shadow,MARS,IF,round_shadow,2024-07-17T00:04:00,-0.327171,0.513653,-0.292114,0.6754338284732265,7,0,0,False,0,False,0,0
r48u_20260914_MARS_IF_round_shadow,MARS,IF,round_shadow,2024-07-17T00:04:30,-0.318628,0.63661,-0.197563,0.7388012137598313,6,0,0,False,0,False,0,0
r48u_20260914_MARS_IF_round_shadow,MARS,IF,round_shadow,2024-07-17T00:05:00,-0.233157,0.627928,-0.252345,0.7157749358967525,7,0,0,False,0,False,0,0
r48u_20260914_MARS_IF_round_shadow,MARS,IF,round_shadow,2024-07-17T00:05:30,-0.142172,0.653063,-0.210915,0.7008489828615005,6,0,0,False,0,False,0,0
r48u_20260914_MARS_IF_round_shadow,MARS,IF,round_shadow,2024-07-17T00:06:00,-0.0617045,0.6528,-0.147532,0.6721019091955104,6,0,0,False,0,False,0,0
r48u_20260914_MARS_IF_round_shadow,MARS,IF,round_shadow,2024-07-17T00:06:30,-0.0210188,0.579698,-0.0954392,0.5878777101184225,6,0,0,False,0,False,0,0
r48u_20260914_MARS_IF_round_shadow,MARS,IF,round_shadow,2024-07-17T00:07:00,-0.00628965,0.479761,-0.0913306,0.48841729628923103,6,0,0,False,0,False,0,0
r48u_20260914_MARS_IF_round_shadow,MARS,IF,round_shadow,2024-07-17T00:07:30,-0.0130997,0.398038,-0.143956,0.42347276361070735,6,0,0,False,0,False,0,0
r48u_20260914_MARS_IF_round_shadow,MARS,IF,round_shadow,2024-07-17T00:08:00,-0.044709,0.318974,-0.194189,0.37610194771896616,6,0,0,False,0,False,0,0
r48u_20260914_MARS_IF_round_shadow,MARS,IF,round_shadow,2024-07-17T00:08:30,-0.0857957,0.265025,-0.238437,0.36667609102924886,6,0,0,False,0,False,0,0
r48u_20260914_MARS_IF_round_shadow,MARS,IF,round_shadow,2024-07-17T00:09:00,-0.122561,0.23312,-0.269756,0.37700720504653484,6,0,0,False,0,False,0,0
r48u_20260914_MARS_IF_round_shadow,MARS,IF,round_shadow,2024-07-17T00:09:30,-0.150684,0.255266,-0.240652,0.38181118856838125,6,0,0,False,0,False,0,0
r48u_20260914_MARS_IF_round_shadow,MARS,IF,round_shadow,2024-07-17T00:10:00,-0.17526,0.269746,-0.221108,0.390343079585126,6,0,0,False,0,False,0,0
r48u_20260914_MARS_IF_round_shadow,MARS,IF,round_shadow,2024-07-17T00:10:30,-0.193857,0.287138,-0.200666,0.40036934329316476,6,5,0,False,0,False,0,0
r48u_20260914_MARS_IF_round_shadow,MARS,IF,round_shadow,2024-07-17T00:11:00,-0.215478,0.291246,-0.187575,0.4079698293072663,6,0,0,False,0,False,0,0
r48u_20260914_MARS_IF_round_shadow,MARS,IF,round_shadow,2024-07-17T00:11:30,-0.244521,0.280852,-0.16509,0.40733656040797517,6,0,0,False,0,False,0,0
r48u_20260914_MARS_IF_round_shadow,MARS,IF,round_shadow,2024-07-17T00:12:00,-0.268477,0.261092,-0.132393,0.3972113271823955,7,0,0,False,0,False,0,0
r48u_20260914_MARS_IF_round_shadow,MARS,IF,round_shadow,2024-07-17T00:12:30,-4.95094,-10.1938,-7.19475,13.423479164735943,7,0,0,False,0,False,0,0
r48u_20260914_MARS_IF_round_shadow,MARS,IF,round_shadow,2024-07-17T00:13:00,-4.47707,-9.69414,-6.70822,12.610341854719879,7,0,0,False,0,False,0,0
r48u_20260914_MARS_IF_round_shadow,MARS,IF,round_shadow,2024-07-17T00:13:30,-4.07012,-8.97777,-6.8277,11.990984875201036,7,0,0,False,0,False,0,0
r48u_20260914_MARS_IF_round_shadow,MARS,IF,round_shadow,2024-07-17T00:14:00,-3.69177,-8.31802,-7.03696,11.503800610880738,7,0,0,False,0,False,0,0
r48u_20260914_MARS_IF_round_shadow,MARS,IF,round_shadow,2024-07-17T00:14:30,-3.38225,-7.76032,-7.14796,11.07950873127956,7,0,0,False,0,False,0,0
r48u_20260914_MARS_IF_round_shadow,MARS,IF,round_shadow,2024-07-17T00:15:00,-3.1672,-7.33068,-6.98732,10.610969130329236,7,0,0,False,0,False,0,0
r48u_20260914_MARS_IF_round_shadow,MARS,IF,round_shadow,2024-07-17T00:15:30,-3.01205,-6.9782,-6.72842,10.150830317708005,7,0,0,False,0,False,0,0
r48u_20260914_MARS_IF_round_shadow,MARS,IF,round_shadow,2024-07-17T00:16:00,-2.87466,-6.66464,-6.43551,9.70035491130608,7,0,0,False,0,False,0,0
r48u_20260914_MARS_IF_round_shadow,MARS,IF,round_shadow,2024-07-17T00:16:30,-2.78578,-6.49754,-6.29611,9.466762772569089,6,0,0,False,0,False,0,0
r48u_20260914_MARS_IF_round_shadow,MARS,IF,round_shadow,2024-07-17T00:17:00,-2.70688,-6.32926,-6.14784,9.229445711829069,6,5,0,False,0,False,0,0
r48u_20260914_MARS_IF_round_shadow,MARS,IF,round_shadow,2024-07-17T00:17:30,-2.63541,-6.15813,-6.01686,9.003918881498212,6,5,0,False,0,False,0,0
r48u_20260914_MARS_IF_round_shadow,MARS,IF,round_shadow,2024-07-17T00:18:00,-2.55616,-5.92333,-5.75945,8.648182267794777,7,5,0,False,0,False,0,0
r48u_20260914_MARS_IF_round_shadow,MARS,IF,round_shadow,2024-07-17T00:18:30,-2.47139,-5.68795,-5.55807,8.327825998392377,7,5,0,False,0,False,0,0
r48u_20260914_MARS_IF_round_shadow,MARS,IF,round_shadow,2024-07-17T00:19:00,-2.40044,-5.5348,-5.45769,8.135262956395447,6,5,0,False,0,False,0,0
r48u_20260914_MARS_IF_round_shadow,MARS,IF,round_shadow,2024-07-17T00:19:30,-2.33876,-5.40408,-5.33888,7.9484286898984005,6,5,0,False,0,False,0,0
r48u_20260914_MARS_IF_round_shadow,MARS,IF,round_shadow,2024-07-17T00:20:00,-2.26016,-5.18389,-5.13,7.635308687780737,7,5,0,False,0,False,0,0
r48u_20260914_MARS_IF_round_shadow,MARS,IF,round_shadow,2024-07-17T00:20:30,-2.20137,-5.06997,-5.03551,7.477097474147304,6,6,0,False,0,False,0,0
r48u_20260914_MARS_IF_round_shadow,MARS,IF,round_shadow,2024-07-17T00:21:00,-2.1264,-4.84822,-4.83653,7.170692893249577,7,5,0,False,0,False,0,0
r48u_20260914_MARS_IF_round_shadow,MARS,IF,round_shadow,2024-07-17T00:21:30,-2.0608,-4.6534,-4.63129,6.881124563913954,7,6,0,False,0,False,0,0
r48u_20260914_MARS_IF_round_shadow,MARS,IF,round_shadow,2024-07-17T00:22:00,-2.01615,-4.55104,-4.52931,6.729894128454028,6,6,2,True,0,False,0,0
r48u_20260914_MARS_IF_round_shadow,MARS,IF,round_shadow,2024-07-17T00:22:30,-1.97162,-4.43276,-4.41934,6.56256144181523,6,6,2,True,0,False,0,0
r48u_20260914_MARS_IF_round_shadow,MARS,IF,round_shadow,2024-07-17T00:23:00,-1.91993,-4.26128,-4.20605,6.2877257451164335,7,6,0,False,0,False,0,0
r48u_20260914_MARS_IF_round_shadow,MARS,IF,round_shadow,2024-07-17T00:23:30,-1.87364,-4.12211,-4.07282,6.090170806644096,6,5,3,True,0,False,0,0
r48u_20260914_MARS_IF_round_shadow,MARS,IF,round_shadow,2024-07-17T00:24:00,-1.82465,-3.94668,-3.86349,5.816544130753243,7,5,3,True,0,False,0,0
r48u_20260914_MARS_IF_round_shadow,MARS,IF,round_shadow,2024-07-17T00:24:30,-1.78711,-3.82526,-3.75266,5.648790427631388,6,5,3,True,0,False,0,0
r48u_20260914_MARS_IF_round_shadow,MARS,IF,round_shadow,2024-07-17T00:25:00,-1.75011,-3.68891,-3.63739,5.468230793620547,6,5,3,True,0,False,0,0
r48u_20260914_MARS_IF_round_shadow,MARS,IF,round_shadow,2024-07-17T00:25:30,-1.70138,-3.49965,-3.45086,5.201026703113531,7,0,0,False,0,False,0,0
r48u_20260914_MARS_IF_round_shadow,MARS,IF,round_shadow,2024-07-17T00:26:00,-1.65989,-3.3452,-3.34618,5.014231590632805,6,5,3,True,0,False,0,0
r48u_20260914_MARS_IF_round_shadow,MARS,IF,round_shadow,2024-07-17T00:26:30,-1.63313,-3.25912,-3.25995,4.890424396082614,7,5,3,True,0,False,0,0
r48u_20260914_MARS_IF_round_shadow,MARS,IF,round_shadow,2024-07-17T00:27:00,-1.61938,-3.21699,-3.23427,4.840652711918094,6,6,3,True,0,False,0,0
r48u_20260914_MARS_IF_round_shadow,MARS,IF,round_shadow,2024-07-17T00:27:30,-1.60216,-3.15161,-3.15108,4.735912522851325,7,6,3,True,0,False,0,0
r48u_20260914_MARS_IF_round_shadow,MARS,IF,round_shadow,2024-07-17T00:28:00,-1.58322,-3.09037,-3.07546,4.638472433560428,7,6,3,True,0,False,0,0
r48u_20260914_MARS_IF_round_shadow,MARS,IF,round_shadow,2024-07-17T00:28:30,-1.56336,-3.03305,-3.01181,4.551316981731771,7,6,3,True,0,False,0,0
r48u_20260914_MARS_IF_round_shadow,MARS,IF,round_shadow,2024-07-17T00:29:00,-1.5415,-2.97836,-2.94472,4.462984026186963,7,6,3,True,0,False,0,0
r48u_20260914_MARS_IF_round_shadow,MARS,IF,round_shadow,2024-07-17T00:29:30,-1.52029,-2.91639,-2.87377,4.367512602053942,8,7,3,True,0,False,0,0
r48u_20260914_MARS_IF_round_shadow,MARS,IF,round_shadow,2024-07-17T00:30:00,-1.49591,-2.85783,-2.81348,4.2802580234607355,8,7,3,True,0,False,0,0
r48u_20260914_MARS_IF_round_feedback,MARS,IF,round_feedback,2024-07-17T00:03:00,-0.488747,0.29678,-1.91546,1.998984494689491,7,0,0,False,0,False,0,0
r48u_20260914_MARS_IF_round_feedback,MARS,IF,round_feedback,2024-07-17T00:03:30,-0.242396,0.438853,-0.136659,0.5196378149307458,7,0,0,False,0,False,0,0
r48u_20260914_MARS_IF_round_feedback,MARS,IF,round_feedback,2024-07-17T00:04:00,-0.327171,0.513653,-0.292114,0.6754338284732265,7,0,0,False,0,False,0,0
r48u_20260914_MARS_IF_round_feedback,MARS,IF,round_feedback,2024-07-17T00:04:30,-0.318628,0.63661,-0.197563,0.7388012137598313,6,0,0,False,0,False,0,0
r48u_20260914_MARS_IF_round_feedback,MARS,IF,round_feedback,2024-07-17T00:05:00,-0.233157,0.627928,-0.252345,0.7157749358967525,7,0,0,False,0,False,0,0
r48u_20260914_MARS_IF_round_feedback,MARS,IF,round_feedback,2024-07-17T00:05:30,-0.142172,0.653063,-0.210915,0.7008489828615005,6,0,0,False,0,False,0,0
r48u_20260914_MARS_IF_round_feedback,MARS,IF,round_feedback,2024-07-17T00:06:00,-0.0617045,0.6528,-0.147532,0.6721019091955104,6,0,0,False,0,False,0,0
r48u_20260914_MARS_IF_round_feedback,MARS,IF,round_feedback,2024-07-17T00:06:30,-0.0210188,0.579698,-0.0954392,0.5878777101184225,6,0,0,False,0,False,0,0
r48u_20260914_MARS_IF_round_feedback,MARS,IF,round_feedback,2024-07-17T00:07:00,-0.00628965,0.479761,-0.0913306,0.48841729628923103,6,0,0,False,0,False,0,0
r48u_20260914_MARS_IF_round_feedback,MARS,IF,round_feedback,2024-07-17T00:07:30,-0.0130997,0.398038,-0.143956,0.42347276361070735,6,0,0,False,0,False,0,0
r48u_20260914_MARS_IF_round_feedback,MARS,IF,round_feedback,2024-07-17T00:08:00,-0.044709,0.318974,-0.194189,0.37610194771896616,6,0,0,False,0,False,0,0
r48u_20260914_MARS_IF_round_feedback,MARS,IF,round_feedback,2024-07-17T00:08:30,-0.0857957,0.265025,-0.238437,0.36667609102924886,6,0,0,False,0,False,0,0
r48u_20260914_MARS_IF_round_feedback,MARS,IF,round_feedback,2024-07-17T00:09:00,-0.122561,0.23312,-0.269756,0.37700720504653484,6,0,0,False,0,False,0,0
r48u_20260914_MARS_IF_round_feedback,MARS,IF,round_feedback,2024-07-17T00:09:30,-0.150684,0.255266,-0.240652,0.38181118856838125,6,0,0,False,0,False,0,0
r48u_20260914_MARS_IF_round_feedback,MARS,IF,round_feedback,2024-07-17T00:10:00,-0.17526,0.269746,-0.221108,0.390343079585126,6,0,0,False,0,False,0,0
r48u_20260914_MARS_IF_round_feedback,MARS,IF,round_feedback,2024-07-17T00:10:30,-0.193857,0.287138,-0.200666,0.40036934329316476,6,5,0,False,0,False,0,0
r48u_20260914_MARS_IF_round_feedback,MARS,IF,round_feedback,2024-07-17T00:11:00,-0.215478,0.291246,-0.187575,0.4079698293072663,6,0,0,False,0,False,0,0
r48u_20260914_MARS_IF_round_feedback,MARS,IF,round_feedback,2024-07-17T00:11:30,-0.244521,0.280852,-0.16509,0.40733656040797517,6,0,0,False,0,False,0,0
r48u_20260914_MARS_IF_round_feedback,MARS,IF,round_feedback,2024-07-17T00:12:00,-0.268477,0.261092,-0.132393,0.3972113271823955,7,0,0,False,0,False,0,0
r48u_20260914_MARS_IF_round_feedback,MARS,IF,round_feedback,2024-07-17T00:12:30,-4.95094,-10.1938,-7.19475,13.423479164735943,7,0,0,False,0,False,0,0
r48u_20260914_MARS_IF_round_feedback,MARS,IF,round_feedback,2024-07-17T00:13:00,-4.47707,-9.69414,-6.70822,12.610341854719879,7,0,0,False,0,False,0,0
r48u_20260914_MARS_IF_round_feedback,MARS,IF,round_feedback,2024-07-17T00:13:30,-4.07012,-8.97777,-6.8277,11.990984875201036,7,0,0,False,0,False,0,0
r48u_20260914_MARS_IF_round_feedback,MARS,IF,round_feedback,2024-07-17T00:14:00,-3.69177,-8.31802,-7.03696,11.503800610880738,7,0,0,False,0,False,0,0
r48u_20260914_MARS_IF_round_feedback,MARS,IF,round_feedback,2024-07-17T00:14:30,-3.38225,-7.76032,-7.14796,11.07950873127956,7,0,0,False,0,False,0,0
r48u_20260914_MARS_IF_round_feedback,MARS,IF,round_feedback,2024-07-17T00:15:00,-3.1672,-7.33068,-6.98732,10.610969130329236,7,0,0,False,0,False,0,0
r48u_20260914_MARS_IF_round_feedback,MARS,IF,round_feedback,2024-07-17T00:15:30,-3.01205,-6.9782,-6.72842,10.150830317708005,7,0,0,False,0,False,0,0
r48u_20260914_MARS_IF_round_feedback,MARS,IF,round_feedback,2024-07-17T00:16:00,-2.87466,-6.66464,-6.43551,9.70035491130608,7,0,0,False,0,False,0,0
r48u_20260914_MARS_IF_round_feedback,MARS,IF,round_feedback,2024-07-17T00:16:30,-2.78578,-6.49754,-6.29611,9.466762772569089,6,0,0,False,0,False,0,0
r48u_20260914_MARS_IF_round_feedback,MARS,IF,round_feedback,2024-07-17T00:17:00,-2.70688,-6.32926,-6.14784,9.229445711829069,6,5,0,False,0,False,0,0
r48u_20260914_MARS_IF_round_feedback,MARS,IF,round_feedback,2024-07-17T00:17:30,-2.63541,-6.15813,-6.01686,9.003918881498212,6,5,0,False,0,False,0,0
r48u_20260914_MARS_IF_round_feedback,MARS,IF,round_feedback,2024-07-17T00:18:00,-2.55616,-5.92333,-5.75945,8.648182267794777,7,5,0,False,0,False,0,0
r48u_20260914_MARS_IF_round_feedback,MARS,IF,round_feedback,2024-07-17T00:18:30,-2.47139,-5.68795,-5.55807,8.327825998392377,7,5,0,False,0,False,0,0
r48u_20260914_MARS_IF_round_feedback,MARS,IF,round_feedback,2024-07-17T00:19:00,-2.40044,-5.5348,-5.45769,8.135262956395447,6,5,0,False,0,False,0,0
r48u_20260914_MARS_IF_round_feedback,MARS,IF,round_feedback,2024-07-17T00:19:30,-2.33876,-5.40408,-5.33888,7.9484286898984005,6,5,0,False,0,False,0,0
r48u_20260914_MARS_IF_round_feedback,MARS,IF,round_feedback,2024-07-17T00:20:00,-2.26016,-5.18389,-5.13,7.635308687780737,7,5,0,False,0,False,0,0
r48u_20260914_MARS_IF_round_feedback,MARS,IF,round_feedback,2024-07-17T00:20:30,-2.20137,-5.06997,-5.03551,7.477097474147304,6,6,0,False,0,False,0,0
r48u_20260914_MARS_IF_round_feedback,MARS,IF,round_feedback,2024-07-17T00:21:00,-2.1264,-4.84822,-4.83653,7.170692893249577,7,5,0,False,0,False,0,0
r48u_20260914_MARS_IF_round_feedback,MARS,IF,round_feedback,2024-07-17T00:21:30,-2.0608,-4.6534,-4.63129,6.881124563913954,7,6,0,False,0,False,0,0
r48u_20260914_MARS_IF_round_feedback,MARS,IF,round_feedback,2024-07-17T00:22:00,-2.01615,-4.55104,-4.52931,6.729894128454028,6,6,2,True,0,False,0,0
r48u_20260914_MARS_IF_round_feedback,MARS,IF,round_feedback,2024-07-17T00:22:30,-1.97162,-4.43276,-4.41934,6.56256144181523,6,6,2,True,0,False,0,0
r48u_20260914_MARS_IF_round_feedback,MARS,IF,round_feedback,2024-07-17T00:23:00,-1.91993,-4.26128,-4.20605,6.2877257451164335,7,6,0,False,0,False,0,0
r48u_20260914_MARS_IF_round_feedback,MARS,IF,round_feedback,2024-07-17T00:23:30,-1.87364,-4.12211,-4.07282,6.090170806644096,6,5,3,True,0,False,0,0
r48u_20260914_MARS_IF_round_feedback,MARS,IF,round_feedback,2024-07-17T00:24:00,-1.82465,-3.94668,-3.86349,5.816544130753243,7,5,3,True,0,False,0,0
r48u_20260914_MARS_IF_round_feedback,MARS,IF,round_feedback,2024-07-17T00:24:30,-1.78711,-3.82526,-3.75266,5.648790427631388,6,5,3,True,0,False,0,0
r48u_20260914_MARS_IF_round_feedback,MARS,IF,round_feedback,2024-07-17T00:25:00,-1.75011,-3.68891,-3.63739,5.468230793620547,6,5,3,True,0,False,0,0
r48u_20260914_MARS_IF_round_feedback,MARS,IF,round_feedback,2024-07-17T00:25:30,-1.70138,-3.49965,-3.45086,5.201026703113531,7,0,0,False,0,False,0,0
r48u_20260914_MARS_IF_round_feedback,MARS,IF,round_feedback,2024-07-17T00:26:00,-1.65989,-3.3452,-3.34618,5.014231590632805,6,5,3,True,0,False,0,0
r48u_20260914_MARS_IF_round_feedback,MARS,IF,round_feedback,2024-07-17T00:26:30,-1.63313,-3.25912,-3.25995,4.890424396082614,7,5,3,True,0,False,0,0
r48u_20260914_MARS_IF_round_feedback,MARS,IF,round_feedback,2024-07-17T00:27:00,-1.61938,-3.21699,-3.23427,4.840652711918094,6,6,3,True,0,False,0,0
r48u_20260914_MARS_IF_round_feedback,MARS,IF,round_feedback,2024-07-17T00:27:30,-1.60216,-3.15161,-3.15108,4.735912522851325,7,6,3,True,0,False,0,0
r48u_20260914_MARS_IF_round_feedback,MARS,IF,round_feedback,2024-07-17T00:28:00,-1.58322,-3.09037,-3.07546,4.638472433560428,7,6,3,True,0,False,0,0
r48u_20260914_MARS_IF_round_feedback,MARS,IF,round_feedback,2024-07-17T00:28:30,-1.56336,-3.03305,-3.01181,4.551316981731771,7,6,3,True,0,False,0,0
r48u_20260914_MARS_IF_round_feedback,MARS,IF,round_feedback,2024-07-17T00:29:00,-1.5415,-2.97836,-2.94472,4.462984026186963,7,6,3,True,0,False,0,0
r48u_20260914_MARS_IF_round_feedback,MARS,IF,round_feedback,2024-07-17T00:29:30,-1.52029,-2.91639,-2.87377,4.367512602053942,8,7,3,True,0,False,0,0
r48u_20260914_MARS_IF_round_feedback,MARS,IF,round_feedback,2024-07-17T00:30:00,-1.49591,-2.85783,-2.81348,4.2802580234607355,8,7,3,True,0,False,0,0
r48u_20260914_MARS_IF_ils_shadow,MARS,IF,ils_shadow,2024-07-17T00:03:00,-0.488747,0.29678,-1.91546,1.998984494689491,7,0,0,False,0,False,0,0
r48u_20260914_MARS_IF_ils_shadow,MARS,IF,ils_shadow,2024-07-17T00:03:30,-0.242396,0.438853,-0.136659,0.5196378149307458,7,0,0,False,0,False,0,0
r48u_20260914_MARS_IF_ils_shadow,MARS,IF,ils_shadow,2024-07-17T00:04:00,-0.327171,0.513653,-0.292114,0.6754338284732265,7,0,0,False,0,False,0,0
r48u_20260914_MARS_IF_ils_shadow,MARS,IF,ils_shadow,2024-07-17T00:04:30,-0.318628,0.63661,-0.197563,0.7388012137598313,6,0,0,False,0,False,0,0
r48u_20260914_MARS_IF_ils_shadow,MARS,IF,ils_shadow,2024-07-17T00:05:00,-0.233157,0.627928,-0.252345,0.7157749358967525,7,0,0,False,0,False,0,0
r48u_20260914_MARS_IF_ils_shadow,MARS,IF,ils_shadow,2024-07-17T00:05:30,-0.142172,0.653063,-0.210915,0.7008489828615005,6,0,0,False,0,False,0,0
r48u_20260914_MARS_IF_ils_shadow,MARS,IF,ils_shadow,2024-07-17T00:06:00,-0.0617045,0.6528,-0.147532,0.6721019091955104,6,0,0,False,0,False,0,0
r48u_20260914_MARS_IF_ils_shadow,MARS,IF,ils_shadow,2024-07-17T00:06:30,-0.0210188,0.579698,-0.0954392,0.5878777101184225,6,0,0,False,0,False,0,0
r48u_20260914_MARS_IF_ils_shadow,MARS,IF,ils_shadow,2024-07-17T00:07:00,-0.00628965,0.479761,-0.0913306,0.48841729628923103,6,0,0,False,0,False,0,0
r48u_20260914_MARS_IF_ils_shadow,MARS,IF,ils_shadow,2024-07-17T00:07:30,-0.0130997,0.398038,-0.143956,0.42347276361070735,6,0,0,False,0,False,0,0
r48u_20260914_MARS_IF_ils_shadow,MARS,IF,ils_shadow,2024-07-17T00:08:00,-0.044709,0.318974,-0.194189,0.37610194771896616,6,0,0,False,0,False,0,0
r48u_20260914_MARS_IF_ils_shadow,MARS,IF,ils_shadow,2024-07-17T00:08:30,-0.0857957,0.265025,-0.238437,0.36667609102924886,6,0,0,False,0,False,0,0
r48u_20260914_MARS_IF_ils_shadow,MARS,IF,ils_shadow,2024-07-17T00:09:00,-0.122561,0.23312,-0.269756,0.37700720504653484,6,0,0,False,0,False,0,0
r48u_20260914_MARS_IF_ils_shadow,MARS,IF,ils_shadow,2024-07-17T00:09:30,-0.150684,0.255266,-0.240652,0.38181118856838125,6,0,0,False,0,False,0,0
r48u_20260914_MARS_IF_ils_shadow,MARS,IF,ils_shadow,2024-07-17T00:10:00,-0.17526,0.269746,-0.221108,0.390343079585126,6,0,0,False,0,False,0,0
r48u_20260914_MARS_IF_ils_feedback,MARS,IF,ils_feedback,2024-07-17T00:03:00,-0.488747,0.29678,-1.91546,1.998984494689491,7,0,0,False,0,False,0,0
r48u_20260914_MARS_IF_ils_feedback,MARS,IF,ils_feedback,2024-07-17T00:03:30,-0.242396,0.438853,-0.136659,0.5196378149307458,7,0,0,False,0,False,0,0
r48u_20260914_MARS_IF_ils_feedback,MARS,IF,ils_feedback,2024-07-17T00:04:00,-0.327171,0.513653,-0.292114,0.6754338284732265,7,0,0,False,0,False,0,0
r48u_20260914_MARS_IF_ils_feedback,MARS,IF,ils_feedback,2024-07-17T00:04:30,-0.318628,0.63661,-0.197563,0.7388012137598313,6,0,0,False,0,False,0,0
r48u_20260914_MARS_IF_ils_feedback,MARS,IF,ils_feedback,2024-07-17T00:05:00,-0.233157,0.627928,-0.252345,0.7157749358967525,7,0,0,False,0,False,0,0
r48u_20260914_MARS_IF_ils_feedback,MARS,IF,ils_feedback,2024-07-17T00:05:30,-0.142172,0.653063,-0.210915,0.7008489828615005,6,0,0,False,0,False,0,0
r48u_20260914_MARS_IF_ils_feedback,MARS,IF,ils_feedback,2024-07-17T00:06:00,-0.0617045,0.6528,-0.147532,0.6721019091955104,6,0,0,False,0,False,0,0
r48u_20260914_MARS_IF_ils_feedback,MARS,IF,ils_feedback,2024-07-17T00:06:30,-0.0210188,0.579698,-0.0954392,0.5878777101184225,6,0,0,False,0,False,0,0
r48u_20260914_MARS_IF_ils_feedback,MARS,IF,ils_feedback,2024-07-17T00:07:00,-0.00628965,0.479761,-0.0913306,0.48841729628923103,6,0,0,False,0,False,0,0
r48u_20260914_MARS_IF_ils_feedback,MARS,IF,ils_feedback,2024-07-17T00:07:30,-0.0130997,0.398038,-0.143956,0.42347276361070735,6,0,0,False,0,False,0,0
r48u_20260914_MARS_IF_ils_feedback,MARS,IF,ils_feedback,2024-07-17T00:08:00,-0.044709,0.318974,-0.194189,0.37610194771896616,6,0,0,False,0,False,0,0
r48u_20260914_MARS_IF_ils_feedback,MARS,IF,ils_feedback,2024-07-17T00:08:30,-0.0857957,0.265025,-0.238437,0.36667609102924886,6,0,0,False,0,False,0,0
r48u_20260914_MARS_IF_ils_feedback,MARS,IF,ils_feedback,2024-07-17T00:09:00,-0.122561,0.23312,-0.269756,0.37700720504653484,6,0,0,False,0,False,0,0
r48u_20260914_MARS_IF_ils_feedback,MARS,IF,ils_feedback,2024-07-17T00:09:30,-0.150684,0.255266,-0.240652,0.38181118856838125,6,0,0,False,0,False,0,0
r48u_20260914_MARS_IF_ils_feedback,MARS,IF,ils_feedback,2024-07-17T00:10:00,-0.17526,0.269746,-0.221108,0.390343079585126,6,0,0,False,0,False,0,0
r48u_20260914_JPLM_IF_float,JPLM,IF,float,2024-07-17T00:03:00,-1.23808,-0.26124,-5.48896,5.6329184536614765,6,0,0,False,0,False,0,0
r48u_20260914_JPLM_IF_float,JPLM,IF,float,2024-07-17T00:03:30,0.0282006,0.701405,0.786566,1.054253442119759,6,0,0,False,0,False,0,0
r48u_20260914_JPLM_IF_float,JPLM,IF,float,2024-07-17T00:04:00,-0.0352552,0.759572,0.884425,1.1663619219333423,6,0,0,False,0,False,0,0
r48u_20260914_JPLM_IF_float,JPLM,IF,float,2024-07-17T00:04:30,-0.329504,0.443615,-0.0753898,0.5577192628778748,6,0,0,False,0,False,0,0
r48u_20260914_JPLM_IF_float,JPLM,IF,float,2024-07-17T00:05:00,-0.493006,0.206369,-0.409266,0.6731580341591415,6,0,0,False,0,False,0,0
r48u_20260914_JPLM_IF_float,JPLM,IF,float,2024-07-17T00:05:30,-0.58544,0.0417257,-0.62842,0.8598794822767257,6,0,0,False,0,False,0,0
r48u_20260914_JPLM_IF_float,JPLM,IF,float,2024-07-17T00:06:00,-0.639237,0.0790482,-0.514343,0.8242701509464236,6,0,0,False,0,False,0,0
r48u_20260914_JPLM_IF_float,JPLM,IF,float,2024-07-17T00:06:30,-0.563909,0.0379904,-0.571885,0.8040454489630297,6,0,0,False,0,False,0,0
r48u_20260914_JPLM_IF_float,JPLM,IF,float,2024-07-17T00:07:00,-0.506097,0.106973,-0.31289,0.6045473912258658,6,0,0,False,0,False,0,0
r48u_20260914_JPLM_IF_float,JPLM,IF,float,2024-07-17T00:07:30,-0.423596,0.148369,-0.17233,0.48077495803858167,6,0,0,False,0,False,0,0
r48u_20260914_JPLM_IF_float,JPLM,IF,float,2024-07-17T00:08:00,-0.419996,0.10987,-0.221461,0.4873530870293118,6,0,0,False,0,False,0,0
r48u_20260914_JPLM_IF_float,JPLM,IF,float,2024-07-17T00:08:30,-0.419449,0.0850571,-0.337481,0.5450372457203361,6,0,0,False,0,False,0,0
r48u_20260914_JPLM_IF_float,JPLM,IF,float,2024-07-17T00:09:00,-0.413307,0.110051,-0.252912,0.49688869839633104,6,0,0,False,0,False,0,0
r48u_20260914_JPLM_IF_float,JPLM,IF,float,2024-07-17T00:09:30,-0.352775,0.176803,-0.0851525,0.40368360096770095,6,0,0,False,0,False,0,0
r48u_20260914_JPLM_IF_float,JPLM,IF,float,2024-07-17T00:10:00,-0.336938,0.184046,0.0263784,0.38483238682127574,6,1,0,False,0,False,0,0
r48u_20260914_JPLM_IF_float,JPLM,IF,float,2024-07-17T00:10:30,-0.306566,0.19363,-0.00409112,0.36261829313874167,6,0,0,False,0,False,0,0
r48u_20260914_JPLM_IF_float,JPLM,IF,float,2024-07-17T00:11:00,-0.298163,0.19454,-0.0265272,0.35700235084497695,6,1,0,False,0,False,0,0
r48u_20260914_JPLM_IF_float,JPLM,IF,float,2024-07-17T00:11:30,-0.306424,0.1835,-0.085059,0.36715521412203855,6,2,0,False,0,False,0,0
r48u_20260914_JPLM_IF_float,JPLM,IF,float,2024-07-17T00:12:00,-0.297002,0.189938,-0.0660553,0.358678037390206,6,2,0,False,0,False,0,0
r48u_20260914_JPLM_IF_float,JPLM,IF,float,2024-07-17T00:12:30,-0.279642,0.179967,0.00557461,0.33259411529618516,6,2,0,False,0,False,0,0
r48u_20260914_JPLM_IF_float,JPLM,IF,float,2024-07-17T00:13:00,-0.25054,0.148608,0.047903,0.2952106479668374,6,2,0,False,0,False,0,0
r48u_20260914_JPLM_IF_float,JPLM,IF,float,2024-07-17T00:13:30,-0.241667,0.111738,0.0784767,0.2775732551523831,6,2,0,False,0,False,0,0
r48u_20260914_JPLM_IF_float,JPLM,IF,float,2024-07-17T00:14:00,-0.255542,0.142105,0.243296,0.38037940060550074,6,2,0,False,0,False,0,0
r48u_20260914_JPLM_IF_float,JPLM,IF,float,2024-07-17T00:14:30,-0.265615,0.155397,0.234149,0.386685026908206,6,2,0,False,0,False,0,0
r48u_20260914_JPLM_IF_float,JPLM,IF,float,2024-07-17T00:15:00,-0.267613,0.153976,0.184443,0.35964502859625347,6,2,0,False,0,False,0,0
r48u_20260914_JPLM_IF_float,JPLM,IF,float,2024-07-17T00:15:30,-0.257289,0.149044,0.100431,0.3138441161118048,6,2,0,False,0,False,0,0
r48u_20260914_JPLM_IF_float,JPLM,IF,float,2024-07-17T00:16:00,-0.242397,0.10694,0.0516758,0.26993120885633065,6,2,0,False,0,False,0,0
r48u_20260914_JPLM_IF_float,JPLM,IF,float,2024-07-17T00:16:30,-0.236523,0.0935466,0.0799042,0.26660603346173545,6,2,0,False,0,False,0,0
r48u_20260914_JPLM_IF_float,JPLM,IF,float,2024-07-17T00:17:00,-0.24116,0.0993023,0.0393308,0.26375368094858886,6,3,0,False,0,False,0,0
r48u_20260914_JPLM_IF_float,JPLM,IF,float,2024-07-17T00:17:30,-0.25274,0.128644,0.161088,0.3261535375862111,6,3,0,False,0,False,0,0
r48u_20260914_JPLM_IF_float,JPLM,IF,float,2024-07-17T00:18:00,-0.256803,0.169993,0.28816,0.42176010534188746,6,3,0,False,0,False,0,0
r48u_20260914_JPLM_IF_float,JPLM,IF,float,2024-07-17T00:18:30,-0.269555,0.154997,0.161794,0.35051571501146706,6,3,0,False,0,False,0,0
r48u_20260914_JPLM_IF_float,JPLM,IF,float,2024-07-17T00:19:00,-0.271069,0.117561,-0.0117952,0.2956993713639581,7,4,0,False,0,False,0,0
r48u_20260914_JPLM_IF_float,JPLM,IF,float,2024-07-17T00:19:30,-0.3991,-0.937964,-2.22863,2.450683364328407,7,4,0,False,0,False,0,0
r48u_20260914_JPLM_IF_float,JPLM,IF,float,2024-07-17T00:20:00,-0.3904,-0.931619,-2.32825,2.5379271430955224,7,4,0,False,0,False,0,0
r48u_20260914_JPLM_IF_float,JPLM,IF,float,2024-07-17T00:20:30,-0.38616,-0.917818,-2.42862,2.624824666739476,7,4,0,False,0,False,0,0
r48u_20260914_JPLM_IF_float,JPLM,IF,float,2024-07-17T00:21:00,-0.387927,-0.878973,-2.33238,2.5225140944022497,7,4,0,False,0,False,0,0
r48u_20260914_JPLM_IF_float,JPLM,IF,float,2024-07-17T00:21:30,-0.388019,-0.84192,-2.30613,2.4854825703796437,7,4,0,False,0,False,0,0
r48u_20260914_JPLM_IF_float,JPLM,IF,float,2024-07-17T00:22:00,-0.381844,-0.788877,-2.21687,2.383829767069159,7,4,0,False,0,False,0,0
r48u_20260914_JPLM_IF_float,JPLM,IF,float,2024-07-17T00:22:30,-0.362197,-0.742543,-2.25253,2.3992599222589455,7,4,0,False,0,False,0,0
r48u_20260914_JPLM_IF_float,JPLM,IF,float,2024-07-17T00:23:00,-0.350541,-0.714996,-2.29797,2.432028863643892,7,4,0,False,0,False,0,0
r48u_20260914_JPLM_IF_float,JPLM,IF,float,2024-07-17T00:23:30,-0.333894,-0.678447,-2.265,2.3878862064690187,6,3,0,False,0,False,0,0
r48u_20260914_JPLM_IF_float,JPLM,IF,float,2024-07-17T00:24:00,-0.336963,-0.660156,-2.23878,2.3582802836187646,7,4,0,False,0,False,0,0
r48u_20260914_JPLM_IF_float,JPLM,IF,float,2024-07-17T00:24:30,-0.337399,-0.621629,-2.25356,2.36194694530635,7,4,0,False,0,False,0,0
r48u_20260914_JPLM_IF_float,JPLM,IF,float,2024-07-17T00:25:00,-0.329693,-0.581629,-2.2572,2.3541328781294397,7,4,0,False,0,False,0,0
r48u_20260914_JPLM_IF_float,JPLM,IF,float,2024-07-17T00:25:30,-0.312478,-0.53263,-2.26383,2.3465428797028194,7,3,0,False,0,False,0,0
r48u_20260914_JPLM_IF_float,JPLM,IF,float,2024-07-17T00:26:00,-0.308206,-0.488527,-2.26503,2.3375222927418253,7,4,0,False,0,False,0,0
r48u_20260914_JPLM_IF_float,JPLM,IF,float,2024-07-17T00:26:30,-0.308877,-0.453456,-2.2537,2.3195238811154755,7,4,0,False,0,False,0,0
r48u_20260914_JPLM_IF_float,JPLM,IF,float,2024-07-17T00:27:00,-0.304815,-0.410366,-2.25574,2.3129365286970156,7,3,0,False,0,False,0,0
r48u_20260914_JPLM_IF_float,JPLM,IF,float,2024-07-17T00:27:30,-0.291554,-0.351355,-2.30641,2.3511659148263018,7,3,0,False,0,False,0,0
r48u_20260914_JPLM_IF_float,JPLM,IF,float,2024-07-17T00:28:00,-0.264921,-0.291063,-2.37104,2.4034831989864207,7,3,0,False,0,False,0,0
r48u_20260914_JPLM_IF_float,JPLM,IF,float,2024-07-17T00:28:30,-0.239402,-0.244658,-2.42823,2.452238118019537,7,4,0,False,0,False,0,0
r48u_20260914_JPLM_IF_float,JPLM,IF,float,2024-07-17T00:29:00,-0.21849,-0.20345,-2.4909,2.508727285417847,7,4,0,False,0,False,0,0
r48u_20260914_JPLM_IF_float,JPLM,IF,float,2024-07-17T00:29:30,-0.212714,-0.172812,-2.54701,2.5617125469576014,7,4,0,False,0,False,0,0
r48u_20260914_JPLM_IF_float,JPLM,IF,float,2024-07-17T00:30:00,-0.214287,-0.142537,-2.61548,2.628111745177134,7,4,0,False,0,False,0,0
r48u_20260914_JPLM_IF_round_shadow,JPLM,IF,round_shadow,2024-07-17T00:03:00,-1.23808,-0.26124,-5.48896,5.6329184536614765,6,0,0,False,0,False,0,0
r48u_20260914_JPLM_IF_round_shadow,JPLM,IF,round_shadow,2024-07-17T00:03:30,0.0282006,0.701405,0.786566,1.054253442119759,6,0,0,False,0,False,0,0
r48u_20260914_JPLM_IF_round_shadow,JPLM,IF,round_shadow,2024-07-17T00:04:00,-0.0352552,0.759572,0.884425,1.1663619219333423,6,0,0,False,0,False,0,0
r48u_20260914_JPLM_IF_round_shadow,JPLM,IF,round_shadow,2024-07-17T00:04:30,-0.329504,0.443615,-0.0753898,0.5577192628778748,6,0,0,False,0,False,0,0
r48u_20260914_JPLM_IF_round_shadow,JPLM,IF,round_shadow,2024-07-17T00:05:00,-0.493006,0.206369,-0.409266,0.6731580341591415,6,0,0,False,0,False,0,0
r48u_20260914_JPLM_IF_round_shadow,JPLM,IF,round_shadow,2024-07-17T00:05:30,-0.58544,0.0417257,-0.62842,0.8598794822767257,6,0,0,False,0,False,0,0
r48u_20260914_JPLM_IF_round_shadow,JPLM,IF,round_shadow,2024-07-17T00:06:00,-0.639237,0.0790482,-0.514343,0.8242701509464236,6,0,0,False,0,False,0,0
r48u_20260914_JPLM_IF_round_shadow,JPLM,IF,round_shadow,2024-07-17T00:06:30,-0.563909,0.0379904,-0.571885,0.8040454489630297,6,0,0,False,0,False,0,0
r48u_20260914_JPLM_IF_round_shadow,JPLM,IF,round_shadow,2024-07-17T00:07:00,-0.506097,0.106973,-0.31289,0.6045473912258658,6,0,0,False,0,False,0,0
r48u_20260914_JPLM_IF_round_shadow,JPLM,IF,round_shadow,2024-07-17T00:07:30,-0.423596,0.148369,-0.17233,0.48077495803858167,6,0,0,False,0,False,0,0
r48u_20260914_JPLM_IF_round_shadow,JPLM,IF,round_shadow,2024-07-17T00:08:00,-0.419996,0.10987,-0.221461,0.4873530870293118,6,0,0,False,0,False,0,0
r48u_20260914_JPLM_IF_round_shadow,JPLM,IF,round_shadow,2024-07-17T00:08:30,-0.419449,0.0850571,-0.337481,0.5450372457203361,6,0,0,False,0,False,0,0
r48u_20260914_JPLM_IF_round_shadow,JPLM,IF,round_shadow,2024-07-17T00:09:00,-0.413307,0.110051,-0.252912,0.49688869839633104,6,0,0,False,0,False,0,0
r48u_20260914_JPLM_IF_round_shadow,JPLM,IF,round_shadow,2024-07-17T00:09:30,-0.352775,0.176803,-0.0851525,0.40368360096770095,6,0,0,False,0,False,0,0
r48u_20260914_JPLM_IF_round_shadow,JPLM,IF,round_shadow,2024-07-17T00:10:00,-0.336938,0.184046,0.0263784,0.38483238682127574,6,1,0,False,0,False,0,0
r48u_20260914_JPLM_IF_round_shadow,JPLM,IF,round_shadow,2024-07-17T00:10:30,-0.306566,0.19363,-0.00409112,0.36261829313874167,6,0,0,False,0,False,0,0
r48u_20260914_JPLM_IF_round_shadow,JPLM,IF,round_shadow,2024-07-17T00:11:00,-0.298163,0.19454,-0.0265272,0.35700235084497695,6,1,0,False,0,False,0,0
r48u_20260914_JPLM_IF_round_shadow,JPLM,IF,round_shadow,2024-07-17T00:11:30,-0.306424,0.1835,-0.085059,0.36715521412203855,6,2,0,False,0,False,0,0
r48u_20260914_JPLM_IF_round_shadow,JPLM,IF,round_shadow,2024-07-17T00:12:00,-0.297002,0.189938,-0.0660553,0.358678037390206,6,2,0,False,0,False,0,0
r48u_20260914_JPLM_IF_round_shadow,JPLM,IF,round_shadow,2024-07-17T00:12:30,-0.279642,0.179967,0.00557461,0.33259411529618516,6,2,0,False,0,False,0,0
r48u_20260914_JPLM_IF_round_shadow,JPLM,IF,round_shadow,2024-07-17T00:13:00,-0.25054,0.148608,0.047903,0.2952106479668374,6,2,0,False,0,False,0,0
r48u_20260914_JPLM_IF_round_shadow,JPLM,IF,round_shadow,2024-07-17T00:13:30,-0.241667,0.111738,0.0784767,0.2775732551523831,6,2,0,False,0,False,0,0
r48u_20260914_JPLM_IF_round_shadow,JPLM,IF,round_shadow,2024-07-17T00:14:00,-0.255542,0.142105,0.243296,0.38037940060550074,6,2,0,False,0,False,0,0
r48u_20260914_JPLM_IF_round_shadow,JPLM,IF,round_shadow,2024-07-17T00:14:30,-0.265615,0.155397,0.234149,0.386685026908206,6,2,0,False,0,False,0,0
r48u_20260914_JPLM_IF_round_shadow,JPLM,IF,round_shadow,2024-07-17T00:15:00,-0.267613,0.153976,0.184443,0.35964502859625347,6,2,0,False,0,False,0,0
r48u_20260914_JPLM_IF_round_shadow,JPLM,IF,round_shadow,2024-07-17T00:15:30,-0.257289,0.149044,0.100431,0.3138441161118048,6,2,0,False,0,False,0,0
r48u_20260914_JPLM_IF_round_shadow,JPLM,IF,round_shadow,2024-07-17T00:16:00,-0.242397,0.10694,0.0516758,0.26993120885633065,6,2,0,False,0,False,0,0
r48u_20260914_JPLM_IF_round_shadow,JPLM,IF,round_shadow,2024-07-17T00:16:30,-0.236523,0.0935466,0.0799042,0.26660603346173545,6,2,0,False,0,False,0,0
r48u_20260914_JPLM_IF_round_shadow,JPLM,IF,round_shadow,2024-07-17T00:17:00,-0.24116,0.0993023,0.0393308,0.26375368094858886,6,3,0,False,0,False,0,0
r48u_20260914_JPLM_IF_round_shadow,JPLM,IF,round_shadow,2024-07-17T00:17:30,-0.25274,0.128644,0.161088,0.3261535375862111,6,3,0,False,0,False,0,0
r48u_20260914_JPLM_IF_round_shadow,JPLM,IF,round_shadow,2024-07-17T00:18:00,-0.256803,0.169993,0.28816,0.42176010534188746,6,3,0,False,0,False,0,0
r48u_20260914_JPLM_IF_round_shadow,JPLM,IF,round_shadow,2024-07-17T00:18:30,-0.269555,0.154997,0.161794,0.35051571501146706,6,3,0,False,0,False,0,0
r48u_20260914_JPLM_IF_round_shadow,JPLM,IF,round_shadow,2024-07-17T00:19:00,-0.271069,0.117561,-0.0117952,0.2956993713639581,7,4,0,False,0,False,0,0
r48u_20260914_JPLM_IF_round_shadow,JPLM,IF,round_shadow,2024-07-17T00:19:30,-0.3991,-0.937964,-2.22863,2.450683364328407,7,4,0,False,0,False,0,0
r48u_20260914_JPLM_IF_round_shadow,JPLM,IF,round_shadow,2024-07-17T00:20:00,-0.3904,-0.931619,-2.32825,2.5379271430955224,7,4,0,False,0,False,0,0
r48u_20260914_JPLM_IF_round_shadow,JPLM,IF,round_shadow,2024-07-17T00:20:30,-0.38616,-0.917818,-2.42862,2.624824666739476,7,4,0,False,0,False,0,0
r48u_20260914_JPLM_IF_round_shadow,JPLM,IF,round_shadow,2024-07-17T00:21:00,-0.387927,-0.878973,-2.33238,2.5225140944022497,7,4,0,False,0,False,0,0
r48u_20260914_JPLM_IF_round_shadow,JPLM,IF,round_shadow,2024-07-17T00:21:30,-0.388019,-0.84192,-2.30613,2.4854825703796437,7,4,0,False,0,False,0,0
r48u_20260914_JPLM_IF_round_shadow,JPLM,IF,round_shadow,2024-07-17T00:22:00,-0.381844,-0.788877,-2.21687,2.383829767069159,7,4,0,False,0,False,0,0
r48u_20260914_JPLM_IF_round_shadow,JPLM,IF,round_shadow,2024-07-17T00:22:30,-0.362197,-0.742543,-2.25253,2.3992599222589455,7,4,0,False,0,False,0,0
r48u_20260914_JPLM_IF_round_shadow,JPLM,IF,round_shadow,2024-07-17T00:23:00,-0.350541,-0.714996,-2.29797,2.432028863643892,7,4,0,False,0,False,0,0
r48u_20260914_JPLM_IF_round_shadow,JPLM,IF,round_shadow,2024-07-17T00:23:30,-0.333894,-0.678447,-2.265,2.3878862064690187,6,3,0,False,0,False,0,0
r48u_20260914_JPLM_IF_round_shadow,JPLM,IF,round_shadow,2024-07-17T00:24:00,-0.336963,-0.660156,-2.23878,2.3582802836187646,7,4,0,False,0,False,0,0
r48u_20260914_JPLM_IF_round_shadow,JPLM,IF,round_shadow,2024-07-17T00:24:30,-0.337399,-0.621629,-2.25356,2.36194694530635,7,4,0,False,0,False,0,0
r48u_20260914_JPLM_IF_round_shadow,JPLM,IF,round_shadow,2024-07-17T00:25:00,-0.329693,-0.581629,-2.2572,2.3541328781294397,7,4,0,False,0,False,0,0
r48u_20260914_JPLM_IF_round_shadow,JPLM,IF,round_shadow,2024-07-17T00:25:30,-0.312478,-0.53263,-2.26383,2.3465428797028194,7,3,0,False,0,False,0,0
r48u_20260914_JPLM_IF_round_shadow,JPLM,IF,round_shadow,2024-07-17T00:26:00,-0.308206,-0.488527,-2.26503,2.3375222927418253,7,4,0,False,0,False,0,0
r48u_20260914_JPLM_IF_round_shadow,JPLM,IF,round_shadow,2024-07-17T00:26:30,-0.308877,-0.453456,-2.2537,2.3195238811154755,7,4,0,False,0,False,0,0
r48u_20260914_JPLM_IF_round_shadow,JPLM,IF,round_shadow,2024-07-17T00:27:00,-0.304815,-0.410366,-2.25574,2.3129365286970156,7,3,0,False,0,False,0,0
r48u_20260914_JPLM_IF_round_shadow,JPLM,IF,round_shadow,2024-07-17T00:27:30,-0.291554,-0.351355,-2.30641,2.3511659148263018,7,3,0,False,0,False,0,0
r48u_20260914_JPLM_IF_round_shadow,JPLM,IF,round_shadow,2024-07-17T00:28:00,-0.264921,-0.291063,-2.37104,2.4034831989864207,7,3,0,False,0,False,0,0
r48u_20260914_JPLM_IF_round_shadow,JPLM,IF,round_shadow,2024-07-17T00:28:30,-0.239402,-0.244658,-2.42823,2.452238118019537,7,4,0,False,0,False,0,0
r48u_20260914_JPLM_IF_round_shadow,JPLM,IF,round_shadow,2024-07-17T00:29:00,-0.21849,-0.20345,-2.4909,2.508727285417847,7,4,0,False,0,False,0,0
r48u_20260914_JPLM_IF_round_shadow,JPLM,IF,round_shadow,2024-07-17T00:29:30,-0.212714,-0.172812,-2.54701,2.5617125469576014,7,4,0,False,0,False,0,0
r48u_20260914_JPLM_IF_round_shadow,JPLM,IF,round_shadow,2024-07-17T00:30:00,-0.214287,-0.142537,-2.61548,2.628111745177134,7,4,0,False,0,False,0,0
r48u_20260914_JPLM_IF_round_feedback,JPLM,IF,round_feedback,2024-07-17T00:03:00,-1.23808,-0.26124,-5.48896,5.6329184536614765,6,0,0,False,0,False,0,0
r48u_20260914_JPLM_IF_round_feedback,JPLM,IF,round_feedback,2024-07-17T00:03:30,0.0282006,0.701405,0.786566,1.054253442119759,6,0,0,False,0,False,0,0
r48u_20260914_JPLM_IF_round_feedback,JPLM,IF,round_feedback,2024-07-17T00:04:00,-0.0352552,0.759572,0.884425,1.1663619219333423,6,0,0,False,0,False,0,0
r48u_20260914_JPLM_IF_round_feedback,JPLM,IF,round_feedback,2024-07-17T00:04:30,-0.329504,0.443615,-0.0753898,0.5577192628778748,6,0,0,False,0,False,0,0
r48u_20260914_JPLM_IF_round_feedback,JPLM,IF,round_feedback,2024-07-17T00:05:00,-0.493006,0.206369,-0.409266,0.6731580341591415,6,0,0,False,0,False,0,0
r48u_20260914_JPLM_IF_round_feedback,JPLM,IF,round_feedback,2024-07-17T00:05:30,-0.58544,0.0417257,-0.62842,0.8598794822767257,6,0,0,False,0,False,0,0
r48u_20260914_JPLM_IF_round_feedback,JPLM,IF,round_feedback,2024-07-17T00:06:00,-0.639237,0.0790482,-0.514343,0.8242701509464236,6,0,0,False,0,False,0,0
r48u_20260914_JPLM_IF_round_feedback,JPLM,IF,round_feedback,2024-07-17T00:06:30,-0.563909,0.0379904,-0.571885,0.8040454489630297,6,0,0,False,0,False,0,0
r48u_20260914_JPLM_IF_round_feedback,JPLM,IF,round_feedback,2024-07-17T00:07:00,-0.506097,0.106973,-0.31289,0.6045473912258658,6,0,0,False,0,False,0,0
r48u_20260914_JPLM_IF_round_feedback,JPLM,IF,round_feedback,2024-07-17T00:07:30,-0.423596,0.148369,-0.17233,0.48077495803858167,6,0,0,False,0,False,0,0
r48u_20260914_JPLM_IF_round_feedback,JPLM,IF,round_feedback,2024-07-17T00:08:00,-0.419996,0.10987,-0.221461,0.4873530870293118,6,0,0,False,0,False,0,0
r48u_20260914_JPLM_IF_round_feedback,JPLM,IF,round_feedback,2024-07-17T00:08:30,-0.419449,0.0850571,-0.337481,0.5450372457203361,6,0,0,False,0,False,0,0
r48u_20260914_JPLM_IF_round_feedback,JPLM,IF,round_feedback,2024-07-17T00:09:00,-0.413307,0.110051,-0.252912,0.49688869839633104,6,0,0,False,0,False,0,0
r48u_20260914_JPLM_IF_round_feedback,JPLM,IF,round_feedback,2024-07-17T00:09:30,-0.352775,0.176803,-0.0851525,0.40368360096770095,6,0,0,False,0,False,0,0
r48u_20260914_JPLM_IF_round_feedback,JPLM,IF,round_feedback,2024-07-17T00:10:00,-0.336938,0.184046,0.0263784,0.38483238682127574,6,1,0,False,0,False,0,0
r48u_20260914_JPLM_IF_round_feedback,JPLM,IF,round_feedback,2024-07-17T00:10:30,-0.306566,0.19363,-0.00409112,0.36261829313874167,6,0,0,False,0,False,0,0
r48u_20260914_JPLM_IF_round_feedback,JPLM,IF,round_feedback,2024-07-17T00:11:00,-0.298163,0.19454,-0.0265272,0.35700235084497695,6,1,0,False,0,False,0,0
r48u_20260914_JPLM_IF_round_feedback,JPLM,IF,round_feedback,2024-07-17T00:11:30,-0.306424,0.1835,-0.085059,0.36715521412203855,6,2,0,False,0,False,0,0
r48u_20260914_JPLM_IF_round_feedback,JPLM,IF,round_feedback,2024-07-17T00:12:00,-0.297002,0.189938,-0.0660553,0.358678037390206,6,2,0,False,0,False,0,0
r48u_20260914_JPLM_IF_round_feedback,JPLM,IF,round_feedback,2024-07-17T00:12:30,-0.279642,0.179967,0.00557461,0.33259411529618516,6,2,0,False,0,False,0,0
r48u_20260914_JPLM_IF_round_feedback,JPLM,IF,round_feedback,2024-07-17T00:13:00,-0.25054,0.148608,0.047903,0.2952106479668374,6,2,0,False,0,False,0,0
r48u_20260914_JPLM_IF_round_feedback,JPLM,IF,round_feedback,2024-07-17T00:13:30,-0.241667,0.111738,0.0784767,0.2775732551523831,6,2,0,False,0,False,0,0
r48u_20260914_JPLM_IF_round_feedback,JPLM,IF,round_feedback,2024-07-17T00:14:00,-0.255542,0.142105,0.243296,0.38037940060550074,6,2,0,False,0,False,0,0
r48u_20260914_JPLM_IF_round_feedback,JPLM,IF,round_feedback,2024-07-17T00:14:30,-0.265615,0.155397,0.234149,0.386685026908206,6,2,0,False,0,False,0,0
r48u_20260914_JPLM_IF_round_feedback,JPLM,IF,round_feedback,2024-07-17T00:15:00,-0.267613,0.153976,0.184443,0.35964502859625347,6,2,0,False,0,False,0,0
r48u_20260914_JPLM_IF_round_feedback,JPLM,IF,round_feedback,2024-07-17T00:15:30,-0.257289,0.149044,0.100431,0.3138441161118048,6,2,0,False,0,False,0,0
r48u_20260914_JPLM_IF_round_feedback,JPLM,IF,round_feedback,2024-07-17T00:16:00,-0.242397,0.10694,0.0516758,0.26993120885633065,6,2,0,False,0,False,0,0
r48u_20260914_JPLM_IF_round_feedback,JPLM,IF,round_feedback,2024-07-17T00:16:30,-0.236523,0.0935466,0.0799042,0.26660603346173545,6,2,0,False,0,False,0,0
r48u_20260914_JPLM_IF_round_feedback,JPLM,IF,round_feedback,2024-07-17T00:17:00,-0.24116,0.0993023,0.0393308,0.26375368094858886,6,3,0,False,0,False,0,0
r48u_20260914_JPLM_IF_round_feedback,JPLM,IF,round_feedback,2024-07-17T00:17:30,-0.25274,0.128644,0.161088,0.3261535375862111,6,3,0,False,0,False,0,0
r48u_20260914_JPLM_IF_round_feedback,JPLM,IF,round_feedback,2024-07-17T00:18:00,-0.256803,0.169993,0.28816,0.42176010534188746,6,3,0,False,0,False,0,0
r48u_20260914_JPLM_IF_round_feedback,JPLM,IF,round_feedback,2024-07-17T00:18:30,-0.269555,0.154997,0.161794,0.35051571501146706,6,3,0,False,0,False,0,0
r48u_20260914_JPLM_IF_round_feedback,JPLM,IF,round_feedback,2024-07-17T00:19:00,-0.271069,0.117561,-0.0117952,0.2956993713639581,7,4,0,False,0,False,0,0
r48u_20260914_JPLM_IF_round_feedback,JPLM,IF,round_feedback,2024-07-17T00:19:30,-0.3991,-0.937964,-2.22863,2.450683364328407,7,4,0,False,0,False,0,0
r48u_20260914_JPLM_IF_round_feedback,JPLM,IF,round_feedback,2024-07-17T00:20:00,-0.3904,-0.931619,-2.32825,2.5379271430955224,7,4,0,False,0,False,0,0
r48u_20260914_JPLM_IF_round_feedback,JPLM,IF,round_feedback,2024-07-17T00:20:30,-0.38616,-0.917818,-2.42862,2.624824666739476,7,4,0,False,0,False,0,0
r48u_20260914_JPLM_IF_round_feedback,JPLM,IF,round_feedback,2024-07-17T00:21:00,-0.387927,-0.878973,-2.33238,2.5225140944022497,7,4,0,False,0,False,0,0
r48u_20260914_JPLM_IF_round_feedback,JPLM,IF,round_feedback,2024-07-17T00:21:30,-0.388019,-0.84192,-2.30613,2.4854825703796437,7,4,0,False,0,False,0,0
r48u_20260914_JPLM_IF_round_feedback,JPLM,IF,round_feedback,2024-07-17T00:22:00,-0.381844,-0.788877,-2.21687,2.383829767069159,7,4,0,False,0,False,0,0
r48u_20260914_JPLM_IF_round_feedback,JPLM,IF,round_feedback,2024-07-17T00:22:30,-0.362197,-0.742543,-2.25253,2.3992599222589455,7,4,0,False,0,False,0,0
r48u_20260914_JPLM_IF_round_feedback,JPLM,IF,round_feedback,2024-07-17T00:23:00,-0.350541,-0.714996,-2.29797,2.432028863643892,7,4,0,False,0,False,0,0
r48u_20260914_JPLM_IF_round_feedback,JPLM,IF,round_feedback,2024-07-17T00:23:30,-0.333894,-0.678447,-2.265,2.3878862064690187,6,3,0,False,0,False,0,0
r48u_20260914_JPLM_IF_round_feedback,JPLM,IF,round_feedback,2024-07-17T00:24:00,-0.336963,-0.660156,-2.23878,2.3582802836187646,7,4,0,False,0,False,0,0
r48u_20260914_JPLM_IF_round_feedback,JPLM,IF,round_feedback,2024-07-17T00:24:30,-0.337399,-0.621629,-2.25356,2.36194694530635,7,4,0,False,0,False,0,0
r48u_20260914_JPLM_IF_round_feedback,JPLM,IF,round_feedback,2024-07-17T00:25:00,-0.329693,-0.581629,-2.2572,2.3541328781294397,7,4,0,False,0,False,0,0
r48u_20260914_JPLM_IF_round_feedback,JPLM,IF,round_feedback,2024-07-17T00:25:30,-0.312478,-0.53263,-2.26383,2.3465428797028194,7,3,0,False,0,False,0,0
r48u_20260914_JPLM_IF_round_feedback,JPLM,IF,round_feedback,2024-07-17T00:26:00,-0.308206,-0.488527,-2.26503,2.3375222927418253,7,4,0,False,0,False,0,0
r48u_20260914_JPLM_IF_round_feedback,JPLM,IF,round_feedback,2024-07-17T00:26:30,-0.308877,-0.453456,-2.2537,2.3195238811154755,7,4,0,False,0,False,0,0
r48u_20260914_JPLM_IF_round_feedback,JPLM,IF,round_feedback,2024-07-17T00:27:00,-0.304815,-0.410366,-2.25574,2.3129365286970156,7,3,0,False,0,False,0,0
r48u_20260914_JPLM_IF_round_feedback,JPLM,IF,round_feedback,2024-07-17T00:27:30,-0.291554,-0.351355,-2.30641,2.3511659148263018,7,3,0,False,0,False,0,0
r48u_20260914_JPLM_IF_round_feedback,JPLM,IF,round_feedback,2024-07-17T00:28:00,-0.264921,-0.291063,-2.37104,2.4034831989864207,7,3,0,False,0,False,0,0
r48u_20260914_JPLM_IF_round_feedback,JPLM,IF,round_feedback,2024-07-17T00:28:30,-0.239402,-0.244658,-2.42823,2.452238118019537,7,4,0,False,0,False,0,0
r48u_20260914_JPLM_IF_round_feedback,JPLM,IF,round_feedback,2024-07-17T00:29:00,-0.21849,-0.20345,-2.4909,2.508727285417847,7,4,0,False,0,False,0,0
r48u_20260914_JPLM_IF_round_feedback,JPLM,IF,round_feedback,2024-07-17T00:29:30,-0.212714,-0.172812,-2.54701,2.5617125469576014,7,4,0,False,0,False,0,0
r48u_20260914_JPLM_IF_round_feedback,JPLM,IF,round_feedback,2024-07-17T00:30:00,-0.214287,-0.142537,-2.61548,2.628111745177134,7,4,0,False,0,False,0,0
r48u_20260914_JPLM_IF_ils_shadow,JPLM,IF,ils_shadow,2024-07-17T00:03:00,-1.23808,-0.26124,-5.48896,5.6329184536614765,6,0,0,False,0,False,0,0
r48u_20260914_JPLM_IF_ils_shadow,JPLM,IF,ils_shadow,2024-07-17T00:03:30,0.0282006,0.701405,0.786566,1.054253442119759,6,0,0,False,0,False,0,0
r48u_20260914_JPLM_IF_ils_shadow,JPLM,IF,ils_shadow,2024-07-17T00:04:00,-0.0352552,0.759572,0.884425,1.1663619219333423,6,0,0,False,0,False,0,0
r48u_20260914_JPLM_IF_ils_shadow,JPLM,IF,ils_shadow,2024-07-17T00:04:30,-0.329504,0.443615,-0.0753898,0.5577192628778748,6,0,0,False,0,False,0,0
r48u_20260914_JPLM_IF_ils_shadow,JPLM,IF,ils_shadow,2024-07-17T00:05:00,-0.493006,0.206369,-0.409266,0.6731580341591415,6,0,0,False,0,False,0,0
r48u_20260914_JPLM_IF_ils_shadow,JPLM,IF,ils_shadow,2024-07-17T00:05:30,-0.58544,0.0417257,-0.62842,0.8598794822767257,6,0,0,False,0,False,0,0
r48u_20260914_JPLM_IF_ils_shadow,JPLM,IF,ils_shadow,2024-07-17T00:06:00,-0.639237,0.0790482,-0.514343,0.8242701509464236,6,0,0,False,0,False,0,0
r48u_20260914_JPLM_IF_ils_shadow,JPLM,IF,ils_shadow,2024-07-17T00:06:30,-0.563909,0.0379904,-0.571885,0.8040454489630297,6,0,0,False,0,False,0,0
r48u_20260914_JPLM_IF_ils_shadow,JPLM,IF,ils_shadow,2024-07-17T00:07:00,-0.506097,0.106973,-0.31289,0.6045473912258658,6,0,0,False,0,False,0,0
r48u_20260914_JPLM_IF_ils_shadow,JPLM,IF,ils_shadow,2024-07-17T00:07:30,-0.423596,0.148369,-0.17233,0.48077495803858167,6,0,0,False,0,False,0,0
r48u_20260914_JPLM_IF_ils_shadow,JPLM,IF,ils_shadow,2024-07-17T00:08:00,-0.419996,0.10987,-0.221461,0.4873530870293118,6,0,0,False,0,False,0,0
r48u_20260914_JPLM_IF_ils_shadow,JPLM,IF,ils_shadow,2024-07-17T00:08:30,-0.419449,0.0850571,-0.337481,0.5450372457203361,6,0,0,False,0,False,0,0
r48u_20260914_JPLM_IF_ils_shadow,JPLM,IF,ils_shadow,2024-07-17T00:09:00,-0.413307,0.110051,-0.252912,0.49688869839633104,6,0,0,False,0,False,0,0
r48u_20260914_JPLM_IF_ils_shadow,JPLM,IF,ils_shadow,2024-07-17T00:09:30,-0.352775,0.176803,-0.0851525,0.40368360096770095,6,0,0,False,0,False,0,0
r48u_20260914_JPLM_IF_ils_feedback,JPLM,IF,ils_feedback,2024-07-17T00:03:00,-1.23808,-0.26124,-5.48896,5.6329184536614765,6,0,0,False,0,False,0,0
r48u_20260914_JPLM_IF_ils_feedback,JPLM,IF,ils_feedback,2024-07-17T00:03:30,0.0282006,0.701405,0.786566,1.054253442119759,6,0,0,False,0,False,0,0
r48u_20260914_JPLM_IF_ils_feedback,JPLM,IF,ils_feedback,2024-07-17T00:04:00,-0.0352552,0.759572,0.884425,1.1663619219333423,6,0,0,False,0,False,0,0
r48u_20260914_JPLM_IF_ils_feedback,JPLM,IF,ils_feedback,2024-07-17T00:04:30,-0.329504,0.443615,-0.0753898,0.5577192628778748,6,0,0,False,0,False,0,0
r48u_20260914_JPLM_IF_ils_feedback,JPLM,IF,ils_feedback,2024-07-17T00:05:00,-0.493006,0.206369,-0.409266,0.6731580341591415,6,0,0,False,0,False,0,0
r48u_20260914_JPLM_IF_ils_feedback,JPLM,IF,ils_feedback,2024-07-17T00:05:30,-0.58544,0.0417257,-0.62842,0.8598794822767257,6,0,0,False,0,False,0,0
r48u_20260914_JPLM_IF_ils_feedback,JPLM,IF,ils_feedback,2024-07-17T00:06:00,-0.639237,0.0790482,-0.514343,0.8242701509464236,6,0,0,False,0,False,0,0
r48u_20260914_JPLM_IF_ils_feedback,JPLM,IF,ils_feedback,2024-07-17T00:06:30,-0.563909,0.0379904,-0.571885,0.8040454489630297,6,0,0,False,0,False,0,0
r48u_20260914_JPLM_IF_ils_feedback,JPLM,IF,ils_feedback,2024-07-17T00:07:00,-0.506097,0.106973,-0.31289,0.6045473912258658,6,0,0,False,0,False,0,0
r48u_20260914_JPLM_IF_ils_feedback,JPLM,IF,ils_feedback,2024-07-17T00:07:30,-0.423596,0.148369,-0.17233,0.48077495803858167,6,0,0,False,0,False,0,0
r48u_20260914_JPLM_IF_ils_feedback,JPLM,IF,ils_feedback,2024-07-17T00:08:00,-0.419996,0.10987,-0.221461,0.4873530870293118,6,0,0,False,0,False,0,0
r48u_20260914_JPLM_IF_ils_feedback,JPLM,IF,ils_feedback,2024-07-17T00:08:30,-0.419449,0.0850571,-0.337481,0.5450372457203361,6,0,0,False,0,False,0,0
r48u_20260914_JPLM_IF_ils_feedback,JPLM,IF,ils_feedback,2024-07-17T00:09:00,-0.413307,0.110051,-0.252912,0.49688869839633104,6,0,0,False,0,False,0,0
r48u_20260914_JPLM_IF_ils_feedback,JPLM,IF,ils_feedback,2024-07-17T00:09:30,-0.352775,0.176803,-0.0851525,0.40368360096770095,6,0,0,False,0,False,0,0
r48u_20260914_DYNG_UDUC_float,DYNG,UDUC,float,2024-07-17T00:03:00,-0.111905,1.00132,-2.02052,2.2578010412401266,14,0,0,False,0,False,0,0
r48u_20260914_DYNG_UDUC_float,DYNG,UDUC,float,2024-07-17T00:03:30,0.337711,0.0164441,0.145249,0.36798967369589325,12,0,0,False,0,False,0,0
r48u_20260914_DYNG_UDUC_float,DYNG,UDUC,float,2024-07-17T00:04:00,0.359243,-0.0992254,0.148116,0.4010480800479663,10,0,0,False,0,False,0,0
r48u_20260914_DYNG_UDUC_float,DYNG,UDUC,float,2024-07-17T00:04:30,0.336983,-0.0477244,-0.0151505,0.34068269444544724,12,0,0,False,0,False,0,0
r48u_20260914_DYNG_UDUC_float,DYNG,UDUC,float,2024-07-17T00:05:00,0.306326,-0.103764,0.0296016,0.32477506168817827,12,0,0,False,0,False,0,0
r48u_20260914_DYNG_UDUC_float,DYNG,UDUC,float,2024-07-17T00:05:30,0.328162,-0.156108,0.05337,0.3672987378252204,12,0,0,False,0,False,0,0
r48u_20260914_DYNG_UDUC_float,DYNG,UDUC,float,2024-07-17T00:06:00,0.362995,-0.181038,-0.0118572,0.4058087242295809,12,0,0,False,0,False,0,0
r48u_20260914_DYNG_UDUC_float,DYNG,UDUC,float,2024-07-17T00:06:30,0.288751,-0.151947,0.0372894,0.32841365708867837,10,0,0,False,0,False,0,0
r48u_20260914_DYNG_UDUC_float,DYNG,UDUC,float,2024-07-17T00:07:00,0.196371,-0.124944,0.106135,0.25580697997122753,12,0,0,False,0,False,0,0
r48u_20260914_DYNG_UDUC_float,DYNG,UDUC,float,2024-07-17T00:07:30,0.150171,-0.121514,0.162018,0.25212459967444667,12,0,0,False,0,False,0,0
r48u_20260914_DYNG_UDUC_float,DYNG,UDUC,float,2024-07-17T00:08:00,0.122297,-0.111265,0.153701,0.22574422215197448,10,0,0,False,0,False,0,0
r48u_20260914_DYNG_UDUC_float,DYNG,UDUC,float,2024-07-17T00:08:30,0.145402,-0.135077,0.226165,0.30089557118375804,12,0,0,False,0,False,0,0
r48u_20260914_DYNG_UDUC_float,DYNG,UDUC,float,2024-07-17T00:09:00,0.157969,-0.153525,0.288494,0.3629778486657278,12,0,0,False,0,False,0,0
r48u_20260914_DYNG_UDUC_float,DYNG,UDUC,float,2024-07-17T00:09:30,0.135637,-0.156623,0.302435,0.3665993577776699,12,0,0,False,0,False,0,0
r48u_20260914_DYNG_UDUC_float,DYNG,UDUC,float,2024-07-17T00:10:00,0.0916632,-0.154726,0.368606,0.41013736789792754,12,0,0,False,0,False,0,0
r48u_20260914_DYNG_UDUC_float,DYNG,UDUC,float,2024-07-17T00:10:30,0.0817789,-0.16053,0.420642,0.45759956462961154,12,10,0,False,0,False,0,0
r48u_20260914_DYNG_UDUC_float,DYNG,UDUC,float,2024-07-17T00:11:00,0.0874167,-0.158882,0.422033,0.45934412203912006,12,0,0,False,0,False,0,0
r48u_20260914_DYNG_UDUC_float,DYNG,UDUC,float,2024-07-17T00:11:30,0.10809,-0.171987,0.453643,0.4970462229189555,12,0,0,False,0,False,0,0
r48u_20260914_DYNG_UDUC_float,DYNG,UDUC,float,2024-07-17T00:12:00,0.135647,-0.193908,0.508794,0.5611343471121688,12,0,0,False,0,False,0,0
r48u_20260914_DYNG_UDUC_float,DYNG,UDUC,float,2024-07-17T00:12:30,0.169942,-0.223061,0.558413,0.6248692436454206,10,0,0,False,0,False,0,0
r48u_20260914_DYNG_UDUC_float,DYNG,UDUC,float,2024-07-17T00:13:00,0.206288,-0.235623,0.589152,0.6672128717111204,12,0,0,False,0,False,0,0
r48u_20260914_DYNG_UDUC_float,DYNG,UDUC,float,2024-07-17T00:13:30,0.22994,-0.24864,0.625011,0.7108677818842263,12,0,0,False,0,False,0,0
r48u_20260914_DYNG_UDUC_float,DYNG,UDUC,float,2024-07-17T00:14:00,0.246181,-0.262211,0.660285,0.7518882726223359,12,0,0,False,0,False,0,0
r48u_20260914_DYNG_UDUC_float,DYNG,UDUC,float,2024-07-17T00:14:30,0.246396,-0.265526,0.676457,0.7673389852868157,12,0,0,False,0,False,0,0
r48u_20260914_DYNG_UDUC_float,DYNG,UDUC,float,2024-07-17T00:15:00,0.247573,-0.271316,0.70448,0.7944789692528054,12,0,0,False,0,False,0,0
r48u_20260914_DYNG_UDUC_float,DYNG,UDUC,float,2024-07-17T00:15:30,0.249309,-0.27368,0.724427,0.8135417618106645,12,0,0,False,0,False,0,0
r48u_20260914_DYNG_UDUC_float,DYNG,UDUC,float,2024-07-17T00:16:00,0.24384,-0.276705,0.75789,0.8428646716555392,12,0,0,False,0,False,0,0
r48u_20260914_DYNG_UDUC_float,DYNG,UDUC,float,2024-07-17T00:16:30,0.214856,-0.270821,0.778804,0.8520814428169411,12,0,0,False,0,False,0,0
r48u_20260914_DYNG_UDUC_float,DYNG,UDUC,float,2024-07-17T00:17:00,0.146158,-0.240543,0.747892,0.7991029592468044,12,10,0,False,0,False,0,0
r48u_20260914_DYNG_UDUC_float,DYNG,UDUC,float,2024-07-17T00:17:30,0.111034,-0.226138,0.730629,0.7728425970668282,12,10,0,False,0,False,0,0
r48u_20260914_DYNG_UDUC_float,DYNG,UDUC,float,2024-07-17T00:18:00,0.0969096,-0.215098,0.707465,0.745764940447833,12,10,0,False,0,False,0,0
r48u_20260914_DYNG_UDUC_float,DYNG,UDUC,float,2024-07-17T00:18:30,0.0749045,-0.196361,0.661742,0.6943131865413835,12,10,0,False,0,False,0,0
r48u_20260914_DYNG_UDUC_float,DYNG,UDUC,float,2024-07-17T00:19:00,0.0483493,-0.179047,0.627536,0.6543675682026807,12,10,0,False,0,False,0,0
r48u_20260914_DYNG_UDUC_float,DYNG,UDUC,float,2024-07-17T00:19:30,0.0387375,-0.164849,0.593369,0.6170596056040697,12,10,0,False,0,False,0,0
r48u_20260914_DYNG_UDUC_float,DYNG,UDUC,float,2024-07-17T00:20:00,0.0290086,-0.157457,0.581892,0.6035167813631697,12,10,0,False,0,False,0,0
r48u_20260914_DYNG_UDUC_float,DYNG,UDUC,float,2024-07-17T00:20:30,0.0327927,-0.164899,0.600607,0.6236952860358093,12,12,0,False,0,False,0,0
r48u_20260914_DYNG_UDUC_float,DYNG,UDUC,float,2024-07-17T00:21:00,0.0235221,-0.151728,0.55449,0.5753553990990352,12,10,0,False,0,False,0,0
r48u_20260914_DYNG_UDUC_float,DYNG,UDUC,float,2024-07-17T00:21:30,0.0357668,-0.16295,0.571264,0.5951256373054685,12,12,0,False,0,False,0,0
r48u_20260914_DYNG_UDUC_float,DYNG,UDUC,float,2024-07-17T00:22:00,0.0439627,-0.171888,0.590427,0.6165081068925939,12,12,0,False,0,False,0,0
r48u_20260914_DYNG_UDUC_float,DYNG,UDUC,float,2024-07-17T00:22:30,0.0451716,-0.176647,0.601436,0.628466306297768,12,12,0,False,0,False,0,0
r48u_20260914_DYNG_UDUC_float,DYNG,UDUC,float,2024-07-17T00:23:00,0.0443217,-0.179271,0.607813,0.6352473120768715,12,12,0,False,0,False,0,0
r48u_20260914_DYNG_UDUC_float,DYNG,UDUC,float,2024-07-17T00:23:30,0.0303871,-0.166864,0.582216,0.6064177116463617,12,10,0,False,0,False,0,0
r48u_20260914_DYNG_UDUC_float,DYNG,UDUC,float,2024-07-17T00:24:00,0.0147467,-0.156334,0.5666,0.5879569242018415,12,10,0,False,0,False,0,0
r48u_20260914_DYNG_UDUC_float,DYNG,UDUC,float,2024-07-17T00:24:30,0.00235801,-0.148552,0.555771,0.575286590627802,12,10,0,False,0,False,0,0
r48u_20260914_DYNG_UDUC_float,DYNG,UDUC,float,2024-07-17T00:25:00,-0.0136327,-0.141368,0.552141,0.5701144146698012,12,10,0,False,0,False,0,0
r48u_20260914_DYNG_UDUC_float,DYNG,UDUC,float,2024-07-17T00:25:30,-0.0038026,-0.150319,0.566175,0.5858023490502237,12,0,0,False,0,False,0,0
r48u_20260914_DYNG_UDUC_float,DYNG,UDUC,float,2024-07-17T00:26:00,-0.00443739,-0.146419,0.550427,0.5695858989827717,12,10,0,False,0,False,0,0
r48u_20260914_DYNG_UDUC_float,DYNG,UDUC,float,2024-07-17T00:26:30,0.00668524,-0.147898,0.536842,0.5568822530857467,12,10,0,False,0,False,0,0
r48u_20260914_DYNG_UDUC_float,DYNG,UDUC,float,2024-07-17T00:27:00,0.0128269,-0.147223,0.525716,0.5460919828642515,12,12,0,False,0,False,0,0
r48u_20260914_DYNG_UDUC_float,DYNG,UDUC,float,2024-07-17T00:27:30,0.0195883,-0.142316,0.500035,0.5202619980143562,12,12,0,False,0,False,0,0
r48u_20260914_DYNG_UDUC_float,DYNG,UDUC,float,2024-07-17T00:28:00,0.0247016,-0.136809,0.472249,0.49228649130822183,12,12,0,False,0,False,0,0
r48u_20260914_DYNG_UDUC_float,DYNG,UDUC,float,2024-07-17T00:28:30,0.0220294,-0.133992,0.461236,0.4808095238494762,12,12,0,False,0,False,0,0
r48u_20260914_DYNG_UDUC_float,DYNG,UDUC,float,2024-07-17T00:29:00,0.017501,-0.132111,0.458832,0.47779326653480586,12,12,0,False,0,False,0,0
r48u_20260914_DYNG_UDUC_float,DYNG,UDUC,float,2024-07-17T00:29:30,0.0146356,-0.133333,0.462647,0.48169921765076595,12,12,0,False,0,False,0,0
r48u_20260914_DYNG_UDUC_float,DYNG,UDUC,float,2024-07-17T00:30:00,0.0144822,-0.133583,0.457074,0.47641451854644395,12,12,0,False,0,False,0,0
r48u_20260914_DYNG_UDUC_round_shadow,DYNG,UDUC,round_shadow,2024-07-17T00:03:00,-0.111905,1.00132,-2.02052,2.2578010412401266,14,0,0,False,0,False,0,0
r48u_20260914_DYNG_UDUC_round_shadow,DYNG,UDUC,round_shadow,2024-07-17T00:03:30,0.337711,0.0164441,0.145249,0.36798967369589325,12,0,0,False,0,False,0,0
r48u_20260914_DYNG_UDUC_round_shadow,DYNG,UDUC,round_shadow,2024-07-17T00:04:00,0.359243,-0.0992254,0.148116,0.4010480800479663,10,0,0,False,0,False,0,0
r48u_20260914_DYNG_UDUC_round_shadow,DYNG,UDUC,round_shadow,2024-07-17T00:04:30,0.336983,-0.0477244,-0.0151505,0.34068269444544724,12,0,0,False,0,False,0,0
r48u_20260914_DYNG_UDUC_round_shadow,DYNG,UDUC,round_shadow,2024-07-17T00:05:00,0.306326,-0.103764,0.0296016,0.32477506168817827,12,0,0,False,0,False,0,0
r48u_20260914_DYNG_UDUC_round_shadow,DYNG,UDUC,round_shadow,2024-07-17T00:05:30,0.328162,-0.156108,0.05337,0.3672987378252204,12,0,0,False,0,False,0,0
r48u_20260914_DYNG_UDUC_round_shadow,DYNG,UDUC,round_shadow,2024-07-17T00:06:00,0.362995,-0.181038,-0.0118572,0.4058087242295809,12,0,0,False,0,False,0,0
r48u_20260914_DYNG_UDUC_round_shadow,DYNG,UDUC,round_shadow,2024-07-17T00:06:30,0.288751,-0.151947,0.0372894,0.32841365708867837,10,0,0,False,0,False,0,0
r48u_20260914_DYNG_UDUC_round_shadow,DYNG,UDUC,round_shadow,2024-07-17T00:07:00,0.196371,-0.124944,0.106135,0.25580697997122753,12,0,0,False,0,False,0,0
r48u_20260914_DYNG_UDUC_round_shadow,DYNG,UDUC,round_shadow,2024-07-17T00:07:30,0.150171,-0.121514,0.162018,0.25212459967444667,12,0,0,False,0,False,0,0
r48u_20260914_DYNG_UDUC_round_shadow,DYNG,UDUC,round_shadow,2024-07-17T00:08:00,0.122297,-0.111265,0.153701,0.22574422215197448,10,0,0,False,0,False,0,0
r48u_20260914_DYNG_UDUC_round_shadow,DYNG,UDUC,round_shadow,2024-07-17T00:08:30,0.145402,-0.135077,0.226165,0.30089557118375804,12,0,0,False,0,False,0,0
r48u_20260914_DYNG_UDUC_round_shadow,DYNG,UDUC,round_shadow,2024-07-17T00:09:00,0.157969,-0.153525,0.288494,0.3629778486657278,12,0,0,False,0,False,0,0
r48u_20260914_DYNG_UDUC_round_shadow,DYNG,UDUC,round_shadow,2024-07-17T00:09:30,0.135637,-0.156623,0.302435,0.3665993577776699,12,0,0,False,0,False,0,0
r48u_20260914_DYNG_UDUC_round_shadow,DYNG,UDUC,round_shadow,2024-07-17T00:10:00,0.0916632,-0.154726,0.368606,0.41013736789792754,12,0,0,False,0,False,0,0
r48u_20260914_DYNG_UDUC_round_shadow,DYNG,UDUC,round_shadow,2024-07-17T00:10:30,0.0817789,-0.16053,0.420642,0.45759956462961154,12,10,0,False,0,False,0,0
r48u_20260914_DYNG_UDUC_round_shadow,DYNG,UDUC,round_shadow,2024-07-17T00:11:00,0.0874167,-0.158882,0.422033,0.45934412203912006,12,0,0,False,0,False,0,0
r48u_20260914_DYNG_UDUC_round_shadow,DYNG,UDUC,round_shadow,2024-07-17T00:11:30,0.10809,-0.171987,0.453643,0.4970462229189555,12,0,0,False,0,False,0,0
r48u_20260914_DYNG_UDUC_round_shadow,DYNG,UDUC,round_shadow,2024-07-17T00:12:00,0.135647,-0.193908,0.508794,0.5611343471121688,12,0,0,False,0,False,0,0
r48u_20260914_DYNG_UDUC_round_shadow,DYNG,UDUC,round_shadow,2024-07-17T00:12:30,0.169942,-0.223061,0.558413,0.6248692436454206,10,0,0,False,0,False,0,0
r48u_20260914_DYNG_UDUC_round_shadow,DYNG,UDUC,round_shadow,2024-07-17T00:13:00,0.206288,-0.235623,0.589152,0.6672128717111204,12,0,0,False,0,False,0,0
r48u_20260914_DYNG_UDUC_round_shadow,DYNG,UDUC,round_shadow,2024-07-17T00:13:30,0.22994,-0.24864,0.625011,0.7108677818842263,12,0,0,False,0,False,0,0
r48u_20260914_DYNG_UDUC_round_shadow,DYNG,UDUC,round_shadow,2024-07-17T00:14:00,0.246181,-0.262211,0.660285,0.7518882726223359,12,0,0,False,0,False,0,0
r48u_20260914_DYNG_UDUC_round_shadow,DYNG,UDUC,round_shadow,2024-07-17T00:14:30,0.246396,-0.265526,0.676457,0.7673389852868157,12,0,0,False,0,False,0,0
r48u_20260914_DYNG_UDUC_round_shadow,DYNG,UDUC,round_shadow,2024-07-17T00:15:00,0.247573,-0.271316,0.70448,0.7944789692528054,12,0,0,False,0,False,0,0
r48u_20260914_DYNG_UDUC_round_shadow,DYNG,UDUC,round_shadow,2024-07-17T00:15:30,0.249309,-0.27368,0.724427,0.8135417618106645,12,0,0,False,0,False,0,0
r48u_20260914_DYNG_UDUC_round_shadow,DYNG,UDUC,round_shadow,2024-07-17T00:16:00,0.24384,-0.276705,0.75789,0.8428646716555392,12,0,0,False,0,False,0,0
r48u_20260914_DYNG_UDUC_round_shadow,DYNG,UDUC,round_shadow,2024-07-17T00:16:30,0.214856,-0.270821,0.778804,0.8520814428169411,12,0,0,False,0,False,0,0
r48u_20260914_DYNG_UDUC_round_shadow,DYNG,UDUC,round_shadow,2024-07-17T00:17:00,0.146158,-0.240543,0.747892,0.7991029592468044,12,10,3,True,0,False,0,0
r48u_20260914_DYNG_UDUC_round_shadow,DYNG,UDUC,round_shadow,2024-07-17T00:17:30,0.111034,-0.226138,0.730629,0.7728425970668282,12,10,3,True,0,False,0,0
r48u_20260914_DYNG_UDUC_round_shadow,DYNG,UDUC,round_shadow,2024-07-17T00:18:00,0.0969096,-0.215098,0.707465,0.745764940447833,12,10,0,False,0,False,0,0
r48u_20260914_DYNG_UDUC_round_shadow,DYNG,UDUC,round_shadow,2024-07-17T00:18:30,0.0749045,-0.196361,0.661742,0.6943131865413835,12,10,0,False,0,False,0,0
r48u_20260914_DYNG_UDUC_round_shadow,DYNG,UDUC,round_shadow,2024-07-17T00:19:00,0.0483493,-0.179047,0.627536,0.6543675682026807,12,10,0,False,0,False,0,0
r48u_20260914_DYNG_UDUC_round_shadow,DYNG,UDUC,round_shadow,2024-07-17T00:19:30,0.0387375,-0.164849,0.593369,0.6170596056040697,12,10,4,True,0,False,0,0
r48u_20260914_DYNG_UDUC_round_shadow,DYNG,UDUC,round_shadow,2024-07-17T00:20:00,0.0290086,-0.157457,0.581892,0.6035167813631697,12,10,4,True,0,False,0,0
r48u_20260914_DYNG_UDUC_round_shadow,DYNG,UDUC,round_shadow,2024-07-17T00:20:30,0.0327927,-0.164899,0.600607,0.6236952860358093,12,12,4,True,0,False,0,0
r48u_20260914_DYNG_UDUC_round_shadow,DYNG,UDUC,round_shadow,2024-07-17T00:21:00,0.0235221,-0.151728,0.55449,0.5753553990990352,12,10,4,True,0,False,0,0
r48u_20260914_DYNG_UDUC_round_shadow,DYNG,UDUC,round_shadow,2024-07-17T00:21:30,0.0357668,-0.16295,0.571264,0.5951256373054685,12,12,0,False,0,False,0,0
r48u_20260914_DYNG_UDUC_round_shadow,DYNG,UDUC,round_shadow,2024-07-17T00:22:00,0.0439627,-0.171888,0.590427,0.6165081068925939,12,12,0,False,0,False,0,0
r48u_20260914_DYNG_UDUC_round_shadow,DYNG,UDUC,round_shadow,2024-07-17T00:22:30,0.0451716,-0.176647,0.601436,0.628466306297768,12,12,0,False,0,False,0,0
r48u_20260914_DYNG_UDUC_round_shadow,DYNG,UDUC,round_shadow,2024-07-17T00:23:00,0.0443217,-0.179271,0.607813,0.6352473120768715,12,12,0,False,0,False,0,0
r48u_20260914_DYNG_UDUC_round_shadow,DYNG,UDUC,round_shadow,2024-07-17T00:23:30,0.0303871,-0.166864,0.582216,0.6064177116463617,12,10,4,True,0,False,0,0
r48u_20260914_DYNG_UDUC_round_shadow,DYNG,UDUC,round_shadow,2024-07-17T00:24:00,0.0147467,-0.156334,0.5666,0.5879569242018415,12,10,4,True,0,False,0,0
r48u_20260914_DYNG_UDUC_round_shadow,DYNG,UDUC,round_shadow,2024-07-17T00:24:30,0.00235801,-0.148552,0.555771,0.575286590627802,12,10,4,True,0,False,0,0
r48u_20260914_DYNG_UDUC_round_shadow,DYNG,UDUC,round_shadow,2024-07-17T00:25:00,-0.0136327,-0.141368,0.552141,0.5701144146698012,12,10,4,True,0,False,0,0
r48u_20260914_DYNG_UDUC_round_shadow,DYNG,UDUC,round_shadow,2024-07-17T00:25:30,-0.0038026,-0.150319,0.566175,0.5858023490502237,12,0,0,False,0,False,0,0
r48u_20260914_DYNG_UDUC_round_shadow,DYNG,UDUC,round_shadow,2024-07-17T00:26:00,-0.00443739,-0.146419,0.550427,0.5695858989827717,12,10,4,True,0,False,0,0
r48u_20260914_DYNG_UDUC_round_shadow,DYNG,UDUC,round_shadow,2024-07-17T00:26:30,0.00668524,-0.147898,0.536842,0.5568822530857467,12,10,4,True,0,False,0,0
r48u_20260914_DYNG_UDUC_round_shadow,DYNG,UDUC,round_shadow,2024-07-17T00:27:00,0.0128269,-0.147223,0.525716,0.5460919828642515,12,12,5,True,0,False,0,0
r48u_20260914_DYNG_UDUC_round_shadow,DYNG,UDUC,round_shadow,2024-07-17T00:27:30,0.0195883,-0.142316,0.500035,0.5202619980143562,12,12,4,True,0,False,0,0
r48u_20260914_DYNG_UDUC_round_shadow,DYNG,UDUC,round_shadow,2024-07-17T00:28:00,0.0247016,-0.136809,0.472249,0.49228649130822183,12,12,4,True,0,False,0,0
r48u_20260914_DYNG_UDUC_round_shadow,DYNG,UDUC,round_shadow,2024-07-17T00:28:30,0.0220294,-0.133992,0.461236,0.4808095238494762,12,12,4,True,0,False,0,0
r48u_20260914_DYNG_UDUC_round_shadow,DYNG,UDUC,round_shadow,2024-07-17T00:29:00,0.017501,-0.132111,0.458832,0.47779326653480586,12,12,4,True,0,False,0,0
r48u_20260914_DYNG_UDUC_round_shadow,DYNG,UDUC,round_shadow,2024-07-17T00:29:30,0.0146356,-0.133333,0.462647,0.48169921765076595,12,12,4,True,0,False,0,0
r48u_20260914_DYNG_UDUC_round_shadow,DYNG,UDUC,round_shadow,2024-07-17T00:30:00,0.0144822,-0.133583,0.457074,0.47641451854644395,12,12,4,True,0,False,0,0
r48u_20260914_DYNG_UDUC_round_feedback,DYNG,UDUC,round_feedback,2024-07-17T00:03:00,-0.111905,1.00132,-2.02052,2.2578010412401266,14,0,0,False,0,False,0,0
r48u_20260914_DYNG_UDUC_round_feedback,DYNG,UDUC,round_feedback,2024-07-17T00:03:30,0.337711,0.0164441,0.145249,0.36798967369589325,12,0,0,False,0,False,0,0
r48u_20260914_DYNG_UDUC_round_feedback,DYNG,UDUC,round_feedback,2024-07-17T00:04:00,0.359243,-0.0992254,0.148116,0.4010480800479663,10,0,0,False,0,False,0,0
r48u_20260914_DYNG_UDUC_round_feedback,DYNG,UDUC,round_feedback,2024-07-17T00:04:30,0.336983,-0.0477244,-0.0151505,0.34068269444544724,12,0,0,False,0,False,0,0
r48u_20260914_DYNG_UDUC_round_feedback,DYNG,UDUC,round_feedback,2024-07-17T00:05:00,0.306326,-0.103764,0.0296016,0.32477506168817827,12,0,0,False,0,False,0,0
r48u_20260914_DYNG_UDUC_round_feedback,DYNG,UDUC,round_feedback,2024-07-17T00:05:30,0.328162,-0.156108,0.05337,0.3672987378252204,12,0,0,False,0,False,0,0
r48u_20260914_DYNG_UDUC_round_feedback,DYNG,UDUC,round_feedback,2024-07-17T00:06:00,0.362995,-0.181038,-0.0118572,0.4058087242295809,12,0,0,False,0,False,0,0
r48u_20260914_DYNG_UDUC_round_feedback,DYNG,UDUC,round_feedback,2024-07-17T00:06:30,0.288751,-0.151947,0.0372894,0.32841365708867837,10,0,0,False,0,False,0,0
r48u_20260914_DYNG_UDUC_round_feedback,DYNG,UDUC,round_feedback,2024-07-17T00:07:00,0.196371,-0.124944,0.106135,0.25580697997122753,12,0,0,False,0,False,0,0
r48u_20260914_DYNG_UDUC_round_feedback,DYNG,UDUC,round_feedback,2024-07-17T00:07:30,0.150171,-0.121514,0.162018,0.25212459967444667,12,0,0,False,0,False,0,0
r48u_20260914_DYNG_UDUC_round_feedback,DYNG,UDUC,round_feedback,2024-07-17T00:08:00,0.122297,-0.111265,0.153701,0.22574422215197448,10,0,0,False,0,False,0,0
r48u_20260914_DYNG_UDUC_round_feedback,DYNG,UDUC,round_feedback,2024-07-17T00:08:30,0.145402,-0.135077,0.226165,0.30089557118375804,12,0,0,False,0,False,0,0
r48u_20260914_DYNG_UDUC_round_feedback,DYNG,UDUC,round_feedback,2024-07-17T00:09:00,0.157969,-0.153525,0.288494,0.3629778486657278,12,0,0,False,0,False,0,0
r48u_20260914_DYNG_UDUC_round_feedback,DYNG,UDUC,round_feedback,2024-07-17T00:09:30,0.135637,-0.156623,0.302435,0.3665993577776699,12,0,0,False,0,False,0,0
r48u_20260914_DYNG_UDUC_round_feedback,DYNG,UDUC,round_feedback,2024-07-17T00:10:00,0.0916632,-0.154726,0.368606,0.41013736789792754,12,0,0,False,0,False,0,0
r48u_20260914_DYNG_UDUC_round_feedback,DYNG,UDUC,round_feedback,2024-07-17T00:10:30,0.0817789,-0.16053,0.420642,0.45759956462961154,12,10,0,False,0,False,0,0
r48u_20260914_DYNG_UDUC_round_feedback,DYNG,UDUC,round_feedback,2024-07-17T00:11:00,0.0874167,-0.158882,0.422033,0.45934412203912006,12,0,0,False,0,False,0,0
r48u_20260914_DYNG_UDUC_round_feedback,DYNG,UDUC,round_feedback,2024-07-17T00:11:30,0.10809,-0.171987,0.453643,0.4970462229189555,12,0,0,False,0,False,0,0
r48u_20260914_DYNG_UDUC_round_feedback,DYNG,UDUC,round_feedback,2024-07-17T00:12:00,0.135647,-0.193908,0.508794,0.5611343471121688,12,0,0,False,0,False,0,0
r48u_20260914_DYNG_UDUC_round_feedback,DYNG,UDUC,round_feedback,2024-07-17T00:12:30,0.169942,-0.223061,0.558413,0.6248692436454206,10,0,0,False,0,False,0,0
r48u_20260914_DYNG_UDUC_round_feedback,DYNG,UDUC,round_feedback,2024-07-17T00:13:00,0.206288,-0.235623,0.589152,0.6672128717111204,12,0,0,False,0,False,0,0
r48u_20260914_DYNG_UDUC_round_feedback,DYNG,UDUC,round_feedback,2024-07-17T00:13:30,0.22994,-0.24864,0.625011,0.7108677818842263,12,0,0,False,0,False,0,0
r48u_20260914_DYNG_UDUC_round_feedback,DYNG,UDUC,round_feedback,2024-07-17T00:14:00,0.246181,-0.262211,0.660285,0.7518882726223359,12,0,0,False,0,False,0,0
r48u_20260914_DYNG_UDUC_round_feedback,DYNG,UDUC,round_feedback,2024-07-17T00:14:30,0.246396,-0.265526,0.676457,0.7673389852868157,12,0,0,False,0,False,0,0
r48u_20260914_DYNG_UDUC_round_feedback,DYNG,UDUC,round_feedback,2024-07-17T00:15:00,0.247573,-0.271316,0.70448,0.7944789692528054,12,0,0,False,0,False,0,0
r48u_20260914_DYNG_UDUC_round_feedback,DYNG,UDUC,round_feedback,2024-07-17T00:15:30,0.249309,-0.27368,0.724427,0.8135417618106645,12,0,0,False,0,False,0,0
r48u_20260914_DYNG_UDUC_round_feedback,DYNG,UDUC,round_feedback,2024-07-17T00:16:00,0.24384,-0.276705,0.75789,0.8428646716555392,12,0,0,False,0,False,0,0
r48u_20260914_DYNG_UDUC_round_feedback,DYNG,UDUC,round_feedback,2024-07-17T00:16:30,0.214856,-0.270821,0.778804,0.8520814428169411,12,0,0,False,0,False,0,0
r48u_20260914_DYNG_UDUC_round_feedback,DYNG,UDUC,round_feedback,2024-07-17T00:17:00,0.176094,-0.238289,0.704016,0.7638254202453594,12,10,3,True,0,False,3,3
r48u_20260914_DYNG_UDUC_ils_shadow,DYNG,UDUC,ils_shadow,2024-07-17T00:03:00,-0.111905,1.00132,-2.02052,2.2578010412401266,14,0,0,False,0,False,0,0
r48u_20260914_DYNG_UDUC_ils_shadow,DYNG,UDUC,ils_shadow,2024-07-17T00:03:30,0.337711,0.0164441,0.145249,0.36798967369589325,12,0,0,False,0,False,0,0
r48u_20260914_DYNG_UDUC_ils_shadow,DYNG,UDUC,ils_shadow,2024-07-17T00:04:00,0.359243,-0.0992254,0.148116,0.4010480800479663,10,0,0,False,0,False,0,0
r48u_20260914_DYNG_UDUC_ils_shadow,DYNG,UDUC,ils_shadow,2024-07-17T00:04:30,0.336983,-0.0477244,-0.0151505,0.34068269444544724,12,0,0,False,0,False,0,0
r48u_20260914_DYNG_UDUC_ils_shadow,DYNG,UDUC,ils_shadow,2024-07-17T00:05:00,0.306326,-0.103764,0.0296016,0.32477506168817827,12,0,0,False,0,False,0,0
r48u_20260914_DYNG_UDUC_ils_shadow,DYNG,UDUC,ils_shadow,2024-07-17T00:05:30,0.328162,-0.156108,0.05337,0.3672987378252204,12,0,0,False,0,False,0,0
r48u_20260914_DYNG_UDUC_ils_shadow,DYNG,UDUC,ils_shadow,2024-07-17T00:06:00,0.362995,-0.181038,-0.0118572,0.4058087242295809,12,0,0,False,0,False,0,0
r48u_20260914_DYNG_UDUC_ils_shadow,DYNG,UDUC,ils_shadow,2024-07-17T00:06:30,0.288751,-0.151947,0.0372894,0.32841365708867837,10,0,0,False,0,False,0,0
r48u_20260914_DYNG_UDUC_ils_shadow,DYNG,UDUC,ils_shadow,2024-07-17T00:07:00,0.196371,-0.124944,0.106135,0.25580697997122753,12,0,0,False,0,False,0,0
r48u_20260914_DYNG_UDUC_ils_shadow,DYNG,UDUC,ils_shadow,2024-07-17T00:07:30,0.150171,-0.121514,0.162018,0.25212459967444667,12,0,0,False,0,False,0,0
r48u_20260914_DYNG_UDUC_ils_shadow,DYNG,UDUC,ils_shadow,2024-07-17T00:08:00,0.122297,-0.111265,0.153701,0.22574422215197448,10,0,0,False,0,False,0,0
r48u_20260914_DYNG_UDUC_ils_shadow,DYNG,UDUC,ils_shadow,2024-07-17T00:08:30,0.145402,-0.135077,0.226165,0.30089557118375804,12,0,0,False,0,False,0,0
r48u_20260914_DYNG_UDUC_ils_shadow,DYNG,UDUC,ils_shadow,2024-07-17T00:09:00,0.157969,-0.153525,0.288494,0.3629778486657278,12,0,0,False,0,False,0,0
r48u_20260914_DYNG_UDUC_ils_shadow,DYNG,UDUC,ils_shadow,2024-07-17T00:09:30,0.135637,-0.156623,0.302435,0.3665993577776699,12,0,0,False,0,False,0,0
r48u_20260914_DYNG_UDUC_ils_shadow,DYNG,UDUC,ils_shadow,2024-07-17T00:10:00,0.0916632,-0.154726,0.368606,0.41013736789792754,12,0,0,False,0,False,0,0
r48u_20260914_DYNG_UDUC_ils_feedback,DYNG,UDUC,ils_feedback,2024-07-17T00:03:00,-0.111905,1.00132,-2.02052,2.2578010412401266,14,0,0,False,0,False,0,0
r48u_20260914_DYNG_UDUC_ils_feedback,DYNG,UDUC,ils_feedback,2024-07-17T00:03:30,0.337711,0.0164441,0.145249,0.36798967369589325,12,0,0,False,0,False,0,0
r48u_20260914_DYNG_UDUC_ils_feedback,DYNG,UDUC,ils_feedback,2024-07-17T00:04:00,0.359243,-0.0992254,0.148116,0.4010480800479663,10,0,0,False,0,False,0,0
r48u_20260914_DYNG_UDUC_ils_feedback,DYNG,UDUC,ils_feedback,2024-07-17T00:04:30,0.336983,-0.0477244,-0.0151505,0.34068269444544724,12,0,0,False,0,False,0,0
r48u_20260914_DYNG_UDUC_ils_feedback,DYNG,UDUC,ils_feedback,2024-07-17T00:05:00,0.306326,-0.103764,0.0296016,0.32477506168817827,12,0,0,False,0,False,0,0
r48u_20260914_DYNG_UDUC_ils_feedback,DYNG,UDUC,ils_feedback,2024-07-17T00:05:30,0.328162,-0.156108,0.05337,0.3672987378252204,12,0,0,False,0,False,0,0
r48u_20260914_DYNG_UDUC_ils_feedback,DYNG,UDUC,ils_feedback,2024-07-17T00:06:00,0.362995,-0.181038,-0.0118572,0.4058087242295809,12,0,0,False,0,False,0,0
r48u_20260914_DYNG_UDUC_ils_feedback,DYNG,UDUC,ils_feedback,2024-07-17T00:06:30,0.288751,-0.151947,0.0372894,0.32841365708867837,10,0,0,False,0,False,0,0
r48u_20260914_DYNG_UDUC_ils_feedback,DYNG,UDUC,ils_feedback,2024-07-17T00:07:00,0.196371,-0.124944,0.106135,0.25580697997122753,12,0,0,False,0,False,0,0
r48u_20260914_DYNG_UDUC_ils_feedback,DYNG,UDUC,ils_feedback,2024-07-17T00:07:30,0.150171,-0.121514,0.162018,0.25212459967444667,12,0,0,False,0,False,0,0
r48u_20260914_DYNG_UDUC_ils_feedback,DYNG,UDUC,ils_feedback,2024-07-17T00:08:00,0.122297,-0.111265,0.153701,0.22574422215197448,10,0,0,False,0,False,0,0
r48u_20260914_DYNG_UDUC_ils_feedback,DYNG,UDUC,ils_feedback,2024-07-17T00:08:30,0.145402,-0.135077,0.226165,0.30089557118375804,12,0,0,False,0,False,0,0
r48u_20260914_DYNG_UDUC_ils_feedback,DYNG,UDUC,ils_feedback,2024-07-17T00:09:00,0.157969,-0.153525,0.288494,0.3629778486657278,12,0,0,False,0,False,0,0
r48u_20260914_DYNG_UDUC_ils_feedback,DYNG,UDUC,ils_feedback,2024-07-17T00:09:30,0.135637,-0.156623,0.302435,0.3665993577776699,12,0,0,False,0,False,0,0
r48u_20260914_DYNG_UDUC_ils_feedback,DYNG,UDUC,ils_feedback,2024-07-17T00:10:00,0.0916632,-0.154726,0.368606,0.41013736789792754,12,0,0,False,0,False,0,0
r48u_20260914_NICO_UDUC_float,NICO,UDUC,float,2024-07-17T00:03:00,-0.0392667,-0.293371,-1.4896,1.5187220210986243,16,0,0,False,0,False,0,0
r48u_20260914_NICO_UDUC_float,NICO,UDUC,float,2024-07-17T00:03:30,0.207544,0.228352,-0.645669,0.7156169404094624,14,0,0,False,0,False,0,0
r48u_20260914_NICO_UDUC_float,NICO,UDUC,float,2024-07-17T00:04:00,0.356006,0.519675,-0.339298,0.7154896997616388,14,0,0,False,0,False,0,0
r48u_20260914_NICO_UDUC_float,NICO,UDUC,float,2024-07-17T00:04:30,0.309878,0.592088,-0.381774,0.7696388514777563,14,0,0,False,0,False,0,0
r48u_20260914_NICO_UDUC_float,NICO,UDUC,float,2024-07-17T00:05:00,0.219656,0.220964,-0.499436,0.5886511409383319,14,0,0,False,0,False,0,0
r48u_20260914_NICO_UDUC_float,NICO,UDUC,float,2024-07-17T00:05:30,0.231231,0.112779,-0.525877,0.5854344517800434,14,0,0,False,0,False,0,0
r48u_20260914_NICO_UDUC_float,NICO,UDUC,float,2024-07-17T00:06:00,0.2496,-0.0293593,-0.27004,0.3688952833752283,14,0,0,False,0,False,0,0
r48u_20260914_NICO_UDUC_float,NICO,UDUC,float,2024-07-17T00:06:30,0.255949,-0.0324479,0.0182877,0.2586449241464058,14,0,0,False,0,False,0,0
r48u_20260914_NICO_UDUC_float,NICO,UDUC,float,2024-07-17T00:07:00,0.177753,-0.0353951,0.111235,0.21265504305802388,14,0,0,False,0,False,0,0
r48u_20260914_NICO_UDUC_float,NICO,UDUC,float,2024-07-17T00:07:30,0.137599,-0.01934,0.065352,0.1535526108700207,14,0,0,False,0,False,0,0
r48u_20260914_NICO_UDUC_float,NICO,UDUC,float,2024-07-17T00:08:00,0.0607634,0.0119285,0.0966322,0.11477047516086182,14,0,0,False,0,False,0,0
r48u_20260914_NICO_UDUC_float,NICO,UDUC,float,2024-07-17T00:08:30,-0.0233409,0.018096,0.116279,0.11997111598134777,16,0,0,False,0,False,0,0
r48u_20260914_NICO_UDUC_float,NICO,UDUC,float,2024-07-17T00:09:00,-0.0647722,0.0228617,0.0990127,0.12050564294264397,16,0,0,False,0,False,0,0
r48u_20260914_NICO_UDUC_float,NICO,UDUC,float,2024-07-17T00:09:30,-0.0924087,0.0270814,0.105613,0.142922621829611,16,0,0,False,0,False,0,0
r48u_20260914_NICO_UDUC_float,NICO,UDUC,float,2024-07-17T00:10:00,-0.118997,0.0102716,0.0972823,0.15404427178201077,16,0,0,False,0,False,0,0
r48u_20260914_NICO_UDUC_float,NICO,UDUC,float,2024-07-17T00:10:30,-0.104266,-0.00854583,0.0719323,0.12695938622125935,16,12,0,False,0,False,0,0
r48u_20260914_NICO_UDUC_float,NICO,UDUC,float,2024-07-17T00:11:00,-0.0790868,-0.0206203,0.0852987,0.11813461358983658,16,0,0,False,0,False,0,0
r48u_20260914_NICO_UDUC_float,NICO,UDUC,float,2024-07-17T00:11:30,-0.0486074,-0.0436655,0.0934502,0.11402760676717723,18,0,0,False,0,False,0,0
r48u_20260914_NICO_UDUC_float,NICO,UDUC,float,2024-07-17T00:12:00,0.00405461,-0.06353,0.112806,0.12952873966132805,18,0,0,False,0,False,0,0
r48u_20260914_NICO_UDUC_float,NICO,UDUC,float,2024-07-17T00:12:30,0.0447376,-0.0724629,0.10114,0.1322180938078068,18,0,0,False,0,False,0,0
r48u_20260914_NICO_UDUC_float,NICO,UDUC,float,2024-07-17T00:13:00,0.0885376,-0.0920308,0.120057,0.17527765976130555,18,0,0,False,0,False,0,0
r48u_20260914_NICO_UDUC_float,NICO,UDUC,float,2024-07-17T00:13:30,0.138121,-0.104021,0.135381,0.21960372092248345,18,0,0,False,0,False,0,0
r48u_20260914_NICO_UDUC_float,NICO,UDUC,float,2024-07-17T00:14:00,0.180607,-0.110373,0.126922,0.24680008440436157,18,0,0,False,0,False,0,0
r48u_20260914_NICO_UDUC_float,NICO,UDUC,float,2024-07-17T00:14:30,0.213781,-0.104937,0.118047,0.26579914247228115,16,0,0,False,0,False,0,0
r48u_20260914_NICO_UDUC_float,NICO,UDUC,float,2024-07-17T00:15:00,0.231473,-0.100538,0.115463,0.2775235909648043,16,0,0,False,0,False,0,0
r48u_20260914_NICO_UDUC_float,NICO,UDUC,float,2024-07-17T00:15:30,0.247167,-0.102061,0.122015,0.29393134204266136,16,0,0,False,0,False,0,0
r48u_20260914_NICO_UDUC_float,NICO,UDUC,float,2024-07-17T00:16:00,0.268114,-0.0951489,0.108919,0.30463384370127033,16,0,0,False,0,False,0,0
r48u_20260914_NICO_UDUC_float,NICO,UDUC,float,2024-07-17T00:16:30,0.298373,-0.106183,0.0975417,0.33138445928692856,16,0,0,False,0,False,0,0
r48u_20260914_NICO_UDUC_float,NICO,UDUC,float,2024-07-17T00:17:00,0.263675,-0.0908817,0.0867115,0.29206655620276006,16,10,0,False,0,False,0,0
r48u_20260914_NICO_UDUC_float,NICO,UDUC,float,2024-07-17T00:17:30,0.243353,-0.0882512,0.0753615,0.2696077012859425,16,10,0,False,0,False,0,0
r48u_20260914_NICO_UDUC_float,NICO,UDUC,float,2024-07-17T00:18:00,0.209005,-0.0694661,0.0810171,0.23467509362226746,16,10,0,False,0,False,0,0
r48u_20260914_NICO_UDUC_float,NICO,UDUC,float,2024-07-17T00:18:30,0.186633,-0.0595619,0.0739955,0.20941544986189534,16,10,0,False,0,False,0,0
r48u_20260914_NICO_UDUC_float,NICO,UDUC,float,2024-07-17T00:19:00,0.171285,-0.0506806,0.0669062,0.19074463043504003,16,12,0,False,0,False,0,0
r48u_20260914_NICO_UDUC_float,NICO,UDUC,float,2024-07-17T00:19:30,0.171282,-0.0512843,0.0560134,0.18736356083841382,16,12,0,False,0,False,0,0
r48u_20260914_NICO_UDUC_float,NICO,UDUC,float,2024-07-17T00:20:00,0.145916,-0.0469259,0.0480331,0.1606259563159703,16,10,0,False,0,False,0,0
r48u_20260914_NICO_UDUC_float,NICO,UDUC,float,2024-07-17T00:20:30,0.17729,-0.0558995,0.00204753,0.1859050579714035,16,16,0,False,0,False,0,0
r48u_20260914_NICO_UDUC_float,NICO,UDUC,float,2024-07-17T00:21:00,0.168596,-0.0555765,-0.0110875,0.17786593609935547,16,10,0,False,0,False,0,0
r48u_20260914_NICO_UDUC_float,NICO,UDUC,float,2024-07-17T00:21:30,0.192282,-0.0653816,-0.0343615,0.2059801782327853,16,12,0,False,0,False,0,0
r48u_20260914_NICO_UDUC_float,NICO,UDUC,float,2024-07-17T00:22:00,0.205078,-0.0708469,-0.0509093,0.2228632453997294,16,14,0,False,0,False,0,0
r48u_20260914_NICO_UDUC_float,NICO,UDUC,float,2024-07-17T00:22:30,0.211421,-0.0750946,-0.0677751,0.23437470505617708,16,14,0,False,0,False,0,0
r48u_20260914_NICO_UDUC_float,NICO,UDUC,float,2024-07-17T00:23:00,0.216719,-0.0803318,-0.0673679,0.24074625023590712,16,14,0,False,0,False,0,0
r48u_20260914_NICO_UDUC_float,NICO,UDUC,float,2024-07-17T00:23:30,0.190592,-0.0715759,-0.0642516,0.21348697390559923,16,12,0,False,0,False,0,0
r48u_20260914_NICO_UDUC_float,NICO,UDUC,float,2024-07-17T00:24:00,0.16238,-0.0616436,-0.0656645,0.18568528315730895,14,12,0,False,0,False,0,0
r48u_20260914_NICO_UDUC_float,NICO,UDUC,float,2024-07-17T00:24:30,0.14567,-0.0520972,-0.0716814,0.1705053965533056,14,12,0,False,0,False,0,0
r48u_20260914_NICO_UDUC_float,NICO,UDUC,float,2024-07-17T00:25:00,0.132705,-0.0425563,-0.0779682,0.15968937317783546,14,12,0,False,0,False,0,0
r48u_20260914_NICO_UDUC_float,NICO,UDUC,float,2024-07-17T00:25:30,0.150618,-0.0468297,-0.0891953,0.18120321263206124,14,0,0,False,0,False,0,0
r48u_20260914_NICO_UDUC_float,NICO,UDUC,float,2024-07-17T00:26:00,0.145741,-0.0454949,-0.0849371,0.1747127241027968,14,10,0,False,0,False,0,0
r48u_20260914_NICO_UDUC_float,NICO,UDUC,float,2024-07-17T00:26:30,0.156636,-0.0510542,-0.0820711,0.18405714680188326,14,10,0,False,0,False,0,0
r48u_20260914_NICO_UDUC_float,NICO,UDUC,float,2024-07-17T00:27:00,0.161876,-0.0546026,-0.0787451,0.18811186585850984,14,14,0,False,0,False,0,0
r48u_20260914_NICO_UDUC_float,NICO,UDUC,float,2024-07-17T00:27:30,0.155359,-0.0536525,-0.075558,0.1808978192274578,14,14,0,False,0,False,0,0
r48u_20260914_NICO_UDUC_float,NICO,UDUC,float,2024-07-17T00:28:00,0.152455,-0.0530404,-0.0740277,0.177583533652335,12,12,0,False,0,False,0,0
r48u_20260914_NICO_UDUC_float,NICO,UDUC,float,2024-07-17T00:28:30,0.147621,-0.0507129,-0.0722762,0.17201048501137947,12,12,0,False,0,False,0,0
r48u_20260914_NICO_UDUC_float,NICO,UDUC,float,2024-07-17T00:29:00,0.142645,-0.0482218,-0.0745723,0.16802965794028743,12,12,0,False,0,False,0,0
r48u_20260914_NICO_UDUC_float,NICO,UDUC,float,2024-07-17T00:29:30,0.135244,-0.0463203,-0.0758153,0.16181615939757069,12,12,0,False,0,False,0,0
r48u_20260914_NICO_UDUC_float,NICO,UDUC,float,2024-07-17T00:30:00,0.129332,-0.0443036,-0.0754722,0.15615898363462796,12,12,0,False,0,False,0,0
r48u_20260914_NICO_UDUC_round_shadow,NICO,UDUC,round_shadow,2024-07-17T00:03:00,-0.0392667,-0.293371,-1.4896,1.5187220210986243,16,0,0,False,0,False,0,0
r48u_20260914_NICO_UDUC_round_shadow,NICO,UDUC,round_shadow,2024-07-17T00:03:30,0.207544,0.228352,-0.645669,0.7156169404094624,14,0,0,False,0,False,0,0
r48u_20260914_NICO_UDUC_round_shadow,NICO,UDUC,round_shadow,2024-07-17T00:04:00,0.356006,0.519675,-0.339298,0.7154896997616388,14,0,0,False,0,False,0,0
r48u_20260914_NICO_UDUC_round_shadow,NICO,UDUC,round_shadow,2024-07-17T00:04:30,0.309878,0.592088,-0.381774,0.7696388514777563,14,0,0,False,0,False,0,0
r48u_20260914_NICO_UDUC_round_shadow,NICO,UDUC,round_shadow,2024-07-17T00:05:00,0.219656,0.220964,-0.499436,0.5886511409383319,14,0,0,False,0,False,0,0
r48u_20260914_NICO_UDUC_round_shadow,NICO,UDUC,round_shadow,2024-07-17T00:05:30,0.231231,0.112779,-0.525877,0.5854344517800434,14,0,0,False,0,False,0,0
r48u_20260914_NICO_UDUC_round_shadow,NICO,UDUC,round_shadow,2024-07-17T00:06:00,0.2496,-0.0293593,-0.27004,0.3688952833752283,14,0,0,False,0,False,0,0
r48u_20260914_NICO_UDUC_round_shadow,NICO,UDUC,round_shadow,2024-07-17T00:06:30,0.255949,-0.0324479,0.0182877,0.2586449241464058,14,0,0,False,0,False,0,0
r48u_20260914_NICO_UDUC_round_shadow,NICO,UDUC,round_shadow,2024-07-17T00:07:00,0.177753,-0.0353951,0.111235,0.21265504305802388,14,0,0,False,0,False,0,0
r48u_20260914_NICO_UDUC_round_shadow,NICO,UDUC,round_shadow,2024-07-17T00:07:30,0.137599,-0.01934,0.065352,0.1535526108700207,14,0,0,False,0,False,0,0
r48u_20260914_NICO_UDUC_round_shadow,NICO,UDUC,round_shadow,2024-07-17T00:08:00,0.0607634,0.0119285,0.0966322,0.11477047516086182,14,0,0,False,0,False,0,0
r48u_20260914_NICO_UDUC_round_shadow,NICO,UDUC,round_shadow,2024-07-17T00:08:30,-0.0233409,0.018096,0.116279,0.11997111598134777,16,0,0,False,0,False,0,0
r48u_20260914_NICO_UDUC_round_shadow,NICO,UDUC,round_shadow,2024-07-17T00:09:00,-0.0647722,0.0228617,0.0990127,0.12050564294264397,16,0,0,False,0,False,0,0
r48u_20260914_NICO_UDUC_round_shadow,NICO,UDUC,round_shadow,2024-07-17T00:09:30,-0.0924087,0.0270814,0.105613,0.142922621829611,16,0,0,False,0,False,0,0
r48u_20260914_NICO_UDUC_round_shadow,NICO,UDUC,round_shadow,2024-07-17T00:10:00,-0.118997,0.0102716,0.0972823,0.15404427178201077,16,0,0,False,0,False,0,0
r48u_20260914_NICO_UDUC_round_shadow,NICO,UDUC,round_shadow,2024-07-17T00:10:30,-0.104266,-0.00854583,0.0719323,0.12695938622125935,16,12,0,False,0,False,0,0
r48u_20260914_NICO_UDUC_round_shadow,NICO,UDUC,round_shadow,2024-07-17T00:11:00,-0.0790868,-0.0206203,0.0852987,0.11813461358983658,16,0,0,False,0,False,0,0
r48u_20260914_NICO_UDUC_round_shadow,NICO,UDUC,round_shadow,2024-07-17T00:11:30,-0.0486074,-0.0436655,0.0934502,0.11402760676717723,18,0,0,False,0,False,0,0
r48u_20260914_NICO_UDUC_round_shadow,NICO,UDUC,round_shadow,2024-07-17T00:12:00,0.00405461,-0.06353,0.112806,0.12952873966132805,18,0,0,False,0,False,0,0
r48u_20260914_NICO_UDUC_round_shadow,NICO,UDUC,round_shadow,2024-07-17T00:12:30,0.0447376,-0.0724629,0.10114,0.1322180938078068,18,0,0,False,0,False,0,0
r48u_20260914_NICO_UDUC_round_shadow,NICO,UDUC,round_shadow,2024-07-17T00:13:00,0.0885376,-0.0920308,0.120057,0.17527765976130555,18,0,0,False,0,False,0,0
r48u_20260914_NICO_UDUC_round_shadow,NICO,UDUC,round_shadow,2024-07-17T00:13:30,0.138121,-0.104021,0.135381,0.21960372092248345,18,0,0,False,0,False,0,0
r48u_20260914_NICO_UDUC_round_shadow,NICO,UDUC,round_shadow,2024-07-17T00:14:00,0.180607,-0.110373,0.126922,0.24680008440436157,18,0,0,False,0,False,0,0
r48u_20260914_NICO_UDUC_round_shadow,NICO,UDUC,round_shadow,2024-07-17T00:14:30,0.213781,-0.104937,0.118047,0.26579914247228115,16,0,0,False,0,False,0,0
r48u_20260914_NICO_UDUC_round_shadow,NICO,UDUC,round_shadow,2024-07-17T00:15:00,0.231473,-0.100538,0.115463,0.2775235909648043,16,0,0,False,0,False,0,0
r48u_20260914_NICO_UDUC_round_shadow,NICO,UDUC,round_shadow,2024-07-17T00:15:30,0.247167,-0.102061,0.122015,0.29393134204266136,16,0,0,False,0,False,0,0
r48u_20260914_NICO_UDUC_round_shadow,NICO,UDUC,round_shadow,2024-07-17T00:16:00,0.268114,-0.0951489,0.108919,0.30463384370127033,16,0,0,False,0,False,0,0
r48u_20260914_NICO_UDUC_round_shadow,NICO,UDUC,round_shadow,2024-07-17T00:16:30,0.298373,-0.106183,0.0975417,0.33138445928692856,16,0,0,False,0,False,0,0
r48u_20260914_NICO_UDUC_round_shadow,NICO,UDUC,round_shadow,2024-07-17T00:17:00,0.263675,-0.0908817,0.0867115,0.29206655620276006,16,10,0,False,0,False,0,0
r48u_20260914_NICO_UDUC_round_shadow,NICO,UDUC,round_shadow,2024-07-17T00:17:30,0.243353,-0.0882512,0.0753615,0.2696077012859425,16,10,0,False,0,False,0,0
r48u_20260914_NICO_UDUC_round_shadow,NICO,UDUC,round_shadow,2024-07-17T00:18:00,0.209005,-0.0694661,0.0810171,0.23467509362226746,16,10,0,False,0,False,0,0
r48u_20260914_NICO_UDUC_round_shadow,NICO,UDUC,round_shadow,2024-07-17T00:18:30,0.186633,-0.0595619,0.0739955,0.20941544986189534,16,10,0,False,0,False,0,0
r48u_20260914_NICO_UDUC_round_shadow,NICO,UDUC,round_shadow,2024-07-17T00:19:00,0.171285,-0.0506806,0.0669062,0.19074463043504003,16,12,3,True,0,False,0,0
r48u_20260914_NICO_UDUC_round_shadow,NICO,UDUC,round_shadow,2024-07-17T00:19:30,0.171282,-0.0512843,0.0560134,0.18736356083841382,16,12,3,True,0,False,0,0
r48u_20260914_NICO_UDUC_round_shadow,NICO,UDUC,round_shadow,2024-07-17T00:20:00,0.145916,-0.0469259,0.0480331,0.1606259563159703,16,10,3,True,0,False,0,0
r48u_20260914_NICO_UDUC_round_shadow,NICO,UDUC,round_shadow,2024-07-17T00:20:30,0.17729,-0.0558995,0.00204753,0.1859050579714035,16,16,4,True,0,False,0,0
r48u_20260914_NICO_UDUC_round_shadow,NICO,UDUC,round_shadow,2024-07-17T00:21:00,0.168596,-0.0555765,-0.0110875,0.17786593609935547,16,10,3,True,0,False,0,0
r48u_20260914_NICO_UDUC_round_shadow,NICO,UDUC,round_shadow,2024-07-17T00:21:30,0.192282,-0.0653816,-0.0343615,0.2059801782327853,16,12,4,True,0,False,0,0
r48u_20260914_NICO_UDUC_round_shadow,NICO,UDUC,round_shadow,2024-07-17T00:22:00,0.205078,-0.0708469,-0.0509093,0.2228632453997294,16,14,4,True,0,False,0,0
r48u_20260914_NICO_UDUC_round_shadow,NICO,UDUC,round_shadow,2024-07-17T00:22:30,0.211421,-0.0750946,-0.0677751,0.23437470505617708,16,14,4,True,0,False,0,0
r48u_20260914_NICO_UDUC_round_shadow,NICO,UDUC,round_shadow,2024-07-17T00:23:00,0.216719,-0.0803318,-0.0673679,0.24074625023590712,16,14,4,True,0,False,0,0
r48u_20260914_NICO_UDUC_round_shadow,NICO,UDUC,round_shadow,2024-07-17T00:23:30,0.190592,-0.0715759,-0.0642516,0.21348697390559923,16,12,3,True,0,False,0,0
r48u_20260914_NICO_UDUC_round_shadow,NICO,UDUC,round_shadow,2024-07-17T00:24:00,0.16238,-0.0616436,-0.0656645,0.18568528315730895,14,12,3,True,0,False,0,0
r48u_20260914_NICO_UDUC_round_shadow,NICO,UDUC,round_shadow,2024-07-17T00:24:30,0.14567,-0.0520972,-0.0716814,0.1705053965533056,14,12,3,True,0,False,0,0
r48u_20260914_NICO_UDUC_round_shadow,NICO,UDUC,round_shadow,2024-07-17T00:25:00,0.132705,-0.0425563,-0.0779682,0.15968937317783546,14,12,3,True,0,False,0,0
r48u_20260914_NICO_UDUC_round_shadow,NICO,UDUC,round_shadow,2024-07-17T00:25:30,0.150618,-0.0468297,-0.0891953,0.18120321263206124,14,0,0,False,0,False,0,0
r48u_20260914_NICO_UDUC_round_shadow,NICO,UDUC,round_shadow,2024-07-17T00:26:00,0.145741,-0.0454949,-0.0849371,0.1747127241027968,14,10,3,True,0,False,0,0
r48u_20260914_NICO_UDUC_round_shadow,NICO,UDUC,round_shadow,2024-07-17T00:26:30,0.156636,-0.0510542,-0.0820711,0.18405714680188326,14,10,3,True,0,False,0,0
r48u_20260914_NICO_UDUC_round_shadow,NICO,UDUC,round_shadow,2024-07-17T00:27:00,0.161876,-0.0546026,-0.0787451,0.18811186585850984,14,14,4,True,0,False,0,0
r48u_20260914_NICO_UDUC_round_shadow,NICO,UDUC,round_shadow,2024-07-17T00:27:30,0.155359,-0.0536525,-0.075558,0.1808978192274578,14,14,3,True,0,False,0,0
r48u_20260914_NICO_UDUC_round_shadow,NICO,UDUC,round_shadow,2024-07-17T00:28:00,0.152455,-0.0530404,-0.0740277,0.177583533652335,12,12,3,True,0,False,0,0
r48u_20260914_NICO_UDUC_round_shadow,NICO,UDUC,round_shadow,2024-07-17T00:28:30,0.147621,-0.0507129,-0.0722762,0.17201048501137947,12,12,3,True,0,False,0,0
r48u_20260914_NICO_UDUC_round_shadow,NICO,UDUC,round_shadow,2024-07-17T00:29:00,0.142645,-0.0482218,-0.0745723,0.16802965794028743,12,12,3,True,0,False,0,0
r48u_20260914_NICO_UDUC_round_shadow,NICO,UDUC,round_shadow,2024-07-17T00:29:30,0.135244,-0.0463203,-0.0758153,0.16181615939757069,12,12,3,True,0,False,0,0
r48u_20260914_NICO_UDUC_round_shadow,NICO,UDUC,round_shadow,2024-07-17T00:30:00,0.129332,-0.0443036,-0.0754722,0.15615898363462796,12,12,3,True,0,False,0,0
r48u_20260914_NICO_UDUC_round_feedback,NICO,UDUC,round_feedback,2024-07-17T00:03:00,-0.0392667,-0.293371,-1.4896,1.5187220210986243,16,0,0,False,0,False,0,0
r48u_20260914_NICO_UDUC_round_feedback,NICO,UDUC,round_feedback,2024-07-17T00:03:30,0.207544,0.228352,-0.645669,0.7156169404094624,14,0,0,False,0,False,0,0
r48u_20260914_NICO_UDUC_round_feedback,NICO,UDUC,round_feedback,2024-07-17T00:04:00,0.356006,0.519675,-0.339298,0.7154896997616388,14,0,0,False,0,False,0,0
r48u_20260914_NICO_UDUC_round_feedback,NICO,UDUC,round_feedback,2024-07-17T00:04:30,0.309878,0.592088,-0.381774,0.7696388514777563,14,0,0,False,0,False,0,0
r48u_20260914_NICO_UDUC_round_feedback,NICO,UDUC,round_feedback,2024-07-17T00:05:00,0.219656,0.220964,-0.499436,0.5886511409383319,14,0,0,False,0,False,0,0
r48u_20260914_NICO_UDUC_round_feedback,NICO,UDUC,round_feedback,2024-07-17T00:05:30,0.231231,0.112779,-0.525877,0.5854344517800434,14,0,0,False,0,False,0,0
r48u_20260914_NICO_UDUC_round_feedback,NICO,UDUC,round_feedback,2024-07-17T00:06:00,0.2496,-0.0293593,-0.27004,0.3688952833752283,14,0,0,False,0,False,0,0
r48u_20260914_NICO_UDUC_round_feedback,NICO,UDUC,round_feedback,2024-07-17T00:06:30,0.255949,-0.0324479,0.0182877,0.2586449241464058,14,0,0,False,0,False,0,0
r48u_20260914_NICO_UDUC_round_feedback,NICO,UDUC,round_feedback,2024-07-17T00:07:00,0.177753,-0.0353951,0.111235,0.21265504305802388,14,0,0,False,0,False,0,0
r48u_20260914_NICO_UDUC_round_feedback,NICO,UDUC,round_feedback,2024-07-17T00:07:30,0.137599,-0.01934,0.065352,0.1535526108700207,14,0,0,False,0,False,0,0
r48u_20260914_NICO_UDUC_round_feedback,NICO,UDUC,round_feedback,2024-07-17T00:08:00,0.0607634,0.0119285,0.0966322,0.11477047516086182,14,0,0,False,0,False,0,0
r48u_20260914_NICO_UDUC_round_feedback,NICO,UDUC,round_feedback,2024-07-17T00:08:30,-0.0233409,0.018096,0.116279,0.11997111598134777,16,0,0,False,0,False,0,0
r48u_20260914_NICO_UDUC_round_feedback,NICO,UDUC,round_feedback,2024-07-17T00:09:00,-0.0647722,0.0228617,0.0990127,0.12050564294264397,16,0,0,False,0,False,0,0
r48u_20260914_NICO_UDUC_round_feedback,NICO,UDUC,round_feedback,2024-07-17T00:09:30,-0.0924087,0.0270814,0.105613,0.142922621829611,16,0,0,False,0,False,0,0
r48u_20260914_NICO_UDUC_round_feedback,NICO,UDUC,round_feedback,2024-07-17T00:10:00,-0.118997,0.0102716,0.0972823,0.15404427178201077,16,0,0,False,0,False,0,0
r48u_20260914_NICO_UDUC_round_feedback,NICO,UDUC,round_feedback,2024-07-17T00:10:30,-0.104266,-0.00854583,0.0719323,0.12695938622125935,16,12,0,False,0,False,0,0
r48u_20260914_NICO_UDUC_round_feedback,NICO,UDUC,round_feedback,2024-07-17T00:11:00,-0.0790868,-0.0206203,0.0852987,0.11813461358983658,16,0,0,False,0,False,0,0
r48u_20260914_NICO_UDUC_round_feedback,NICO,UDUC,round_feedback,2024-07-17T00:11:30,-0.0486074,-0.0436655,0.0934502,0.11402760676717723,18,0,0,False,0,False,0,0
r48u_20260914_NICO_UDUC_round_feedback,NICO,UDUC,round_feedback,2024-07-17T00:12:00,0.00405461,-0.06353,0.112806,0.12952873966132805,18,0,0,False,0,False,0,0
r48u_20260914_NICO_UDUC_round_feedback,NICO,UDUC,round_feedback,2024-07-17T00:12:30,0.0447376,-0.0724629,0.10114,0.1322180938078068,18,0,0,False,0,False,0,0
r48u_20260914_NICO_UDUC_round_feedback,NICO,UDUC,round_feedback,2024-07-17T00:13:00,0.0885376,-0.0920308,0.120057,0.17527765976130555,18,0,0,False,0,False,0,0
r48u_20260914_NICO_UDUC_round_feedback,NICO,UDUC,round_feedback,2024-07-17T00:13:30,0.138121,-0.104021,0.135381,0.21960372092248345,18,0,0,False,0,False,0,0
r48u_20260914_NICO_UDUC_round_feedback,NICO,UDUC,round_feedback,2024-07-17T00:14:00,0.180607,-0.110373,0.126922,0.24680008440436157,18,0,0,False,0,False,0,0
r48u_20260914_NICO_UDUC_round_feedback,NICO,UDUC,round_feedback,2024-07-17T00:14:30,0.213781,-0.104937,0.118047,0.26579914247228115,16,0,0,False,0,False,0,0
r48u_20260914_NICO_UDUC_round_feedback,NICO,UDUC,round_feedback,2024-07-17T00:15:00,0.231473,-0.100538,0.115463,0.2775235909648043,16,0,0,False,0,False,0,0
r48u_20260914_NICO_UDUC_round_feedback,NICO,UDUC,round_feedback,2024-07-17T00:15:30,0.247167,-0.102061,0.122015,0.29393134204266136,16,0,0,False,0,False,0,0
r48u_20260914_NICO_UDUC_round_feedback,NICO,UDUC,round_feedback,2024-07-17T00:16:00,0.268114,-0.0951489,0.108919,0.30463384370127033,16,0,0,False,0,False,0,0
r48u_20260914_NICO_UDUC_round_feedback,NICO,UDUC,round_feedback,2024-07-17T00:16:30,0.298373,-0.106183,0.0975417,0.33138445928692856,16,0,0,False,0,False,0,0
r48u_20260914_NICO_UDUC_round_feedback,NICO,UDUC,round_feedback,2024-07-17T00:17:00,0.263675,-0.0908817,0.0867115,0.29206655620276006,16,10,0,False,0,False,0,0
r48u_20260914_NICO_UDUC_round_feedback,NICO,UDUC,round_feedback,2024-07-17T00:17:30,0.243353,-0.0882512,0.0753615,0.2696077012859425,16,10,0,False,0,False,0,0
r48u_20260914_NICO_UDUC_round_feedback,NICO,UDUC,round_feedback,2024-07-17T00:18:00,0.209005,-0.0694661,0.0810171,0.23467509362226746,16,10,0,False,0,False,0,0
r48u_20260914_NICO_UDUC_round_feedback,NICO,UDUC,round_feedback,2024-07-17T00:18:30,0.186633,-0.0595619,0.0739955,0.20941544986189534,16,10,0,False,0,False,0,0
r48u_20260914_NICO_UDUC_round_feedback,NICO,UDUC,round_feedback,2024-07-17T00:19:00,0.179881,-0.0530947,0.0641007,0.198204745325585,16,12,3,True,0,False,3,3
r48u_20260914_NICO_UDUC_ils_shadow,NICO,UDUC,ils_shadow,2024-07-17T00:03:00,-0.0392667,-0.293371,-1.4896,1.5187220210986243,16,0,0,False,0,False,0,0
r48u_20260914_NICO_UDUC_ils_shadow,NICO,UDUC,ils_shadow,2024-07-17T00:03:30,0.207544,0.228352,-0.645669,0.7156169404094624,14,0,0,False,0,False,0,0
r48u_20260914_NICO_UDUC_ils_shadow,NICO,UDUC,ils_shadow,2024-07-17T00:04:00,0.356006,0.519675,-0.339298,0.7154896997616388,14,0,0,False,0,False,0,0
r48u_20260914_NICO_UDUC_ils_shadow,NICO,UDUC,ils_shadow,2024-07-17T00:04:30,0.309878,0.592088,-0.381774,0.7696388514777563,14,0,0,False,0,False,0,0
r48u_20260914_NICO_UDUC_ils_shadow,NICO,UDUC,ils_shadow,2024-07-17T00:05:00,0.219656,0.220964,-0.499436,0.5886511409383319,14,0,0,False,0,False,0,0
r48u_20260914_NICO_UDUC_ils_shadow,NICO,UDUC,ils_shadow,2024-07-17T00:05:30,0.231231,0.112779,-0.525877,0.5854344517800434,14,0,0,False,0,False,0,0
r48u_20260914_NICO_UDUC_ils_shadow,NICO,UDUC,ils_shadow,2024-07-17T00:06:00,0.2496,-0.0293593,-0.27004,0.3688952833752283,14,0,0,False,0,False,0,0
r48u_20260914_NICO_UDUC_ils_shadow,NICO,UDUC,ils_shadow,2024-07-17T00:06:30,0.255949,-0.0324479,0.0182877,0.2586449241464058,14,0,0,False,0,False,0,0
r48u_20260914_NICO_UDUC_ils_shadow,NICO,UDUC,ils_shadow,2024-07-17T00:07:00,0.177753,-0.0353951,0.111235,0.21265504305802388,14,0,0,False,0,False,0,0
r48u_20260914_NICO_UDUC_ils_shadow,NICO,UDUC,ils_shadow,2024-07-17T00:07:30,0.137599,-0.01934,0.065352,0.1535526108700207,14,0,0,False,0,False,0,0
r48u_20260914_NICO_UDUC_ils_shadow,NICO,UDUC,ils_shadow,2024-07-17T00:08:00,0.0607634,0.0119285,0.0966322,0.11477047516086182,14,0,0,False,0,False,0,0
r48u_20260914_NICO_UDUC_ils_shadow,NICO,UDUC,ils_shadow,2024-07-17T00:08:30,-0.0233409,0.018096,0.116279,0.11997111598134777,16,0,0,False,0,False,0,0
r48u_20260914_NICO_UDUC_ils_shadow,NICO,UDUC,ils_shadow,2024-07-17T00:09:00,-0.0647722,0.0228617,0.0990127,0.12050564294264397,16,0,0,False,0,False,0,0
r48u_20260914_NICO_UDUC_ils_shadow,NICO,UDUC,ils_shadow,2024-07-17T00:09:30,-0.0924087,0.0270814,0.105613,0.142922621829611,16,0,0,False,0,False,0,0
r48u_20260914_NICO_UDUC_ils_shadow,NICO,UDUC,ils_shadow,2024-07-17T00:10:00,-0.118997,0.0102716,0.0972823,0.15404427178201077,16,0,0,False,0,False,0,0
r48u_20260914_NICO_UDUC_ils_feedback,NICO,UDUC,ils_feedback,2024-07-17T00:03:00,-0.0392667,-0.293371,-1.4896,1.5187220210986243,16,0,0,False,0,False,0,0
r48u_20260914_NICO_UDUC_ils_feedback,NICO,UDUC,ils_feedback,2024-07-17T00:03:30,0.207544,0.228352,-0.645669,0.7156169404094624,14,0,0,False,0,False,0,0
r48u_20260914_NICO_UDUC_ils_feedback,NICO,UDUC,ils_feedback,2024-07-17T00:04:00,0.356006,0.519675,-0.339298,0.7154896997616388,14,0,0,False,0,False,0,0
r48u_20260914_NICO_UDUC_ils_feedback,NICO,UDUC,ils_feedback,2024-07-17T00:04:30,0.309878,0.592088,-0.381774,0.7696388514777563,14,0,0,False,0,False,0,0
r48u_20260914_NICO_UDUC_ils_feedback,NICO,UDUC,ils_feedback,2024-07-17T00:05:00,0.219656,0.220964,-0.499436,0.5886511409383319,14,0,0,False,0,False,0,0
r48u_20260914_NICO_UDUC_ils_feedback,NICO,UDUC,ils_feedback,2024-07-17T00:05:30,0.231231,0.112779,-0.525877,0.5854344517800434,14,0,0,False,0,False,0,0
r48u_20260914_NICO_UDUC_ils_feedback,NICO,UDUC,ils_feedback,2024-07-17T00:06:00,0.2496,-0.0293593,-0.27004,0.3688952833752283,14,0,0,False,0,False,0,0
r48u_20260914_NICO_UDUC_ils_feedback,NICO,UDUC,ils_feedback,2024-07-17T00:06:30,0.255949,-0.0324479,0.0182877,0.2586449241464058,14,0,0,False,0,False,0,0
r48u_20260914_NICO_UDUC_ils_feedback,NICO,UDUC,ils_feedback,2024-07-17T00:07:00,0.177753,-0.0353951,0.111235,0.21265504305802388,14,0,0,False,0,False,0,0
r48u_20260914_NICO_UDUC_ils_feedback,NICO,UDUC,ils_feedback,2024-07-17T00:07:30,0.137599,-0.01934,0.065352,0.1535526108700207,14,0,0,False,0,False,0,0
r48u_20260914_NICO_UDUC_ils_feedback,NICO,UDUC,ils_feedback,2024-07-17T00:08:00,0.0607634,0.0119285,0.0966322,0.11477047516086182,14,0,0,False,0,False,0,0
r48u_20260914_NICO_UDUC_ils_feedback,NICO,UDUC,ils_feedback,2024-07-17T00:08:30,-0.0233409,0.018096,0.116279,0.11997111598134777,16,0,0,False,0,False,0,0
r48u_20260914_NICO_UDUC_ils_feedback,NICO,UDUC,ils_feedback,2024-07-17T00:09:00,-0.0647722,0.0228617,0.0990127,0.12050564294264397,16,0,0,False,0,False,0,0
r48u_20260914_NICO_UDUC_ils_feedback,NICO,UDUC,ils_feedback,2024-07-17T00:09:30,-0.0924087,0.0270814,0.105613,0.142922621829611,16,0,0,False,0,False,0,0
r48u_20260914_NICO_UDUC_ils_feedback,NICO,UDUC,ils_feedback,2024-07-17T00:10:00,-0.118997,0.0102716,0.0972823,0.15404427178201077,16,0,0,False,0,False,0,0
r48u_20260914_BREW_UDUC_float,BREW,UDUC,float,2024-07-17T00:03:00,-0.554491,0.498603,-0.534786,0.9176389739358284,16,0,0,False,0,False,0,0
r48u_20260914_BREW_UDUC_float,BREW,UDUC,float,2024-07-17T00:03:30,-0.132275,-0.144831,0.513018,0.5492359807132084,16,0,0,False,0,False,0,0
r48u_20260914_BREW_UDUC_float,BREW,UDUC,float,2024-07-17T00:04:00,-0.0696007,-0.443593,0.521656,0.6882906286050174,16,0,0,False,0,False,0,0
r48u_20260914_BREW_UDUC_float,BREW,UDUC,float,2024-07-17T00:04:30,-0.0309174,-0.373714,0.276607,0.4659715354694533,16,0,0,False,0,False,0,0
r48u_20260914_BREW_UDUC_float,BREW,UDUC,float,2024-07-17T00:05:00,0.0110574,-0.368546,0.534509,0.6493445089409473,16,0,0,False,0,False,0,0
r48u_20260914_BREW_UDUC_float,BREW,UDUC,float,2024-07-17T00:05:30,-0.0857683,-0.266288,0.556868,0.6231913587758499,16,0,0,False,0,False,0,0
r48u_20260914_BREW_UDUC_float,BREW,UDUC,float,2024-07-17T00:06:00,-0.1025,-0.228317,0.426585,0.49458029147348764,16,0,0,False,0,False,0,0
r48u_20260914_BREW_UDUC_float,BREW,UDUC,float,2024-07-17T00:06:30,-0.151764,-0.15081,0.360015,0.41879203433327145,16,0,0,False,0,False,0,0
r48u_20260914_BREW_UDUC_float,BREW,UDUC,float,2024-07-17T00:07:00,-0.171859,-0.111744,0.290581,0.35561152256078543,16,0,0,False,0,False,0,0
r48u_20260914_BREW_UDUC_float,BREW,UDUC,float,2024-07-17T00:07:30,-0.123943,-0.115828,0.369536,0.40661388088578576,16,0,0,False,0,False,0,0
r48u_20260914_BREW_UDUC_float,BREW,UDUC,float,2024-07-17T00:08:00,-0.100522,-0.111629,0.334471,0.36665590949281046,16,0,0,False,0,False,0,0
r48u_20260914_BREW_UDUC_float,BREW,UDUC,float,2024-07-17T00:08:30,-0.133156,-0.0816917,0.270385,0.312269278684103,16,0,0,False,0,False,0,0
r48u_20260914_BREW_UDUC_float,BREW,UDUC,float,2024-07-17T00:09:00,-0.139324,-0.0237171,0.210368,0.25343317310961877,16,0,0,False,0,False,0,0
r48u_20260914_BREW_UDUC_float,BREW,UDUC,float,2024-07-17T00:09:30,-0.142898,0.0187062,0.139109,0.2003024568082978,16,0,0,False,0,False,0,0
r48u_20260914_BREW_UDUC_float,BREW,UDUC,float,2024-07-17T00:10:00,-0.128723,0.0330011,0.129519,0.18556361359708967,16,0,0,False,0,False,0,0
r48u_20260914_BREW_UDUC_float,BREW,UDUC,float,2024-07-17T00:10:30,-0.0676351,0.0339153,0.0966377,0.12273385591347646,16,0,0,False,0,False,0,0
r48u_20260914_BREW_UDUC_float,BREW,UDUC,float,2024-07-17T00:11:00,-0.0287495,0.0318878,0.0424187,0.06035488090270745,16,0,0,False,0,False,0,0
r48u_20260914_BREW_UDUC_float,BREW,UDUC,float,2024-07-17T00:11:30,-0.0118064,0.0285783,0.00247698,0.0310200861019179,16,4,0,False,0,False,0,0
r48u_20260914_BREW_UDUC_float,BREW,UDUC,float,2024-07-17T00:12:00,0.00511231,0.0291025,-0.0176921,0.034439826105776145,16,4,0,False,0,False,0,0
r48u_20260914_BREW_UDUC_float,BREW,UDUC,float,2024-07-17T00:12:30,0.0291888,0.030524,-0.0492082,0.06484710917751076,16,4,0,False,0,False,0,0
r48u_20260914_BREW_UDUC_float,BREW,UDUC,float,2024-07-17T00:13:00,0.0356866,0.0312466,-0.0683283,0.08317836264323793,16,4,0,False,0,False,0,0
r48u_20260914_BREW_UDUC_float,BREW,UDUC,float,2024-07-17T00:13:30,0.0351512,0.0285439,-0.0678176,0.08154500572328142,16,4,0,False,0,False,0,0
r48u_20260914_BREW_UDUC_float,BREW,UDUC,float,2024-07-17T00:14:00,0.0274053,0.0273013,-0.0835664,0.09208558333821858,16,4,0,False,0,False,0,0
r48u_20260914_BREW_UDUC_float,BREW,UDUC,float,2024-07-17T00:14:30,0.0318578,0.0349194,-0.0918685,0.10331556131314391,16,4,0,False,0,False,0,0
r48u_20260914_BREW_UDUC_float,BREW,UDUC,float,2024-07-17T00:15:00,0.0436027,0.0368122,-0.0914238,0.10777126111617141,16,4,0,False,0,False,0,0
r48u_20260914_BREW_UDUC_float,BREW,UDUC,float,2024-07-17T00:15:30,0.0578031,0.0347044,-0.0813346,0.10564521241461915,16,4,0,False,0,False,0,0
r48u_20260914_BREW_UDUC_float,BREW,UDUC,float,2024-07-17T00:16:00,0.0772985,0.0288046,-0.0642085,0.10453465719874917,16,4,0,False,0,False,0,0
r48u_20260914_BREW_UDUC_float,BREW,UDUC,float,2024-07-17T00:16:30,0.0726746,0.0281315,-0.0573148,0.0967365756911521,16,4,0,False,0,False,0,0
r48u_20260914_BREW_UDUC_float,BREW,UDUC,float,2024-07-17T00:17:00,0.0933617,0.0240114,-0.0231634,0.099143822078887,16,8,0,False,0,False,0,0
r48u_20260914_BREW_UDUC_float,BREW,UDUC,float,2024-07-17T00:17:30,0.104234,0.0235445,-0.00694439,0.10708545554239426,16,8,0,False,0,False,0,0
r48u_20260914_BREW_UDUC_float,BREW,UDUC,float,2024-07-17T00:18:00,0.113355,0.0226382,0.00464135,0.11568658631865018,16,8,0,False,0,False,0,0
r48u_20260914_BREW_UDUC_float,BREW,UDUC,float,2024-07-17T00:18:30,0.126089,0.02317,0.0130784,0.1288655476361312,16,8,0,False,0,False,0,0
r48u_20260914_BREW_UDUC_float,BREW,UDUC,float,2024-07-17T00:19:00,0.133086,0.0205088,0.0247214,0.1369074208777596,16,8,0,False,0,False,0,0
r48u_20260914_BREW_UDUC_float,BREW,UDUC,float,2024-07-17T00:19:30,0.136156,0.0235065,0.0287385,0.14112729452696243,16,8,0,False,0,False,0,0
r48u_20260914_BREW_UDUC_float,BREW,UDUC,float,2024-07-17T00:20:00,0.145854,0.0215554,0.0303468,0.15052891036408922,16,8,0,False,0,False,0,0
r48u_20260914_BREW_UDUC_float,BREW,UDUC,float,2024-07-17T00:20:30,0.152051,0.0179193,0.0363973,0.15737017303409181,16,10,0,False,0,False,0,0
r48u_20260914_BREW_UDUC_float,BREW,UDUC,float,2024-07-17T00:21:00,0.154623,0.0167906,0.0364874,0.15975458283291907,16,8,0,False,0,False,0,0
r48u_20260914_BREW_UDUC_float,BREW,UDUC,float,2024-07-17T00:21:30,0.15441,0.0175816,0.0342391,0.15913477535526294,16,8,0,False,0,False,0,0
r48u_20260914_BREW_UDUC_float,BREW,UDUC,float,2024-07-17T00:22:00,0.154742,0.016591,0.0420548,0.16121089928426055,16,10,0,False,0,False,0,0
r48u_20260914_BREW_UDUC_float,BREW,UDUC,float,2024-07-17T00:22:30,0.154972,0.0140805,0.0489053,0.16311440657507847,16,10,0,False,0,False,0,0
r48u_20260914_BREW_UDUC_float,BREW,UDUC,float,2024-07-17T00:23:00,0.159631,0.0124516,0.0522314,0.168419766207889,16,10,0,False,0,False,0,0
r48u_20260914_BREW_UDUC_float,BREW,UDUC,float,2024-07-17T00:23:30,0.164882,0.009321,0.0607471,0.17596353350455884,16,8,0,False,0,False,0,0
r48u_20260914_BREW_UDUC_float,BREW,UDUC,float,2024-07-17T00:24:00,0.167529,0.00693923,0.0663588,0.1803263959919149,16,10,0,False,0,False,0,0
r48u_20260914_BREW_UDUC_float,BREW,UDUC,float,2024-07-17T00:24:30,0.166702,0.00671733,0.0636597,0.17856997712498845,16,10,0,False,0,False,0,0
r48u_20260914_BREW_UDUC_float,BREW,UDUC,float,2024-07-17T00:25:00,0.162561,0.00685526,0.0575009,0.17256716608751968,16,10,0,False,0,False,0,0
r48u_20260914_BREW_UDUC_float,BREW,UDUC,float,2024-07-17T00:25:30,0.152631,0.00924708,0.0481657,0.16031738928143882,16,4,0,False,0,False,0,0
r48u_20260914_BREW_UDUC_float,BREW,UDUC,float,2024-07-17T00:26:00,0.149035,0.011074,0.0396552,0.15461759145724654,16,8,0,False,0,False,0,0
r48u_20260914_BREW_UDUC_float,BREW,UDUC,float,2024-07-17T00:26:30,0.139273,0.0119114,0.0317025,0.14333142881172295,16,8,0,False,0,False,0,0
r48u_20260914_BREW_UDUC_float,BREW,UDUC,float,2024-07-17T00:27:00,0.13613,0.0137983,0.0286136,0.13978736741154402,16,6,0,False,0,False,0,0
r48u_20260914_BREW_UDUC_float,BREW,UDUC,float,2024-07-17T00:27:30,0.130156,0.0155435,0.0258162,0.13359888064909076,16,6,0,False,0,False,0,0
r48u_20260914_BREW_UDUC_float,BREW,UDUC,float,2024-07-17T00:28:00,0.123926,0.0165915,0.0261433,0.12773567819188184,16,6,0,False,0,False,0,0
r48u_20260914_BREW_UDUC_float,BREW,UDUC,float,2024-07-17T00:28:30,0.11647,0.0175215,0.0246167,0.12032558240515606,16,8,0,False,0,False,0,0
r48u_20260914_BREW_UDUC_float,BREW,UDUC,float,2024-07-17T00:29:00,0.105671,0.0190054,0.0200428,0.10922124015959532,16,8,0,False,0,False,0,0
r48u_20260914_BREW_UDUC_float,BREW,UDUC,float,2024-07-17T00:29:30,0.0988488,0.0191076,0.0177489,0.10223115518475764,16,8,0,False,0,False,0,0
r48u_20260914_BREW_UDUC_float,BREW,UDUC,float,2024-07-17T00:30:00,0.0950246,0.0189214,0.0164348,0.09827408933264148,16,8,0,False,0,False,0,0
r48u_20260914_BREW_UDUC_round_shadow,BREW,UDUC,round_shadow,2024-07-17T00:03:00,-0.554491,0.498603,-0.534786,0.9176389739358284,16,0,0,False,0,False,0,0
r48u_20260914_BREW_UDUC_round_shadow,BREW,UDUC,round_shadow,2024-07-17T00:03:30,-0.132275,-0.144831,0.513018,0.5492359807132084,16,0,0,False,0,False,0,0
r48u_20260914_BREW_UDUC_round_shadow,BREW,UDUC,round_shadow,2024-07-17T00:04:00,-0.0696007,-0.443593,0.521656,0.6882906286050174,16,0,0,False,0,False,0,0
r48u_20260914_BREW_UDUC_round_shadow,BREW,UDUC,round_shadow,2024-07-17T00:04:30,-0.0309174,-0.373714,0.276607,0.4659715354694533,16,0,0,False,0,False,0,0
r48u_20260914_BREW_UDUC_round_shadow,BREW,UDUC,round_shadow,2024-07-17T00:05:00,0.0110574,-0.368546,0.534509,0.6493445089409473,16,0,0,False,0,False,0,0
r48u_20260914_BREW_UDUC_round_shadow,BREW,UDUC,round_shadow,2024-07-17T00:05:30,-0.0857683,-0.266288,0.556868,0.6231913587758499,16,0,0,False,0,False,0,0
r48u_20260914_BREW_UDUC_round_shadow,BREW,UDUC,round_shadow,2024-07-17T00:06:00,-0.1025,-0.228317,0.426585,0.49458029147348764,16,0,0,False,0,False,0,0
r48u_20260914_BREW_UDUC_round_shadow,BREW,UDUC,round_shadow,2024-07-17T00:06:30,-0.151764,-0.15081,0.360015,0.41879203433327145,16,0,0,False,0,False,0,0
r48u_20260914_BREW_UDUC_round_shadow,BREW,UDUC,round_shadow,2024-07-17T00:07:00,-0.171859,-0.111744,0.290581,0.35561152256078543,16,0,0,False,0,False,0,0
r48u_20260914_BREW_UDUC_round_shadow,BREW,UDUC,round_shadow,2024-07-17T00:07:30,-0.123943,-0.115828,0.369536,0.40661388088578576,16,0,0,False,0,False,0,0
r48u_20260914_BREW_UDUC_round_shadow,BREW,UDUC,round_shadow,2024-07-17T00:08:00,-0.100522,-0.111629,0.334471,0.36665590949281046,16,0,0,False,0,False,0,0
r48u_20260914_BREW_UDUC_round_shadow,BREW,UDUC,round_shadow,2024-07-17T00:08:30,-0.133156,-0.0816917,0.270385,0.312269278684103,16,0,0,False,0,False,0,0
r48u_20260914_BREW_UDUC_round_shadow,BREW,UDUC,round_shadow,2024-07-17T00:09:00,-0.139324,-0.0237171,0.210368,0.25343317310961877,16,0,0,False,0,False,0,0
r48u_20260914_BREW_UDUC_round_shadow,BREW,UDUC,round_shadow,2024-07-17T00:09:30,-0.142898,0.0187062,0.139109,0.2003024568082978,16,0,0,False,0,False,0,0
r48u_20260914_BREW_UDUC_round_shadow,BREW,UDUC,round_shadow,2024-07-17T00:10:00,-0.128723,0.0330011,0.129519,0.18556361359708967,16,0,0,False,0,False,0,0
r48u_20260914_BREW_UDUC_round_shadow,BREW,UDUC,round_shadow,2024-07-17T00:10:30,-0.0676351,0.0339153,0.0966377,0.12273385591347646,16,0,0,False,0,False,0,0
r48u_20260914_BREW_UDUC_round_shadow,BREW,UDUC,round_shadow,2024-07-17T00:11:00,-0.0287495,0.0318878,0.0424187,0.06035488090270745,16,0,0,False,0,False,0,0
r48u_20260914_BREW_UDUC_round_shadow,BREW,UDUC,round_shadow,2024-07-17T00:11:30,-0.0118064,0.0285783,0.00247698,0.0310200861019179,16,4,0,False,0,False,0,0
r48u_20260914_BREW_UDUC_round_shadow,BREW,UDUC,round_shadow,2024-07-17T00:12:00,0.00511231,0.0291025,-0.0176921,0.034439826105776145,16,4,0,False,0,False,0,0
r48u_20260914_BREW_UDUC_round_shadow,BREW,UDUC,round_shadow,2024-07-17T00:12:30,0.0291888,0.030524,-0.0492082,0.06484710917751076,16,4,0,False,0,False,0,0
r48u_20260914_BREW_UDUC_round_shadow,BREW,UDUC,round_shadow,2024-07-17T00:13:00,0.0356866,0.0312466,-0.0683283,0.08317836264323793,16,4,0,False,0,False,0,0
r48u_20260914_BREW_UDUC_round_shadow,BREW,UDUC,round_shadow,2024-07-17T00:13:30,0.0351512,0.0285439,-0.0678176,0.08154500572328142,16,4,0,False,0,False,0,0
r48u_20260914_BREW_UDUC_round_shadow,BREW,UDUC,round_shadow,2024-07-17T00:14:00,0.0274053,0.0273013,-0.0835664,0.09208558333821858,16,4,0,False,0,False,0,0
r48u_20260914_BREW_UDUC_round_shadow,BREW,UDUC,round_shadow,2024-07-17T00:14:30,0.0318578,0.0349194,-0.0918685,0.10331556131314391,16,4,0,False,0,False,0,0
r48u_20260914_BREW_UDUC_round_shadow,BREW,UDUC,round_shadow,2024-07-17T00:15:00,0.0436027,0.0368122,-0.0914238,0.10777126111617141,16,4,0,False,0,False,0,0
r48u_20260914_BREW_UDUC_round_shadow,BREW,UDUC,round_shadow,2024-07-17T00:15:30,0.0578031,0.0347044,-0.0813346,0.10564521241461915,16,4,0,False,0,False,0,0
r48u_20260914_BREW_UDUC_round_shadow,BREW,UDUC,round_shadow,2024-07-17T00:16:00,0.0772985,0.0288046,-0.0642085,0.10453465719874917,16,4,0,False,0,False,0,0
r48u_20260914_BREW_UDUC_round_shadow,BREW,UDUC,round_shadow,2024-07-17T00:16:30,0.0726746,0.0281315,-0.0573148,0.0967365756911521,16,4,0,False,0,False,0,0
r48u_20260914_BREW_UDUC_round_shadow,BREW,UDUC,round_shadow,2024-07-17T00:17:00,0.0933617,0.0240114,-0.0231634,0.099143822078887,16,8,0,False,0,False,0,0
r48u_20260914_BREW_UDUC_round_shadow,BREW,UDUC,round_shadow,2024-07-17T00:17:30,0.104234,0.0235445,-0.00694439,0.10708545554239426,16,8,0,False,0,False,0,0
r48u_20260914_BREW_UDUC_round_shadow,BREW,UDUC,round_shadow,2024-07-17T00:18:00,0.113355,0.0226382,0.00464135,0.11568658631865018,16,8,0,False,0,False,0,0
r48u_20260914_BREW_UDUC_round_shadow,BREW,UDUC,round_shadow,2024-07-17T00:18:30,0.126089,0.02317,0.0130784,0.1288655476361312,16,8,0,False,0,False,0,0
r48u_20260914_BREW_UDUC_round_shadow,BREW,UDUC,round_shadow,2024-07-17T00:19:00,0.133086,0.0205088,0.0247214,0.1369074208777596,16,8,0,False,0,False,0,0
r48u_20260914_BREW_UDUC_round_shadow,BREW,UDUC,round_shadow,2024-07-17T00:19:30,0.136156,0.0235065,0.0287385,0.14112729452696243,16,8,0,False,0,False,0,0
r48u_20260914_BREW_UDUC_round_shadow,BREW,UDUC,round_shadow,2024-07-17T00:20:00,0.145854,0.0215554,0.0303468,0.15052891036408922,16,8,0,False,0,False,0,0
r48u_20260914_BREW_UDUC_round_shadow,BREW,UDUC,round_shadow,2024-07-17T00:20:30,0.152051,0.0179193,0.0363973,0.15737017303409181,16,10,2,True,0,False,0,0
r48u_20260914_BREW_UDUC_round_shadow,BREW,UDUC,round_shadow,2024-07-17T00:21:00,0.154623,0.0167906,0.0364874,0.15975458283291907,16,8,2,True,0,False,0,0
r48u_20260914_BREW_UDUC_round_shadow,BREW,UDUC,round_shadow,2024-07-17T00:21:30,0.15441,0.0175816,0.0342391,0.15913477535526294,16,8,2,True,0,False,0,0
r48u_20260914_BREW_UDUC_round_shadow,BREW,UDUC,round_shadow,2024-07-17T00:22:00,0.154742,0.016591,0.0420548,0.16121089928426055,16,10,2,True,0,False,0,0
r48u_20260914_BREW_UDUC_round_shadow,BREW,UDUC,round_shadow,2024-07-17T00:22:30,0.154972,0.0140805,0.0489053,0.16311440657507847,16,10,2,True,0,False,0,0
r48u_20260914_BREW_UDUC_round_shadow,BREW,UDUC,round_shadow,2024-07-17T00:23:00,0.159631,0.0124516,0.0522314,0.168419766207889,16,10,2,True,1,True,0,0
r48u_20260914_BREW_UDUC_round_shadow,BREW,UDUC,round_shadow,2024-07-17T00:23:30,0.164882,0.009321,0.0607471,0.17596353350455884,16,8,2,True,1,True,0,0
r48u_20260914_BREW_UDUC_round_shadow,BREW,UDUC,round_shadow,2024-07-17T00:24:00,0.167529,0.00693923,0.0663588,0.1803263959919149,16,10,2,True,0,False,0,0
r48u_20260914_BREW_UDUC_round_shadow,BREW,UDUC,round_shadow,2024-07-17T00:24:30,0.166702,0.00671733,0.0636597,0.17856997712498845,16,10,2,True,0,False,0,0
r48u_20260914_BREW_UDUC_round_shadow,BREW,UDUC,round_shadow,2024-07-17T00:25:00,0.162561,0.00685526,0.0575009,0.17256716608751968,16,10,2,True,0,False,0,0
r48u_20260914_BREW_UDUC_round_shadow,BREW,UDUC,round_shadow,2024-07-17T00:25:30,0.152631,0.00924708,0.0481657,0.16031738928143882,16,4,1,True,0,False,0,0
r48u_20260914_BREW_UDUC_round_shadow,BREW,UDUC,round_shadow,2024-07-17T00:26:00,0.149035,0.011074,0.0396552,0.15461759145724654,16,8,2,True,0,False,0,0
r48u_20260914_BREW_UDUC_round_shadow,BREW,UDUC,round_shadow,2024-07-17T00:26:30,0.139273,0.0119114,0.0317025,0.14333142881172295,16,8,2,True,0,False,0,0
r48u_20260914_BREW_UDUC_round_shadow,BREW,UDUC,round_shadow,2024-07-17T00:27:00,0.13613,0.0137983,0.0286136,0.13978736741154402,16,6,1,True,1,True,0,0
r48u_20260914_BREW_UDUC_round_shadow,BREW,UDUC,round_shadow,2024-07-17T00:27:30,0.130156,0.0155435,0.0258162,0.13359888064909076,16,6,1,True,1,True,0,0
r48u_20260914_BREW_UDUC_round_shadow,BREW,UDUC,round_shadow,2024-07-17T00:28:00,0.123926,0.0165915,0.0261433,0.12773567819188184,16,6,0,False,1,True,0,0
r48u_20260914_BREW_UDUC_round_shadow,BREW,UDUC,round_shadow,2024-07-17T00:28:30,0.11647,0.0175215,0.0246167,0.12032558240515606,16,8,2,True,0,False,0,0
r48u_20260914_BREW_UDUC_round_shadow,BREW,UDUC,round_shadow,2024-07-17T00:29:00,0.105671,0.0190054,0.0200428,0.10922124015959532,16,8,2,True,0,False,0,0
r48u_20260914_BREW_UDUC_round_shadow,BREW,UDUC,round_shadow,2024-07-17T00:29:30,0.0988488,0.0191076,0.0177489,0.10223115518475764,16,8,2,True,0,False,0,0
r48u_20260914_BREW_UDUC_round_shadow,BREW,UDUC,round_shadow,2024-07-17T00:30:00,0.0950246,0.0189214,0.0164348,0.09827408933264148,16,8,2,True,0,False,0,0
r48u_20260914_BREW_UDUC_round_feedback,BREW,UDUC,round_feedback,2024-07-17T00:03:00,-0.554491,0.498603,-0.534786,0.9176389739358284,16,0,0,False,0,False,0,0
r48u_20260914_BREW_UDUC_round_feedback,BREW,UDUC,round_feedback,2024-07-17T00:03:30,-0.132275,-0.144831,0.513018,0.5492359807132084,16,0,0,False,0,False,0,0
r48u_20260914_BREW_UDUC_round_feedback,BREW,UDUC,round_feedback,2024-07-17T00:04:00,-0.0696007,-0.443593,0.521656,0.6882906286050174,16,0,0,False,0,False,0,0
r48u_20260914_BREW_UDUC_round_feedback,BREW,UDUC,round_feedback,2024-07-17T00:04:30,-0.0309174,-0.373714,0.276607,0.4659715354694533,16,0,0,False,0,False,0,0
r48u_20260914_BREW_UDUC_round_feedback,BREW,UDUC,round_feedback,2024-07-17T00:05:00,0.0110574,-0.368546,0.534509,0.6493445089409473,16,0,0,False,0,False,0,0
r48u_20260914_BREW_UDUC_round_feedback,BREW,UDUC,round_feedback,2024-07-17T00:05:30,-0.0857683,-0.266288,0.556868,0.6231913587758499,16,0,0,False,0,False,0,0
r48u_20260914_BREW_UDUC_round_feedback,BREW,UDUC,round_feedback,2024-07-17T00:06:00,-0.1025,-0.228317,0.426585,0.49458029147348764,16,0,0,False,0,False,0,0
r48u_20260914_BREW_UDUC_round_feedback,BREW,UDUC,round_feedback,2024-07-17T00:06:30,-0.151764,-0.15081,0.360015,0.41879203433327145,16,0,0,False,0,False,0,0
r48u_20260914_BREW_UDUC_round_feedback,BREW,UDUC,round_feedback,2024-07-17T00:07:00,-0.171859,-0.111744,0.290581,0.35561152256078543,16,0,0,False,0,False,0,0
r48u_20260914_BREW_UDUC_round_feedback,BREW,UDUC,round_feedback,2024-07-17T00:07:30,-0.123943,-0.115828,0.369536,0.40661388088578576,16,0,0,False,0,False,0,0
r48u_20260914_BREW_UDUC_round_feedback,BREW,UDUC,round_feedback,2024-07-17T00:08:00,-0.100522,-0.111629,0.334471,0.36665590949281046,16,0,0,False,0,False,0,0
r48u_20260914_BREW_UDUC_round_feedback,BREW,UDUC,round_feedback,2024-07-17T00:08:30,-0.133156,-0.0816917,0.270385,0.312269278684103,16,0,0,False,0,False,0,0
r48u_20260914_BREW_UDUC_round_feedback,BREW,UDUC,round_feedback,2024-07-17T00:09:00,-0.139324,-0.0237171,0.210368,0.25343317310961877,16,0,0,False,0,False,0,0
r48u_20260914_BREW_UDUC_round_feedback,BREW,UDUC,round_feedback,2024-07-17T00:09:30,-0.142898,0.0187062,0.139109,0.2003024568082978,16,0,0,False,0,False,0,0
r48u_20260914_BREW_UDUC_round_feedback,BREW,UDUC,round_feedback,2024-07-17T00:10:00,-0.128723,0.0330011,0.129519,0.18556361359708967,16,0,0,False,0,False,0,0
r48u_20260914_BREW_UDUC_round_feedback,BREW,UDUC,round_feedback,2024-07-17T00:10:30,-0.0676351,0.0339153,0.0966377,0.12273385591347646,16,0,0,False,0,False,0,0
r48u_20260914_BREW_UDUC_round_feedback,BREW,UDUC,round_feedback,2024-07-17T00:11:00,-0.0287495,0.0318878,0.0424187,0.06035488090270745,16,0,0,False,0,False,0,0
r48u_20260914_BREW_UDUC_round_feedback,BREW,UDUC,round_feedback,2024-07-17T00:11:30,-0.0118064,0.0285783,0.00247698,0.0310200861019179,16,4,0,False,0,False,0,0
r48u_20260914_BREW_UDUC_round_feedback,BREW,UDUC,round_feedback,2024-07-17T00:12:00,0.00511231,0.0291025,-0.0176921,0.034439826105776145,16,4,0,False,0,False,0,0
r48u_20260914_BREW_UDUC_round_feedback,BREW,UDUC,round_feedback,2024-07-17T00:12:30,0.0291888,0.030524,-0.0492082,0.06484710917751076,16,4,0,False,0,False,0,0
r48u_20260914_BREW_UDUC_round_feedback,BREW,UDUC,round_feedback,2024-07-17T00:13:00,0.0356866,0.0312466,-0.0683283,0.08317836264323793,16,4,0,False,0,False,0,0
r48u_20260914_BREW_UDUC_round_feedback,BREW,UDUC,round_feedback,2024-07-17T00:13:30,0.0351512,0.0285439,-0.0678176,0.08154500572328142,16,4,0,False,0,False,0,0
r48u_20260914_BREW_UDUC_round_feedback,BREW,UDUC,round_feedback,2024-07-17T00:14:00,0.0274053,0.0273013,-0.0835664,0.09208558333821858,16,4,0,False,0,False,0,0
r48u_20260914_BREW_UDUC_round_feedback,BREW,UDUC,round_feedback,2024-07-17T00:14:30,0.0318578,0.0349194,-0.0918685,0.10331556131314391,16,4,0,False,0,False,0,0
r48u_20260914_BREW_UDUC_round_feedback,BREW,UDUC,round_feedback,2024-07-17T00:15:00,0.0436027,0.0368122,-0.0914238,0.10777126111617141,16,4,0,False,0,False,0,0
r48u_20260914_BREW_UDUC_round_feedback,BREW,UDUC,round_feedback,2024-07-17T00:15:30,0.0578031,0.0347044,-0.0813346,0.10564521241461915,16,4,0,False,0,False,0,0
r48u_20260914_BREW_UDUC_round_feedback,BREW,UDUC,round_feedback,2024-07-17T00:16:00,0.0772985,0.0288046,-0.0642085,0.10453465719874917,16,4,0,False,0,False,0,0
r48u_20260914_BREW_UDUC_round_feedback,BREW,UDUC,round_feedback,2024-07-17T00:16:30,0.0726746,0.0281315,-0.0573148,0.0967365756911521,16,4,0,False,0,False,0,0
r48u_20260914_BREW_UDUC_round_feedback,BREW,UDUC,round_feedback,2024-07-17T00:17:00,0.0933617,0.0240114,-0.0231634,0.099143822078887,16,8,0,False,0,False,0,0
r48u_20260914_BREW_UDUC_round_feedback,BREW,UDUC,round_feedback,2024-07-17T00:17:30,0.104234,0.0235445,-0.00694439,0.10708545554239426,16,8,0,False,0,False,0,0
r48u_20260914_BREW_UDUC_round_feedback,BREW,UDUC,round_feedback,2024-07-17T00:18:00,0.113355,0.0226382,0.00464135,0.11568658631865018,16,8,0,False,0,False,0,0
r48u_20260914_BREW_UDUC_round_feedback,BREW,UDUC,round_feedback,2024-07-17T00:18:30,0.126089,0.02317,0.0130784,0.1288655476361312,16,8,0,False,0,False,0,0
r48u_20260914_BREW_UDUC_round_feedback,BREW,UDUC,round_feedback,2024-07-17T00:19:00,0.133086,0.0205088,0.0247214,0.1369074208777596,16,8,0,False,0,False,0,0
r48u_20260914_BREW_UDUC_round_feedback,BREW,UDUC,round_feedback,2024-07-17T00:19:30,0.136156,0.0235065,0.0287385,0.14112729452696243,16,8,0,False,0,False,0,0
r48u_20260914_BREW_UDUC_round_feedback,BREW,UDUC,round_feedback,2024-07-17T00:20:00,0.145854,0.0215554,0.0303468,0.15052891036408922,16,8,0,False,0,False,0,0
r48u_20260914_BREW_UDUC_round_feedback,BREW,UDUC,round_feedback,2024-07-17T00:20:30,0.152224,0.0181238,0.0362011,0.1575155165171038,16,10,2,True,0,False,2,2
r48u_20260914_BREW_UDUC_ils_shadow,BREW,UDUC,ils_shadow,2024-07-17T00:03:00,-0.554491,0.498603,-0.534786,0.9176389739358284,16,0,0,False,0,False,0,0
r48u_20260914_BREW_UDUC_ils_shadow,BREW,UDUC,ils_shadow,2024-07-17T00:03:30,-0.132275,-0.144831,0.513018,0.5492359807132084,16,0,0,False,0,False,0,0
r48u_20260914_BREW_UDUC_ils_shadow,BREW,UDUC,ils_shadow,2024-07-17T00:04:00,-0.0696007,-0.443593,0.521656,0.6882906286050174,16,0,0,False,0,False,0,0
r48u_20260914_BREW_UDUC_ils_shadow,BREW,UDUC,ils_shadow,2024-07-17T00:04:30,-0.0309174,-0.373714,0.276607,0.4659715354694533,16,0,0,False,0,False,0,0
r48u_20260914_BREW_UDUC_ils_shadow,BREW,UDUC,ils_shadow,2024-07-17T00:05:00,0.0110574,-0.368546,0.534509,0.6493445089409473,16,0,0,False,0,False,0,0
r48u_20260914_BREW_UDUC_ils_shadow,BREW,UDUC,ils_shadow,2024-07-17T00:05:30,-0.0857683,-0.266288,0.556868,0.6231913587758499,16,0,0,False,0,False,0,0
r48u_20260914_BREW_UDUC_ils_shadow,BREW,UDUC,ils_shadow,2024-07-17T00:06:00,-0.1025,-0.228317,0.426585,0.49458029147348764,16,0,0,False,0,False,0,0
r48u_20260914_BREW_UDUC_ils_shadow,BREW,UDUC,ils_shadow,2024-07-17T00:06:30,-0.151764,-0.15081,0.360015,0.41879203433327145,16,0,0,False,0,False,0,0
r48u_20260914_BREW_UDUC_ils_shadow,BREW,UDUC,ils_shadow,2024-07-17T00:07:00,-0.171859,-0.111744,0.290581,0.35561152256078543,16,0,0,False,0,False,0,0
r48u_20260914_BREW_UDUC_ils_shadow,BREW,UDUC,ils_shadow,2024-07-17T00:07:30,-0.123943,-0.115828,0.369536,0.40661388088578576,16,0,0,False,0,False,0,0
r48u_20260914_BREW_UDUC_ils_shadow,BREW,UDUC,ils_shadow,2024-07-17T00:08:00,-0.100522,-0.111629,0.334471,0.36665590949281046,16,0,0,False,0,False,0,0
r48u_20260914_BREW_UDUC_ils_shadow,BREW,UDUC,ils_shadow,2024-07-17T00:08:30,-0.133156,-0.0816917,0.270385,0.312269278684103,16,0,0,False,0,False,0,0
r48u_20260914_BREW_UDUC_ils_shadow,BREW,UDUC,ils_shadow,2024-07-17T00:09:00,-0.139324,-0.0237171,0.210368,0.25343317310961877,16,0,0,False,0,False,0,0
r48u_20260914_BREW_UDUC_ils_shadow,BREW,UDUC,ils_shadow,2024-07-17T00:09:30,-0.142898,0.0187062,0.139109,0.2003024568082978,16,0,0,False,0,False,0,0
r48u_20260914_BREW_UDUC_ils_shadow,BREW,UDUC,ils_shadow,2024-07-17T00:10:00,-0.128723,0.0330011,0.129519,0.18556361359708967,16,0,0,False,0,False,0,0
r48u_20260914_BREW_UDUC_ils_shadow,BREW,UDUC,ils_shadow,2024-07-17T00:10:30,-0.0676351,0.0339153,0.0966377,0.12273385591347646,16,0,0,False,0,False,0,0
r48u_20260914_BREW_UDUC_ils_shadow,BREW,UDUC,ils_shadow,2024-07-17T00:11:00,-0.0287495,0.0318878,0.0424187,0.06035488090270745,16,0,0,False,0,False,0,0
r48u_20260914_BREW_UDUC_ils_feedback,BREW,UDUC,ils_feedback,2024-07-17T00:03:00,-0.554491,0.498603,-0.534786,0.9176389739358284,16,0,0,False,0,False,0,0
r48u_20260914_BREW_UDUC_ils_feedback,BREW,UDUC,ils_feedback,2024-07-17T00:03:30,-0.132275,-0.144831,0.513018,0.5492359807132084,16,0,0,False,0,False,0,0
r48u_20260914_BREW_UDUC_ils_feedback,BREW,UDUC,ils_feedback,2024-07-17T00:04:00,-0.0696007,-0.443593,0.521656,0.6882906286050174,16,0,0,False,0,False,0,0
r48u_20260914_BREW_UDUC_ils_feedback,BREW,UDUC,ils_feedback,2024-07-17T00:04:30,-0.0309174,-0.373714,0.276607,0.4659715354694533,16,0,0,False,0,False,0,0
r48u_20260914_BREW_UDUC_ils_feedback,BREW,UDUC,ils_feedback,2024-07-17T00:05:00,0.0110574,-0.368546,0.534509,0.6493445089409473,16,0,0,False,0,False,0,0
r48u_20260914_BREW_UDUC_ils_feedback,BREW,UDUC,ils_feedback,2024-07-17T00:05:30,-0.0857683,-0.266288,0.556868,0.6231913587758499,16,0,0,False,0,False,0,0
r48u_20260914_BREW_UDUC_ils_feedback,BREW,UDUC,ils_feedback,2024-07-17T00:06:00,-0.1025,-0.228317,0.426585,0.49458029147348764,16,0,0,False,0,False,0,0
r48u_20260914_BREW_UDUC_ils_feedback,BREW,UDUC,ils_feedback,2024-07-17T00:06:30,-0.151764,-0.15081,0.360015,0.41879203433327145,16,0,0,False,0,False,0,0
r48u_20260914_BREW_UDUC_ils_feedback,BREW,UDUC,ils_feedback,2024-07-17T00:07:00,-0.171859,-0.111744,0.290581,0.35561152256078543,16,0,0,False,0,False,0,0
r48u_20260914_BREW_UDUC_ils_feedback,BREW,UDUC,ils_feedback,2024-07-17T00:07:30,-0.123943,-0.115828,0.369536,0.40661388088578576,16,0,0,False,0,False,0,0
r48u_20260914_BREW_UDUC_ils_feedback,BREW,UDUC,ils_feedback,2024-07-17T00:08:00,-0.100522,-0.111629,0.334471,0.36665590949281046,16,0,0,False,0,False,0,0
r48u_20260914_BREW_UDUC_ils_feedback,BREW,UDUC,ils_feedback,2024-07-17T00:08:30,-0.133156,-0.0816917,0.270385,0.312269278684103,16,0,0,False,0,False,0,0
r48u_20260914_BREW_UDUC_ils_feedback,BREW,UDUC,ils_feedback,2024-07-17T00:09:00,-0.139324,-0.0237171,0.210368,0.25343317310961877,16,0,0,False,0,False,0,0
r48u_20260914_BREW_UDUC_ils_feedback,BREW,UDUC,ils_feedback,2024-07-17T00:09:30,-0.142898,0.0187062,0.139109,0.2003024568082978,16,0,0,False,0,False,0,0
r48u_20260914_BREW_UDUC_ils_feedback,BREW,UDUC,ils_feedback,2024-07-17T00:10:00,-0.128723,0.0330011,0.129519,0.18556361359708967,16,0,0,False,0,False,0,0
r48u_20260914_BREW_UDUC_ils_feedback,BREW,UDUC,ils_feedback,2024-07-17T00:10:30,-0.0676351,0.0339153,0.0966377,0.12273385591347646,16,0,0,False,0,False,0,0
r48u_20260914_BREW_UDUC_ils_feedback,BREW,UDUC,ils_feedback,2024-07-17T00:11:00,-0.0287495,0.0318878,0.0424187,0.06035488090270745,16,0,0,False,0,False,0,0
r48u_20260914_MARS_UDUC_float,MARS,UDUC,float,2024-07-17T00:03:00,-0.480117,0.384552,-1.67972,1.7888129731173688,14,0,0,False,0,False,0,0
r48u_20260914_MARS_UDUC_float,MARS,UDUC,float,2024-07-17T00:03:30,-0.463469,0.637239,-0.714904,1.0639383376389817,14,0,0,False,0,False,0,0
r48u_20260914_MARS_UDUC_float,MARS,UDUC,float,2024-07-17T00:04:00,-0.466184,0.477807,-0.496283,0.8318196121720142,14,0,0,False,0,False,0,0
r48u_20260914_MARS_UDUC_float,MARS,UDUC,float,2024-07-17T00:04:30,-0.430923,0.275473,-0.381733,0.6382006651101203,12,0,0,False,0,False,0,0
r48u_20260914_MARS_UDUC_float,MARS,UDUC,float,2024-07-17T00:05:00,-0.302724,0.206111,-0.0852765,0.3760261240249804,14,0,0,False,0,False,0,0
r48u_20260914_MARS_UDUC_float,MARS,UDUC,float,2024-07-17T00:05:30,-0.193988,0.141216,0.0832307,0.253969786042533,12,0,0,False,0,False,0,0
r48u_20260914_MARS_UDUC_float,MARS,UDUC,float,2024-07-17T00:06:00,-0.0925349,0.0363693,0.287543,0.30424728519659794,12,0,0,False,0,False,0,0
r48u_20260914_MARS_UDUC_float,MARS,UDUC,float,2024-07-17T00:06:30,-0.0662749,0.0525576,-0.00112066,0.08459266851569112,12,0,0,False,0,False,0,0
r48u_20260914_MARS_UDUC_float,MARS,UDUC,float,2024-07-17T00:07:00,-0.0627177,0.041836,-0.117343,0.13947451537212813,12,0,0,False,0,False,0,0
r48u_20260914_MARS_UDUC_float,MARS,UDUC,float,2024-07-17T00:07:30,-0.0651658,0.0346524,-0.240471,0.25154258517475725,12,0,0,False,0,False,0,0
r48u_20260914_MARS_UDUC_float,MARS,UDUC,float,2024-07-17T00:08:00,-0.112059,0.0136591,-0.21191,0.2401033914666971,12,0,0,False,0,False,0,0
r48u_20260914_MARS_UDUC_float,MARS,UDUC,float,2024-07-17T00:08:30,-0.140582,0.00650391,-0.252067,0.28869252165286186,12,0,0,False,0,False,0,0
r48u_20260914_MARS_UDUC_float,MARS,UDUC,float,2024-07-17T00:09:00,-0.16331,-0.00968143,-0.182254,0.24490897636233122,12,0,0,False,0,False,0,0
r48u_20260914_MARS_UDUC_float,MARS,UDUC,float,2024-07-17T00:09:30,-0.188113,-0.00262886,-0.167943,0.2521869602554811,12,0,0,False,0,False,0,0
r48u_20260914_MARS_UDUC_float,MARS,UDUC,float,2024-07-17T00:10:00,-0.184434,6.15184e-05,-0.153219,0.23977482374409856,12,0,0,False,0,False,0,0
r48u_20260914_MARS_UDUC_float,MARS,UDUC,float,2024-07-17T00:10:30,-0.147931,0.00352191,-0.124096,0.19312121019465495,12,10,0,False,0,False,0,0
r48u_20260914_MARS_UDUC_float,MARS,UDUC,float,2024-07-17T00:11:00,-0.103685,-0.00500008,-0.0779912,0.12983915935666865,12,0,0,False,0,False,0,0
r48u_20260914_MARS_UDUC_float,MARS,UDUC,float,2024-07-17T00:11:30,-0.0393312,0.00132692,-0.0782582,0.08759594669484656,12,0,0,False,0,False,0,0
r48u_20260914_MARS_UDUC_float,MARS,UDUC,float,2024-07-17T00:12:00,0.0315243,0.00689078,-0.120708,0.12494673106367529,14,0,0,False,0,False,0,0
r48u_20260914_MARS_UDUC_float,MARS,UDUC,float,2024-07-17T00:12:30,0.108283,0.00315068,-0.13879,0.17606191801029092,14,0,0,False,0,False,0,0
r48u_20260914_MARS_UDUC_float,MARS,UDUC,float,2024-07-17T00:13:00,0.137691,0.0164318,-0.164953,0.21549549355204622,14,0,0,False,0,False,0,0
r48u_20260914_MARS_UDUC_float,MARS,UDUC,float,2024-07-17T00:13:30,0.154764,0.0209627,-0.214744,0.2655302544406004,14,0,0,False,0,False,0,0
r48u_20260914_MARS_UDUC_float,MARS,UDUC,float,2024-07-17T00:14:00,0.178922,0.0180241,-0.241109,0.3007848070395345,14,0,0,False,0,False,0,0
r48u_20260914_MARS_UDUC_float,MARS,UDUC,float,2024-07-17T00:14:30,0.197894,0.0169313,-0.271295,0.33622861445851093,14,0,0,False,0,False,0,0
r48u_20260914_MARS_UDUC_float,MARS,UDUC,float,2024-07-17T00:15:00,0.227036,0.0140158,-0.283369,0.36337278118571287,14,0,0,False,0,False,0,0
r48u_20260914_MARS_UDUC_float,MARS,UDUC,float,2024-07-17T00:15:30,0.23488,0.00396147,-0.295434,0.37744609681457947,14,0,0,False,0,False,0,0
r48u_20260914_MARS_UDUC_float,MARS,UDUC,float,2024-07-17T00:16:00,0.236454,0.00482278,-0.315184,0.39404911772382945,14,0,0,False,0,False,0,0
r48u_20260914_MARS_UDUC_float,MARS,UDUC,float,2024-07-17T00:16:30,0.233885,0.00885019,-0.305957,0.385214492117101,12,0,0,False,0,False,0,0
r48u_20260914_MARS_UDUC_float,MARS,UDUC,float,2024-07-17T00:17:00,0.222168,0.0132557,-0.307248,0.3793885439895227,12,10,0,False,0,False,0,0
r48u_20260914_MARS_UDUC_float,MARS,UDUC,float,2024-07-17T00:17:30,0.207876,0.0133208,-0.286268,0.3540328274505629,12,10,0,False,0,False,0,0
r48u_20260914_MARS_UDUC_float,MARS,UDUC,float,2024-07-17T00:18:00,0.201628,0.00635845,-0.262556,0.33110411263891376,14,10,0,False,0,False,0,0
r48u_20260914_MARS_UDUC_float,MARS,UDUC,float,2024-07-17T00:18:30,0.197265,0.00347615,-0.248706,0.3174590340182848,14,10,0,False,0,False,0,0
r48u_20260914_MARS_UDUC_float,MARS,UDUC,float,2024-07-17T00:19:00,0.159531,0.0122317,-0.234236,0.28366575073824124,12,10,0,False,0,False,0,0
r48u_20260914_MARS_UDUC_float,MARS,UDUC,float,2024-07-17T00:19:30,0.129682,0.019109,-0.210072,0.24761425683712157,12,10,0,False,0,False,0,0
r48u_20260914_MARS_UDUC_float,MARS,UDUC,float,2024-07-17T00:20:00,0.114321,0.0249638,-0.198612,0.2305194327935066,14,10,0,False,0,False,0,0
r48u_20260914_MARS_UDUC_float,MARS,UDUC,float,2024-07-17T00:20:30,0.10472,0.0262826,-0.173952,0.2047348328124943,12,12,0,False,0,False,0,0
r48u_20260914_MARS_UDUC_float,MARS,UDUC,float,2024-07-17T00:21:00,0.0867969,0.0309553,-0.160972,0.18548292975823946,14,10,0,False,0,False,0,0
r48u_20260914_MARS_UDUC_float,MARS,UDUC,float,2024-07-17T00:21:30,0.0918671,0.0312561,-0.152099,0.1804178861715767,14,12,0,False,0,False,0,0
r48u_20260914_MARS_UDUC_float,MARS,UDUC,float,2024-07-17T00:22:00,0.0912992,0.0314371,-0.137859,0.16831202885726854,12,12,0,False,0,False,0,0
r48u_20260914_MARS_UDUC_float,MARS,UDUC,float,2024-07-17T00:22:30,0.091836,0.0343177,-0.133174,0.16536888977461872,12,12,0,False,0,False,0,0
r48u_20260914_MARS_UDUC_float,MARS,UDUC,float,2024-07-17T00:23:00,0.0784825,0.0370503,-0.121416,0.1492450086010919,14,12,0,False,0,False,0,0
r48u_20260914_MARS_UDUC_float,MARS,UDUC,float,2024-07-17T00:23:30,0.0571618,0.0428082,-0.109368,0.13061918997788954,12,10,0,False,0,False,0,0
r48u_20260914_MARS_UDUC_float,MARS,UDUC,float,2024-07-17T00:24:00,0.0401194,0.0468773,-0.0959551,0.1140807991191331,14,10,0,False,0,False,0,0
r48u_20260914_MARS_UDUC_float,MARS,UDUC,float,2024-07-17T00:24:30,0.0240188,0.0496327,-0.0784341,0.09587604343911987,12,10,0,False,0,False,0,0
r48u_20260914_MARS_UDUC_float,MARS,UDUC,float,2024-07-17T00:25:00,0.00300658,0.0532961,-0.0691063,0.08732235966919584,12,10,0,False,0,False,0,0
r48u_20260914_MARS_UDUC_float,MARS,UDUC,float,2024-07-17T00:25:30,0.0109466,0.0539832,-0.0701154,0.08916380011506911,14,0,0,False,0,False,0,0
r48u_20260914_MARS_UDUC_float,MARS,UDUC,float,2024-07-17T00:26:00,0.00188126,0.0561949,-0.0631956,0.08458776379924936,12,10,0,False,0,False,0,0
r48u_20260914_MARS_UDUC_float,MARS,UDUC,float,2024-07-17T00:26:30,0.00446175,0.0580952,-0.0671241,0.0888853434313695,14,10,0,False,0,False,0,0
r48u_20260914_MARS_UDUC_float,MARS,UDUC,float,2024-07-17T00:27:00,-0.00387436,0.0617137,-0.0633609,0.0885335816620428,12,12,0,False,0,False,0,0
r48u_20260914_MARS_UDUC_float,MARS,UDUC,float,2024-07-17T00:27:30,-0.00879242,0.0668508,-0.0685899,0.09618165361495092,14,12,0,False,0,False,0,0
r48u_20260914_MARS_UDUC_float,MARS,UDUC,float,2024-07-17T00:28:00,-0.0107875,0.0707536,-0.0716421,0.10126713465690634,14,12,0,False,0,False,0,0
r48u_20260914_MARS_UDUC_float,MARS,UDUC,float,2024-07-17T00:28:30,-0.00350783,0.0716556,-0.0742882,0.10327422980545002,14,12,0,False,0,False,0,0
r48u_20260914_MARS_UDUC_float,MARS,UDUC,float,2024-07-17T00:29:00,0.00175561,0.0732623,-0.0794513,0.10808772288956826,14,12,0,False,0,False,0,0
r48u_20260914_MARS_UDUC_float,MARS,UDUC,float,2024-07-17T00:29:30,0.00822757,0.0730626,-0.0786911,0.10769459432151134,16,14,0,False,0,False,0,0
r48u_20260914_MARS_UDUC_float,MARS,UDUC,float,2024-07-17T00:30:00,0.0194424,0.071585,-0.0836817,0.11182596325384368,16,14,0,False,0,False,0,0
r48u_20260914_MARS_UDUC_round_shadow,MARS,UDUC,round_shadow,2024-07-17T00:03:00,-0.480117,0.384552,-1.67972,1.7888129731173688,14,0,0,False,0,False,0,0
r48u_20260914_MARS_UDUC_round_shadow,MARS,UDUC,round_shadow,2024-07-17T00:03:30,-0.463469,0.637239,-0.714904,1.0639383376389817,14,0,0,False,0,False,0,0
r48u_20260914_MARS_UDUC_round_shadow,MARS,UDUC,round_shadow,2024-07-17T00:04:00,-0.466184,0.477807,-0.496283,0.8318196121720142,14,0,0,False,0,False,0,0
r48u_20260914_MARS_UDUC_round_shadow,MARS,UDUC,round_shadow,2024-07-17T00:04:30,-0.430923,0.275473,-0.381733,0.6382006651101203,12,0,0,False,0,False,0,0
r48u_20260914_MARS_UDUC_round_shadow,MARS,UDUC,round_shadow,2024-07-17T00:05:00,-0.302724,0.206111,-0.0852765,0.3760261240249804,14,0,0,False,0,False,0,0
r48u_20260914_MARS_UDUC_round_shadow,MARS,UDUC,round_shadow,2024-07-17T00:05:30,-0.193988,0.141216,0.0832307,0.253969786042533,12,0,0,False,0,False,0,0
r48u_20260914_MARS_UDUC_round_shadow,MARS,UDUC,round_shadow,2024-07-17T00:06:00,-0.0925349,0.0363693,0.287543,0.30424728519659794,12,0,0,False,0,False,0,0
r48u_20260914_MARS_UDUC_round_shadow,MARS,UDUC,round_shadow,2024-07-17T00:06:30,-0.0662749,0.0525576,-0.00112066,0.08459266851569112,12,0,0,False,0,False,0,0
r48u_20260914_MARS_UDUC_round_shadow,MARS,UDUC,round_shadow,2024-07-17T00:07:00,-0.0627177,0.041836,-0.117343,0.13947451537212813,12,0,0,False,0,False,0,0
r48u_20260914_MARS_UDUC_round_shadow,MARS,UDUC,round_shadow,2024-07-17T00:07:30,-0.0651658,0.0346524,-0.240471,0.25154258517475725,12,0,0,False,0,False,0,0
r48u_20260914_MARS_UDUC_round_shadow,MARS,UDUC,round_shadow,2024-07-17T00:08:00,-0.112059,0.0136591,-0.21191,0.2401033914666971,12,0,0,False,0,False,0,0
r48u_20260914_MARS_UDUC_round_shadow,MARS,UDUC,round_shadow,2024-07-17T00:08:30,-0.140582,0.00650391,-0.252067,0.28869252165286186,12,0,0,False,0,False,0,0
r48u_20260914_MARS_UDUC_round_shadow,MARS,UDUC,round_shadow,2024-07-17T00:09:00,-0.16331,-0.00968143,-0.182254,0.24490897636233122,12,0,0,False,0,False,0,0
r48u_20260914_MARS_UDUC_round_shadow,MARS,UDUC,round_shadow,2024-07-17T00:09:30,-0.188113,-0.00262886,-0.167943,0.2521869602554811,12,0,0,False,0,False,0,0
r48u_20260914_MARS_UDUC_round_shadow,MARS,UDUC,round_shadow,2024-07-17T00:10:00,-0.184434,6.15184e-05,-0.153219,0.23977482374409856,12,0,0,False,0,False,0,0
r48u_20260914_MARS_UDUC_round_shadow,MARS,UDUC,round_shadow,2024-07-17T00:10:30,-0.147931,0.00352191,-0.124096,0.19312121019465495,12,10,1,True,0,False,0,0
r48u_20260914_MARS_UDUC_round_shadow,MARS,UDUC,round_shadow,2024-07-17T00:11:00,-0.103685,-0.00500008,-0.0779912,0.12983915935666865,12,0,0,False,0,False,0,0
r48u_20260914_MARS_UDUC_round_shadow,MARS,UDUC,round_shadow,2024-07-17T00:11:30,-0.0393312,0.00132692,-0.0782582,0.08759594669484656,12,0,0,False,0,False,0,0
r48u_20260914_MARS_UDUC_round_shadow,MARS,UDUC,round_shadow,2024-07-17T00:12:00,0.0315243,0.00689078,-0.120708,0.12494673106367529,14,0,0,False,0,False,0,0
r48u_20260914_MARS_UDUC_round_shadow,MARS,UDUC,round_shadow,2024-07-17T00:12:30,0.108283,0.00315068,-0.13879,0.17606191801029092,14,0,0,False,0,False,0,0
r48u_20260914_MARS_UDUC_round_shadow,MARS,UDUC,round_shadow,2024-07-17T00:13:00,0.137691,0.0164318,-0.164953,0.21549549355204622,14,0,0,False,0,False,0,0
r48u_20260914_MARS_UDUC_round_shadow,MARS,UDUC,round_shadow,2024-07-17T00:13:30,0.154764,0.0209627,-0.214744,0.2655302544406004,14,0,0,False,0,False,0,0
r48u_20260914_MARS_UDUC_round_shadow,MARS,UDUC,round_shadow,2024-07-17T00:14:00,0.178922,0.0180241,-0.241109,0.3007848070395345,14,0,0,False,0,False,0,0
r48u_20260914_MARS_UDUC_round_shadow,MARS,UDUC,round_shadow,2024-07-17T00:14:30,0.197894,0.0169313,-0.271295,0.33622861445851093,14,0,0,False,0,False,0,0
r48u_20260914_MARS_UDUC_round_shadow,MARS,UDUC,round_shadow,2024-07-17T00:15:00,0.227036,0.0140158,-0.283369,0.36337278118571287,14,0,0,False,0,False,0,0
r48u_20260914_MARS_UDUC_round_shadow,MARS,UDUC,round_shadow,2024-07-17T00:15:30,0.23488,0.00396147,-0.295434,0.37744609681457947,14,0,0,False,0,False,0,0
r48u_20260914_MARS_UDUC_round_shadow,MARS,UDUC,round_shadow,2024-07-17T00:16:00,0.236454,0.00482278,-0.315184,0.39404911772382945,14,0,0,False,0,False,0,0
r48u_20260914_MARS_UDUC_round_shadow,MARS,UDUC,round_shadow,2024-07-17T00:16:30,0.233885,0.00885019,-0.305957,0.385214492117101,12,0,0,False,0,False,0,0
r48u_20260914_MARS_UDUC_round_shadow,MARS,UDUC,round_shadow,2024-07-17T00:17:00,0.222168,0.0132557,-0.307248,0.3793885439895227,12,10,3,True,0,False,0,0
r48u_20260914_MARS_UDUC_round_shadow,MARS,UDUC,round_shadow,2024-07-17T00:17:30,0.207876,0.0133208,-0.286268,0.3540328274505629,12,10,3,True,0,False,0,0
r48u_20260914_MARS_UDUC_round_shadow,MARS,UDUC,round_shadow,2024-07-17T00:18:00,0.201628,0.00635845,-0.262556,0.33110411263891376,14,10,3,True,0,False,0,0
r48u_20260914_MARS_UDUC_round_shadow,MARS,UDUC,round_shadow,2024-07-17T00:18:30,0.197265,0.00347615,-0.248706,0.3174590340182848,14,10,3,True,0,False,0,0
r48u_20260914_MARS_UDUC_round_shadow,MARS,UDUC,round_shadow,2024-07-17T00:19:00,0.159531,0.0122317,-0.234236,0.28366575073824124,12,10,3,True,0,False,0,0
r48u_20260914_MARS_UDUC_round_shadow,MARS,UDUC,round_shadow,2024-07-17T00:19:30,0.129682,0.019109,-0.210072,0.24761425683712157,12,10,3,True,0,False,0,0
r48u_20260914_MARS_UDUC_round_shadow,MARS,UDUC,round_shadow,2024-07-17T00:20:00,0.114321,0.0249638,-0.198612,0.2305194327935066,14,10,3,True,0,False,0,0
r48u_20260914_MARS_UDUC_round_shadow,MARS,UDUC,round_shadow,2024-07-17T00:20:30,0.10472,0.0262826,-0.173952,0.2047348328124943,12,12,3,True,0,False,0,0
r48u_20260914_MARS_UDUC_round_shadow,MARS,UDUC,round_shadow,2024-07-17T00:21:00,0.0867969,0.0309553,-0.160972,0.18548292975823946,14,10,3,True,0,False,0,0
r48u_20260914_MARS_UDUC_round_shadow,MARS,UDUC,round_shadow,2024-07-17T00:21:30,0.0918671,0.0312561,-0.152099,0.1804178861715767,14,12,3,True,0,False,0,0
r48u_20260914_MARS_UDUC_round_shadow,MARS,UDUC,round_shadow,2024-07-17T00:22:00,0.0912992,0.0314371,-0.137859,0.16831202885726854,12,12,3,True,0,False,0,0
r48u_20260914_MARS_UDUC_round_shadow,MARS,UDUC,round_shadow,2024-07-17T00:22:30,0.091836,0.0343177,-0.133174,0.16536888977461872,12,12,3,True,0,False,0,0
r48u_20260914_MARS_UDUC_round_shadow,MARS,UDUC,round_shadow,2024-07-17T00:23:00,0.0784825,0.0370503,-0.121416,0.1492450086010919,14,12,3,True,0,False,0,0
r48u_20260914_MARS_UDUC_round_shadow,MARS,UDUC,round_shadow,2024-07-17T00:23:30,0.0571618,0.0428082,-0.109368,0.13061918997788954,12,10,3,True,0,False,0,0
r48u_20260914_MARS_UDUC_round_shadow,MARS,UDUC,round_shadow,2024-07-17T00:24:00,0.0401194,0.0468773,-0.0959551,0.1140807991191331,14,10,0,False,0,False,0,0
r48u_20260914_MARS_UDUC_round_shadow,MARS,UDUC,round_shadow,2024-07-17T00:24:30,0.0240188,0.0496327,-0.0784341,0.09587604343911987,12,10,0,False,0,False,0,0
r48u_20260914_MARS_UDUC_round_shadow,MARS,UDUC,round_shadow,2024-07-17T00:25:00,0.00300658,0.0532961,-0.0691063,0.08732235966919584,12,10,0,False,0,False,0,0
r48u_20260914_MARS_UDUC_round_shadow,MARS,UDUC,round_shadow,2024-07-17T00:25:30,0.0109466,0.0539832,-0.0701154,0.08916380011506911,14,0,0,False,0,False,0,0
r48u_20260914_MARS_UDUC_round_shadow,MARS,UDUC,round_shadow,2024-07-17T00:26:00,0.00188126,0.0561949,-0.0631956,0.08458776379924936,12,10,0,False,0,False,0,0
r48u_20260914_MARS_UDUC_round_shadow,MARS,UDUC,round_shadow,2024-07-17T00:26:30,0.00446175,0.0580952,-0.0671241,0.0888853434313695,14,10,0,False,0,False,0,0
r48u_20260914_MARS_UDUC_round_shadow,MARS,UDUC,round_shadow,2024-07-17T00:27:00,-0.00387436,0.0617137,-0.0633609,0.0885335816620428,12,12,0,False,0,False,0,0
r48u_20260914_MARS_UDUC_round_shadow,MARS,UDUC,round_shadow,2024-07-17T00:27:30,-0.00879242,0.0668508,-0.0685899,0.09618165361495092,14,12,4,True,0,False,0,0
r48u_20260914_MARS_UDUC_round_shadow,MARS,UDUC,round_shadow,2024-07-17T00:28:00,-0.0107875,0.0707536,-0.0716421,0.10126713465690634,14,12,4,True,0,False,0,0
r48u_20260914_MARS_UDUC_round_shadow,MARS,UDUC,round_shadow,2024-07-17T00:28:30,-0.00350783,0.0716556,-0.0742882,0.10327422980545002,14,12,4,True,0,False,0,0
r48u_20260914_MARS_UDUC_round_shadow,MARS,UDUC,round_shadow,2024-07-17T00:29:00,0.00175561,0.0732623,-0.0794513,0.10808772288956826,14,12,4,True,0,False,0,0
r48u_20260914_MARS_UDUC_round_shadow,MARS,UDUC,round_shadow,2024-07-17T00:29:30,0.00822757,0.0730626,-0.0786911,0.10769459432151134,16,14,4,True,0,False,0,0
r48u_20260914_MARS_UDUC_round_shadow,MARS,UDUC,round_shadow,2024-07-17T00:30:00,0.0194424,0.071585,-0.0836817,0.11182596325384368,16,14,4,True,0,False,0,0
r48u_20260914_MARS_UDUC_round_feedback,MARS,UDUC,round_feedback,2024-07-17T00:03:00,-0.480117,0.384552,-1.67972,1.7888129731173688,14,0,0,False,0,False,0,0
r48u_20260914_MARS_UDUC_round_feedback,MARS,UDUC,round_feedback,2024-07-17T00:03:30,-0.463469,0.637239,-0.714904,1.0639383376389817,14,0,0,False,0,False,0,0
r48u_20260914_MARS_UDUC_round_feedback,MARS,UDUC,round_feedback,2024-07-17T00:04:00,-0.466184,0.477807,-0.496283,0.8318196121720142,14,0,0,False,0,False,0,0
r48u_20260914_MARS_UDUC_round_feedback,MARS,UDUC,round_feedback,2024-07-17T00:04:30,-0.430923,0.275473,-0.381733,0.6382006651101203,12,0,0,False,0,False,0,0
r48u_20260914_MARS_UDUC_round_feedback,MARS,UDUC,round_feedback,2024-07-17T00:05:00,-0.302724,0.206111,-0.0852765,0.3760261240249804,14,0,0,False,0,False,0,0
r48u_20260914_MARS_UDUC_round_feedback,MARS,UDUC,round_feedback,2024-07-17T00:05:30,-0.193988,0.141216,0.0832307,0.253969786042533,12,0,0,False,0,False,0,0
r48u_20260914_MARS_UDUC_round_feedback,MARS,UDUC,round_feedback,2024-07-17T00:06:00,-0.0925349,0.0363693,0.287543,0.30424728519659794,12,0,0,False,0,False,0,0
r48u_20260914_MARS_UDUC_round_feedback,MARS,UDUC,round_feedback,2024-07-17T00:06:30,-0.0662749,0.0525576,-0.00112066,0.08459266851569112,12,0,0,False,0,False,0,0
r48u_20260914_MARS_UDUC_round_feedback,MARS,UDUC,round_feedback,2024-07-17T00:07:00,-0.0627177,0.041836,-0.117343,0.13947451537212813,12,0,0,False,0,False,0,0
r48u_20260914_MARS_UDUC_round_feedback,MARS,UDUC,round_feedback,2024-07-17T00:07:30,-0.0651658,0.0346524,-0.240471,0.25154258517475725,12,0,0,False,0,False,0,0
r48u_20260914_MARS_UDUC_round_feedback,MARS,UDUC,round_feedback,2024-07-17T00:08:00,-0.112059,0.0136591,-0.21191,0.2401033914666971,12,0,0,False,0,False,0,0
r48u_20260914_MARS_UDUC_round_feedback,MARS,UDUC,round_feedback,2024-07-17T00:08:30,-0.140582,0.00650391,-0.252067,0.28869252165286186,12,0,0,False,0,False,0,0
r48u_20260914_MARS_UDUC_round_feedback,MARS,UDUC,round_feedback,2024-07-17T00:09:00,-0.16331,-0.00968143,-0.182254,0.24490897636233122,12,0,0,False,0,False,0,0
r48u_20260914_MARS_UDUC_round_feedback,MARS,UDUC,round_feedback,2024-07-17T00:09:30,-0.188113,-0.00262886,-0.167943,0.2521869602554811,12,0,0,False,0,False,0,0
r48u_20260914_MARS_UDUC_round_feedback,MARS,UDUC,round_feedback,2024-07-17T00:10:00,-0.184434,6.15184e-05,-0.153219,0.23977482374409856,12,0,0,False,0,False,0,0
r48u_20260914_MARS_UDUC_round_feedback,MARS,UDUC,round_feedback,2024-07-17T00:10:30,-0.187595,0.00722407,-0.109916,0.21754447423082227,12,10,1,True,0,False,1,1
r48u_20260914_MARS_UDUC_ils_shadow,MARS,UDUC,ils_shadow,2024-07-17T00:03:00,-0.480117,0.384552,-1.67972,1.7888129731173688,14,0,0,False,0,False,0,0
r48u_20260914_MARS_UDUC_ils_shadow,MARS,UDUC,ils_shadow,2024-07-17T00:03:30,-0.463469,0.637239,-0.714904,1.0639383376389817,14,0,0,False,0,False,0,0
r48u_20260914_MARS_UDUC_ils_shadow,MARS,UDUC,ils_shadow,2024-07-17T00:04:00,-0.466184,0.477807,-0.496283,0.8318196121720142,14,0,0,False,0,False,0,0
r48u_20260914_MARS_UDUC_ils_shadow,MARS,UDUC,ils_shadow,2024-07-17T00:04:30,-0.430923,0.275473,-0.381733,0.6382006651101203,12,0,0,False,0,False,0,0
r48u_20260914_MARS_UDUC_ils_shadow,MARS,UDUC,ils_shadow,2024-07-17T00:05:00,-0.302724,0.206111,-0.0852765,0.3760261240249804,14,0,0,False,0,False,0,0
r48u_20260914_MARS_UDUC_ils_shadow,MARS,UDUC,ils_shadow,2024-07-17T00:05:30,-0.193988,0.141216,0.0832307,0.253969786042533,12,0,0,False,0,False,0,0
r48u_20260914_MARS_UDUC_ils_shadow,MARS,UDUC,ils_shadow,2024-07-17T00:06:00,-0.0925349,0.0363693,0.287543,0.30424728519659794,12,0,0,False,0,False,0,0
r48u_20260914_MARS_UDUC_ils_shadow,MARS,UDUC,ils_shadow,2024-07-17T00:06:30,-0.0662749,0.0525576,-0.00112066,0.08459266851569112,12,0,0,False,0,False,0,0
r48u_20260914_MARS_UDUC_ils_shadow,MARS,UDUC,ils_shadow,2024-07-17T00:07:00,-0.0627177,0.041836,-0.117343,0.13947451537212813,12,0,0,False,0,False,0,0
r48u_20260914_MARS_UDUC_ils_shadow,MARS,UDUC,ils_shadow,2024-07-17T00:07:30,-0.0651658,0.0346524,-0.240471,0.25154258517475725,12,0,0,False,0,False,0,0
r48u_20260914_MARS_UDUC_ils_shadow,MARS,UDUC,ils_shadow,2024-07-17T00:08:00,-0.112059,0.0136591,-0.21191,0.2401033914666971,12,0,0,False,0,False,0,0
r48u_20260914_MARS_UDUC_ils_shadow,MARS,UDUC,ils_shadow,2024-07-17T00:08:30,-0.140582,0.00650391,-0.252067,0.28869252165286186,12,0,0,False,0,False,0,0
r48u_20260914_MARS_UDUC_ils_shadow,MARS,UDUC,ils_shadow,2024-07-17T00:09:00,-0.16331,-0.00968143,-0.182254,0.24490897636233122,12,0,0,False,0,False,0,0
r48u_20260914_MARS_UDUC_ils_shadow,MARS,UDUC,ils_shadow,2024-07-17T00:09:30,-0.188113,-0.00262886,-0.167943,0.2521869602554811,12,0,0,False,0,False,0,0
r48u_20260914_MARS_UDUC_ils_shadow,MARS,UDUC,ils_shadow,2024-07-17T00:10:00,-0.184434,6.15184e-05,-0.153219,0.23977482374409856,12,0,0,False,0,False,0,0
r48u_20260914_MARS_UDUC_ils_feedback,MARS,UDUC,ils_feedback,2024-07-17T00:03:00,-0.480117,0.384552,-1.67972,1.7888129731173688,14,0,0,False,0,False,0,0
r48u_20260914_MARS_UDUC_ils_feedback,MARS,UDUC,ils_feedback,2024-07-17T00:03:30,-0.463469,0.637239,-0.714904,1.0639383376389817,14,0,0,False,0,False,0,0
r48u_20260914_MARS_UDUC_ils_feedback,MARS,UDUC,ils_feedback,2024-07-17T00:04:00,-0.466184,0.477807,-0.496283,0.8318196121720142,14,0,0,False,0,False,0,0
r48u_20260914_MARS_UDUC_ils_feedback,MARS,UDUC,ils_feedback,2024-07-17T00:04:30,-0.430923,0.275473,-0.381733,0.6382006651101203,12,0,0,False,0,False,0,0
r48u_20260914_MARS_UDUC_ils_feedback,MARS,UDUC,ils_feedback,2024-07-17T00:05:00,-0.302724,0.206111,-0.0852765,0.3760261240249804,14,0,0,False,0,False,0,0
r48u_20260914_MARS_UDUC_ils_feedback,MARS,UDUC,ils_feedback,2024-07-17T00:05:30,-0.193988,0.141216,0.0832307,0.253969786042533,12,0,0,False,0,False,0,0
r48u_20260914_MARS_UDUC_ils_feedback,MARS,UDUC,ils_feedback,2024-07-17T00:06:00,-0.0925349,0.0363693,0.287543,0.30424728519659794,12,0,0,False,0,False,0,0
r48u_20260914_MARS_UDUC_ils_feedback,MARS,UDUC,ils_feedback,2024-07-17T00:06:30,-0.0662749,0.0525576,-0.00112066,0.08459266851569112,12,0,0,False,0,False,0,0
r48u_20260914_MARS_UDUC_ils_feedback,MARS,UDUC,ils_feedback,2024-07-17T00:07:00,-0.0627177,0.041836,-0.117343,0.13947451537212813,12,0,0,False,0,False,0,0
r48u_20260914_MARS_UDUC_ils_feedback,MARS,UDUC,ils_feedback,2024-07-17T00:07:30,-0.0651658,0.0346524,-0.240471,0.25154258517475725,12,0,0,False,0,False,0,0
r48u_20260914_MARS_UDUC_ils_feedback,MARS,UDUC,ils_feedback,2024-07-17T00:08:00,-0.112059,0.0136591,-0.21191,0.2401033914666971,12,0,0,False,0,False,0,0
r48u_20260914_MARS_UDUC_ils_feedback,MARS,UDUC,ils_feedback,2024-07-17T00:08:30,-0.140582,0.00650391,-0.252067,0.28869252165286186,12,0,0,False,0,False,0,0
r48u_20260914_MARS_UDUC_ils_feedback,MARS,UDUC,ils_feedback,2024-07-17T00:09:00,-0.16331,-0.00968143,-0.182254,0.24490897636233122,12,0,0,False,0,False,0,0
r48u_20260914_MARS_UDUC_ils_feedback,MARS,UDUC,ils_feedback,2024-07-17T00:09:30,-0.188113,-0.00262886,-0.167943,0.2521869602554811,12,0,0,False,0,False,0,0
r48u_20260914_MARS_UDUC_ils_feedback,MARS,UDUC,ils_feedback,2024-07-17T00:10:00,-0.184434,6.15184e-05,-0.153219,0.23977482374409856,12,0,0,False,0,False,0,0
r48u_20260914_JPLM_UDUC_float,JPLM,UDUC,float,2024-07-17T00:03:00,-1.12202,-0.186988,-4.77814,4.911671329816766,12,0,0,False,0,False,0,0
r48u_20260914_JPLM_UDUC_float,JPLM,UDUC,float,2024-07-17T00:03:30,-0.073835,0.353801,0.0100993,0.3615643105817967,12,0,0,False,0,False,0,0
r48u_20260914_JPLM_UDUC_float,JPLM,UDUC,float,2024-07-17T00:04:00,-0.163584,0.170548,0.101987,0.25738627300032924,12,0,0,False,0,False,0,0
r48u_20260914_JPLM_UDUC_float,JPLM,UDUC,float,2024-07-17T00:04:30,-0.244173,0.0322141,0.00595483,0.24636083732634717,12,0,0,False,0,False,0,0
r48u_20260914_JPLM_UDUC_float,JPLM,UDUC,float,2024-07-17T00:05:00,-0.212929,0.0253432,0.20149,0.29424353336520415,12,0,0,False,0,False,0,0
r48u_20260914_JPLM_UDUC_float,JPLM,UDUC,float,2024-07-17T00:05:30,-0.210031,-0.00146533,0.0740064,0.22269287234657714,12,0,0,False,0,False,0,0
r48u_20260914_JPLM_UDUC_float,JPLM,UDUC,float,2024-07-17T00:06:00,-0.217554,0.00312964,-0.173759,0.2784451968404727,12,0,0,False,0,False,0,0
r48u_20260914_JPLM_UDUC_float,JPLM,UDUC,float,2024-07-17T00:06:30,-0.139884,-0.0233959,-0.189976,0.23707758681243996,12,0,0,False,0,False,0,0
r48u_20260914_JPLM_UDUC_float,JPLM,UDUC,float,2024-07-17T00:07:00,-0.0972469,-0.0272855,-0.130524,0.16503930636627143,12,0,0,False,0,False,0,0
r48u_20260914_JPLM_UDUC_float,JPLM,UDUC,float,2024-07-17T00:07:30,-0.041544,-0.00971605,-0.0576132,0.0716909086135927,12,0,0,False,0,False,0,0
r48u_20260914_JPLM_UDUC_float,JPLM,UDUC,float,2024-07-17T00:08:00,-0.059686,-0.00236437,-0.0287763,0.0663029734113554,12,0,0,False,0,False,0,0
r48u_20260914_JPLM_UDUC_float,JPLM,UDUC,float,2024-07-17T00:08:30,-0.0527527,-0.00395872,-0.030945,0.06128712626913094,12,0,0,False,0,False,0,0
r48u_20260914_JPLM_UDUC_float,JPLM,UDUC,float,2024-07-17T00:09:00,-0.024138,0.0035007,-0.0663773,0.0707166451394578,12,0,0,False,0,False,0,0
r48u_20260914_JPLM_UDUC_float,JPLM,UDUC,float,2024-07-17T00:09:30,0.044699,0.00705944,-0.108578,0.11763085640304417,12,0,0,False,0,False,0,0
r48u_20260914_JPLM_UDUC_float,JPLM,UDUC,float,2024-07-17T00:10:00,0.0805728,0.0112282,-0.183906,0.2010956623378038,12,0,0,False,0,False,0,0
r48u_20260914_JPLM_UDUC_float,JPLM,UDUC,float,2024-07-17T00:10:30,0.115308,-0.001006,-0.248519,0.2739683198127112,12,0,0,False,0,False,0,0
r48u_20260914_JPLM_UDUC_float,JPLM,UDUC,float,2024-07-17T00:11:00,0.115768,-0.00793604,-0.315025,0.33571708502827435,12,0,0,False,0,False,0,0
r48u_20260914_JPLM_UDUC_float,JPLM,UDUC,float,2024-07-17T00:11:30,0.114445,-0.0103849,-0.352538,0.37079447894623513,12,4,0,False,0,False,0,0
r48u_20260914_JPLM_UDUC_float,JPLM,UDUC,float,2024-07-17T00:12:00,0.116917,-0.0129839,-0.360658,0.37935782516274785,12,4,0,False,0,False,0,0
r48u_20260914_JPLM_UDUC_float,JPLM,UDUC,float,2024-07-17T00:12:30,0.132786,-0.0133925,-0.391369,0.41349870013489765,12,4,0,False,0,False,0,0
r48u_20260914_JPLM_UDUC_float,JPLM,UDUC,float,2024-07-17T00:13:00,0.137581,-0.0104348,-0.399623,0.4227717572651229,12,4,0,False,0,False,0,0
r48u_20260914_JPLM_UDUC_float,JPLM,UDUC,float,2024-07-17T00:13:30,0.145914,-0.00977872,-0.39072,0.41719136755311514,12,4,0,False,0,False,0,0
r48u_20260914_JPLM_UDUC_float,JPLM,UDUC,float,2024-07-17T00:14:00,0.138355,-0.0112571,-0.368734,0.3939969429848536,12,4,0,False,0,False,0,0
r48u_20260914_JPLM_UDUC_float,JPLM,UDUC,float,2024-07-17T00:14:30,0.131338,-0.0140239,-0.340931,0.36562314857816375,12,4,0,False,0,False,0,0
r48u_20260914_JPLM_UDUC_float,JPLM,UDUC,float,2024-07-17T00:15:00,0.132464,-0.0134485,-0.334824,0.3603258031618746,12,4,0,False,0,False,0,0
r48u_20260914_JPLM_UDUC_float,JPLM,UDUC,float,2024-07-17T00:15:30,0.12539,-0.00835632,-0.339151,0.36168478124596615,12,4,0,False,0,False,0,0
r48u_20260914_JPLM_UDUC_float,JPLM,UDUC,float,2024-07-17T00:16:00,0.1247,-0.00500732,-0.330921,0.35367198290871504,12,4,0,False,0,False,0,0
r48u_20260914_JPLM_UDUC_float,JPLM,UDUC,float,2024-07-17T00:16:30,0.121102,-0.00331243,-0.313713,0.33629230286389983,12,4,0,False,0,False,0,0
r48u_20260914_JPLM_UDUC_float,JPLM,UDUC,float,2024-07-17T00:17:00,0.13829,-0.000374522,-0.307802,0.3374408623310587,12,6,0,False,0,False,0,0
r48u_20260914_JPLM_UDUC_float,JPLM,UDUC,float,2024-07-17T00:17:30,0.164558,0.000761407,-0.290733,0.33407423186115337,12,6,0,False,0,False,0,0
r48u_20260914_JPLM_UDUC_float,JPLM,UDUC,float,2024-07-17T00:18:00,0.17915,0.00505405,-0.274313,0.32767039519981433,12,6,0,False,0,False,0,0
r48u_20260914_JPLM_UDUC_float,JPLM,UDUC,float,2024-07-17T00:18:30,0.195652,0.00660701,-0.25744,0.3234172402410547,12,6,0,False,0,False,0,0
r48u_20260914_JPLM_UDUC_float,JPLM,UDUC,float,2024-07-17T00:19:00,0.212684,0.0073513,-0.236739,0.3183298283049988,14,8,0,False,0,False,0,0
r48u_20260914_JPLM_UDUC_float,JPLM,UDUC,float,2024-07-17T00:19:30,0.231842,0.00491388,-0.212306,0.31440212597349654,14,8,0,False,0,False,0,0
r48u_20260914_JPLM_UDUC_float,JPLM,UDUC,float,2024-07-17T00:20:00,0.24473,0.003969,-0.204594,0.3190097658332735,14,8,0,False,0,False,0,0
r48u_20260914_JPLM_UDUC_float,JPLM,UDUC,float,2024-07-17T00:20:30,0.259912,0.00397568,-0.189043,0.32141454482406734,14,8,0,False,0,False,0,0
r48u_20260914_JPLM_UDUC_float,JPLM,UDUC,float,2024-07-17T00:21:00,0.26325,0.00524354,-0.171656,0.31431487325249435,14,8,0,False,0,False,0,0
r48u_20260914_JPLM_UDUC_float,JPLM,UDUC,float,2024-07-17T00:21:30,0.257893,0.00782985,-0.156573,0.3018032642782753,14,8,0,False,0,False,0,0
r48u_20260914_JPLM_UDUC_float,JPLM,UDUC,float,2024-07-17T00:22:00,0.252755,0.00905816,-0.134717,0.28655856360713705,14,8,0,False,0,False,0,0
r48u_20260914_JPLM_UDUC_float,JPLM,UDUC,float,2024-07-17T00:22:30,0.247879,0.0101198,-0.121871,0.27640359916983714,14,8,0,False,0,False,0,0
r48u_20260914_JPLM_UDUC_float,JPLM,UDUC,float,2024-07-17T00:23:00,0.236994,0.0120499,-0.112702,0.26270343912863037,14,8,0,False,0,False,0,0
r48u_20260914_JPLM_UDUC_float,JPLM,UDUC,float,2024-07-17T00:23:30,0.223199,0.0141407,-0.106923,0.2478916717570197,12,6,0,False,0,False,0,0
r48u_20260914_JPLM_UDUC_float,JPLM,UDUC,float,2024-07-17T00:24:00,0.208139,0.0151264,-0.0945369,0.2291023281408768,14,8,0,False,0,False,0,0
r48u_20260914_JPLM_UDUC_float,JPLM,UDUC,float,2024-07-17T00:24:30,0.195959,0.0156297,-0.0830586,0.21340793855208384,14,8,0,False,0,False,0,0
r48u_20260914_JPLM_UDUC_float,JPLM,UDUC,float,2024-07-17T00:25:00,0.184167,0.0149583,-0.0706957,0.19783608524831864,14,8,0,False,0,False,0,0
r48u_20260914_JPLM_UDUC_float,JPLM,UDUC,float,2024-07-17T00:25:30,0.170687,0.0146797,-0.0590327,0.1812026634196639,14,6,0,False,0,False,0,0
r48u_20260914_JPLM_UDUC_float,JPLM,UDUC,float,2024-07-17T00:26:00,0.153723,0.0153256,-0.0531543,0.16337384843618638,14,8,0,False,0,False,0,0
r48u_20260914_JPLM_UDUC_float,JPLM,UDUC,float,2024-07-17T00:26:30,0.137981,0.0155577,-0.0470306,0.14660380529389405,14,8,0,False,0,False,0,0
r48u_20260914_JPLM_UDUC_float,JPLM,UDUC,float,2024-07-17T00:27:00,0.12415,0.0162152,-0.0453802,0.13317476398732606,14,6,0,False,0,False,0,0
r48u_20260914_JPLM_UDUC_float,JPLM,UDUC,float,2024-07-17T00:27:30,0.108801,0.0172073,-0.0445139,0.11880755896617017,14,6,0,False,0,False,0,0
r48u_20260914_JPLM_UDUC_float,JPLM,UDUC,float,2024-07-17T00:28:00,0.10003,0.0175017,-0.0434359,0.11044902811568783,14,6,0,False,0,False,0,0
r48u_20260914_JPLM_UDUC_float,JPLM,UDUC,float,2024-07-17T00:28:30,0.0901689,0.0176508,-0.0460727,0.10278460465040472,14,8,0,False,0,False,0,0
r48u_20260914_JPLM_UDUC_float,JPLM,UDUC,float,2024-07-17T00:29:00,0.0809404,0.0182141,-0.0447349,0.09425663408471575,14,8,0,False,0,False,0,0
r48u_20260914_JPLM_UDUC_float,JPLM,UDUC,float,2024-07-17T00:29:30,0.0703179,0.0184522,-0.0435905,0.08476569138218598,14,8,0,False,0,False,0,0
r48u_20260914_JPLM_UDUC_float,JPLM,UDUC,float,2024-07-17T00:30:00,0.0604759,0.019082,-0.042529,0.07635556984143331,14,8,0,False,0,False,0,0
r48u_20260914_JPLM_UDUC_round_shadow,JPLM,UDUC,round_shadow,2024-07-17T00:03:00,-1.12202,-0.186988,-4.77814,4.911671329816766,12,0,0,False,0,False,0,0
r48u_20260914_JPLM_UDUC_round_shadow,JPLM,UDUC,round_shadow,2024-07-17T00:03:30,-0.073835,0.353801,0.0100993,0.3615643105817967,12,0,0,False,0,False,0,0
r48u_20260914_JPLM_UDUC_round_shadow,JPLM,UDUC,round_shadow,2024-07-17T00:04:00,-0.163584,0.170548,0.101987,0.25738627300032924,12,0,0,False,0,False,0,0
r48u_20260914_JPLM_UDUC_round_shadow,JPLM,UDUC,round_shadow,2024-07-17T00:04:30,-0.244173,0.0322141,0.00595483,0.24636083732634717,12,0,0,False,0,False,0,0
r48u_20260914_JPLM_UDUC_round_shadow,JPLM,UDUC,round_shadow,2024-07-17T00:05:00,-0.212929,0.0253432,0.20149,0.29424353336520415,12,0,0,False,0,False,0,0
r48u_20260914_JPLM_UDUC_round_shadow,JPLM,UDUC,round_shadow,2024-07-17T00:05:30,-0.210031,-0.00146533,0.0740064,0.22269287234657714,12,0,0,False,0,False,0,0
r48u_20260914_JPLM_UDUC_round_shadow,JPLM,UDUC,round_shadow,2024-07-17T00:06:00,-0.217554,0.00312964,-0.173759,0.2784451968404727,12,0,0,False,0,False,0,0
r48u_20260914_JPLM_UDUC_round_shadow,JPLM,UDUC,round_shadow,2024-07-17T00:06:30,-0.139884,-0.0233959,-0.189976,0.23707758681243996,12,0,0,False,0,False,0,0
r48u_20260914_JPLM_UDUC_round_shadow,JPLM,UDUC,round_shadow,2024-07-17T00:07:00,-0.0972469,-0.0272855,-0.130524,0.16503930636627143,12,0,0,False,0,False,0,0
r48u_20260914_JPLM_UDUC_round_shadow,JPLM,UDUC,round_shadow,2024-07-17T00:07:30,-0.041544,-0.00971605,-0.0576132,0.0716909086135927,12,0,0,False,0,False,0,0
r48u_20260914_JPLM_UDUC_round_shadow,JPLM,UDUC,round_shadow,2024-07-17T00:08:00,-0.059686,-0.00236437,-0.0287763,0.0663029734113554,12,0,0,False,0,False,0,0
r48u_20260914_JPLM_UDUC_round_shadow,JPLM,UDUC,round_shadow,2024-07-17T00:08:30,-0.0527527,-0.00395872,-0.030945,0.06128712626913094,12,0,0,False,0,False,0,0
r48u_20260914_JPLM_UDUC_round_shadow,JPLM,UDUC,round_shadow,2024-07-17T00:09:00,-0.024138,0.0035007,-0.0663773,0.0707166451394578,12,0,0,False,0,False,0,0
r48u_20260914_JPLM_UDUC_round_shadow,JPLM,UDUC,round_shadow,2024-07-17T00:09:30,0.044699,0.00705944,-0.108578,0.11763085640304417,12,0,0,False,0,False,0,0
r48u_20260914_JPLM_UDUC_round_shadow,JPLM,UDUC,round_shadow,2024-07-17T00:10:00,0.0805728,0.0112282,-0.183906,0.2010956623378038,12,0,0,False,0,False,0,0
r48u_20260914_JPLM_UDUC_round_shadow,JPLM,UDUC,round_shadow,2024-07-17T00:10:30,0.115308,-0.001006,-0.248519,0.2739683198127112,12,0,0,False,0,False,0,0
r48u_20260914_JPLM_UDUC_round_shadow,JPLM,UDUC,round_shadow,2024-07-17T00:11:00,0.115768,-0.00793604,-0.315025,0.33571708502827435,12,0,0,False,0,False,0,0
r48u_20260914_JPLM_UDUC_round_shadow,JPLM,UDUC,round_shadow,2024-07-17T00:11:30,0.114445,-0.0103849,-0.352538,0.37079447894623513,12,4,0,False,0,False,0,0
r48u_20260914_JPLM_UDUC_round_shadow,JPLM,UDUC,round_shadow,2024-07-17T00:12:00,0.116917,-0.0129839,-0.360658,0.37935782516274785,12,4,1,True,0,False,0,0
r48u_20260914_JPLM_UDUC_round_shadow,JPLM,UDUC,round_shadow,2024-07-17T00:12:30,0.132786,-0.0133925,-0.391369,0.41349870013489765,12,4,1,True,0,False,0,0
r48u_20260914_JPLM_UDUC_round_shadow,JPLM,UDUC,round_shadow,2024-07-17T00:13:00,0.137581,-0.0104348,-0.399623,0.4227717572651229,12,4,1,True,0,False,0,0
r48u_20260914_JPLM_UDUC_round_shadow,JPLM,UDUC,round_shadow,2024-07-17T00:13:30,0.145914,-0.00977872,-0.39072,0.41719136755311514,12,4,1,True,0,False,0,0
r48u_20260914_JPLM_UDUC_round_shadow,JPLM,UDUC,round_shadow,2024-07-17T00:14:00,0.138355,-0.0112571,-0.368734,0.3939969429848536,12,4,1,True,0,False,0,0
r48u_20260914_JPLM_UDUC_round_shadow,JPLM,UDUC,round_shadow,2024-07-17T00:14:30,0.131338,-0.0140239,-0.340931,0.36562314857816375,12,4,1,True,0,False,0,0
r48u_20260914_JPLM_UDUC_round_shadow,JPLM,UDUC,round_shadow,2024-07-17T00:15:00,0.132464,-0.0134485,-0.334824,0.3603258031618746,12,4,1,True,0,False,0,0
r48u_20260914_JPLM_UDUC_round_shadow,JPLM,UDUC,round_shadow,2024-07-17T00:15:30,0.12539,-0.00835632,-0.339151,0.36168478124596615,12,4,1,True,0,False,0,0
r48u_20260914_JPLM_UDUC_round_shadow,JPLM,UDUC,round_shadow,2024-07-17T00:16:00,0.1247,-0.00500732,-0.330921,0.35367198290871504,12,4,1,True,0,False,0,0
r48u_20260914_JPLM_UDUC_round_shadow,JPLM,UDUC,round_shadow,2024-07-17T00:16:30,0.121102,-0.00331243,-0.313713,0.33629230286389983,12,4,1,True,0,False,0,0
r48u_20260914_JPLM_UDUC_round_shadow,JPLM,UDUC,round_shadow,2024-07-17T00:17:00,0.13829,-0.000374522,-0.307802,0.3374408623310587,12,6,2,True,0,False,0,0
r48u_20260914_JPLM_UDUC_round_shadow,JPLM,UDUC,round_shadow,2024-07-17T00:17:30,0.164558,0.000761407,-0.290733,0.33407423186115337,12,6,2,True,0,False,0,0
r48u_20260914_JPLM_UDUC_round_shadow,JPLM,UDUC,round_shadow,2024-07-17T00:18:00,0.17915,0.00505405,-0.274313,0.32767039519981433,12,6,2,True,0,False,0,0
r48u_20260914_JPLM_UDUC_round_shadow,JPLM,UDUC,round_shadow,2024-07-17T00:18:30,0.195652,0.00660701,-0.25744,0.3234172402410547,12,6,2,True,0,False,0,0
r48u_20260914_JPLM_UDUC_round_shadow,JPLM,UDUC,round_shadow,2024-07-17T00:19:00,0.212684,0.0073513,-0.236739,0.3183298283049988,14,8,2,True,0,False,0,0
r48u_20260914_JPLM_UDUC_round_shadow,JPLM,UDUC,round_shadow,2024-07-17T00:19:30,0.231842,0.00491388,-0.212306,0.31440212597349654,14,8,2,True,0,False,0,0
r48u_20260914_JPLM_UDUC_round_shadow,JPLM,UDUC,round_shadow,2024-07-17T00:20:00,0.24473,0.003969,-0.204594,0.3190097658332735,14,8,2,True,0,False,0,0
r48u_20260914_JPLM_UDUC_round_shadow,JPLM,UDUC,round_shadow,2024-07-17T00:20:30,0.259912,0.00397568,-0.189043,0.32141454482406734,14,8,2,True,0,False,0,0
r48u_20260914_JPLM_UDUC_round_shadow,JPLM,UDUC,round_shadow,2024-07-17T00:21:00,0.26325,0.00524354,-0.171656,0.31431487325249435,14,8,2,True,0,False,0,0
r48u_20260914_JPLM_UDUC_round_shadow,JPLM,UDUC,round_shadow,2024-07-17T00:21:30,0.257893,0.00782985,-0.156573,0.3018032642782753,14,8,2,True,0,False,0,0
r48u_20260914_JPLM_UDUC_round_shadow,JPLM,UDUC,round_shadow,2024-07-17T00:22:00,0.252755,0.00905816,-0.134717,0.28655856360713705,14,8,2,True,0,False,0,0
r48u_20260914_JPLM_UDUC_round_shadow,JPLM,UDUC,round_shadow,2024-07-17T00:22:30,0.247879,0.0101198,-0.121871,0.27640359916983714,14,8,2,True,0,False,0,0
r48u_20260914_JPLM_UDUC_round_shadow,JPLM,UDUC,round_shadow,2024-07-17T00:23:00,0.236994,0.0120499,-0.112702,0.26270343912863037,14,8,2,True,0,False,0,0
r48u_20260914_JPLM_UDUC_round_shadow,JPLM,UDUC,round_shadow,2024-07-17T00:23:30,0.223199,0.0141407,-0.106923,0.2478916717570197,12,6,2,True,0,False,0,0
r48u_20260914_JPLM_UDUC_round_shadow,JPLM,UDUC,round_shadow,2024-07-17T00:24:00,0.208139,0.0151264,-0.0945369,0.2291023281408768,14,8,2,True,0,False,0,0
r48u_20260914_JPLM_UDUC_round_shadow,JPLM,UDUC,round_shadow,2024-07-17T00:24:30,0.195959,0.0156297,-0.0830586,0.21340793855208384,14,8,2,True,0,False,0,0
r48u_20260914_JPLM_UDUC_round_shadow,JPLM,UDUC,round_shadow,2024-07-17T00:25:00,0.184167,0.0149583,-0.0706957,0.19783608524831864,14,8,2,True,0,False,0,0
r48u_20260914_JPLM_UDUC_round_shadow,JPLM,UDUC,round_shadow,2024-07-17T00:25:30,0.170687,0.0146797,-0.0590327,0.1812026634196639,14,6,1,True,0,False,0,0
r48u_20260914_JPLM_UDUC_round_shadow,JPLM,UDUC,round_shadow,2024-07-17T00:26:00,0.153723,0.0153256,-0.0531543,0.16337384843618638,14,8,2,True,0,False,0,0
r48u_20260914_JPLM_UDUC_round_shadow,JPLM,UDUC,round_shadow,2024-07-17T00:26:30,0.137981,0.0155577,-0.0470306,0.14660380529389405,14,8,2,True,0,False,0,0
r48u_20260914_JPLM_UDUC_round_shadow,JPLM,UDUC,round_shadow,2024-07-17T00:27:00,0.12415,0.0162152,-0.0453802,0.13317476398732606,14,6,1,True,0,False,0,0
r48u_20260914_JPLM_UDUC_round_shadow,JPLM,UDUC,round_shadow,2024-07-17T00:27:30,0.108801,0.0172073,-0.0445139,0.11880755896617017,14,6,1,True,0,False,0,0
r48u_20260914_JPLM_UDUC_round_shadow,JPLM,UDUC,round_shadow,2024-07-17T00:28:00,0.10003,0.0175017,-0.0434359,0.11044902811568783,14,6,1,True,0,False,0,0
r48u_20260914_JPLM_UDUC_round_shadow,JPLM,UDUC,round_shadow,2024-07-17T00:28:30,0.0901689,0.0176508,-0.0460727,0.10278460465040472,14,8,2,True,0,False,0,0
r48u_20260914_JPLM_UDUC_round_shadow,JPLM,UDUC,round_shadow,2024-07-17T00:29:00,0.0809404,0.0182141,-0.0447349,0.09425663408471575,14,8,2,True,0,False,0,0
r48u_20260914_JPLM_UDUC_round_shadow,JPLM,UDUC,round_shadow,2024-07-17T00:29:30,0.0703179,0.0184522,-0.0435905,0.08476569138218598,14,8,2,True,0,False,0,0
r48u_20260914_JPLM_UDUC_round_shadow,JPLM,UDUC,round_shadow,2024-07-17T00:30:00,0.0604759,0.019082,-0.042529,0.07635556984143331,14,8,2,True,0,False,0,0
r48u_20260914_JPLM_UDUC_round_feedback,JPLM,UDUC,round_feedback,2024-07-17T00:03:00,-1.12202,-0.186988,-4.77814,4.911671329816766,12,0,0,False,0,False,0,0
r48u_20260914_JPLM_UDUC_round_feedback,JPLM,UDUC,round_feedback,2024-07-17T00:03:30,-0.073835,0.353801,0.0100993,0.3615643105817967,12,0,0,False,0,False,0,0
r48u_20260914_JPLM_UDUC_round_feedback,JPLM,UDUC,round_feedback,2024-07-17T00:04:00,-0.163584,0.170548,0.101987,0.25738627300032924,12,0,0,False,0,False,0,0
r48u_20260914_JPLM_UDUC_round_feedback,JPLM,UDUC,round_feedback,2024-07-17T00:04:30,-0.244173,0.0322141,0.00595483,0.24636083732634717,12,0,0,False,0,False,0,0
r48u_20260914_JPLM_UDUC_round_feedback,JPLM,UDUC,round_feedback,2024-07-17T00:05:00,-0.212929,0.0253432,0.20149,0.29424353336520415,12,0,0,False,0,False,0,0
r48u_20260914_JPLM_UDUC_round_feedback,JPLM,UDUC,round_feedback,2024-07-17T00:05:30,-0.210031,-0.00146533,0.0740064,0.22269287234657714,12,0,0,False,0,False,0,0
r48u_20260914_JPLM_UDUC_round_feedback,JPLM,UDUC,round_feedback,2024-07-17T00:06:00,-0.217554,0.00312964,-0.173759,0.2784451968404727,12,0,0,False,0,False,0,0
r48u_20260914_JPLM_UDUC_round_feedback,JPLM,UDUC,round_feedback,2024-07-17T00:06:30,-0.139884,-0.0233959,-0.189976,0.23707758681243996,12,0,0,False,0,False,0,0
r48u_20260914_JPLM_UDUC_round_feedback,JPLM,UDUC,round_feedback,2024-07-17T00:07:00,-0.0972469,-0.0272855,-0.130524,0.16503930636627143,12,0,0,False,0,False,0,0
r48u_20260914_JPLM_UDUC_round_feedback,JPLM,UDUC,round_feedback,2024-07-17T00:07:30,-0.041544,-0.00971605,-0.0576132,0.0716909086135927,12,0,0,False,0,False,0,0
r48u_20260914_JPLM_UDUC_round_feedback,JPLM,UDUC,round_feedback,2024-07-17T00:08:00,-0.059686,-0.00236437,-0.0287763,0.0663029734113554,12,0,0,False,0,False,0,0
r48u_20260914_JPLM_UDUC_round_feedback,JPLM,UDUC,round_feedback,2024-07-17T00:08:30,-0.0527527,-0.00395872,-0.030945,0.06128712626913094,12,0,0,False,0,False,0,0
r48u_20260914_JPLM_UDUC_round_feedback,JPLM,UDUC,round_feedback,2024-07-17T00:09:00,-0.024138,0.0035007,-0.0663773,0.0707166451394578,12,0,0,False,0,False,0,0
r48u_20260914_JPLM_UDUC_round_feedback,JPLM,UDUC,round_feedback,2024-07-17T00:09:30,0.044699,0.00705944,-0.108578,0.11763085640304417,12,0,0,False,0,False,0,0
r48u_20260914_JPLM_UDUC_round_feedback,JPLM,UDUC,round_feedback,2024-07-17T00:10:00,0.0805728,0.0112282,-0.183906,0.2010956623378038,12,0,0,False,0,False,0,0
r48u_20260914_JPLM_UDUC_round_feedback,JPLM,UDUC,round_feedback,2024-07-17T00:10:30,0.115308,-0.001006,-0.248519,0.2739683198127112,12,0,0,False,0,False,0,0
r48u_20260914_JPLM_UDUC_round_feedback,JPLM,UDUC,round_feedback,2024-07-17T00:11:00,0.115768,-0.00793604,-0.315025,0.33571708502827435,12,0,0,False,0,False,0,0
r48u_20260914_JPLM_UDUC_round_feedback,JPLM,UDUC,round_feedback,2024-07-17T00:11:30,0.114445,-0.0103849,-0.352538,0.37079447894623513,12,4,0,False,0,False,0,0
r48u_20260914_JPLM_UDUC_round_feedback,JPLM,UDUC,round_feedback,2024-07-17T00:12:00,0.116344,-0.0129713,-0.360744,0.37926298856557306,12,4,1,True,0,False,1,1
r48u_20260914_JPLM_UDUC_ils_shadow,JPLM,UDUC,ils_shadow,2024-07-17T00:03:00,-1.12202,-0.186988,-4.77814,4.911671329816766,12,0,0,False,0,False,0,0
r48u_20260914_JPLM_UDUC_ils_shadow,JPLM,UDUC,ils_shadow,2024-07-17T00:03:30,-0.073835,0.353801,0.0100993,0.3615643105817967,12,0,0,False,0,False,0,0
r48u_20260914_JPLM_UDUC_ils_shadow,JPLM,UDUC,ils_shadow,2024-07-17T00:04:00,-0.163584,0.170548,0.101987,0.25738627300032924,12,0,0,False,0,False,0,0
r48u_20260914_JPLM_UDUC_ils_shadow,JPLM,UDUC,ils_shadow,2024-07-17T00:04:30,-0.244173,0.0322141,0.00595483,0.24636083732634717,12,0,0,False,0,False,0,0
r48u_20260914_JPLM_UDUC_ils_shadow,JPLM,UDUC,ils_shadow,2024-07-17T00:05:00,-0.212929,0.0253432,0.20149,0.29424353336520415,12,0,0,False,0,False,0,0
r48u_20260914_JPLM_UDUC_ils_shadow,JPLM,UDUC,ils_shadow,2024-07-17T00:05:30,-0.210031,-0.00146533,0.0740064,0.22269287234657714,12,0,0,False,0,False,0,0
r48u_20260914_JPLM_UDUC_ils_shadow,JPLM,UDUC,ils_shadow,2024-07-17T00:06:00,-0.217554,0.00312964,-0.173759,0.2784451968404727,12,0,0,False,0,False,0,0
r48u_20260914_JPLM_UDUC_ils_shadow,JPLM,UDUC,ils_shadow,2024-07-17T00:06:30,-0.139884,-0.0233959,-0.189976,0.23707758681243996,12,0,0,False,0,False,0,0
r48u_20260914_JPLM_UDUC_ils_shadow,JPLM,UDUC,ils_shadow,2024-07-17T00:07:00,-0.0972469,-0.0272855,-0.130524,0.16503930636627143,12,0,0,False,0,False,0,0
r48u_20260914_JPLM_UDUC_ils_shadow,JPLM,UDUC,ils_shadow,2024-07-17T00:07:30,-0.041544,-0.00971605,-0.0576132,0.0716909086135927,12,0,0,False,0,False,0,0
r48u_20260914_JPLM_UDUC_ils_shadow,JPLM,UDUC,ils_shadow,2024-07-17T00:08:00,-0.059686,-0.00236437,-0.0287763,0.0663029734113554,12,0,0,False,0,False,0,0
r48u_20260914_JPLM_UDUC_ils_shadow,JPLM,UDUC,ils_shadow,2024-07-17T00:08:30,-0.0527527,-0.00395872,-0.030945,0.06128712626913094,12,0,0,False,0,False,0,0
r48u_20260914_JPLM_UDUC_ils_shadow,JPLM,UDUC,ils_shadow,2024-07-17T00:09:00,-0.024138,0.0035007,-0.0663773,0.0707166451394578,12,0,0,False,0,False,0,0
r48u_20260914_JPLM_UDUC_ils_shadow,JPLM,UDUC,ils_shadow,2024-07-17T00:09:30,0.044699,0.00705944,-0.108578,0.11763085640304417,12,0,0,False,0,False,0,0
r48u_20260914_JPLM_UDUC_ils_shadow,JPLM,UDUC,ils_shadow,2024-07-17T00:10:00,0.0805728,0.0112282,-0.183906,0.2010956623378038,12,0,0,False,0,False,0,0
r48u_20260914_JPLM_UDUC_ils_shadow,JPLM,UDUC,ils_shadow,2024-07-17T00:10:30,0.115308,-0.001006,-0.248519,0.2739683198127112,12,0,0,False,0,False,0,0
r48u_20260914_JPLM_UDUC_ils_shadow,JPLM,UDUC,ils_shadow,2024-07-17T00:11:00,0.115768,-0.00793604,-0.315025,0.33571708502827435,12,0,0,False,0,False,0,0
r48u_20260914_JPLM_UDUC_ils_feedback,JPLM,UDUC,ils_feedback,2024-07-17T00:03:00,-1.12202,-0.186988,-4.77814,4.911671329816766,12,0,0,False,0,False,0,0
r48u_20260914_JPLM_UDUC_ils_feedback,JPLM,UDUC,ils_feedback,2024-07-17T00:03:30,-0.073835,0.353801,0.0100993,0.3615643105817967,12,0,0,False,0,False,0,0
r48u_20260914_JPLM_UDUC_ils_feedback,JPLM,UDUC,ils_feedback,2024-07-17T00:04:00,-0.163584,0.170548,0.101987,0.25738627300032924,12,0,0,False,0,False,0,0
r48u_20260914_JPLM_UDUC_ils_feedback,JPLM,UDUC,ils_feedback,2024-07-17T00:04:30,-0.244173,0.0322141,0.00595483,0.24636083732634717,12,0,0,False,0,False,0,0
r48u_20260914_JPLM_UDUC_ils_feedback,JPLM,UDUC,ils_feedback,2024-07-17T00:05:00,-0.212929,0.0253432,0.20149,0.29424353336520415,12,0,0,False,0,False,0,0
r48u_20260914_JPLM_UDUC_ils_feedback,JPLM,UDUC,ils_feedback,2024-07-17T00:05:30,-0.210031,-0.00146533,0.0740064,0.22269287234657714,12,0,0,False,0,False,0,0
r48u_20260914_JPLM_UDUC_ils_feedback,JPLM,UDUC,ils_feedback,2024-07-17T00:06:00,-0.217554,0.00312964,-0.173759,0.2784451968404727,12,0,0,False,0,False,0,0
r48u_20260914_JPLM_UDUC_ils_feedback,JPLM,UDUC,ils_feedback,2024-07-17T00:06:30,-0.139884,-0.0233959,-0.189976,0.23707758681243996,12,0,0,False,0,False,0,0
r48u_20260914_JPLM_UDUC_ils_feedback,JPLM,UDUC,ils_feedback,2024-07-17T00:07:00,-0.0972469,-0.0272855,-0.130524,0.16503930636627143,12,0,0,False,0,False,0,0
r48u_20260914_JPLM_UDUC_ils_feedback,JPLM,UDUC,ils_feedback,2024-07-17T00:07:30,-0.041544,-0.00971605,-0.0576132,0.0716909086135927,12,0,0,False,0,False,0,0
r48u_20260914_JPLM_UDUC_ils_feedback,JPLM,UDUC,ils_feedback,2024-07-17T00:08:00,-0.059686,-0.00236437,-0.0287763,0.0663029734113554,12,0,0,False,0,False,0,0
r48u_20260914_JPLM_UDUC_ils_feedback,JPLM,UDUC,ils_feedback,2024-07-17T00:08:30,-0.0527527,-0.00395872,-0.030945,0.06128712626913094,12,0,0,False,0,False,0,0
r48u_20260914_JPLM_UDUC_ils_feedback,JPLM,UDUC,ils_feedback,2024-07-17T00:09:00,-0.024138,0.0035007,-0.0663773,0.0707166451394578,12,0,0,False,0,False,0,0
r48u_20260914_JPLM_UDUC_ils_feedback,JPLM,UDUC,ils_feedback,2024-07-17T00:09:30,0.044699,0.00705944,-0.108578,0.11763085640304417,12,0,0,False,0,False,0,0
r48u_20260914_JPLM_UDUC_ils_feedback,JPLM,UDUC,ils_feedback,2024-07-17T00:10:00,0.0805728,0.0112282,-0.183906,0.2010956623378038,12,0,0,False,0,False,0,0
r48u_20260914_JPLM_UDUC_ils_feedback,JPLM,UDUC,ils_feedback,2024-07-17T00:10:30,0.115308,-0.001006,-0.248519,0.2739683198127112,12,0,0,False,0,False,0,0
r48u_20260914_JPLM_UDUC_ils_feedback,JPLM,UDUC,ils_feedback,2024-07-17T00:11:00,0.115768,-0.00793604,-0.315025,0.33571708502827435,12,0,0,False,0,False,0,0
