case,station,model,mode,time,dual_product_satellites,ar_qualified_product_satellites,ar_satellites,ar_components,component_count,maximum_within_component_sd_rank,runtime_integer_valid_satellites_excluding_reference,runtime_satellites,search_common_satellites,search_named_rank
r48u_20260914_DYNG_IF_float_fix1,DYNG,IF,float,2024-07-17T00:03:00,8,0,,{},0,0,0,,0,0
r48u_20260914_DYNG_IF_float_fix1,DYNG,IF,float,2024-07-17T00:03:30,7,0,,{},0,0,0,,0,0
r48u_20260914_DYNG_IF_float_fix1,DYNG,IF,float,2024-07-17T00:04:00,6,0,,{},0,0,0,,0,0
r48u_20260914_DYNG_IF_float_fix1,DYNG,IF,float,2024-07-17T00:04:30,7,0,,{},0,0,0,,0,0
r48u_20260914_DYNG_IF_float_fix1,DYNG,IF,float,2024-07-17T00:05:00,7,0,,{},0,0,0,,0,0
r48u_20260914_DYNG_IF_float_fix1,DYNG,IF,float,2024-07-17T00:05:30,7,0,,{},0,0,0,,0,0
r48u_20260914_DYNG_IF_float_fix1,DYNG,IF,float,2024-07-17T00:06:00,7,0,,{},0,0,0,,0,0
r48u_20260914_DYNG_IF_float_fix1,DYNG,IF,float,2024-07-17T00:06:30,6,0,,{},0,0,0,,0,0
r48u_20260914_DYNG_IF_float_fix1,DYNG,IF,float,2024-07-17T00:07:00,7,0,,{},0,0,0,,0,0
r48u_20260914_DYNG_IF_float_fix1,DYNG,IF,float,2024-07-17T00:07:30,7,0,,{},0,0,0,,0,0
r48u_20260914_DYNG_IF_float_fix1,DYNG,IF,float,2024-07-17T00:08:00,6,0,,{},0,0,0,,0,0
r48u_20260914_DYNG_IF_float_fix1,DYNG,IF,float,2024-07-17T00:08:30,7,0,,{},0,0,0,,0,0
r48u_20260914_DYNG_IF_float_fix1,DYNG,IF,float,2024-07-17T00:09:00,7,0,,{},0,0,0,,0,0
r48u_20260914_DYNG_IF_float_fix1,DYNG,IF,float,2024-07-17T00:09:30,7,0,,{},0,0,0,,0,0
r48u_20260914_DYNG_IF_float_fix1,DYNG,IF,float,2024-07-17T00:10:00,7,0,,{},0,0,0,,0,0
r48u_20260914_DYNG_IF_float_fix1,DYNG,IF,float,2024-07-17T00:10:30,7,6,G06;G12;G19;G24;G25;G32,"{""PRODUCT-GPS-C1"": [""G06"", ""G12"", ""G19"", ""G24"", ""G25"", ""G32""]}",1,5,5,G06;G12;G19;G25;G32,0,0
r48u_20260914_DYNG_IF_float_fix1,DYNG,IF,float,2024-07-17T00:11:00,7,0,,{},0,0,0,,0,0
r48u_20260914_DYNG_IF_float_fix1,DYNG,IF,float,2024-07-17T00:11:30,7,1,G11,"{""PRODUCT-GPS-C0"": [""G11""]}",1,0,0,,0,0
r48u_20260914_DYNG_IF_float_fix1,DYNG,IF,float,2024-07-17T00:12:00,7,1,G11,"{""PRODUCT-GPS-C0"": [""G11""]}",1,0,0,,0,0
r48u_20260914_DYNG_IF_float_fix1,DYNG,IF,float,2024-07-17T00:12:30,6,0,,{},0,0,0,,0,0
r48u_20260914_DYNG_IF_float_fix1,DYNG,IF,float,2024-07-17T00:13:00,7,1,G11,"{""PRODUCT-GPS-C0"": [""G11""]}",1,0,0,,0,0
r48u_20260914_DYNG_IF_float_fix1,DYNG,IF,float,2024-07-17T00:13:30,7,1,G11,"{""PRODUCT-GPS-C0"": [""G11""]}",1,0,0,,0,0
r48u_20260914_DYNG_IF_float_fix1,DYNG,IF,float,2024-07-17T00:14:00,7,1,G11,"{""PRODUCT-GPS-C0"": [""G11""]}",1,0,0,,0,0
r48u_20260914_DYNG_IF_float_fix1,DYNG,IF,float,2024-07-17T00:14:30,7,1,G11,"{""PRODUCT-GPS-C0"": [""G11""]}",1,0,0,,0,0
r48u_20260914_DYNG_IF_float_fix1,DYNG,IF,float,2024-07-17T00:15:00,7,1,G11,"{""PRODUCT-GPS-C0"": [""G11""]}",1,0,0,,0,0
r48u_20260914_DYNG_IF_float_fix1,DYNG,IF,float,2024-07-17T00:15:30,7,1,G11,"{""PRODUCT-GPS-C0"": [""G11""]}",1,0,0,,0,0
r48u_20260914_DYNG_IF_float_fix1,DYNG,IF,float,2024-07-17T00:16:00,7,1,G11,"{""PRODUCT-GPS-C0"": [""G11""]}",1,0,0,,0,0
r48u_20260914_DYNG_IF_float_fix1,DYNG,IF,float,2024-07-17T00:16:30,7,1,G11,"{""PRODUCT-GPS-C0"": [""G11""]}",1,0,0,,0,0
r48u_20260914_DYNG_IF_float_fix1,DYNG,IF,float,2024-07-17T00:17:00,7,7,G06;G11;G12;G19;G24;G25;G32,"{""PRODUCT-GPS-C1"": [""G11""], ""PRODUCT-GPS-C2"": [""G06"", ""G12"", ""G19"", ""G24"", ""G25"", ""G32""]}",2,5,5,G06;G12;G19;G25;G32,0,0
r48u_20260914_DYNG_IF_float_fix1,DYNG,IF,float,2024-07-17T00:17:30,7,7,G06;G11;G12;G19;G24;G25;G32,"{""PRODUCT-GPS-C1"": [""G11""], ""PRODUCT-GPS-C2"": [""G06"", ""G12"", ""G19"", ""G24"", ""G25"", ""G32""]}",2,5,5,G06;G12;G19;G25;G32,0,0
r48u_20260914_DYNG_IF_float_fix1,DYNG,IF,float,2024-07-17T00:18:00,7,7,G06;G11;G12;G19;G24;G25;G32,"{""PRODUCT-GPS-C1"": [""G11""], ""PRODUCT-GPS-C2"": [""G06"", ""G12"", ""G19"", ""G24"", ""G25"", ""G32""]}",2,5,5,G06;G12;G19;G25;G32,0,0
r48u_20260914_DYNG_IF_float_fix1,DYNG,IF,float,2024-07-17T00:18:30,7,7,G06;G11;G12;G19;G24;G25;G32,"{""PRODUCT-GPS-C1"": [""G11""], ""PRODUCT-GPS-C2"": [""G06"", ""G12"", ""G19"", ""G24"", ""G25"", ""G32""]}",2,5,5,G06;G12;G19;G25;G32,0,0
r48u_20260914_DYNG_IF_float_fix1,DYNG,IF,float,2024-07-17T00:19:00,7,7,G06;G11;G12;G19;G24;G25;G32,"{""PRODUCT-GPS-C1"": [""G11""], ""PRODUCT-GPS-C2"": [""G06"", ""G12"", ""G19"", ""G24"", ""G25"", ""G32""]}",2,5,5,G06;G12;G19;G25;G32,0,0
r48u_20260914_DYNG_IF_float_fix1,DYNG,IF,float,2024-07-17T00:19:30,7,7,G06;G11;G12;G19;G24;G25;G32,"{""PRODUCT-GPS-C1"": [""G11""], ""PRODUCT-GPS-C2"": [""G06"", ""G12"", ""G19"", ""G24"", ""G25"", ""G32""]}",2,5,5,G06;G12;G19;G25;G32,0,0
r48u_20260914_DYNG_IF_float_fix1,DYNG,IF,float,2024-07-17T00:20:00,7,7,G06;G11;G12;G19;G24;G25;G32,"{""PRODUCT-GPS-C0"": [""G11""], ""PRODUCT-GPS-C1"": [""G06"", ""G12"", ""G19"", ""G24"", ""G25"", ""G32""]}",2,5,5,G06;G12;G19;G25;G32,0,0
r48u_20260914_DYNG_IF_float_fix1,DYNG,IF,float,2024-07-17T00:20:30,7,7,G06;G11;G12;G19;G24;G25;G32,"{""PRODUCT-GPS-C1"": [""G06"", ""G11"", ""G12"", ""G19"", ""G24"", ""G25"", ""G32""]}",1,6,6,G06;G11;G12;G19;G25;G32,0,0
r48u_20260914_DYNG_IF_float_fix1,DYNG,IF,float,2024-07-17T00:21:00,7,7,G06;G11;G12;G19;G24;G25;G32,"{""PRODUCT-GPS-C0"": [""G11""], ""PRODUCT-GPS-C1"": [""G06"", ""G12"", ""G19"", ""G24"", ""G25"", ""G32""]}",2,5,5,G06;G12;G19;G25;G32,0,0
r48u_20260914_DYNG_IF_float_fix1,DYNG,IF,float,2024-07-17T00:21:30,7,7,G06;G11;G12;G19;G24;G25;G32,"{""PRODUCT-GPS-C1"": [""G06"", ""G11"", ""G12"", ""G19"", ""G24"", ""G25"", ""G32""]}",1,6,6,G06;G11;G12;G19;G25;G32,0,0
r48u_20260914_DYNG_IF_float_fix1,DYNG,IF,float,2024-07-17T00:22:00,7,7,G06;G11;G12;G19;G24;G25;G32,"{""PRODUCT-GPS-C1"": [""G06"", ""G11"", ""G12"", ""G19"", ""G24"", ""G25"", ""G32""]}",1,6,6,G06;G11;G12;G19;G25;G32,0,0
r48u_20260914_DYNG_IF_float_fix1,DYNG,IF,float,2024-07-17T00:22:30,7,7,G06;G11;G12;G19;G24;G25;G32,"{""PRODUCT-GPS-C1"": [""G06"", ""G11"", ""G12"", ""G19"", ""G24"", ""G25"", ""G32""]}",1,6,6,G06;G11;G12;G19;G25;G32,0,0
r48u_20260914_DYNG_IF_float_fix1,DYNG,IF,float,2024-07-17T00:23:00,7,7,G06;G11;G12;G19;G24;G25;G32,"{""PRODUCT-GPS-C1"": [""G06"", ""G11"", ""G12"", ""G19"", ""G24"", ""G25"", ""G32""]}",1,6,6,G06;G11;G12;G19;G25;G32,0,0
r48u_20260914_DYNG_IF_float_fix1,DYNG,IF,float,2024-07-17T00:23:30,7,7,G06;G11;G12;G19;G24;G25;G32,"{""PRODUCT-GPS-C1"": [""G11""], ""PRODUCT-GPS-C2"": [""G06"", ""G12"", ""G19"", ""G24"", ""G25"", ""G32""]}",2,5,5,G06;G12;G19;G25;G32,0,0
r48u_20260914_DYNG_IF_float_fix1,DYNG,IF,float,2024-07-17T00:24:00,7,7,G06;G11;G12;G19;G24;G25;G32,"{""PRODUCT-GPS-C1"": [""G11""], ""PRODUCT-GPS-C2"": [""G06"", ""G12"", ""G19"", ""G24"", ""G25"", ""G32""]}",2,5,5,G06;G12;G19;G25;G32,0,0
r48u_20260914_DYNG_IF_float_fix1,DYNG,IF,float,2024-07-17T00:24:30,7,7,G06;G11;G12;G19;G24;G25;G32,"{""PRODUCT-GPS-C1"": [""G11""], ""PRODUCT-GPS-C2"": [""G06"", ""G12"", ""G19"", ""G24"", ""G25"", ""G32""]}",2,5,5,G06;G12;G19;G25;G32,0,0
r48u_20260914_DYNG_IF_float_fix1,DYNG,IF,float,2024-07-17T00:25:00,7,7,G06;G11;G12;G19;G24;G25;G32,"{""PRODUCT-GPS-C1"": [""G11""], ""PRODUCT-GPS-C2"": [""G06"", ""G12"", ""G19"", ""G24"", ""G25"", ""G32""]}",2,5,5,G06;G12;G19;G25;G32,0,0
r48u_20260914_DYNG_IF_float_fix1,DYNG,IF,float,2024-07-17T00:25:30,7,1,G11,"{""PRODUCT-GPS-C0"": [""G11""]}",1,0,0,,0,0
r48u_20260914_DYNG_IF_float_fix1,DYNG,IF,float,2024-07-17T00:26:00,7,6,G06;G12;G19;G24;G25;G32,"{""PRODUCT-GPS-C0"": [""G06"", ""G12"", ""G19"", ""G24"", ""G25"", ""G32""]}",1,5,5,G06;G12;G19;G25;G32,0,0
r48u_20260914_DYNG_IF_float_fix1,DYNG,IF,float,2024-07-17T00:26:30,7,7,G06;G11;G12;G19;G24;G25;G32,"{""PRODUCT-GPS-C0"": [""G11""], ""PRODUCT-GPS-C1"": [""G06"", ""G12"", ""G19"", ""G24"", ""G25"", ""G32""]}",2,5,5,G06;G12;G19;G25;G32,0,0
r48u_20260914_DYNG_IF_float_fix1,DYNG,IF,float,2024-07-17T00:27:00,7,7,G06;G11;G12;G19;G24;G25;G32,"{""PRODUCT-GPS-C0"": [""G06"", ""G11"", ""G12"", ""G19"", ""G24"", ""G25"", ""G32""]}",1,6,6,G06;G11;G12;G19;G25;G32,0,0
r48u_20260914_DYNG_IF_float_fix1,DYNG,IF,float,2024-07-17T00:27:30,7,7,G06;G11;G12;G19;G24;G25;G32,"{""PRODUCT-GPS-C0"": [""G06"", ""G11"", ""G12"", ""G19"", ""G24"", ""G25"", ""G32""]}",1,6,6,G06;G11;G12;G19;G25;G32,0,0
r48u_20260914_DYNG_IF_float_fix1,DYNG,IF,float,2024-07-17T00:28:00,7,7,G06;G11;G12;G19;G24;G25;G32,"{""PRODUCT-GPS-C0"": [""G06"", ""G11"", ""G12"", ""G19"", ""G24"", ""G25"", ""G32""]}",1,6,6,G06;G11;G12;G19;G25;G32,0,0
r48u_20260914_DYNG_IF_float_fix1,DYNG,IF,float,2024-07-17T00:28:30,7,7,G06;G11;G12;G19;G24;G25;G32,"{""PRODUCT-GPS-C0"": [""G06"", ""G11"", ""G12"", ""G19"", ""G24"", ""G25"", ""G32""]}",1,6,6,G06;G11;G12;G19;G25;G32,0,0
r48u_20260914_DYNG_IF_float_fix1,DYNG,IF,float,2024-07-17T00:29:00,7,7,G06;G11;G12;G19;G24;G25;G32,"{""PRODUCT-GPS-C0"": [""G06"", ""G11"", ""G12"", ""G19"", ""G24"", ""G25"", ""G32""]}",1,6,6,G06;G11;G12;G19;G25;G32,0,0
r48u_20260914_DYNG_IF_float_fix1,DYNG,IF,float,2024-07-17T00:29:30,7,7,G06;G11;G12;G19;G24;G25;G32,"{""PRODUCT-GPS-C0"": [""G06"", ""G11"", ""G12"", ""G19"", ""G24"", ""G25"", ""G32""]}",1,6,6,G06;G11;G12;G19;G25;G32,0,0
r48u_20260914_DYNG_IF_float_fix1,DYNG,IF,float,2024-07-17T00:30:00,7,7,G06;G11;G12;G19;G24;G25;G32,"{""PRODUCT-GPS-C0"": [""G06"", ""G11"", ""G12"", ""G19"", ""G24"", ""G25"", ""G32""]}",1,6,6,G06;G11;G12;G19;G25;G32,0,0
r48u_20260914_DYNG_IF_round_shadow_fix1,DYNG,IF,round_shadow,2024-07-17T00:03:00,8,0,,{},0,0,0,,0,0
r48u_20260914_DYNG_IF_round_shadow_fix1,DYNG,IF,round_shadow,2024-07-17T00:03:30,7,0,,{},0,0,0,,0,0
r48u_20260914_DYNG_IF_round_shadow_fix1,DYNG,IF,round_shadow,2024-07-17T00:04:00,6,0,,{},0,0,0,,0,0
r48u_20260914_DYNG_IF_round_shadow_fix1,DYNG,IF,round_shadow,2024-07-17T00:04:30,7,0,,{},0,0,0,,0,0
r48u_20260914_DYNG_IF_round_shadow_fix1,DYNG,IF,round_shadow,2024-07-17T00:05:00,7,0,,{},0,0,0,,0,0
r48u_20260914_DYNG_IF_round_shadow_fix1,DYNG,IF,round_shadow,2024-07-17T00:05:30,7,0,,{},0,0,0,,0,0
r48u_20260914_DYNG_IF_round_shadow_fix1,DYNG,IF,round_shadow,2024-07-17T00:06:00,7,0,,{},0,0,0,,0,0
r48u_20260914_DYNG_IF_round_shadow_fix1,DYNG,IF,round_shadow,2024-07-17T00:06:30,6,0,,{},0,0,0,,0,0
r48u_20260914_DYNG_IF_round_shadow_fix1,DYNG,IF,round_shadow,2024-07-17T00:07:00,7,0,,{},0,0,0,,0,0
r48u_20260914_DYNG_IF_round_shadow_fix1,DYNG,IF,round_shadow,2024-07-17T00:07:30,7,0,,{},0,0,0,,0,0
r48u_20260914_DYNG_IF_round_shadow_fix1,DYNG,IF,round_shadow,2024-07-17T00:08:00,6,0,,{},0,0,0,,0,0
r48u_20260914_DYNG_IF_round_shadow_fix1,DYNG,IF,round_shadow,2024-07-17T00:08:30,7,0,,{},0,0,0,,0,0
r48u_20260914_DYNG_IF_round_shadow_fix1,DYNG,IF,round_shadow,2024-07-17T00:09:00,7,0,,{},0,0,0,,0,0
r48u_20260914_DYNG_IF_round_shadow_fix1,DYNG,IF,round_shadow,2024-07-17T00:09:30,7,0,,{},0,0,0,,0,0
r48u_20260914_DYNG_IF_round_shadow_fix1,DYNG,IF,round_shadow,2024-07-17T00:10:00,7,0,,{},0,0,0,,0,0
r48u_20260914_DYNG_IF_round_shadow_fix1,DYNG,IF,round_shadow,2024-07-17T00:10:30,7,6,G06;G12;G19;G24;G25;G32,"{""PRODUCT-GPS-C1"": [""G06"", ""G12"", ""G19"", ""G24"", ""G25"", ""G32""]}",1,5,5,G06;G12;G19;G25;G32,6,5
r48u_20260914_DYNG_IF_round_shadow_fix1,DYNG,IF,round_shadow,2024-07-17T00:11:00,7,0,,{},0,0,0,,0,0
r48u_20260914_DYNG_IF_round_shadow_fix1,DYNG,IF,round_shadow,2024-07-17T00:11:30,7,1,G11,"{""PRODUCT-GPS-C0"": [""G11""]}",1,0,0,,0,0
r48u_20260914_DYNG_IF_round_shadow_fix1,DYNG,IF,round_shadow,2024-07-17T00:12:00,7,1,G11,"{""PRODUCT-GPS-C0"": [""G11""]}",1,0,0,,0,0
r48u_20260914_DYNG_IF_round_shadow_fix1,DYNG,IF,round_shadow,2024-07-17T00:12:30,6,0,,{},0,0,0,,0,0
r48u_20260914_DYNG_IF_round_shadow_fix1,DYNG,IF,round_shadow,2024-07-17T00:13:00,7,1,G11,"{""PRODUCT-GPS-C0"": [""G11""]}",1,0,0,,0,0
r48u_20260914_DYNG_IF_round_shadow_fix1,DYNG,IF,round_shadow,2024-07-17T00:13:30,7,1,G11,"{""PRODUCT-GPS-C0"": [""G11""]}",1,0,0,,0,0
r48u_20260914_DYNG_IF_round_shadow_fix1,DYNG,IF,round_shadow,2024-07-17T00:14:00,7,1,G11,"{""PRODUCT-GPS-C0"": [""G11""]}",1,0,0,,0,0
r48u_20260914_DYNG_IF_round_shadow_fix1,DYNG,IF,round_shadow,2024-07-17T00:14:30,7,1,G11,"{""PRODUCT-GPS-C0"": [""G11""]}",1,0,0,,0,0
r48u_20260914_DYNG_IF_round_shadow_fix1,DYNG,IF,round_shadow,2024-07-17T00:15:00,7,1,G11,"{""PRODUCT-GPS-C0"": [""G11""]}",1,0,0,,0,0
r48u_20260914_DYNG_IF_round_shadow_fix1,DYNG,IF,round_shadow,2024-07-17T00:15:30,7,1,G11,"{""PRODUCT-GPS-C0"": [""G11""]}",1,0,0,,0,0
r48u_20260914_DYNG_IF_round_shadow_fix1,DYNG,IF,round_shadow,2024-07-17T00:16:00,7,1,G11,"{""PRODUCT-GPS-C0"": [""G11""]}",1,0,0,,0,0
r48u_20260914_DYNG_IF_round_shadow_fix1,DYNG,IF,round_shadow,2024-07-17T00:16:30,7,1,G11,"{""PRODUCT-GPS-C0"": [""G11""]}",1,0,0,,0,0
r48u_20260914_DYNG_IF_round_shadow_fix1,DYNG,IF,round_shadow,2024-07-17T00:17:00,7,7,G06;G11;G12;G19;G24;G25;G32,"{""PRODUCT-GPS-C1"": [""G11""], ""PRODUCT-GPS-C2"": [""G06"", ""G12"", ""G19"", ""G24"", ""G25"", ""G32""]}",2,5,5,G06;G12;G19;G25;G32,6,5
r48u_20260914_DYNG_IF_round_shadow_fix1,DYNG,IF,round_shadow,2024-07-17T00:17:30,7,7,G06;G11;G12;G19;G24;G25;G32,"{""PRODUCT-GPS-C1"": [""G11""], ""PRODUCT-GPS-C2"": [""G06"", ""G12"", ""G19"", ""G24"", ""G25"", ""G32""]}",2,5,5,G06;G12;G19;G25;G32,6,5
r48u_20260914_DYNG_IF_round_shadow_fix1,DYNG,IF,round_shadow,2024-07-17T00:18:00,7,7,G06;G11;G12;G19;G24;G25;G32,"{""PRODUCT-GPS-C1"": [""G11""], ""PRODUCT-GPS-C2"": [""G06"", ""G12"", ""G19"", ""G24"", ""G25"", ""G32""]}",2,5,5,G06;G12;G19;G25;G32,6,5
r48u_20260914_DYNG_IF_round_shadow_fix1,DYNG,IF,round_shadow,2024-07-17T00:18:30,7,7,G06;G11;G12;G19;G24;G25;G32,"{""PRODUCT-GPS-C1"": [""G11""], ""PRODUCT-GPS-C2"": [""G06"", ""G12"", ""G19"", ""G24"", ""G25"", ""G32""]}",2,5,5,G06;G12;G19;G25;G32,6,5
r48u_20260914_DYNG_IF_round_shadow_fix1,DYNG,IF,round_shadow,2024-07-17T00:19:00,7,7,G06;G11;G12;G19;G24;G25;G32,"{""PRODUCT-GPS-C1"": [""G11""], ""PRODUCT-GPS-C2"": [""G06"", ""G12"", ""G19"", ""G24"", ""G25"", ""G32""]}",2,5,5,G06;G12;G19;G25;G32,6,5
r48u_20260914_DYNG_IF_round_shadow_fix1,DYNG,IF,round_shadow,2024-07-17T00:19:30,7,7,G06;G11;G12;G19;G24;G25;G32,"{""PRODUCT-GPS-C1"": [""G11""], ""PRODUCT-GPS-C2"": [""G06"", ""G12"", ""G19"", ""G24"", ""G25"", ""G32""]}",2,5,5,G06;G12;G19;G25;G32,6,5
r48u_20260914_DYNG_IF_round_shadow_fix1,DYNG,IF,round_shadow,2024-07-17T00:20:00,7,7,G06;G11;G12;G19;G24;G25;G32,"{""PRODUCT-GPS-C0"": [""G11""], ""PRODUCT-GPS-C1"": [""G06"", ""G12"", ""G19"", ""G24"", ""G25"", ""G32""]}",2,5,5,G06;G12;G19;G25;G32,6,5
r48u_20260914_DYNG_IF_round_shadow_fix1,DYNG,IF,round_shadow,2024-07-17T00:20:30,7,7,G06;G11;G12;G19;G24;G25;G32,"{""PRODUCT-GPS-C1"": [""G06"", ""G11"", ""G12"", ""G19"", ""G24"", ""G25"", ""G32""]}",1,6,6,G06;G11;G12;G19;G25;G32,7,6
r48u_20260914_DYNG_IF_round_shadow_fix1,DYNG,IF,round_shadow,2024-07-17T00:21:00,7,7,G06;G11;G12;G19;G24;G25;G32,"{""PRODUCT-GPS-C0"": [""G11""], ""PRODUCT-GPS-C1"": [""G06"", ""G12"", ""G19"", ""G24"", ""G25"", ""G32""]}",2,5,5,G06;G12;G19;G25;G32,6,5
r48u_20260914_DYNG_IF_round_shadow_fix1,DYNG,IF,round_shadow,2024-07-17T00:21:30,7,7,G06;G11;G12;G19;G24;G25;G32,"{""PRODUCT-GPS-C1"": [""G06"", ""G11"", ""G12"", ""G19"", ""G24"", ""G25"", ""G32""]}",1,6,6,G06;G11;G12;G19;G25;G32,7,6
r48u_20260914_DYNG_IF_round_shadow_fix1,DYNG,IF,round_shadow,2024-07-17T00:22:00,7,7,G06;G11;G12;G19;G24;G25;G32,"{""PRODUCT-GPS-C1"": [""G06"", ""G11"", ""G12"", ""G19"", ""G24"", ""G25"", ""G32""]}",1,6,6,G06;G11;G12;G19;G25;G32,7,6
r48u_20260914_DYNG_IF_round_shadow_fix1,DYNG,IF,round_shadow,2024-07-17T00:22:30,7,7,G06;G11;G12;G19;G24;G25;G32,"{""PRODUCT-GPS-C1"": [""G06"", ""G11"", ""G12"", ""G19"", ""G24"", ""G25"", ""G32""]}",1,6,6,G06;G11;G12;G19;G25;G32,7,6
r48u_20260914_DYNG_IF_round_shadow_fix1,DYNG,IF,round_shadow,2024-07-17T00:23:00,7,7,G06;G11;G12;G19;G24;G25;G32,"{""PRODUCT-GPS-C1"": [""G06"", ""G11"", ""G12"", ""G19"", ""G24"", ""G25"", ""G32""]}",1,6,6,G06;G11;G12;G19;G25;G32,7,6
r48u_20260914_DYNG_IF_round_shadow_fix1,DYNG,IF,round_shadow,2024-07-17T00:23:30,7,7,G06;G11;G12;G19;G24;G25;G32,"{""PRODUCT-GPS-C1"": [""G11""], ""PRODUCT-GPS-C2"": [""G06"", ""G12"", ""G19"", ""G24"", ""G25"", ""G32""]}",2,5,5,G06;G12;G19;G25;G32,6,5
r48u_20260914_DYNG_IF_round_shadow_fix1,DYNG,IF,round_shadow,2024-07-17T00:24:00,7,7,G06;G11;G12;G19;G24;G25;G32,"{""PRODUCT-GPS-C1"": [""G11""], ""PRODUCT-GPS-C2"": [""G06"", ""G12"", ""G19"", ""G24"", ""G25"", ""G32""]}",2,5,5,G06;G12;G19;G25;G32,6,5
r48u_20260914_DYNG_IF_round_shadow_fix1,DYNG,IF,round_shadow,2024-07-17T00:24:30,7,7,G06;G11;G12;G19;G24;G25;G32,"{""PRODUCT-GPS-C1"": [""G11""], ""PRODUCT-GPS-C2"": [""G06"", ""G12"", ""G19"", ""G24"", ""G25"", ""G32""]}",2,5,5,G06;G12;G19;G25;G32,6,5
r48u_20260914_DYNG_IF_round_shadow_fix1,DYNG,IF,round_shadow,2024-07-17T00:25:00,7,7,G06;G11;G12;G19;G24;G25;G32,"{""PRODUCT-GPS-C1"": [""G11""], ""PRODUCT-GPS-C2"": [""G06"", ""G12"", ""G19"", ""G24"", ""G25"", ""G32""]}",2,5,5,G06;G12;G19;G25;G32,6,5
r48u_20260914_DYNG_IF_round_shadow_fix1,DYNG,IF,round_shadow,2024-07-17T00:25:30,7,1,G11,"{""PRODUCT-GPS-C0"": [""G11""]}",1,0,0,,0,0
r48u_20260914_DYNG_IF_round_shadow_fix1,DYNG,IF,round_shadow,2024-07-17T00:26:00,7,6,G06;G12;G19;G24;G25;G32,"{""PRODUCT-GPS-C0"": [""G06"", ""G12"", ""G19"", ""G24"", ""G25"", ""G32""]}",1,5,5,G06;G12;G19;G25;G32,6,5
r48u_20260914_DYNG_IF_round_shadow_fix1,DYNG,IF,round_shadow,2024-07-17T00:26:30,7,7,G06;G11;G12;G19;G24;G25;G32,"{""PRODUCT-GPS-C0"": [""G11""], ""PRODUCT-GPS-C1"": [""G06"", ""G12"", ""G19"", ""G24"", ""G25"", ""G32""]}",2,5,5,G06;G12;G19;G25;G32,6,5
r48u_20260914_DYNG_IF_round_shadow_fix1,DYNG,IF,round_shadow,2024-07-17T00:27:00,7,7,G06;G11;G12;G19;G24;G25;G32,"{""PRODUCT-GPS-C0"": [""G06"", ""G11"", ""G12"", ""G19"", ""G24"", ""G25"", ""G32""]}",1,6,6,G06;G11;G12;G19;G25;G32,7,6
r48u_20260914_DYNG_IF_round_shadow_fix1,DYNG,IF,round_shadow,2024-07-17T00:27:30,7,7,G06;G11;G12;G19;G24;G25;G32,"{""PRODUCT-GPS-C0"": [""G06"", ""G11"", ""G12"", ""G19"", ""G24"", ""G25"", ""G32""]}",1,6,6,G06;G11;G12;G19;G25;G32,7,6
r48u_20260914_DYNG_IF_round_shadow_fix1,DYNG,IF,round_shadow,2024-07-17T00:28:00,7,7,G06;G11;G12;G19;G24;G25;G32,"{""PRODUCT-GPS-C0"": [""G06"", ""G11"", ""G12"", ""G19"", ""G24"", ""G25"", ""G32""]}",1,6,6,G06;G11;G12;G19;G25;G32,7,6
r48u_20260914_DYNG_IF_round_shadow_fix1,DYNG,IF,round_shadow,2024-07-17T00:28:30,7,7,G06;G11;G12;G19;G24;G25;G32,"{""PRODUCT-GPS-C0"": [""G06"", ""G11"", ""G12"", ""G19"", ""G24"", ""G25"", ""G32""]}",1,6,6,G06;G11;G12;G19;G25;G32,7,6
r48u_20260914_DYNG_IF_round_shadow_fix1,DYNG,IF,round_shadow,2024-07-17T00:29:00,7,7,G06;G11;G12;G19;G24;G25;G32,"{""PRODUCT-GPS-C0"": [""G06"", ""G11"", ""G12"", ""G19"", ""G24"", ""G25"", ""G32""]}",1,6,6,G06;G11;G12;G19;G25;G32,7,6
r48u_20260914_DYNG_IF_round_shadow_fix1,DYNG,IF,round_shadow,2024-07-17T00:29:30,7,7,G06;G11;G12;G19;G24;G25;G32,"{""PRODUCT-GPS-C0"": [""G06"", ""G11"", ""G12"", ""G19"", ""G24"", ""G25"", ""G32""]}",1,6,6,G06;G11;G12;G19;G25;G32,7,6
r48u_20260914_DYNG_IF_round_shadow_fix1,DYNG,IF,round_shadow,2024-07-17T00:30:00,7,7,G06;G11;G12;G19;G24;G25;G32,"{""PRODUCT-GPS-C0"": [""G06"", ""G11"", ""G12"", ""G19"", ""G24"", ""G25"", ""G32""]}",1,6,6,G06;G11;G12;G19;G25;G32,7,6
r48u_20260914_DYNG_IF_round_feedback_fix1,DYNG,IF,round_feedback,2024-07-17T00:03:00,8,0,,{},0,0,0,,0,0
r48u_20260914_DYNG_IF_round_feedback_fix1,DYNG,IF,round_feedback,2024-07-17T00:03:30,7,0,,{},0,0,0,,0,0
r48u_20260914_DYNG_IF_round_feedback_fix1,DYNG,IF,round_feedback,2024-07-17T00:04:00,6,0,,{},0,0,0,,0,0
r48u_20260914_DYNG_IF_round_feedback_fix1,DYNG,IF,round_feedback,2024-07-17T00:04:30,7,0,,{},0,0,0,,0,0
r48u_20260914_DYNG_IF_round_feedback_fix1,DYNG,IF,round_feedback,2024-07-17T00:05:00,7,0,,{},0,0,0,,0,0
r48u_20260914_DYNG_IF_round_feedback_fix1,DYNG,IF,round_feedback,2024-07-17T00:05:30,7,0,,{},0,0,0,,0,0
r48u_20260914_DYNG_IF_round_feedback_fix1,DYNG,IF,round_feedback,2024-07-17T00:06:00,7,0,,{},0,0,0,,0,0
r48u_20260914_DYNG_IF_round_feedback_fix1,DYNG,IF,round_feedback,2024-07-17T00:06:30,6,0,,{},0,0,0,,0,0
r48u_20260914_DYNG_IF_round_feedback_fix1,DYNG,IF,round_feedback,2024-07-17T00:07:00,7,0,,{},0,0,0,,0,0
r48u_20260914_DYNG_IF_round_feedback_fix1,DYNG,IF,round_feedback,2024-07-17T00:07:30,7,0,,{},0,0,0,,0,0
r48u_20260914_DYNG_IF_round_feedback_fix1,DYNG,IF,round_feedback,2024-07-17T00:08:00,6,0,,{},0,0,0,,0,0
r48u_20260914_DYNG_IF_round_feedback_fix1,DYNG,IF,round_feedback,2024-07-17T00:08:30,7,0,,{},0,0,0,,0,0
r48u_20260914_DYNG_IF_round_feedback_fix1,DYNG,IF,round_feedback,2024-07-17T00:09:00,7,0,,{},0,0,0,,0,0
r48u_20260914_DYNG_IF_round_feedback_fix1,DYNG,IF,round_feedback,2024-07-17T00:09:30,7,0,,{},0,0,0,,0,0
r48u_20260914_DYNG_IF_round_feedback_fix1,DYNG,IF,round_feedback,2024-07-17T00:10:00,7,0,,{},0,0,0,,0,0
r48u_20260914_DYNG_IF_round_feedback_fix1,DYNG,IF,round_feedback,2024-07-17T00:10:30,7,6,G06;G12;G19;G24;G25;G32,"{""PRODUCT-GPS-C1"": [""G06"", ""G12"", ""G19"", ""G24"", ""G25"", ""G32""]}",1,5,5,G06;G12;G19;G25;G32,6,5
r48u_20260914_DYNG_IF_round_feedback_fix1,DYNG,IF,round_feedback,2024-07-17T00:11:00,7,0,,{},0,0,0,,0,0
r48u_20260914_DYNG_IF_round_feedback_fix1,DYNG,IF,round_feedback,2024-07-17T00:11:30,7,1,G11,"{""PRODUCT-GPS-C0"": [""G11""]}",1,0,0,,0,0
r48u_20260914_DYNG_IF_round_feedback_fix1,DYNG,IF,round_feedback,2024-07-17T00:12:00,7,1,G11,"{""PRODUCT-GPS-C0"": [""G11""]}",1,0,0,,0,0
r48u_20260914_DYNG_IF_round_feedback_fix1,DYNG,IF,round_feedback,2024-07-17T00:12:30,6,0,,{},0,0,0,,0,0
r48u_20260914_DYNG_IF_round_feedback_fix1,DYNG,IF,round_feedback,2024-07-17T00:13:00,7,1,G11,"{""PRODUCT-GPS-C0"": [""G11""]}",1,0,0,,0,0
r48u_20260914_DYNG_IF_round_feedback_fix1,DYNG,IF,round_feedback,2024-07-17T00:13:30,7,1,G11,"{""PRODUCT-GPS-C0"": [""G11""]}",1,0,0,,0,0
r48u_20260914_DYNG_IF_round_feedback_fix1,DYNG,IF,round_feedback,2024-07-17T00:14:00,7,1,G11,"{""PRODUCT-GPS-C0"": [""G11""]}",1,0,0,,0,0
r48u_20260914_DYNG_IF_round_feedback_fix1,DYNG,IF,round_feedback,2024-07-17T00:14:30,7,1,G11,"{""PRODUCT-GPS-C0"": [""G11""]}",1,0,0,,0,0
r48u_20260914_DYNG_IF_round_feedback_fix1,DYNG,IF,round_feedback,2024-07-17T00:15:00,7,1,G11,"{""PRODUCT-GPS-C0"": [""G11""]}",1,0,0,,0,0
r48u_20260914_DYNG_IF_round_feedback_fix1,DYNG,IF,round_feedback,2024-07-17T00:15:30,7,1,G11,"{""PRODUCT-GPS-C0"": [""G11""]}",1,0,0,,0,0
r48u_20260914_DYNG_IF_round_feedback_fix1,DYNG,IF,round_feedback,2024-07-17T00:16:00,7,1,G11,"{""PRODUCT-GPS-C0"": [""G11""]}",1,0,0,,0,0
r48u_20260914_DYNG_IF_round_feedback_fix1,DYNG,IF,round_feedback,2024-07-17T00:16:30,7,1,G11,"{""PRODUCT-GPS-C0"": [""G11""]}",1,0,0,,0,0
r48u_20260914_DYNG_IF_round_feedback_fix1,DYNG,IF,round_feedback,2024-07-17T00:17:00,7,7,G06;G11;G12;G19;G24;G25;G32,"{""PRODUCT-GPS-C1"": [""G11""], ""PRODUCT-GPS-C2"": [""G06"", ""G12"", ""G19"", ""G24"", ""G25"", ""G32""]}",2,5,5,G06;G12;G19;G25;G32,6,5
r48u_20260914_DYNG_IF_round_feedback_fix1,DYNG,IF,round_feedback,2024-07-17T00:17:30,7,7,G06;G11;G12;G19;G24;G25;G32,"{""PRODUCT-GPS-C1"": [""G11""], ""PRODUCT-GPS-C2"": [""G06"", ""G12"", ""G19"", ""G24"", ""G25"", ""G32""]}",2,5,5,G06;G12;G19;G25;G32,6,5
r48u_20260914_DYNG_IF_round_feedback_fix1,DYNG,IF,round_feedback,2024-07-17T00:18:00,7,7,G06;G11;G12;G19;G24;G25;G32,"{""PRODUCT-GPS-C1"": [""G11""], ""PRODUCT-GPS-C2"": [""G06"", ""G12"", ""G19"", ""G24"", ""G25"", ""G32""]}",2,5,5,G06;G12;G19;G25;G32,6,5
r48u_20260914_DYNG_IF_round_feedback_fix1,DYNG,IF,round_feedback,2024-07-17T00:18:30,7,7,G06;G11;G12;G19;G24;G25;G32,"{""PRODUCT-GPS-C1"": [""G11""], ""PRODUCT-GPS-C2"": [""G06"", ""G12"", ""G19"", ""G24"", ""G25"", ""G32""]}",2,5,5,G06;G12;G19;G25;G32,6,5
r48u_20260914_DYNG_IF_round_feedback_fix1,DYNG,IF,round_feedback,2024-07-17T00:19:00,7,7,G06;G11;G12;G19;G24;G25;G32,"{""PRODUCT-GPS-C1"": [""G11""], ""PRODUCT-GPS-C2"": [""G06"", ""G12"", ""G19"", ""G24"", ""G25"", ""G32""]}",2,5,5,G06;G12;G19;G25;G32,6,5
r48u_20260914_DYNG_IF_round_feedback_fix1,DYNG,IF,round_feedback,2024-07-17T00:19:30,7,7,G06;G11;G12;G19;G24;G25;G32,"{""PRODUCT-GPS-C1"": [""G11""], ""PRODUCT-GPS-C2"": [""G06"", ""G12"", ""G19"", ""G24"", ""G25"", ""G32""]}",2,5,5,G06;G12;G19;G25;G32,6,5
r48u_20260914_DYNG_IF_round_feedback_fix1,DYNG,IF,round_feedback,2024-07-17T00:20:00,7,7,G06;G11;G12;G19;G24;G25;G32,"{""PRODUCT-GPS-C0"": [""G11""], ""PRODUCT-GPS-C1"": [""G06"", ""G12"", ""G19"", ""G24"", ""G25"", ""G32""]}",2,5,5,G06;G12;G19;G25;G32,6,5
r48u_20260914_DYNG_IF_round_feedback_fix1,DYNG,IF,round_feedback,2024-07-17T00:20:30,7,7,G06;G11;G12;G19;G24;G25;G32,"{""PRODUCT-GPS-C1"": [""G06"", ""G11"", ""G12"", ""G19"", ""G24"", ""G25"", ""G32""]}",1,6,6,G06;G11;G12;G19;G25;G32,7,6
r48u_20260914_DYNG_IF_round_feedback_fix1,DYNG,IF,round_feedback,2024-07-17T00:21:00,7,7,G06;G11;G12;G19;G24;G25;G32,"{""PRODUCT-GPS-C0"": [""G11""], ""PRODUCT-GPS-C1"": [""G06"", ""G12"", ""G19"", ""G24"", ""G25"", ""G32""]}",2,5,5,G06;G12;G19;G25;G32,6,5
r48u_20260914_DYNG_IF_round_feedback_fix1,DYNG,IF,round_feedback,2024-07-17T00:21:30,7,7,G06;G11;G12;G19;G24;G25;G32,"{""PRODUCT-GPS-C1"": [""G06"", ""G11"", ""G12"", ""G19"", ""G24"", ""G25"", ""G32""]}",1,6,6,G06;G11;G12;G19;G25;G32,7,6
r48u_20260914_DYNG_IF_round_feedback_fix1,DYNG,IF,round_feedback,2024-07-17T00:22:00,7,7,G06;G11;G12;G19;G24;G25;G32,"{""PRODUCT-GPS-C1"": [""G06"", ""G11"", ""G12"", ""G19"", ""G24"", ""G25"", ""G32""]}",1,6,6,G06;G11;G12;G19;G25;G32,7,6
r48u_20260914_DYNG_IF_round_feedback_fix1,DYNG,IF,round_feedback,2024-07-17T00:22:30,7,7,G06;G11;G12;G19;G24;G25;G32,"{""PRODUCT-GPS-C1"": [""G06"", ""G11"", ""G12"", ""G19"", ""G24"", ""G25"", ""G32""]}",1,6,6,G06;G11;G12;G19;G25;G32,7,6
r48u_20260914_DYNG_IF_round_feedback_fix1,DYNG,IF,round_feedback,2024-07-17T00:23:00,7,7,G06;G11;G12;G19;G24;G25;G32,"{""PRODUCT-GPS-C1"": [""G06"", ""G11"", ""G12"", ""G19"", ""G24"", ""G25"", ""G32""]}",1,6,6,G06;G11;G12;G19;G25;G32,7,6
r48u_20260914_DYNG_IF_round_feedback_fix1,DYNG,IF,round_feedback,2024-07-17T00:23:30,7,7,G06;G11;G12;G19;G24;G25;G32,"{""PRODUCT-GPS-C1"": [""G11""], ""PRODUCT-GPS-C2"": [""G06"", ""G12"", ""G19"", ""G24"", ""G25"", ""G32""]}",2,5,5,G06;G12;G19;G25;G32,6,5
r48u_20260914_DYNG_IF_round_feedback_fix1,DYNG,IF,round_feedback,2024-07-17T00:24:00,7,7,G06;G11;G12;G19;G24;G25;G32,"{""PRODUCT-GPS-C1"": [""G11""], ""PRODUCT-GPS-C2"": [""G06"", ""G12"", ""G19"", ""G24"", ""G25"", ""G32""]}",2,5,5,G06;G12;G19;G25;G32,6,5
r48u_20260914_DYNG_IF_round_feedback_fix1,DYNG,IF,round_feedback,2024-07-17T00:24:30,7,7,G06;G11;G12;G19;G24;G25;G32,"{""PRODUCT-GPS-C1"": [""G11""], ""PRODUCT-GPS-C2"": [""G06"", ""G12"", ""G19"", ""G24"", ""G25"", ""G32""]}",2,5,5,G06;G12;G19;G25;G32,6,5
r48u_20260914_DYNG_IF_round_feedback_fix1,DYNG,IF,round_feedback,2024-07-17T00:25:00,7,7,G06;G11;G12;G19;G24;G25;G32,"{""PRODUCT-GPS-C1"": [""G11""], ""PRODUCT-GPS-C2"": [""G06"", ""G12"", ""G19"", ""G24"", ""G25"", ""G32""]}",2,5,5,G06;G12;G19;G25;G32,6,5
r48u_20260914_DYNG_IF_round_feedback_fix1,DYNG,IF,round_feedback,2024-07-17T00:25:30,7,1,G11,"{""PRODUCT-GPS-C0"": [""G11""]}",1,0,0,,0,0
r48u_20260914_DYNG_IF_round_feedback_fix1,DYNG,IF,round_feedback,2024-07-17T00:26:00,7,6,G06;G12;G19;G24;G25;G32,"{""PRODUCT-GPS-C0"": [""G06"", ""G12"", ""G19"", ""G24"", ""G25"", ""G32""]}",1,5,5,G06;G12;G19;G25;G32,6,5
r48u_20260914_DYNG_IF_round_feedback_fix1,DYNG,IF,round_feedback,2024-07-17T00:26:30,7,7,G06;G11;G12;G19;G24;G25;G32,"{""PRODUCT-GPS-C0"": [""G11""], ""PRODUCT-GPS-C1"": [""G06"", ""G12"", ""G19"", ""G24"", ""G25"", ""G32""]}",2,5,5,G06;G12;G19;G25;G32,6,5
r48u_20260914_DYNG_IF_round_feedback_fix1,DYNG,IF,round_feedback,2024-07-17T00:27:00,7,7,G06;G11;G12;G19;G24;G25;G32,"{""PRODUCT-GPS-C0"": [""G06"", ""G11"", ""G12"", ""G19"", ""G24"", ""G25"", ""G32""]}",1,6,6,G06;G11;G12;G19;G25;G32,7,6
r48u_20260914_DYNG_IF_round_feedback_fix1,DYNG,IF,round_feedback,2024-07-17T00:27:30,7,7,G06;G11;G12;G19;G24;G25;G32,"{""PRODUCT-GPS-C0"": [""G06"", ""G11"", ""G12"", ""G19"", ""G24"", ""G25"", ""G32""]}",1,6,6,G06;G11;G12;G19;G25;G32,7,6
r48u_20260914_DYNG_IF_round_feedback_fix1,DYNG,IF,round_feedback,2024-07-17T00:28:00,7,7,G06;G11;G12;G19;G24;G25;G32,"{""PRODUCT-GPS-C0"": [""G06"", ""G11"", ""G12"", ""G19"", ""G24"", ""G25"", ""G32""]}",1,6,6,G06;G11;G12;G19;G25;G32,7,6
r48u_20260914_DYNG_IF_round_feedback_fix1,DYNG,IF,round_feedback,2024-07-17T00:28:30,7,7,G06;G11;G12;G19;G24;G25;G32,"{""PRODUCT-GPS-C0"": [""G06"", ""G11"", ""G12"", ""G19"", ""G24"", ""G25"", ""G32""]}",1,6,6,G06;G11;G12;G19;G25;G32,7,6
r48u_20260914_DYNG_IF_round_feedback_fix1,DYNG,IF,round_feedback,2024-07-17T00:29:00,7,7,G06;G11;G12;G19;G24;G25;G32,"{""PRODUCT-GPS-C0"": [""G06"", ""G11"", ""G12"", ""G19"", ""G24"", ""G25"", ""G32""]}",1,6,6,G06;G11;G12;G19;G25;G32,7,6
r48u_20260914_DYNG_IF_round_feedback_fix1,DYNG,IF,round_feedback,2024-07-17T00:29:30,7,7,G06;G11;G12;G19;G24;G25;G32,"{""PRODUCT-GPS-C0"": [""G06"", ""G11"", ""G12"", ""G19"", ""G24"", ""G25"", ""G32""]}",1,6,6,G06;G11;G12;G19;G25;G32,7,6
r48u_20260914_DYNG_IF_round_feedback_fix1,DYNG,IF,round_feedback,2024-07-17T00:30:00,7,7,G06;G11;G12;G19;G24;G25;G32,"{""PRODUCT-GPS-C0"": [""G06"", ""G11"", ""G12"", ""G19"", ""G24"", ""G25"", ""G32""]}",1,6,6,G06;G11;G12;G19;G25;G32,7,6
r48u_20260914_DYNG_IF_ils_shadow_fix1,DYNG,IF,ils_shadow,2024-07-17T00:03:00,8,0,,{},0,0,0,,0,0
r48u_20260914_DYNG_IF_ils_shadow_fix1,DYNG,IF,ils_shadow,2024-07-17T00:03:30,7,0,,{},0,0,0,,0,0
r48u_20260914_DYNG_IF_ils_shadow_fix1,DYNG,IF,ils_shadow,2024-07-17T00:04:00,6,0,,{},0,0,0,,0,0
r48u_20260914_DYNG_IF_ils_shadow_fix1,DYNG,IF,ils_shadow,2024-07-17T00:04:30,7,0,,{},0,0,0,,0,0
r48u_20260914_DYNG_IF_ils_shadow_fix1,DYNG,IF,ils_shadow,2024-07-17T00:05:00,7,0,,{},0,0,0,,0,0
r48u_20260914_DYNG_IF_ils_shadow_fix1,DYNG,IF,ils_shadow,2024-07-17T00:05:30,7,0,,{},0,0,0,,0,0
r48u_20260914_DYNG_IF_ils_shadow_fix1,DYNG,IF,ils_shadow,2024-07-17T00:06:00,7,0,,{},0,0,0,,0,0
r48u_20260914_DYNG_IF_ils_shadow_fix1,DYNG,IF,ils_shadow,2024-07-17T00:06:30,6,0,,{},0,0,0,,0,0
r48u_20260914_DYNG_IF_ils_shadow_fix1,DYNG,IF,ils_shadow,2024-07-17T00:07:00,7,0,,{},0,0,0,,0,0
r48u_20260914_DYNG_IF_ils_shadow_fix1,DYNG,IF,ils_shadow,2024-07-17T00:07:30,7,0,,{},0,0,0,,0,0
r48u_20260914_DYNG_IF_ils_shadow_fix1,DYNG,IF,ils_shadow,2024-07-17T00:08:00,6,0,,{},0,0,0,,0,0
r48u_20260914_DYNG_IF_ils_shadow_fix1,DYNG,IF,ils_shadow,2024-07-17T00:08:30,7,0,,{},0,0,0,,0,0
r48u_20260914_DYNG_IF_ils_shadow_fix1,DYNG,IF,ils_shadow,2024-07-17T00:09:00,7,0,,{},0,0,0,,0,0
r48u_20260914_DYNG_IF_ils_shadow_fix1,DYNG,IF,ils_shadow,2024-07-17T00:09:30,7,0,,{},0,0,0,,0,0
r48u_20260914_DYNG_IF_ils_shadow_fix1,DYNG,IF,ils_shadow,2024-07-17T00:10:00,7,0,,{},0,0,0,,0,0
r48u_20260914_DYNG_IF_ils_shadow_fix1,DYNG,IF,ils_shadow,2024-07-17T00:10:30,7,6,G06;G12;G19;G24;G25;G32,"{""PRODUCT-GPS-C1"": [""G06"", ""G12"", ""G19"", ""G24"", ""G25"", ""G32""]}",1,5,5,G06;G12;G19;G25;G32,6,5
r48u_20260914_DYNG_IF_ils_shadow_fix1,DYNG,IF,ils_shadow,2024-07-17T00:11:00,7,0,,{},0,0,0,,0,0
r48u_20260914_DYNG_IF_ils_shadow_fix1,DYNG,IF,ils_shadow,2024-07-17T00:11:30,7,1,G11,"{""PRODUCT-GPS-C0"": [""G11""]}",1,0,0,,0,0
r48u_20260914_DYNG_IF_ils_shadow_fix1,DYNG,IF,ils_shadow,2024-07-17T00:12:00,7,1,G11,"{""PRODUCT-GPS-C0"": [""G11""]}",1,0,0,,0,0
r48u_20260914_DYNG_IF_ils_shadow_fix1,DYNG,IF,ils_shadow,2024-07-17T00:12:30,6,0,,{},0,0,0,,0,0
r48u_20260914_DYNG_IF_ils_shadow_fix1,DYNG,IF,ils_shadow,2024-07-17T00:13:00,7,1,G11,"{""PRODUCT-GPS-C0"": [""G11""]}",1,0,0,,0,0
r48u_20260914_DYNG_IF_ils_shadow_fix1,DYNG,IF,ils_shadow,2024-07-17T00:13:30,7,1,G11,"{""PRODUCT-GPS-C0"": [""G11""]}",1,0,0,,0,0
r48u_20260914_DYNG_IF_ils_shadow_fix1,DYNG,IF,ils_shadow,2024-07-17T00:14:00,7,1,G11,"{""PRODUCT-GPS-C0"": [""G11""]}",1,0,0,,0,0
r48u_20260914_DYNG_IF_ils_shadow_fix1,DYNG,IF,ils_shadow,2024-07-17T00:14:30,7,1,G11,"{""PRODUCT-GPS-C0"": [""G11""]}",1,0,0,,0,0
r48u_20260914_DYNG_IF_ils_shadow_fix1,DYNG,IF,ils_shadow,2024-07-17T00:15:00,7,1,G11,"{""PRODUCT-GPS-C0"": [""G11""]}",1,0,0,,0,0
r48u_20260914_DYNG_IF_ils_shadow_fix1,DYNG,IF,ils_shadow,2024-07-17T00:15:30,7,1,G11,"{""PRODUCT-GPS-C0"": [""G11""]}",1,0,0,,0,0
r48u_20260914_DYNG_IF_ils_shadow_fix1,DYNG,IF,ils_shadow,2024-07-17T00:16:00,7,1,G11,"{""PRODUCT-GPS-C0"": [""G11""]}",1,0,0,,0,0
r48u_20260914_DYNG_IF_ils_shadow_fix1,DYNG,IF,ils_shadow,2024-07-17T00:16:30,7,1,G11,"{""PRODUCT-GPS-C0"": [""G11""]}",1,0,0,,0,0
r48u_20260914_DYNG_IF_ils_shadow_fix1,DYNG,IF,ils_shadow,2024-07-17T00:17:00,7,7,G06;G11;G12;G19;G24;G25;G32,"{""PRODUCT-GPS-C1"": [""G11""], ""PRODUCT-GPS-C2"": [""G06"", ""G12"", ""G19"", ""G24"", ""G25"", ""G32""]}",2,5,5,G06;G12;G19;G25;G32,6,5
r48u_20260914_DYNG_IF_ils_shadow_fix1,DYNG,IF,ils_shadow,2024-07-17T00:17:30,7,7,G06;G11;G12;G19;G24;G25;G32,"{""PRODUCT-GPS-C1"": [""G11""], ""PRODUCT-GPS-C2"": [""G06"", ""G12"", ""G19"", ""G24"", ""G25"", ""G32""]}",2,5,5,G06;G12;G19;G25;G32,6,5
r48u_20260914_DYNG_IF_ils_shadow_fix1,DYNG,IF,ils_shadow,2024-07-17T00:18:00,7,7,G06;G11;G12;G19;G24;G25;G32,"{""PRODUCT-GPS-C1"": [""G11""], ""PRODUCT-GPS-C2"": [""G06"", ""G12"", ""G19"", ""G24"", ""G25"", ""G32""]}",2,5,5,G06;G12;G19;G25;G32,6,5
r48u_20260914_DYNG_IF_ils_shadow_fix1,DYNG,IF,ils_shadow,2024-07-17T00:18:30,7,7,G06;G11;G12;G19;G24;G25;G32,"{""PRODUCT-GPS-C1"": [""G11""], ""PRODUCT-GPS-C2"": [""G06"", ""G12"", ""G19"", ""G24"", ""G25"", ""G32""]}",2,5,5,G06;G12;G19;G25;G32,6,5
r48u_20260914_DYNG_IF_ils_shadow_fix1,DYNG,IF,ils_shadow,2024-07-17T00:19:00,7,7,G06;G11;G12;G19;G24;G25;G32,"{""PRODUCT-GPS-C1"": [""G11""], ""PRODUCT-GPS-C2"": [""G06"", ""G12"", ""G19"", ""G24"", ""G25"", ""G32""]}",2,5,5,G06;G12;G19;G25;G32,6,5
r48u_20260914_DYNG_IF_ils_shadow_fix1,DYNG,IF,ils_shadow,2024-07-17T00:19:30,7,7,G06;G11;G12;G19;G24;G25;G32,"{""PRODUCT-GPS-C1"": [""G11""], ""PRODUCT-GPS-C2"": [""G06"", ""G12"", ""G19"", ""G24"", ""G25"", ""G32""]}",2,5,5,G06;G12;G19;G25;G32,6,5
r48u_20260914_DYNG_IF_ils_shadow_fix1,DYNG,IF,ils_shadow,2024-07-17T00:20:00,7,7,G06;G11;G12;G19;G24;G25;G32,"{""PRODUCT-GPS-C0"": [""G11""], ""PRODUCT-GPS-C1"": [""G06"", ""G12"", ""G19"", ""G24"", ""G25"", ""G32""]}",2,5,5,G06;G12;G19;G25;G32,6,5
r48u_20260914_DYNG_IF_ils_shadow_fix1,DYNG,IF,ils_shadow,2024-07-17T00:20:30,7,7,G06;G11;G12;G19;G24;G25;G32,"{""PRODUCT-GPS-C1"": [""G06"", ""G11"", ""G12"", ""G19"", ""G24"", ""G25"", ""G32""]}",1,6,6,G06;G11;G12;G19;G25;G32,7,6
r48u_20260914_DYNG_IF_ils_shadow_fix1,DYNG,IF,ils_shadow,2024-07-17T00:21:00,7,7,G06;G11;G12;G19;G24;G25;G32,"{""PRODUCT-GPS-C0"": [""G11""], ""PRODUCT-GPS-C1"": [""G06"", ""G12"", ""G19"", ""G24"", ""G25"", ""G32""]}",2,5,5,G06;G12;G19;G25;G32,6,5
r48u_20260914_DYNG_IF_ils_shadow_fix1,DYNG,IF,ils_shadow,2024-07-17T00:21:30,7,7,G06;G11;G12;G19;G24;G25;G32,"{""PRODUCT-GPS-C1"": [""G06"", ""G11"", ""G12"", ""G19"", ""G24"", ""G25"", ""G32""]}",1,6,6,G06;G11;G12;G19;G25;G32,7,6
r48u_20260914_DYNG_IF_ils_shadow_fix1,DYNG,IF,ils_shadow,2024-07-17T00:22:00,7,7,G06;G11;G12;G19;G24;G25;G32,"{""PRODUCT-GPS-C1"": [""G06"", ""G11"", ""G12"", ""G19"", ""G24"", ""G25"", ""G32""]}",1,6,6,G06;G11;G12;G19;G25;G32,7,6
r48u_20260914_DYNG_IF_ils_shadow_fix1,DYNG,IF,ils_shadow,2024-07-17T00:22:30,7,7,G06;G11;G12;G19;G24;G25;G32,"{""PRODUCT-GPS-C1"": [""G06"", ""G11"", ""G12"", ""G19"", ""G24"", ""G25"", ""G32""]}",1,6,6,G06;G11;G12;G19;G25;G32,7,6
r48u_20260914_DYNG_IF_ils_shadow_fix1,DYNG,IF,ils_shadow,2024-07-17T00:23:00,7,7,G06;G11;G12;G19;G24;G25;G32,"{""PRODUCT-GPS-C1"": [""G06"", ""G11"", ""G12"", ""G19"", ""G24"", ""G25"", ""G32""]}",1,6,6,G06;G11;G12;G19;G25;G32,7,6
r48u_20260914_DYNG_IF_ils_shadow_fix1,DYNG,IF,ils_shadow,2024-07-17T00:23:30,7,7,G06;G11;G12;G19;G24;G25;G32,"{""PRODUCT-GPS-C1"": [""G11""], ""PRODUCT-GPS-C2"": [""G06"", ""G12"", ""G19"", ""G24"", ""G25"", ""G32""]}",2,5,5,G06;G12;G19;G25;G32,6,5
r48u_20260914_DYNG_IF_ils_shadow_fix1,DYNG,IF,ils_shadow,2024-07-17T00:24:00,7,7,G06;G11;G12;G19;G24;G25;G32,"{""PRODUCT-GPS-C1"": [""G11""], ""PRODUCT-GPS-C2"": [""G06"", ""G12"", ""G19"", ""G24"", ""G25"", ""G32""]}",2,5,5,G06;G12;G19;G25;G32,6,5
r48u_20260914_DYNG_IF_ils_shadow_fix1,DYNG,IF,ils_shadow,2024-07-17T00:24:30,7,7,G06;G11;G12;G19;G24;G25;G32,"{""PRODUCT-GPS-C1"": [""G11""], ""PRODUCT-GPS-C2"": [""G06"", ""G12"", ""G19"", ""G24"", ""G25"", ""G32""]}",2,5,5,G06;G12;G19;G25;G32,6,5
r48u_20260914_DYNG_IF_ils_shadow_fix1,DYNG,IF,ils_shadow,2024-07-17T00:25:00,7,7,G06;G11;G12;G19;G24;G25;G32,"{""PRODUCT-GPS-C1"": [""G11""], ""PRODUCT-GPS-C2"": [""G06"", ""G12"", ""G19"", ""G24"", ""G25"", ""G32""]}",2,5,5,G06;G12;G19;G25;G32,6,5
r48u_20260914_DYNG_IF_ils_shadow_fix1,DYNG,IF,ils_shadow,2024-07-17T00:25:30,7,1,G11,"{""PRODUCT-GPS-C0"": [""G11""]}",1,0,0,,0,0
r48u_20260914_DYNG_IF_ils_shadow_fix1,DYNG,IF,ils_shadow,2024-07-17T00:26:00,7,6,G06;G12;G19;G24;G25;G32,"{""PRODUCT-GPS-C0"": [""G06"", ""G12"", ""G19"", ""G24"", ""G25"", ""G32""]}",1,5,5,G06;G12;G19;G25;G32,6,5
r48u_20260914_DYNG_IF_ils_shadow_fix1,DYNG,IF,ils_shadow,2024-07-17T00:26:30,7,7,G06;G11;G12;G19;G24;G25;G32,"{""PRODUCT-GPS-C0"": [""G11""], ""PRODUCT-GPS-C1"": [""G06"", ""G12"", ""G19"", ""G24"", ""G25"", ""G32""]}",2,5,5,G06;G12;G19;G25;G32,6,5
r48u_20260914_DYNG_IF_ils_shadow_fix1,DYNG,IF,ils_shadow,2024-07-17T00:27:00,7,7,G06;G11;G12;G19;G24;G25;G32,"{""PRODUCT-GPS-C0"": [""G06"", ""G11"", ""G12"", ""G19"", ""G24"", ""G25"", ""G32""]}",1,6,6,G06;G11;G12;G19;G25;G32,7,6
r48u_20260914_DYNG_IF_ils_shadow_fix1,DYNG,IF,ils_shadow,2024-07-17T00:27:30,7,7,G06;G11;G12;G19;G24;G25;G32,"{""PRODUCT-GPS-C0"": [""G06"", ""G11"", ""G12"", ""G19"", ""G24"", ""G25"", ""G32""]}",1,6,6,G06;G11;G12;G19;G25;G32,7,6
r48u_20260914_DYNG_IF_ils_shadow_fix1,DYNG,IF,ils_shadow,2024-07-17T00:28:00,7,7,G06;G11;G12;G19;G24;G25;G32,"{""PRODUCT-GPS-C0"": [""G06"", ""G11"", ""G12"", ""G19"", ""G24"", ""G25"", ""G32""]}",1,6,6,G06;G11;G12;G19;G25;G32,7,6
r48u_20260914_DYNG_IF_ils_shadow_fix1,DYNG,IF,ils_shadow,2024-07-17T00:28:30,7,7,G06;G11;G12;G19;G24;G25;G32,"{""PRODUCT-GPS-C0"": [""G06"", ""G11"", ""G12"", ""G19"", ""G24"", ""G25"", ""G32""]}",1,6,6,G06;G11;G12;G19;G25;G32,7,6
r48u_20260914_DYNG_IF_ils_shadow_fix1,DYNG,IF,ils_shadow,2024-07-17T00:29:00,7,7,G06;G11;G12;G19;G24;G25;G32,"{""PRODUCT-GPS-C0"": [""G06"", ""G11"", ""G12"", ""G19"", ""G24"", ""G25"", ""G32""]}",1,6,6,G06;G11;G12;G19;G25;G32,7,6
r48u_20260914_DYNG_IF_ils_shadow_fix1,DYNG,IF,ils_shadow,2024-07-17T00:29:30,7,7,G06;G11;G12;G19;G24;G25;G32,"{""PRODUCT-GPS-C0"": [""G06"", ""G11"", ""G12"", ""G19"", ""G24"", ""G25"", ""G32""]}",1,6,6,G06;G11;G12;G19;G25;G32,7,6
r48u_20260914_DYNG_IF_ils_shadow_fix1,DYNG,IF,ils_shadow,2024-07-17T00:30:00,7,7,G06;G11;G12;G19;G24;G25;G32,"{""PRODUCT-GPS-C0"": [""G06"", ""G11"", ""G12"", ""G19"", ""G24"", ""G25"", ""G32""]}",1,6,6,G06;G11;G12;G19;G25;G32,7,6
r48u_20260914_DYNG_IF_ils_feedback_fix1,DYNG,IF,ils_feedback,2024-07-17T00:03:00,8,0,,{},0,0,0,,0,0
r48u_20260914_DYNG_IF_ils_feedback_fix1,DYNG,IF,ils_feedback,2024-07-17T00:03:30,7,0,,{},0,0,0,,0,0
r48u_20260914_DYNG_IF_ils_feedback_fix1,DYNG,IF,ils_feedback,2024-07-17T00:04:00,6,0,,{},0,0,0,,0,0
r48u_20260914_DYNG_IF_ils_feedback_fix1,DYNG,IF,ils_feedback,2024-07-17T00:04:30,7,0,,{},0,0,0,,0,0
r48u_20260914_DYNG_IF_ils_feedback_fix1,DYNG,IF,ils_feedback,2024-07-17T00:05:00,7,0,,{},0,0,0,,0,0
r48u_20260914_DYNG_IF_ils_feedback_fix1,DYNG,IF,ils_feedback,2024-07-17T00:05:30,7,0,,{},0,0,0,,0,0
r48u_20260914_DYNG_IF_ils_feedback_fix1,DYNG,IF,ils_feedback,2024-07-17T00:06:00,7,0,,{},0,0,0,,0,0
r48u_20260914_DYNG_IF_ils_feedback_fix1,DYNG,IF,ils_feedback,2024-07-17T00:06:30,6,0,,{},0,0,0,,0,0
r48u_20260914_DYNG_IF_ils_feedback_fix1,DYNG,IF,ils_feedback,2024-07-17T00:07:00,7,0,,{},0,0,0,,0,0
r48u_20260914_DYNG_IF_ils_feedback_fix1,DYNG,IF,ils_feedback,2024-07-17T00:07:30,7,0,,{},0,0,0,,0,0
r48u_20260914_DYNG_IF_ils_feedback_fix1,DYNG,IF,ils_feedback,2024-07-17T00:08:00,6,0,,{},0,0,0,,0,0
r48u_20260914_DYNG_IF_ils_feedback_fix1,DYNG,IF,ils_feedback,2024-07-17T00:08:30,7,0,,{},0,0,0,,0,0
r48u_20260914_DYNG_IF_ils_feedback_fix1,DYNG,IF,ils_feedback,2024-07-17T00:09:00,7,0,,{},0,0,0,,0,0
r48u_20260914_DYNG_IF_ils_feedback_fix1,DYNG,IF,ils_feedback,2024-07-17T00:09:30,7,0,,{},0,0,0,,0,0
r48u_20260914_DYNG_IF_ils_feedback_fix1,DYNG,IF,ils_feedback,2024-07-17T00:10:00,7,0,,{},0,0,0,,0,0
r48u_20260914_DYNG_IF_ils_feedback_fix1,DYNG,IF,ils_feedback,2024-07-17T00:10:30,7,6,G06;G12;G19;G24;G25;G32,"{""PRODUCT-GPS-C1"": [""G06"", ""G12"", ""G19"", ""G24"", ""G25"", ""G32""]}",1,5,5,G06;G12;G19;G25;G32,6,5
r48u_20260914_DYNG_IF_ils_feedback_fix1,DYNG,IF,ils_feedback,2024-07-17T00:11:00,7,0,,{},0,0,0,,0,0
r48u_20260914_DYNG_IF_ils_feedback_fix1,DYNG,IF,ils_feedback,2024-07-17T00:11:30,7,1,G11,"{""PRODUCT-GPS-C0"": [""G11""]}",1,0,0,,0,0
r48u_20260914_DYNG_IF_ils_feedback_fix1,DYNG,IF,ils_feedback,2024-07-17T00:12:00,7,1,G11,"{""PRODUCT-GPS-C0"": [""G11""]}",1,0,0,,0,0
r48u_20260914_DYNG_IF_ils_feedback_fix1,DYNG,IF,ils_feedback,2024-07-17T00:12:30,6,0,,{},0,0,0,,0,0
r48u_20260914_DYNG_IF_ils_feedback_fix1,DYNG,IF,ils_feedback,2024-07-17T00:13:00,7,1,G11,"{""PRODUCT-GPS-C0"": [""G11""]}",1,0,0,,0,0
r48u_20260914_DYNG_IF_ils_feedback_fix1,DYNG,IF,ils_feedback,2024-07-17T00:13:30,7,1,G11,"{""PRODUCT-GPS-C0"": [""G11""]}",1,0,0,,0,0
r48u_20260914_DYNG_IF_ils_feedback_fix1,DYNG,IF,ils_feedback,2024-07-17T00:14:00,7,1,G11,"{""PRODUCT-GPS-C0"": [""G11""]}",1,0,0,,0,0
r48u_20260914_DYNG_IF_ils_feedback_fix1,DYNG,IF,ils_feedback,2024-07-17T00:14:30,7,1,G11,"{""PRODUCT-GPS-C0"": [""G11""]}",1,0,0,,0,0
r48u_20260914_DYNG_IF_ils_feedback_fix1,DYNG,IF,ils_feedback,2024-07-17T00:15:00,7,1,G11,"{""PRODUCT-GPS-C0"": [""G11""]}",1,0,0,,0,0
r48u_20260914_DYNG_IF_ils_feedback_fix1,DYNG,IF,ils_feedback,2024-07-17T00:15:30,7,1,G11,"{""PRODUCT-GPS-C0"": [""G11""]}",1,0,0,,0,0
r48u_20260914_DYNG_IF_ils_feedback_fix1,DYNG,IF,ils_feedback,2024-07-17T00:16:00,7,1,G11,"{""PRODUCT-GPS-C0"": [""G11""]}",1,0,0,,0,0
r48u_20260914_DYNG_IF_ils_feedback_fix1,DYNG,IF,ils_feedback,2024-07-17T00:16:30,7,1,G11,"{""PRODUCT-GPS-C0"": [""G11""]}",1,0,0,,0,0
r48u_20260914_DYNG_IF_ils_feedback_fix1,DYNG,IF,ils_feedback,2024-07-17T00:17:00,7,7,G06;G11;G12;G19;G24;G25;G32,"{""PRODUCT-GPS-C1"": [""G11""], ""PRODUCT-GPS-C2"": [""G06"", ""G12"", ""G19"", ""G24"", ""G25"", ""G32""]}",2,5,5,G06;G12;G19;G25;G32,6,5
r48u_20260914_DYNG_IF_ils_feedback_fix1,DYNG,IF,ils_feedback,2024-07-17T00:17:30,7,7,G06;G11;G12;G19;G24;G25;G32,"{""PRODUCT-GPS-C1"": [""G11""], ""PRODUCT-GPS-C2"": [""G06"", ""G12"", ""G19"", ""G24"", ""G25"", ""G32""]}",2,5,5,G06;G12;G19;G25;G32,6,5
r48u_20260914_DYNG_IF_ils_feedback_fix1,DYNG,IF,ils_feedback,2024-07-17T00:18:00,7,7,G06;G11;G12;G19;G24;G25;G32,"{""PRODUCT-GPS-C1"": [""G11""], ""PRODUCT-GPS-C2"": [""G06"", ""G12"", ""G19"", ""G24"", ""G25"", ""G32""]}",2,5,5,G06;G12;G19;G25;G32,6,5
r48u_20260914_DYNG_IF_ils_feedback_fix1,DYNG,IF,ils_feedback,2024-07-17T00:18:30,7,7,G06;G11;G12;G19;G24;G25;G32,"{""PRODUCT-GPS-C1"": [""G11""], ""PRODUCT-GPS-C2"": [""G06"", ""G12"", ""G19"", ""G24"", ""G25"", ""G32""]}",2,5,5,G06;G12;G19;G25;G32,6,5
r48u_20260914_DYNG_IF_ils_feedback_fix1,DYNG,IF,ils_feedback,2024-07-17T00:19:00,7,7,G06;G11;G12;G19;G24;G25;G32,"{""PRODUCT-GPS-C1"": [""G11""], ""PRODUCT-GPS-C2"": [""G06"", ""G12"", ""G19"", ""G24"", ""G25"", ""G32""]}",2,5,5,G06;G12;G19;G25;G32,6,5
r48u_20260914_DYNG_IF_ils_feedback_fix1,DYNG,IF,ils_feedback,2024-07-17T00:19:30,7,7,G06;G11;G12;G19;G24;G25;G32,"{""PRODUCT-GPS-C1"": [""G11""], ""PRODUCT-GPS-C2"": [""G06"", ""G12"", ""G19"", ""G24"", ""G25"", ""G32""]}",2,5,5,G06;G12;G19;G25;G32,6,5
r48u_20260914_DYNG_IF_ils_feedback_fix1,DYNG,IF,ils_feedback,2024-07-17T00:20:00,7,7,G06;G11;G12;G19;G24;G25;G32,"{""PRODUCT-GPS-C0"": [""G11""], ""PRODUCT-GPS-C1"": [""G06"", ""G12"", ""G19"", ""G24"", ""G25"", ""G32""]}",2,5,5,G06;G12;G19;G25;G32,6,5
r48u_20260914_DYNG_IF_ils_feedback_fix1,DYNG,IF,ils_feedback,2024-07-17T00:20:30,7,7,G06;G11;G12;G19;G24;G25;G32,"{""PRODUCT-GPS-C1"": [""G06"", ""G11"", ""G12"", ""G19"", ""G24"", ""G25"", ""G32""]}",1,6,6,G06;G11;G12;G19;G25;G32,7,6
r48u_20260914_DYNG_IF_ils_feedback_fix1,DYNG,IF,ils_feedback,2024-07-17T00:21:00,7,7,G06;G11;G12;G19;G24;G25;G32,"{""PRODUCT-GPS-C0"": [""G11""], ""PRODUCT-GPS-C1"": [""G06"", ""G12"", ""G19"", ""G24"", ""G25"", ""G32""]}",2,5,5,G06;G12;G19;G25;G32,6,5
r48u_20260914_DYNG_IF_ils_feedback_fix1,DYNG,IF,ils_feedback,2024-07-17T00:21:30,7,7,G06;G11;G12;G19;G24;G25;G32,"{""PRODUCT-GPS-C1"": [""G06"", ""G11"", ""G12"", ""G19"", ""G24"", ""G25"", ""G32""]}",1,6,6,G06;G11;G12;G19;G25;G32,7,6
r48u_20260914_DYNG_IF_ils_feedback_fix1,DYNG,IF,ils_feedback,2024-07-17T00:22:00,7,7,G06;G11;G12;G19;G24;G25;G32,"{""PRODUCT-GPS-C1"": [""G06"", ""G11"", ""G12"", ""G19"", ""G24"", ""G25"", ""G32""]}",1,6,6,G06;G11;G12;G19;G25;G32,7,6
r48u_20260914_DYNG_IF_ils_feedback_fix1,DYNG,IF,ils_feedback,2024-07-17T00:22:30,7,7,G06;G11;G12;G19;G24;G25;G32,"{""PRODUCT-GPS-C1"": [""G06"", ""G11"", ""G12"", ""G19"", ""G24"", ""G25"", ""G32""]}",1,6,6,G06;G11;G12;G19;G25;G32,7,6
r48u_20260914_DYNG_IF_ils_feedback_fix1,DYNG,IF,ils_feedback,2024-07-17T00:23:00,7,7,G06;G11;G12;G19;G24;G25;G32,"{""PRODUCT-GPS-C1"": [""G06"", ""G11"", ""G12"", ""G19"", ""G24"", ""G25"", ""G32""]}",1,6,6,G06;G11;G12;G19;G25;G32,7,6
r48u_20260914_DYNG_IF_ils_feedback_fix1,DYNG,IF,ils_feedback,2024-07-17T00:23:30,7,7,G06;G11;G12;G19;G24;G25;G32,"{""PRODUCT-GPS-C1"": [""G11""], ""PRODUCT-GPS-C2"": [""G06"", ""G12"", ""G19"", ""G24"", ""G25"", ""G32""]}",2,5,5,G06;G12;G19;G25;G32,6,5
r48u_20260914_DYNG_IF_ils_feedback_fix1,DYNG,IF,ils_feedback,2024-07-17T00:24:00,7,7,G06;G11;G12;G19;G24;G25;G32,"{""PRODUCT-GPS-C1"": [""G11""], ""PRODUCT-GPS-C2"": [""G06"", ""G12"", ""G19"", ""G24"", ""G25"", ""G32""]}",2,5,5,G06;G12;G19;G25;G32,6,5
r48u_20260914_DYNG_IF_ils_feedback_fix1,DYNG,IF,ils_feedback,2024-07-17T00:24:30,7,7,G06;G11;G12;G19;G24;G25;G32,"{""PRODUCT-GPS-C1"": [""G11""], ""PRODUCT-GPS-C2"": [""G06"", ""G12"", ""G19"", ""G24"", ""G25"", ""G32""]}",2,5,5,G06;G12;G19;G25;G32,6,5
r48u_20260914_DYNG_IF_ils_feedback_fix1,DYNG,IF,ils_feedback,2024-07-17T00:25:00,7,7,G06;G11;G12;G19;G24;G25;G32,"{""PRODUCT-GPS-C1"": [""G11""], ""PRODUCT-GPS-C2"": [""G06"", ""G12"", ""G19"", ""G24"", ""G25"", ""G32""]}",2,5,5,G06;G12;G19;G25;G32,6,5
r48u_20260914_DYNG_IF_ils_feedback_fix1,DYNG,IF,ils_feedback,2024-07-17T00:25:30,7,1,G11,"{""PRODUCT-GPS-C0"": [""G11""]}",1,0,0,,0,0
r48u_20260914_DYNG_IF_ils_feedback_fix1,DYNG,IF,ils_feedback,2024-07-17T00:26:00,7,6,G06;G12;G19;G24;G25;G32,"{""PRODUCT-GPS-C0"": [""G06"", ""G12"", ""G19"", ""G24"", ""G25"", ""G32""]}",1,5,5,G06;G12;G19;G25;G32,6,5
r48u_20260914_DYNG_IF_ils_feedback_fix1,DYNG,IF,ils_feedback,2024-07-17T00:26:30,7,7,G06;G11;G12;G19;G24;G25;G32,"{""PRODUCT-GPS-C0"": [""G11""], ""PRODUCT-GPS-C1"": [""G06"", ""G12"", ""G19"", ""G24"", ""G25"", ""G32""]}",2,5,5,G06;G12;G19;G25;G32,6,5
r48u_20260914_DYNG_IF_ils_feedback_fix1,DYNG,IF,ils_feedback,2024-07-17T00:27:00,7,7,G06;G11;G12;G19;G24;G25;G32,"{""PRODUCT-GPS-C0"": [""G06"", ""G11"", ""G12"", ""G19"", ""G24"", ""G25"", ""G32""]}",1,6,6,G06;G11;G12;G19;G25;G32,7,6
r48u_20260914_DYNG_IF_ils_feedback_fix1,DYNG,IF,ils_feedback,2024-07-17T00:27:30,7,7,G06;G11;G12;G19;G24;G25;G32,"{""PRODUCT-GPS-C0"": [""G06"", ""G11"", ""G12"", ""G19"", ""G24"", ""G25"", ""G32""]}",1,6,6,G06;G11;G12;G19;G25;G32,7,6
r48u_20260914_DYNG_IF_ils_feedback_fix1,DYNG,IF,ils_feedback,2024-07-17T00:28:00,7,7,G06;G11;G12;G19;G24;G25;G32,"{""PRODUCT-GPS-C0"": [""G06"", ""G11"", ""G12"", ""G19"", ""G24"", ""G25"", ""G32""]}",1,6,6,G06;G11;G12;G19;G25;G32,7,6
r48u_20260914_DYNG_IF_ils_feedback_fix1,DYNG,IF,ils_feedback,2024-07-17T00:28:30,7,7,G06;G11;G12;G19;G24;G25;G32,"{""PRODUCT-GPS-C0"": [""G06"", ""G11"", ""G12"", ""G19"", ""G24"", ""G25"", ""G32""]}",1,6,6,G06;G11;G12;G19;G25;G32,7,6
r48u_20260914_DYNG_IF_ils_feedback_fix1,DYNG,IF,ils_feedback,2024-07-17T00:29:00,7,7,G06;G11;G12;G19;G24;G25;G32,"{""PRODUCT-GPS-C0"": [""G06"", ""G11"", ""G12"", ""G19"", ""G24"", ""G25"", ""G32""]}",1,6,6,G06;G11;G12;G19;G25;G32,7,6
r48u_20260914_DYNG_IF_ils_feedback_fix1,DYNG,IF,ils_feedback,2024-07-17T00:29:30,7,7,G06;G11;G12;G19;G24;G25;G32,"{""PRODUCT-GPS-C0"": [""G06"", ""G11"", ""G12"", ""G19"", ""G24"", ""G25"", ""G32""]}",1,6,6,G06;G11;G12;G19;G25;G32,7,6
r48u_20260914_DYNG_IF_ils_feedback_fix1,DYNG,IF,ils_feedback,2024-07-17T00:30:00,7,7,G06;G11;G12;G19;G24;G25;G32,"{""PRODUCT-GPS-C0"": [""G06"", ""G11"", ""G12"", ""G19"", ""G24"", ""G25"", ""G32""]}",1,6,6,G06;G11;G12;G19;G25;G32,7,6
r48u_20260914_NICO_IF_float_fix1,NICO,IF,float,2024-07-17T00:03:00,9,0,,{},0,0,0,,0,0
r48u_20260914_NICO_IF_float_fix1,NICO,IF,float,2024-07-17T00:03:30,8,0,,{},0,0,0,,0,0
r48u_20260914_NICO_IF_float_fix1,NICO,IF,float,2024-07-17T00:04:00,8,0,,{},0,0,0,,0,0
r48u_20260914_NICO_IF_float_fix1,NICO,IF,float,2024-07-17T00:04:30,8,0,,{},0,0,0,,0,0
r48u_20260914_NICO_IF_float_fix1,NICO,IF,float,2024-07-17T00:05:00,8,0,,{},0,0,0,,0,0
r48u_20260914_NICO_IF_float_fix1,NICO,IF,float,2024-07-17T00:05:30,8,0,,{},0,0,0,,0,0
r48u_20260914_NICO_IF_float_fix1,NICO,IF,float,2024-07-17T00:06:00,8,0,,{},0,0,0,,0,0
r48u_20260914_NICO_IF_float_fix1,NICO,IF,float,2024-07-17T00:06:30,8,0,,{},0,0,0,,0,0
r48u_20260914_NICO_IF_float_fix1,NICO,IF,float,2024-07-17T00:07:00,8,0,,{},0,0,0,,0,0
r48u_20260914_NICO_IF_float_fix1,NICO,IF,float,2024-07-17T00:07:30,8,0,,{},0,0,0,,0,0
r48u_20260914_NICO_IF_float_fix1,NICO,IF,float,2024-07-17T00:08:00,8,0,,{},0,0,0,,0,0
r48u_20260914_NICO_IF_float_fix1,NICO,IF,float,2024-07-17T00:08:30,9,0,,{},0,0,0,,0,0
r48u_20260914_NICO_IF_float_fix1,NICO,IF,float,2024-07-17T00:09:00,8,0,,{},0,0,0,,0,0
r48u_20260914_NICO_IF_float_fix1,NICO,IF,float,2024-07-17T00:09:30,8,0,,{},0,0,0,,0,0
r48u_20260914_NICO_IF_float_fix1,NICO,IF,float,2024-07-17T00:10:00,8,0,,{},0,0,0,,0,0
r48u_20260914_NICO_IF_float_fix1,NICO,IF,float,2024-07-17T00:10:30,8,7,G06;G12;G19;G22;G24;G25;G32,"{""PRODUCT-GPS-C1"": [""G06"", ""G12"", ""G19"", ""G22"", ""G24"", ""G25"", ""G32""]}",1,6,6,G06;G12;G19;G22;G25;G32,0,0
r48u_20260914_NICO_IF_float_fix1,NICO,IF,float,2024-07-17T00:11:00,8,0,,{},0,0,0,,0,0
r48u_20260914_NICO_IF_float_fix1,NICO,IF,float,2024-07-17T00:11:30,9,2,G11;G15,"{""PRODUCT-GPS-C0"": [""G11""], ""PRODUCT-GPS-C2"": [""G15""]}",2,0,0,,0,0
r48u_20260914_NICO_IF_float_fix1,NICO,IF,float,2024-07-17T00:12:00,9,2,G11;G15,"{""PRODUCT-GPS-C0"": [""G11""], ""PRODUCT-GPS-C2"": [""G15""]}",2,0,0,,0,0
r48u_20260914_NICO_IF_float_fix1,NICO,IF,float,2024-07-17T00:12:30,9,2,G11;G15,"{""PRODUCT-GPS-C0"": [""G11""], ""PRODUCT-GPS-C2"": [""G15""]}",2,0,0,,0,0
r48u_20260914_NICO_IF_float_fix1,NICO,IF,float,2024-07-17T00:13:00,8,2,G11;G15,"{""PRODUCT-GPS-C0"": [""G11""], ""PRODUCT-GPS-C2"": [""G15""]}",2,0,0,,0,0
r48u_20260914_NICO_IF_float_fix1,NICO,IF,float,2024-07-17T00:13:30,8,2,G11;G15,"{""PRODUCT-GPS-C0"": [""G11""], ""PRODUCT-GPS-C2"": [""G15""]}",2,0,0,,0,0
r48u_20260914_NICO_IF_float_fix1,NICO,IF,float,2024-07-17T00:14:00,8,2,G11;G15,"{""PRODUCT-GPS-C0"": [""G11""], ""PRODUCT-GPS-C2"": [""G15""]}",2,0,0,,0,0
r48u_20260914_NICO_IF_float_fix1,NICO,IF,float,2024-07-17T00:14:30,7,1,G11,"{""PRODUCT-GPS-C0"": [""G11""]}",1,0,0,,0,0
r48u_20260914_NICO_IF_float_fix1,NICO,IF,float,2024-07-17T00:15:00,7,1,G11,"{""PRODUCT-GPS-C0"": [""G11""]}",1,0,0,,0,0
r48u_20260914_NICO_IF_float_fix1,NICO,IF,float,2024-07-17T00:15:30,7,1,G11,"{""PRODUCT-GPS-C0"": [""G11""]}",1,0,0,,0,0
r48u_20260914_NICO_IF_float_fix1,NICO,IF,float,2024-07-17T00:16:00,7,1,G11,"{""PRODUCT-GPS-C0"": [""G11""]}",1,0,0,,0,0
r48u_20260914_NICO_IF_float_fix1,NICO,IF,float,2024-07-17T00:16:30,7,1,G11,"{""PRODUCT-GPS-C0"": [""G11""]}",1,0,0,,0,0
r48u_20260914_NICO_IF_float_fix1,NICO,IF,float,2024-07-17T00:17:00,7,7,G06;G11;G12;G19;G24;G25;G32,"{""PRODUCT-GPS-C1"": [""G11""], ""PRODUCT-GPS-C2"": [""G06"", ""G12"", ""G19"", ""G24"", ""G25"", ""G32""]}",2,5,5,G06;G12;G19;G25;G32,0,0
r48u_20260914_NICO_IF_float_fix1,NICO,IF,float,2024-07-17T00:17:30,7,7,G06;G11;G12;G19;G24;G25;G32,"{""PRODUCT-GPS-C1"": [""G11""], ""PRODUCT-GPS-C2"": [""G06"", ""G12"", ""G19"", ""G24"", ""G25"", ""G32""]}",2,5,5,G06;G12;G19;G25;G32,0,0
r48u_20260914_NICO_IF_float_fix1,NICO,IF,float,2024-07-17T00:18:00,7,7,G06;G11;G12;G19;G24;G25;G32,"{""PRODUCT-GPS-C1"": [""G11""], ""PRODUCT-GPS-C2"": [""G06"", ""G12"", ""G19"", ""G24"", ""G25"", ""G32""]}",2,5,5,G06;G12;G19;G25;G32,0,0
r48u_20260914_NICO_IF_float_fix1,NICO,IF,float,2024-07-17T00:18:30,7,7,G06;G11;G12;G19;G24;G25;G32,"{""PRODUCT-GPS-C1"": [""G11""], ""PRODUCT-GPS-C2"": [""G06"", ""G12"", ""G19"", ""G24"", ""G25"", ""G32""]}",2,5,5,G06;G12;G19;G25;G32,0,0
r48u_20260914_NICO_IF_float_fix1,NICO,IF,float,2024-07-17T00:19:00,7,7,G06;G11;G12;G19;G24;G25;G32,"{""PRODUCT-GPS-C1"": [""G11""], ""PRODUCT-GPS-C2"": [""G06"", ""G12"", ""G19"", ""G24"", ""G25"", ""G32""]}",2,5,6,G06;G12;G19;G22;G25;G32,0,0
r48u_20260914_NICO_IF_float_fix1,NICO,IF,float,2024-07-17T00:19:30,7,7,G06;G11;G12;G19;G24;G25;G32,"{""PRODUCT-GPS-C1"": [""G11""], ""PRODUCT-GPS-C2"": [""G06"", ""G12"", ""G19"", ""G24"", ""G25"", ""G32""]}",2,5,6,G06;G12;G19;G22;G25;G32,0,0
r48u_20260914_NICO_IF_float_fix1,NICO,IF,float,2024-07-17T00:20:00,7,7,G06;G11;G12;G19;G24;G25;G32,"{""PRODUCT-GPS-C0"": [""G11""], ""PRODUCT-GPS-C1"": [""G06"", ""G12"", ""G19"", ""G24"", ""G25"", ""G32""]}",2,5,5,G06;G12;G19;G25;G32,0,0
r48u_20260914_NICO_IF_float_fix1,NICO,IF,float,2024-07-17T00:20:30,7,7,G06;G11;G12;G19;G24;G25;G32,"{""PRODUCT-GPS-C1"": [""G06"", ""G11"", ""G12"", ""G19"", ""G24"", ""G25"", ""G32""]}",1,6,8,G06;G11;G12;G17;G19;G22;G25;G32,0,0
r48u_20260914_NICO_IF_float_fix1,NICO,IF,float,2024-07-17T00:21:00,7,7,G06;G11;G12;G19;G24;G25;G32,"{""PRODUCT-GPS-C0"": [""G11""], ""PRODUCT-GPS-C1"": [""G06"", ""G12"", ""G19"", ""G24"", ""G25"", ""G32""]}",2,5,5,G06;G12;G19;G25;G32,0,0
r48u_20260914_NICO_IF_float_fix1,NICO,IF,float,2024-07-17T00:21:30,7,7,G06;G11;G12;G19;G24;G25;G32,"{""PRODUCT-GPS-C1"": [""G06"", ""G11"", ""G12"", ""G19"", ""G24"", ""G25"", ""G32""]}",1,6,6,G06;G11;G12;G19;G25;G32,0,0
r48u_20260914_NICO_IF_float_fix1,NICO,IF,float,2024-07-17T00:22:00,7,7,G06;G11;G12;G19;G24;G25;G32,"{""PRODUCT-GPS-C1"": [""G06"", ""G11"", ""G12"", ""G19"", ""G24"", ""G25"", ""G32""]}",1,6,7,G06;G11;G12;G17;G19;G25;G32,0,0
r48u_20260914_NICO_IF_float_fix1,NICO,IF,float,2024-07-17T00:22:30,7,7,G06;G11;G12;G19;G24;G25;G32,"{""PRODUCT-GPS-C1"": [""G06"", ""G11"", ""G12"", ""G19"", ""G24"", ""G25"", ""G32""]}",1,6,7,G06;G11;G12;G17;G19;G25;G32,0,0
r48u_20260914_NICO_IF_float_fix1,NICO,IF,float,2024-07-17T00:23:00,7,7,G06;G11;G12;G19;G24;G25;G32,"{""PRODUCT-GPS-C1"": [""G06"", ""G11"", ""G12"", ""G19"", ""G24"", ""G25"", ""G32""]}",1,6,7,G06;G11;G12;G17;G19;G25;G32,0,0
r48u_20260914_NICO_IF_float_fix1,NICO,IF,float,2024-07-17T00:23:30,7,7,G06;G11;G12;G19;G24;G25;G32,"{""PRODUCT-GPS-C1"": [""G11""], ""PRODUCT-GPS-C2"": [""G06"", ""G12"", ""G19"", ""G24"", ""G25"", ""G32""]}",2,5,6,G06;G12;G19;G22;G25;G32,0,0
r48u_20260914_NICO_IF_float_fix1,NICO,IF,float,2024-07-17T00:24:00,7,7,G06;G11;G12;G19;G24;G25;G32,"{""PRODUCT-GPS-C1"": [""G11""], ""PRODUCT-GPS-C2"": [""G06"", ""G12"", ""G19"", ""G24"", ""G25"", ""G32""]}",2,5,6,G06;G12;G19;G22;G25;G32,0,0
r48u_20260914_NICO_IF_float_fix1,NICO,IF,float,2024-07-17T00:24:30,7,7,G06;G11;G12;G19;G24;G25;G32,"{""PRODUCT-GPS-C1"": [""G11""], ""PRODUCT-GPS-C2"": [""G06"", ""G12"", ""G19"", ""G24"", ""G25"", ""G32""]}",2,5,6,G06;G12;G19;G22;G25;G32,0,0
r48u_20260914_NICO_IF_float_fix1,NICO,IF,float,2024-07-17T00:25:00,7,7,G06;G11;G12;G19;G24;G25;G32,"{""PRODUCT-GPS-C1"": [""G11""], ""PRODUCT-GPS-C2"": [""G06"", ""G12"", ""G19"", ""G24"", ""G25"", ""G32""]}",2,5,6,G06;G12;G19;G22;G25;G32,0,0
r48u_20260914_NICO_IF_float_fix1,NICO,IF,float,2024-07-17T00:25:30,7,1,G11,"{""PRODUCT-GPS-C0"": [""G11""]}",1,0,0,,0,0
r48u_20260914_NICO_IF_float_fix1,NICO,IF,float,2024-07-17T00:26:00,7,6,G06;G12;G19;G24;G25;G32,"{""PRODUCT-GPS-C0"": [""G06"", ""G12"", ""G19"", ""G24"", ""G25"", ""G32""]}",1,5,5,G06;G12;G19;G25;G32,0,0
r48u_20260914_NICO_IF_float_fix1,NICO,IF,float,2024-07-17T00:26:30,7,7,G06;G11;G12;G19;G24;G25;G32,"{""PRODUCT-GPS-C0"": [""G11""], ""PRODUCT-GPS-C1"": [""G06"", ""G12"", ""G19"", ""G24"", ""G25"", ""G32""]}",2,5,5,G06;G12;G19;G25;G32,0,0
r48u_20260914_NICO_IF_float_fix1,NICO,IF,float,2024-07-17T00:27:00,7,7,G06;G11;G12;G19;G24;G25;G32,"{""PRODUCT-GPS-C0"": [""G06"", ""G11"", ""G12"", ""G19"", ""G24"", ""G25"", ""G32""]}",1,6,6,G06;G11;G12;G19;G25;G32,0,0
r48u_20260914_NICO_IF_float_fix1,NICO,IF,float,2024-07-17T00:27:30,7,7,G06;G11;G12;G19;G24;G25;G32,"{""PRODUCT-GPS-C0"": [""G06"", ""G11"", ""G12"", ""G19"", ""G24"", ""G25"", ""G32""]}",1,6,6,G06;G11;G12;G19;G25;G32,0,0
r48u_20260914_NICO_IF_float_fix1,NICO,IF,float,2024-07-17T00:28:00,7,7,G06;G11;G12;G19;G24;G25;G32,"{""PRODUCT-GPS-C0"": [""G06"", ""G11"", ""G12"", ""G19"", ""G24"", ""G25"", ""G32""]}",1,6,6,G06;G11;G12;G19;G25;G32,0,0
r48u_20260914_NICO_IF_float_fix1,NICO,IF,float,2024-07-17T00:28:30,7,7,G06;G11;G12;G19;G24;G25;G32,"{""PRODUCT-GPS-C0"": [""G06"", ""G11"", ""G12"", ""G19"", ""G24"", ""G25"", ""G32""]}",1,6,6,G06;G11;G12;G19;G25;G32,0,0
r48u_20260914_NICO_IF_float_fix1,NICO,IF,float,2024-07-17T00:29:00,7,7,G06;G11;G12;G19;G24;G25;G32,"{""PRODUCT-GPS-C0"": [""G06"", ""G11"", ""G12"", ""G19"", ""G24"", ""G25"", ""G32""]}",1,6,6,G06;G11;G12;G19;G25;G32,0,0
r48u_20260914_NICO_IF_float_fix1,NICO,IF,float,2024-07-17T00:29:30,7,7,G06;G11;G12;G19;G24;G25;G32,"{""PRODUCT-GPS-C0"": [""G06"", ""G11"", ""G12"", ""G19"", ""G24"", ""G25"", ""G32""]}",1,6,6,G06;G11;G12;G19;G25;G32,0,0
r48u_20260914_NICO_IF_float_fix1,NICO,IF,float,2024-07-17T00:30:00,7,7,G06;G11;G12;G19;G24;G25;G32,"{""PRODUCT-GPS-C0"": [""G06"", ""G11"", ""G12"", ""G19"", ""G24"", ""G25"", ""G32""]}",1,6,6,G06;G11;G12;G19;G25;G32,0,0
r48u_20260914_NICO_IF_round_shadow_fix1,NICO,IF,round_shadow,2024-07-17T00:03:00,9,0,,{},0,0,0,,0,0
r48u_20260914_NICO_IF_round_shadow_fix1,NICO,IF,round_shadow,2024-07-17T00:03:30,8,0,,{},0,0,0,,0,0
r48u_20260914_NICO_IF_round_shadow_fix1,NICO,IF,round_shadow,2024-07-17T00:04:00,8,0,,{},0,0,0,,0,0
r48u_20260914_NICO_IF_round_shadow_fix1,NICO,IF,round_shadow,2024-07-17T00:04:30,8,0,,{},0,0,0,,0,0
r48u_20260914_NICO_IF_round_shadow_fix1,NICO,IF,round_shadow,2024-07-17T00:05:00,8,0,,{},0,0,0,,0,0
r48u_20260914_NICO_IF_round_shadow_fix1,NICO,IF,round_shadow,2024-07-17T00:05:30,8,0,,{},0,0,0,,0,0
r48u_20260914_NICO_IF_round_shadow_fix1,NICO,IF,round_shadow,2024-07-17T00:06:00,8,0,,{},0,0,0,,0,0
r48u_20260914_NICO_IF_round_shadow_fix1,NICO,IF,round_shadow,2024-07-17T00:06:30,8,0,,{},0,0,0,,0,0
r48u_20260914_NICO_IF_round_shadow_fix1,NICO,IF,round_shadow,2024-07-17T00:07:00,8,0,,{},0,0,0,,0,0
r48u_20260914_NICO_IF_round_shadow_fix1,NICO,IF,round_shadow,2024-07-17T00:07:30,8,0,,{},0,0,0,,0,0
r48u_20260914_NICO_IF_round_shadow_fix1,NICO,IF,round_shadow,2024-07-17T00:08:00,8,0,,{},0,0,0,,0,0
r48u_20260914_NICO_IF_round_shadow_fix1,NICO,IF,round_shadow,2024-07-17T00:08:30,9,0,,{},0,0,0,,0,0
r48u_20260914_NICO_IF_round_shadow_fix1,NICO,IF,round_shadow,2024-07-17T00:09:00,8,0,,{},0,0,0,,0,0
r48u_20260914_NICO_IF_round_shadow_fix1,NICO,IF,round_shadow,2024-07-17T00:09:30,8,0,,{},0,0,0,,0,0
r48u_20260914_NICO_IF_round_shadow_fix1,NICO,IF,round_shadow,2024-07-17T00:10:00,8,0,,{},0,0,0,,0,0
r48u_20260914_NICO_IF_round_shadow_fix1,NICO,IF,round_shadow,2024-07-17T00:10:30,8,7,G06;G12;G19;G22;G24;G25;G32,"{""PRODUCT-GPS-C1"": [""G06"", ""G12"", ""G19"", ""G22"", ""G24"", ""G25"", ""G32""]}",1,6,6,G06;G12;G19;G22;G25;G32,7,6
r48u_20260914_NICO_IF_round_shadow_fix1,NICO,IF,round_shadow,2024-07-17T00:11:00,8,0,,{},0,0,0,,0,0
r48u_20260914_NICO_IF_round_shadow_fix1,NICO,IF,round_shadow,2024-07-17T00:11:30,9,2,G11;G15,"{""PRODUCT-GPS-C0"": [""G11""], ""PRODUCT-GPS-C2"": [""G15""]}",2,0,0,,0,0
r48u_20260914_NICO_IF_round_shadow_fix1,NICO,IF,round_shadow,2024-07-17T00:12:00,9,2,G11;G15,"{""PRODUCT-GPS-C0"": [""G11""], ""PRODUCT-GPS-C2"": [""G15""]}",2,0,0,,0,0
r48u_20260914_NICO_IF_round_shadow_fix1,NICO,IF,round_shadow,2024-07-17T00:12:30,9,2,G11;G15,"{""PRODUCT-GPS-C0"": [""G11""], ""PRODUCT-GPS-C2"": [""G15""]}",2,0,0,,0,0
r48u_20260914_NICO_IF_round_shadow_fix1,NICO,IF,round_shadow,2024-07-17T00:13:00,8,2,G11;G15,"{""PRODUCT-GPS-C0"": [""G11""], ""PRODUCT-GPS-C2"": [""G15""]}",2,0,0,,0,0
r48u_20260914_NICO_IF_round_shadow_fix1,NICO,IF,round_shadow,2024-07-17T00:13:30,8,2,G11;G15,"{""PRODUCT-GPS-C0"": [""G11""], ""PRODUCT-GPS-C2"": [""G15""]}",2,0,0,,0,0
r48u_20260914_NICO_IF_round_shadow_fix1,NICO,IF,round_shadow,2024-07-17T00:14:00,8,2,G11;G15,"{""PRODUCT-GPS-C0"": [""G11""], ""PRODUCT-GPS-C2"": [""G15""]}",2,0,0,,0,0
r48u_20260914_NICO_IF_round_shadow_fix1,NICO,IF,round_shadow,2024-07-17T00:14:30,7,1,G11,"{""PRODUCT-GPS-C0"": [""G11""]}",1,0,0,,0,0
r48u_20260914_NICO_IF_round_shadow_fix1,NICO,IF,round_shadow,2024-07-17T00:15:00,7,1,G11,"{""PRODUCT-GPS-C0"": [""G11""]}",1,0,0,,0,0
r48u_20260914_NICO_IF_round_shadow_fix1,NICO,IF,round_shadow,2024-07-17T00:15:30,7,1,G11,"{""PRODUCT-GPS-C0"": [""G11""]}",1,0,0,,0,0
r48u_20260914_NICO_IF_round_shadow_fix1,NICO,IF,round_shadow,2024-07-17T00:16:00,7,1,G11,"{""PRODUCT-GPS-C0"": [""G11""]}",1,0,0,,0,0
r48u_20260914_NICO_IF_round_shadow_fix1,NICO,IF,round_shadow,2024-07-17T00:16:30,7,1,G11,"{""PRODUCT-GPS-C0"": [""G11""]}",1,0,0,,0,0
r48u_20260914_NICO_IF_round_shadow_fix1,NICO,IF,round_shadow,2024-07-17T00:17:00,7,7,G06;G11;G12;G19;G24;G25;G32,"{""PRODUCT-GPS-C1"": [""G11""], ""PRODUCT-GPS-C2"": [""G06"", ""G12"", ""G19"", ""G24"", ""G25"", ""G32""]}",2,5,5,G06;G12;G19;G25;G32,6,5
r48u_20260914_NICO_IF_round_shadow_fix1,NICO,IF,round_shadow,2024-07-17T00:17:30,7,7,G06;G11;G12;G19;G24;G25;G32,"{""PRODUCT-GPS-C1"": [""G11""], ""PRODUCT-GPS-C2"": [""G06"", ""G12"", ""G19"", ""G24"", ""G25"", ""G32""]}",2,5,5,G06;G12;G19;G25;G32,6,5
r48u_20260914_NICO_IF_round_shadow_fix1,NICO,IF,round_shadow,2024-07-17T00:18:00,7,7,G06;G11;G12;G19;G24;G25;G32,"{""PRODUCT-GPS-C1"": [""G11""], ""PRODUCT-GPS-C2"": [""G06"", ""G12"", ""G19"", ""G24"", ""G25"", ""G32""]}",2,5,5,G06;G12;G19;G25;G32,6,5
r48u_20260914_NICO_IF_round_shadow_fix1,NICO,IF,round_shadow,2024-07-17T00:18:30,7,7,G06;G11;G12;G19;G24;G25;G32,"{""PRODUCT-GPS-C1"": [""G11""], ""PRODUCT-GPS-C2"": [""G06"", ""G12"", ""G19"", ""G24"", ""G25"", ""G32""]}",2,5,5,G06;G12;G19;G25;G32,6,5
r48u_20260914_NICO_IF_round_shadow_fix1,NICO,IF,round_shadow,2024-07-17T00:19:00,7,7,G06;G11;G12;G19;G24;G25;G32,"{""PRODUCT-GPS-C1"": [""G11""], ""PRODUCT-GPS-C2"": [""G06"", ""G12"", ""G19"", ""G24"", ""G25"", ""G32""]}",2,5,6,G06;G12;G19;G22;G25;G32,6,5
r48u_20260914_NICO_IF_round_shadow_fix1,NICO,IF,round_shadow,2024-07-17T00:19:30,7,7,G06;G11;G12;G19;G24;G25;G32,"{""PRODUCT-GPS-C1"": [""G11""], ""PRODUCT-GPS-C2"": [""G06"", ""G12"", ""G19"", ""G24"", ""G25"", ""G32""]}",2,5,6,G06;G12;G19;G22;G25;G32,6,5
r48u_20260914_NICO_IF_round_shadow_fix1,NICO,IF,round_shadow,2024-07-17T00:20:00,7,7,G06;G11;G12;G19;G24;G25;G32,"{""PRODUCT-GPS-C0"": [""G11""], ""PRODUCT-GPS-C1"": [""G06"", ""G12"", ""G19"", ""G24"", ""G25"", ""G32""]}",2,5,5,G06;G12;G19;G25;G32,6,5
r48u_20260914_NICO_IF_round_shadow_fix1,NICO,IF,round_shadow,2024-07-17T00:20:30,7,7,G06;G11;G12;G19;G24;G25;G32,"{""PRODUCT-GPS-C1"": [""G06"", ""G11"", ""G12"", ""G19"", ""G24"", ""G25"", ""G32""]}",1,6,8,G06;G11;G12;G17;G19;G22;G25;G32,7,6
r48u_20260914_NICO_IF_round_shadow_fix1,NICO,IF,round_shadow,2024-07-17T00:21:00,7,7,G06;G11;G12;G19;G24;G25;G32,"{""PRODUCT-GPS-C0"": [""G11""], ""PRODUCT-GPS-C1"": [""G06"", ""G12"", ""G19"", ""G24"", ""G25"", ""G32""]}",2,5,5,G06;G12;G19;G25;G32,6,5
r48u_20260914_NICO_IF_round_shadow_fix1,NICO,IF,round_shadow,2024-07-17T00:21:30,7,7,G06;G11;G12;G19;G24;G25;G32,"{""PRODUCT-GPS-C1"": [""G06"", ""G11"", ""G12"", ""G19"", ""G24"", ""G25"", ""G32""]}",1,6,6,G06;G11;G12;G19;G25;G32,7,6
r48u_20260914_NICO_IF_round_shadow_fix1,NICO,IF,round_shadow,2024-07-17T00:22:00,7,7,G06;G11;G12;G19;G24;G25;G32,"{""PRODUCT-GPS-C1"": [""G06"", ""G11"", ""G12"", ""G19"", ""G24"", ""G25"", ""G32""]}",1,6,7,G06;G11;G12;G17;G19;G25;G32,7,6
r48u_20260914_NICO_IF_round_shadow_fix1,NICO,IF,round_shadow,2024-07-17T00:22:30,7,7,G06;G11;G12;G19;G24;G25;G32,"{""PRODUCT-GPS-C1"": [""G06"", ""G11"", ""G12"", ""G19"", ""G24"", ""G25"", ""G32""]}",1,6,7,G06;G11;G12;G17;G19;G25;G32,7,6
r48u_20260914_NICO_IF_round_shadow_fix1,NICO,IF,round_shadow,2024-07-17T00:23:00,7,7,G06;G11;G12;G19;G24;G25;G32,"{""PRODUCT-GPS-C1"": [""G06"", ""G11"", ""G12"", ""G19"", ""G24"", ""G25"", ""G32""]}",1,6,7,G06;G11;G12;G17;G19;G25;G32,7,6
r48u_20260914_NICO_IF_round_shadow_fix1,NICO,IF,round_shadow,2024-07-17T00:23:30,7,7,G06;G11;G12;G19;G24;G25;G32,"{""PRODUCT-GPS-C1"": [""G11""], ""PRODUCT-GPS-C2"": [""G06"", ""G12"", ""G19"", ""G24"", ""G25"", ""G32""]}",2,5,6,G06;G12;G19;G22;G25;G32,6,5
r48u_20260914_NICO_IF_round_shadow_fix1,NICO,IF,round_shadow,2024-07-17T00:24:00,7,7,G06;G11;G12;G19;G24;G25;G32,"{""PRODUCT-GPS-C1"": [""G11""], ""PRODUCT-GPS-C2"": [""G06"", ""G12"", ""G19"", ""G24"", ""G25"", ""G32""]}",2,5,6,G06;G12;G19;G22;G25;G32,6,5
r48u_20260914_NICO_IF_round_shadow_fix1,NICO,IF,round_shadow,2024-07-17T00:24:30,7,7,G06;G11;G12;G19;G24;G25;G32,"{""PRODUCT-GPS-C1"": [""G11""], ""PRODUCT-GPS-C2"": [""G06"", ""G12"", ""G19"", ""G24"", ""G25"", ""G32""]}",2,5,6,G06;G12;G19;G22;G25;G32,6,5
r48u_20260914_NICO_IF_round_shadow_fix1,NICO,IF,round_shadow,2024-07-17T00:25:00,7,7,G06;G11;G12;G19;G24;G25;G32,"{""PRODUCT-GPS-C1"": [""G11""], ""PRODUCT-GPS-C2"": [""G06"", ""G12"", ""G19"", ""G24"", ""G25"", ""G32""]}",2,5,6,G06;G12;G19;G22;G25;G32,6,5
r48u_20260914_NICO_IF_round_shadow_fix1,NICO,IF,round_shadow,2024-07-17T00:25:30,7,1,G11,"{""PRODUCT-GPS-C0"": [""G11""]}",1,0,0,,0,0
r48u_20260914_NICO_IF_round_shadow_fix1,NICO,IF,round_shadow,2024-07-17T00:26:00,7,6,G06;G12;G19;G24;G25;G32,"{""PRODUCT-GPS-C0"": [""G06"", ""G12"", ""G19"", ""G24"", ""G25"", ""G32""]}",1,5,5,G06;G12;G19;G25;G32,6,5
r48u_20260914_NICO_IF_round_shadow_fix1,NICO,IF,round_shadow,2024-07-17T00:26:30,7,7,G06;G11;G12;G19;G24;G25;G32,"{""PRODUCT-GPS-C0"": [""G11""], ""PRODUCT-GPS-C1"": [""G06"", ""G12"", ""G19"", ""G24"", ""G25"", ""G32""]}",2,5,5,G06;G12;G19;G25;G32,6,5
r48u_20260914_NICO_IF_round_shadow_fix1,NICO,IF,round_shadow,2024-07-17T00:27:00,7,7,G06;G11;G12;G19;G24;G25;G32,"{""PRODUCT-GPS-C0"": [""G06"", ""G11"", ""G12"", ""G19"", ""G24"", ""G25"", ""G32""]}",1,6,6,G06;G11;G12;G19;G25;G32,7,6
r48u_20260914_NICO_IF_round_shadow_fix1,NICO,IF,round_shadow,2024-07-17T00:27:30,7,7,G06;G11;G12;G19;G24;G25;G32,"{""PRODUCT-GPS-C0"": [""G06"", ""G11"", ""G12"", ""G19"", ""G24"", ""G25"", ""G32""]}",1,6,6,G06;G11;G12;G19;G25;G32,7,6
r48u_20260914_NICO_IF_round_shadow_fix1,NICO,IF,round_shadow,2024-07-17T00:28:00,7,7,G06;G11;G12;G19;G24;G25;G32,"{""PRODUCT-GPS-C0"": [""G06"", ""G11"", ""G12"", ""G19"", ""G24"", ""G25"", ""G32""]}",1,6,6,G06;G11;G12;G19;G25;G32,7,6
r48u_20260914_NICO_IF_round_shadow_fix1,NICO,IF,round_shadow,2024-07-17T00:28:30,7,7,G06;G11;G12;G19;G24;G25;G32,"{""PRODUCT-GPS-C0"": [""G06"", ""G11"", ""G12"", ""G19"", ""G24"", ""G25"", ""G32""]}",1,6,6,G06;G11;G12;G19;G25;G32,7,6
r48u_20260914_NICO_IF_round_shadow_fix1,NICO,IF,round_shadow,2024-07-17T00:29:00,7,7,G06;G11;G12;G19;G24;G25;G32,"{""PRODUCT-GPS-C0"": [""G06"", ""G11"", ""G12"", ""G19"", ""G24"", ""G25"", ""G32""]}",1,6,6,G06;G11;G12;G19;G25;G32,7,6
r48u_20260914_NICO_IF_round_shadow_fix1,NICO,IF,round_shadow,2024-07-17T00:29:30,7,7,G06;G11;G12;G19;G24;G25;G32,"{""PRODUCT-GPS-C0"": [""G06"", ""G11"", ""G12"", ""G19"", ""G24"", ""G25"", ""G32""]}",1,6,6,G06;G11;G12;G19;G25;G32,7,6
r48u_20260914_NICO_IF_round_shadow_fix1,NICO,IF,round_shadow,2024-07-17T00:30:00,7,7,G06;G11;G12;G19;G24;G25;G32,"{""PRODUCT-GPS-C0"": [""G06"", ""G11"", ""G12"", ""G19"", ""G24"", ""G25"", ""G32""]}",1,6,6,G06;G11;G12;G19;G25;G32,7,6
r48u_20260914_NICO_IF_round_feedback_fix1,NICO,IF,round_feedback,2024-07-17T00:03:00,9,0,,{},0,0,0,,0,0
r48u_20260914_NICO_IF_round_feedback_fix1,NICO,IF,round_feedback,2024-07-17T00:03:30,8,0,,{},0,0,0,,0,0
r48u_20260914_NICO_IF_round_feedback_fix1,NICO,IF,round_feedback,2024-07-17T00:04:00,8,0,,{},0,0,0,,0,0
r48u_20260914_NICO_IF_round_feedback_fix1,NICO,IF,round_feedback,2024-07-17T00:04:30,8,0,,{},0,0,0,,0,0
r48u_20260914_NICO_IF_round_feedback_fix1,NICO,IF,round_feedback,2024-07-17T00:05:00,8,0,,{},0,0,0,,0,0
r48u_20260914_NICO_IF_round_feedback_fix1,NICO,IF,round_feedback,2024-07-17T00:05:30,8,0,,{},0,0,0,,0,0
r48u_20260914_NICO_IF_round_feedback_fix1,NICO,IF,round_feedback,2024-07-17T00:06:00,8,0,,{},0,0,0,,0,0
r48u_20260914_NICO_IF_round_feedback_fix1,NICO,IF,round_feedback,2024-07-17T00:06:30,8,0,,{},0,0,0,,0,0
r48u_20260914_NICO_IF_round_feedback_fix1,NICO,IF,round_feedback,2024-07-17T00:07:00,8,0,,{},0,0,0,,0,0
r48u_20260914_NICO_IF_round_feedback_fix1,NICO,IF,round_feedback,2024-07-17T00:07:30,8,0,,{},0,0,0,,0,0
r48u_20260914_NICO_IF_round_feedback_fix1,NICO,IF,round_feedback,2024-07-17T00:08:00,8,0,,{},0,0,0,,0,0
r48u_20260914_NICO_IF_round_feedback_fix1,NICO,IF,round_feedback,2024-07-17T00:08:30,9,0,,{},0,0,0,,0,0
r48u_20260914_NICO_IF_round_feedback_fix1,NICO,IF,round_feedback,2024-07-17T00:09:00,8,0,,{},0,0,0,,0,0
r48u_20260914_NICO_IF_round_feedback_fix1,NICO,IF,round_feedback,2024-07-17T00:09:30,8,0,,{},0,0,0,,0,0
r48u_20260914_NICO_IF_round_feedback_fix1,NICO,IF,round_feedback,2024-07-17T00:10:00,8,0,,{},0,0,0,,0,0
r48u_20260914_NICO_IF_round_feedback_fix1,NICO,IF,round_feedback,2024-07-17T00:10:30,8,7,G06;G12;G19;G22;G24;G25;G32,"{""PRODUCT-GPS-C1"": [""G06"", ""G12"", ""G19"", ""G22"", ""G24"", ""G25"", ""G32""]}",1,6,6,G06;G12;G19;G22;G25;G32,7,6
r48u_20260914_NICO_IF_round_feedback_fix1,NICO,IF,round_feedback,2024-07-17T00:11:00,8,0,,{},0,0,0,,0,0
r48u_20260914_NICO_IF_round_feedback_fix1,NICO,IF,round_feedback,2024-07-17T00:11:30,9,2,G11;G15,"{""PRODUCT-GPS-C0"": [""G11""], ""PRODUCT-GPS-C2"": [""G15""]}",2,0,0,,0,0
r48u_20260914_NICO_IF_round_feedback_fix1,NICO,IF,round_feedback,2024-07-17T00:12:00,9,2,G11;G15,"{""PRODUCT-GPS-C0"": [""G11""], ""PRODUCT-GPS-C2"": [""G15""]}",2,0,0,,0,0
r48u_20260914_NICO_IF_round_feedback_fix1,NICO,IF,round_feedback,2024-07-17T00:12:30,9,2,G11;G15,"{""PRODUCT-GPS-C0"": [""G11""], ""PRODUCT-GPS-C2"": [""G15""]}",2,0,0,,0,0
r48u_20260914_NICO_IF_round_feedback_fix1,NICO,IF,round_feedback,2024-07-17T00:13:00,8,2,G11;G15,"{""PRODUCT-GPS-C0"": [""G11""], ""PRODUCT-GPS-C2"": [""G15""]}",2,0,0,,0,0
r48u_20260914_NICO_IF_round_feedback_fix1,NICO,IF,round_feedback,2024-07-17T00:13:30,8,2,G11;G15,"{""PRODUCT-GPS-C0"": [""G11""], ""PRODUCT-GPS-C2"": [""G15""]}",2,0,0,,0,0
r48u_20260914_NICO_IF_round_feedback_fix1,NICO,IF,round_feedback,2024-07-17T00:14:00,8,2,G11;G15,"{""PRODUCT-GPS-C0"": [""G11""], ""PRODUCT-GPS-C2"": [""G15""]}",2,0,0,,0,0
r48u_20260914_NICO_IF_round_feedback_fix1,NICO,IF,round_feedback,2024-07-17T00:14:30,7,1,G11,"{""PRODUCT-GPS-C0"": [""G11""]}",1,0,0,,0,0
r48u_20260914_NICO_IF_round_feedback_fix1,NICO,IF,round_feedback,2024-07-17T00:15:00,7,1,G11,"{""PRODUCT-GPS-C0"": [""G11""]}",1,0,0,,0,0
r48u_20260914_NICO_IF_round_feedback_fix1,NICO,IF,round_feedback,2024-07-17T00:15:30,7,1,G11,"{""PRODUCT-GPS-C0"": [""G11""]}",1,0,0,,0,0
r48u_20260914_NICO_IF_round_feedback_fix1,NICO,IF,round_feedback,2024-07-17T00:16:00,7,1,G11,"{""PRODUCT-GPS-C0"": [""G11""]}",1,0,0,,0,0
r48u_20260914_NICO_IF_round_feedback_fix1,NICO,IF,round_feedback,2024-07-17T00:16:30,7,1,G11,"{""PRODUCT-GPS-C0"": [""G11""]}",1,0,0,,0,0
r48u_20260914_NICO_IF_round_feedback_fix1,NICO,IF,round_feedback,2024-07-17T00:17:00,7,7,G06;G11;G12;G19;G24;G25;G32,"{""PRODUCT-GPS-C1"": [""G11""], ""PRODUCT-GPS-C2"": [""G06"", ""G12"", ""G19"", ""G24"", ""G25"", ""G32""]}",2,5,5,G06;G12;G19;G25;G32,6,5
r48u_20260914_NICO_IF_round_feedback_fix1,NICO,IF,round_feedback,2024-07-17T00:17:30,7,7,G06;G11;G12;G19;G24;G25;G32,"{""PRODUCT-GPS-C1"": [""G11""], ""PRODUCT-GPS-C2"": [""G06"", ""G12"", ""G19"", ""G24"", ""G25"", ""G32""]}",2,5,5,G06;G12;G19;G25;G32,6,5
r48u_20260914_NICO_IF_round_feedback_fix1,NICO,IF,round_feedback,2024-07-17T00:18:00,7,7,G06;G11;G12;G19;G24;G25;G32,"{""PRODUCT-GPS-C1"": [""G11""], ""PRODUCT-GPS-C2"": [""G06"", ""G12"", ""G19"", ""G24"", ""G25"", ""G32""]}",2,5,5,G06;G12;G19;G25;G32,6,5
r48u_20260914_NICO_IF_round_feedback_fix1,NICO,IF,round_feedback,2024-07-17T00:18:30,7,7,G06;G11;G12;G19;G24;G25;G32,"{""PRODUCT-GPS-C1"": [""G11""], ""PRODUCT-GPS-C2"": [""G06"", ""G12"", ""G19"", ""G24"", ""G25"", ""G32""]}",2,5,5,G06;G12;G19;G25;G32,6,5
r48u_20260914_NICO_IF_round_feedback_fix1,NICO,IF,round_feedback,2024-07-17T00:19:00,7,7,G06;G11;G12;G19;G24;G25;G32,"{""PRODUCT-GPS-C1"": [""G11""], ""PRODUCT-GPS-C2"": [""G06"", ""G12"", ""G19"", ""G24"", ""G25"", ""G32""]}",2,5,6,G06;G12;G19;G22;G25;G32,6,5
r48u_20260914_NICO_IF_round_feedback_fix1,NICO,IF,round_feedback,2024-07-17T00:19:30,7,7,G06;G11;G12;G19;G24;G25;G32,"{""PRODUCT-GPS-C1"": [""G11""], ""PRODUCT-GPS-C2"": [""G06"", ""G12"", ""G19"", ""G24"", ""G25"", ""G32""]}",2,5,6,G06;G12;G19;G22;G25;G32,6,5
r48u_20260914_NICO_IF_round_feedback_fix1,NICO,IF,round_feedback,2024-07-17T00:20:00,7,7,G06;G11;G12;G19;G24;G25;G32,"{""PRODUCT-GPS-C0"": [""G11""], ""PRODUCT-GPS-C1"": [""G06"", ""G12"", ""G19"", ""G24"", ""G25"", ""G32""]}",2,5,5,G06;G12;G19;G25;G32,6,5
r48u_20260914_NICO_IF_round_feedback_fix1,NICO,IF,round_feedback,2024-07-17T00:20:30,7,7,G06;G11;G12;G19;G24;G25;G32,"{""PRODUCT-GPS-C1"": [""G06"", ""G11"", ""G12"", ""G19"", ""G24"", ""G25"", ""G32""]}",1,6,8,G06;G11;G12;G17;G19;G22;G25;G32,7,6
r48u_20260914_NICO_IF_round_feedback_fix1,NICO,IF,round_feedback,2024-07-17T00:21:00,7,7,G06;G11;G12;G19;G24;G25;G32,"{""PRODUCT-GPS-C0"": [""G11""], ""PRODUCT-GPS-C1"": [""G06"", ""G12"", ""G19"", ""G24"", ""G25"", ""G32""]}",2,5,5,G06;G12;G19;G25;G32,6,5
r48u_20260914_NICO_IF_round_feedback_fix1,NICO,IF,round_feedback,2024-07-17T00:21:30,7,7,G06;G11;G12;G19;G24;G25;G32,"{""PRODUCT-GPS-C1"": [""G06"", ""G11"", ""G12"", ""G19"", ""G24"", ""G25"", ""G32""]}",1,6,6,G06;G11;G12;G19;G25;G32,7,6
r48u_20260914_NICO_IF_round_feedback_fix1,NICO,IF,round_feedback,2024-07-17T00:22:00,7,7,G06;G11;G12;G19;G24;G25;G32,"{""PRODUCT-GPS-C1"": [""G06"", ""G11"", ""G12"", ""G19"", ""G24"", ""G25"", ""G32""]}",1,6,7,G06;G11;G12;G17;G19;G25;G32,7,6
r48u_20260914_NICO_IF_round_feedback_fix1,NICO,IF,round_feedback,2024-07-17T00:22:30,7,7,G06;G11;G12;G19;G24;G25;G32,"{""PRODUCT-GPS-C1"": [""G06"", ""G11"", ""G12"", ""G19"", ""G24"", ""G25"", ""G32""]}",1,6,7,G06;G11;G12;G17;G19;G25;G32,7,6
r48u_20260914_NICO_IF_round_feedback_fix1,NICO,IF,round_feedback,2024-07-17T00:23:00,7,7,G06;G11;G12;G19;G24;G25;G32,"{""PRODUCT-GPS-C1"": [""G06"", ""G11"", ""G12"", ""G19"", ""G24"", ""G25"", ""G32""]}",1,6,7,G06;G11;G12;G17;G19;G25;G32,7,6
r48u_20260914_NICO_IF_round_feedback_fix1,NICO,IF,round_feedback,2024-07-17T00:23:30,7,7,G06;G11;G12;G19;G24;G25;G32,"{""PRODUCT-GPS-C1"": [""G11""], ""PRODUCT-GPS-C2"": [""G06"", ""G12"", ""G19"", ""G24"", ""G25"", ""G32""]}",2,5,6,G06;G12;G19;G22;G25;G32,6,5
r48u_20260914_NICO_IF_round_feedback_fix1,NICO,IF,round_feedback,2024-07-17T00:24:00,7,7,G06;G11;G12;G19;G24;G25;G32,"{""PRODUCT-GPS-C1"": [""G11""], ""PRODUCT-GPS-C2"": [""G06"", ""G12"", ""G19"", ""G24"", ""G25"", ""G32""]}",2,5,6,G06;G12;G19;G22;G25;G32,6,5
r48u_20260914_NICO_IF_round_feedback_fix1,NICO,IF,round_feedback,2024-07-17T00:24:30,7,7,G06;G11;G12;G19;G24;G25;G32,"{""PRODUCT-GPS-C1"": [""G11""], ""PRODUCT-GPS-C2"": [""G06"", ""G12"", ""G19"", ""G24"", ""G25"", ""G32""]}",2,5,6,G06;G12;G19;G22;G25;G32,6,5
r48u_20260914_NICO_IF_round_feedback_fix1,NICO,IF,round_feedback,2024-07-17T00:25:00,7,7,G06;G11;G12;G19;G24;G25;G32,"{""PRODUCT-GPS-C1"": [""G11""], ""PRODUCT-GPS-C2"": [""G06"", ""G12"", ""G19"", ""G24"", ""G25"", ""G32""]}",2,5,6,G06;G12;G19;G22;G25;G32,6,5
r48u_20260914_NICO_IF_round_feedback_fix1,NICO,IF,round_feedback,2024-07-17T00:25:30,7,1,G11,"{""PRODUCT-GPS-C0"": [""G11""]}",1,0,0,,0,0
r48u_20260914_NICO_IF_round_feedback_fix1,NICO,IF,round_feedback,2024-07-17T00:26:00,7,6,G06;G12;G19;G24;G25;G32,"{""PRODUCT-GPS-C0"": [""G06"", ""G12"", ""G19"", ""G24"", ""G25"", ""G32""]}",1,5,5,G06;G12;G19;G25;G32,6,5
r48u_20260914_NICO_IF_round_feedback_fix1,NICO,IF,round_feedback,2024-07-17T00:26:30,7,7,G06;G11;G12;G19;G24;G25;G32,"{""PRODUCT-GPS-C0"": [""G11""], ""PRODUCT-GPS-C1"": [""G06"", ""G12"", ""G19"", ""G24"", ""G25"", ""G32""]}",2,5,5,G06;G12;G19;G25;G32,6,5
r48u_20260914_NICO_IF_round_feedback_fix1,NICO,IF,round_feedback,2024-07-17T00:27:00,7,7,G06;G11;G12;G19;G24;G25;G32,"{""PRODUCT-GPS-C0"": [""G06"", ""G11"", ""G12"", ""G19"", ""G24"", ""G25"", ""G32""]}",1,6,6,G06;G11;G12;G19;G25;G32,7,6
r48u_20260914_NICO_IF_round_feedback_fix1,NICO,IF,round_feedback,2024-07-17T00:27:30,7,7,G06;G11;G12;G19;G24;G25;G32,"{""PRODUCT-GPS-C0"": [""G06"", ""G11"", ""G12"", ""G19"", ""G24"", ""G25"", ""G32""]}",1,6,6,G06;G11;G12;G19;G25;G32,7,6
r48u_20260914_NICO_IF_round_feedback_fix1,NICO,IF,round_feedback,2024-07-17T00:28:00,7,7,G06;G11;G12;G19;G24;G25;G32,"{""PRODUCT-GPS-C0"": [""G06"", ""G11"", ""G12"", ""G19"", ""G24"", ""G25"", ""G32""]}",1,6,6,G06;G11;G12;G19;G25;G32,7,6
r48u_20260914_NICO_IF_round_feedback_fix1,NICO,IF,round_feedback,2024-07-17T00:28:30,7,7,G06;G11;G12;G19;G24;G25;G32,"{""PRODUCT-GPS-C0"": [""G06"", ""G11"", ""G12"", ""G19"", ""G24"", ""G25"", ""G32""]}",1,6,6,G06;G11;G12;G19;G25;G32,7,6
r48u_20260914_NICO_IF_round_feedback_fix1,NICO,IF,round_feedback,2024-07-17T00:29:00,7,7,G06;G11;G12;G19;G24;G25;G32,"{""PRODUCT-GPS-C0"": [""G06"", ""G11"", ""G12"", ""G19"", ""G24"", ""G25"", ""G32""]}",1,6,6,G06;G11;G12;G19;G25;G32,7,6
r48u_20260914_NICO_IF_round_feedback_fix1,NICO,IF,round_feedback,2024-07-17T00:29:30,7,7,G06;G11;G12;G19;G24;G25;G32,"{""PRODUCT-GPS-C0"": [""G06"", ""G11"", ""G12"", ""G19"", ""G24"", ""G25"", ""G32""]}",1,6,6,G06;G11;G12;G19;G25;G32,7,6
r48u_20260914_NICO_IF_round_feedback_fix1,NICO,IF,round_feedback,2024-07-17T00:30:00,7,7,G06;G11;G12;G19;G24;G25;G32,"{""PRODUCT-GPS-C0"": [""G06"", ""G11"", ""G12"", ""G19"", ""G24"", ""G25"", ""G32""]}",1,6,6,G06;G11;G12;G19;G25;G32,7,6
r48u_20260914_NICO_IF_ils_shadow_fix1,NICO,IF,ils_shadow,2024-07-17T00:03:00,9,0,,{},0,0,0,,0,0
r48u_20260914_NICO_IF_ils_shadow_fix1,NICO,IF,ils_shadow,2024-07-17T00:03:30,8,0,,{},0,0,0,,0,0
r48u_20260914_NICO_IF_ils_shadow_fix1,NICO,IF,ils_shadow,2024-07-17T00:04:00,8,0,,{},0,0,0,,0,0
r48u_20260914_NICO_IF_ils_shadow_fix1,NICO,IF,ils_shadow,2024-07-17T00:04:30,8,0,,{},0,0,0,,0,0
r48u_20260914_NICO_IF_ils_shadow_fix1,NICO,IF,ils_shadow,2024-07-17T00:05:00,8,0,,{},0,0,0,,0,0
r48u_20260914_NICO_IF_ils_shadow_fix1,NICO,IF,ils_shadow,2024-07-17T00:05:30,8,0,,{},0,0,0,,0,0
r48u_20260914_NICO_IF_ils_shadow_fix1,NICO,IF,ils_shadow,2024-07-17T00:06:00,8,0,,{},0,0,0,,0,0
r48u_20260914_NICO_IF_ils_shadow_fix1,NICO,IF,ils_shadow,2024-07-17T00:06:30,8,0,,{},0,0,0,,0,0
r48u_20260914_NICO_IF_ils_shadow_fix1,NICO,IF,ils_shadow,2024-07-17T00:07:00,8,0,,{},0,0,0,,0,0
r48u_20260914_NICO_IF_ils_shadow_fix1,NICO,IF,ils_shadow,2024-07-17T00:07:30,8,0,,{},0,0,0,,0,0
r48u_20260914_NICO_IF_ils_shadow_fix1,NICO,IF,ils_shadow,2024-07-17T00:08:00,8,0,,{},0,0,0,,0,0
r48u_20260914_NICO_IF_ils_shadow_fix1,NICO,IF,ils_shadow,2024-07-17T00:08:30,9,0,,{},0,0,0,,0,0
r48u_20260914_NICO_IF_ils_shadow_fix1,NICO,IF,ils_shadow,2024-07-17T00:09:00,8,0,,{},0,0,0,,0,0
r48u_20260914_NICO_IF_ils_shadow_fix1,NICO,IF,ils_shadow,2024-07-17T00:09:30,8,0,,{},0,0,0,,0,0
r48u_20260914_NICO_IF_ils_shadow_fix1,NICO,IF,ils_shadow,2024-07-17T00:10:00,8,0,,{},0,0,0,,0,0
r48u_20260914_NICO_IF_ils_shadow_fix1,NICO,IF,ils_shadow,2024-07-17T00:10:30,8,7,G06;G12;G19;G22;G24;G25;G32,"{""PRODUCT-GPS-C1"": [""G06"", ""G12"", ""G19"", ""G22"", ""G24"", ""G25"", ""G32""]}",1,6,6,G06;G12;G19;G22;G25;G32,7,6
r48u_20260914_NICO_IF_ils_shadow_fix1,NICO,IF,ils_shadow,2024-07-17T00:11:00,8,0,,{},0,0,0,,0,0
r48u_20260914_NICO_IF_ils_shadow_fix1,NICO,IF,ils_shadow,2024-07-17T00:11:30,9,2,G11;G15,"{""PRODUCT-GPS-C0"": [""G11""], ""PRODUCT-GPS-C2"": [""G15""]}",2,0,0,,0,0
r48u_20260914_NICO_IF_ils_shadow_fix1,NICO,IF,ils_shadow,2024-07-17T00:12:00,9,2,G11;G15,"{""PRODUCT-GPS-C0"": [""G11""], ""PRODUCT-GPS-C2"": [""G15""]}",2,0,0,,0,0
r48u_20260914_NICO_IF_ils_shadow_fix1,NICO,IF,ils_shadow,2024-07-17T00:12:30,9,2,G11;G15,"{""PRODUCT-GPS-C0"": [""G11""], ""PRODUCT-GPS-C2"": [""G15""]}",2,0,0,,0,0
r48u_20260914_NICO_IF_ils_shadow_fix1,NICO,IF,ils_shadow,2024-07-17T00:13:00,8,2,G11;G15,"{""PRODUCT-GPS-C0"": [""G11""], ""PRODUCT-GPS-C2"": [""G15""]}",2,0,0,,0,0
r48u_20260914_NICO_IF_ils_shadow_fix1,NICO,IF,ils_shadow,2024-07-17T00:13:30,8,2,G11;G15,"{""PRODUCT-GPS-C0"": [""G11""], ""PRODUCT-GPS-C2"": [""G15""]}",2,0,0,,0,0
r48u_20260914_NICO_IF_ils_shadow_fix1,NICO,IF,ils_shadow,2024-07-17T00:14:00,8,2,G11;G15,"{""PRODUCT-GPS-C0"": [""G11""], ""PRODUCT-GPS-C2"": [""G15""]}",2,0,0,,0,0
r48u_20260914_NICO_IF_ils_shadow_fix1,NICO,IF,ils_shadow,2024-07-17T00:14:30,7,1,G11,"{""PRODUCT-GPS-C0"": [""G11""]}",1,0,0,,0,0
r48u_20260914_NICO_IF_ils_shadow_fix1,NICO,IF,ils_shadow,2024-07-17T00:15:00,7,1,G11,"{""PRODUCT-GPS-C0"": [""G11""]}",1,0,0,,0,0
r48u_20260914_NICO_IF_ils_shadow_fix1,NICO,IF,ils_shadow,2024-07-17T00:15:30,7,1,G11,"{""PRODUCT-GPS-C0"": [""G11""]}",1,0,0,,0,0
r48u_20260914_NICO_IF_ils_shadow_fix1,NICO,IF,ils_shadow,2024-07-17T00:16:00,7,1,G11,"{""PRODUCT-GPS-C0"": [""G11""]}",1,0,0,,0,0
r48u_20260914_NICO_IF_ils_shadow_fix1,NICO,IF,ils_shadow,2024-07-17T00:16:30,7,1,G11,"{""PRODUCT-GPS-C0"": [""G11""]}",1,0,0,,0,0
r48u_20260914_NICO_IF_ils_shadow_fix1,NICO,IF,ils_shadow,2024-07-17T00:17:00,7,7,G06;G11;G12;G19;G24;G25;G32,"{""PRODUCT-GPS-C1"": [""G11""], ""PRODUCT-GPS-C2"": [""G06"", ""G12"", ""G19"", ""G24"", ""G25"", ""G32""]}",2,5,5,G06;G12;G19;G25;G32,6,5
r48u_20260914_NICO_IF_ils_shadow_fix1,NICO,IF,ils_shadow,2024-07-17T00:17:30,7,7,G06;G11;G12;G19;G24;G25;G32,"{""PRODUCT-GPS-C1"": [""G11""], ""PRODUCT-GPS-C2"": [""G06"", ""G12"", ""G19"", ""G24"", ""G25"", ""G32""]}",2,5,5,G06;G12;G19;G25;G32,6,5
r48u_20260914_NICO_IF_ils_shadow_fix1,NICO,IF,ils_shadow,2024-07-17T00:18:00,7,7,G06;G11;G12;G19;G24;G25;G32,"{""PRODUCT-GPS-C1"": [""G11""], ""PRODUCT-GPS-C2"": [""G06"", ""G12"", ""G19"", ""G24"", ""G25"", ""G32""]}",2,5,5,G06;G12;G19;G25;G32,6,5
r48u_20260914_NICO_IF_ils_shadow_fix1,NICO,IF,ils_shadow,2024-07-17T00:18:30,7,7,G06;G11;G12;G19;G24;G25;G32,"{""PRODUCT-GPS-C1"": [""G11""], ""PRODUCT-GPS-C2"": [""G06"", ""G12"", ""G19"", ""G24"", ""G25"", ""G32""]}",2,5,5,G06;G12;G19;G25;G32,6,5
r48u_20260914_NICO_IF_ils_shadow_fix1,NICO,IF,ils_shadow,2024-07-17T00:19:00,7,7,G06;G11;G12;G19;G24;G25;G32,"{""PRODUCT-GPS-C1"": [""G11""], ""PRODUCT-GPS-C2"": [""G06"", ""G12"", ""G19"", ""G24"", ""G25"", ""G32""]}",2,5,6,G06;G12;G19;G22;G25;G32,6,5
r48u_20260914_NICO_IF_ils_shadow_fix1,NICO,IF,ils_shadow,2024-07-17T00:19:30,7,7,G06;G11;G12;G19;G24;G25;G32,"{""PRODUCT-GPS-C1"": [""G11""], ""PRODUCT-GPS-C2"": [""G06"", ""G12"", ""G19"", ""G24"", ""G25"", ""G32""]}",2,5,6,G06;G12;G19;G22;G25;G32,6,5
r48u_20260914_NICO_IF_ils_shadow_fix1,NICO,IF,ils_shadow,2024-07-17T00:20:00,7,7,G06;G11;G12;G19;G24;G25;G32,"{""PRODUCT-GPS-C0"": [""G11""], ""PRODUCT-GPS-C1"": [""G06"", ""G12"", ""G19"", ""G24"", ""G25"", ""G32""]}",2,5,5,G06;G12;G19;G25;G32,6,5
r48u_20260914_NICO_IF_ils_shadow_fix1,NICO,IF,ils_shadow,2024-07-17T00:20:30,7,7,G06;G11;G12;G19;G24;G25;G32,"{""PRODUCT-GPS-C1"": [""G06"", ""G11"", ""G12"", ""G19"", ""G24"", ""G25"", ""G32""]}",1,6,8,G06;G11;G12;G17;G19;G22;G25;G32,7,6
r48u_20260914_NICO_IF_ils_shadow_fix1,NICO,IF,ils_shadow,2024-07-17T00:21:00,7,7,G06;G11;G12;G19;G24;G25;G32,"{""PRODUCT-GPS-C0"": [""G11""], ""PRODUCT-GPS-C1"": [""G06"", ""G12"", ""G19"", ""G24"", ""G25"", ""G32""]}",2,5,5,G06;G12;G19;G25;G32,6,5
r48u_20260914_NICO_IF_ils_shadow_fix1,NICO,IF,ils_shadow,2024-07-17T00:21:30,7,7,G06;G11;G12;G19;G24;G25;G32,"{""PRODUCT-GPS-C1"": [""G06"", ""G11"", ""G12"", ""G19"", ""G24"", ""G25"", ""G32""]}",1,6,6,G06;G11;G12;G19;G25;G32,7,6
r48u_20260914_NICO_IF_ils_shadow_fix1,NICO,IF,ils_shadow,2024-07-17T00:22:00,7,7,G06;G11;G12;G19;G24;G25;G32,"{""PRODUCT-GPS-C1"": [""G06"", ""G11"", ""G12"", ""G19"", ""G24"", ""G25"", ""G32""]}",1,6,7,G06;G11;G12;G17;G19;G25;G32,7,6
r48u_20260914_NICO_IF_ils_shadow_fix1,NICO,IF,ils_shadow,2024-07-17T00:22:30,7,7,G06;G11;G12;G19;G24;G25;G32,"{""PRODUCT-GPS-C1"": [""G06"", ""G11"", ""G12"", ""G19"", ""G24"", ""G25"", ""G32""]}",1,6,7,G06;G11;G12;G17;G19;G25;G32,7,6
r48u_20260914_NICO_IF_ils_shadow_fix1,NICO,IF,ils_shadow,2024-07-17T00:23:00,7,7,G06;G11;G12;G19;G24;G25;G32,"{""PRODUCT-GPS-C1"": [""G06"", ""G11"", ""G12"", ""G19"", ""G24"", ""G25"", ""G32""]}",1,6,7,G06;G11;G12;G17;G19;G25;G32,7,6
r48u_20260914_NICO_IF_ils_shadow_fix1,NICO,IF,ils_shadow,2024-07-17T00:23:30,7,7,G06;G11;G12;G19;G24;G25;G32,"{""PRODUCT-GPS-C1"": [""G11""], ""PRODUCT-GPS-C2"": [""G06"", ""G12"", ""G19"", ""G24"", ""G25"", ""G32""]}",2,5,6,G06;G12;G19;G22;G25;G32,6,5
r48u_20260914_NICO_IF_ils_shadow_fix1,NICO,IF,ils_shadow,2024-07-17T00:24:00,7,7,G06;G11;G12;G19;G24;G25;G32,"{""PRODUCT-GPS-C1"": [""G11""], ""PRODUCT-GPS-C2"": [""G06"", ""G12"", ""G19"", ""G24"", ""G25"", ""G32""]}",2,5,6,G06;G12;G19;G22;G25;G32,6,5
r48u_20260914_NICO_IF_ils_shadow_fix1,NICO,IF,ils_shadow,2024-07-17T00:24:30,7,7,G06;G11;G12;G19;G24;G25;G32,"{""PRODUCT-GPS-C1"": [""G11""], ""PRODUCT-GPS-C2"": [""G06"", ""G12"", ""G19"", ""G24"", ""G25"", ""G32""]}",2,5,6,G06;G12;G19;G22;G25;G32,6,5
r48u_20260914_NICO_IF_ils_shadow_fix1,NICO,IF,ils_shadow,2024-07-17T00:25:00,7,7,G06;G11;G12;G19;G24;G25;G32,"{""PRODUCT-GPS-C1"": [""G11""], ""PRODUCT-GPS-C2"": [""G06"", ""G12"", ""G19"", ""G24"", ""G25"", ""G32""]}",2,5,6,G06;G12;G19;G22;G25;G32,6,5
r48u_20260914_NICO_IF_ils_shadow_fix1,NICO,IF,ils_shadow,2024-07-17T00:25:30,7,1,G11,"{""PRODUCT-GPS-C0"": [""G11""]}",1,0,0,,0,0
r48u_20260914_NICO_IF_ils_shadow_fix1,NICO,IF,ils_shadow,2024-07-17T00:26:00,7,6,G06;G12;G19;G24;G25;G32,"{""PRODUCT-GPS-C0"": [""G06"", ""G12"", ""G19"", ""G24"", ""G25"", ""G32""]}",1,5,5,G06;G12;G19;G25;G32,6,5
r48u_20260914_NICO_IF_ils_shadow_fix1,NICO,IF,ils_shadow,2024-07-17T00:26:30,7,7,G06;G11;G12;G19;G24;G25;G32,"{""PRODUCT-GPS-C0"": [""G11""], ""PRODUCT-GPS-C1"": [""G06"", ""G12"", ""G19"", ""G24"", ""G25"", ""G32""]}",2,5,5,G06;G12;G19;G25;G32,6,5
r48u_20260914_NICO_IF_ils_shadow_fix1,NICO,IF,ils_shadow,2024-07-17T00:27:00,7,7,G06;G11;G12;G19;G24;G25;G32,"{""PRODUCT-GPS-C0"": [""G06"", ""G11"", ""G12"", ""G19"", ""G24"", ""G25"", ""G32""]}",1,6,6,G06;G11;G12;G19;G25;G32,7,6
r48u_20260914_NICO_IF_ils_shadow_fix1,NICO,IF,ils_shadow,2024-07-17T00:27:30,7,7,G06;G11;G12;G19;G24;G25;G32,"{""PRODUCT-GPS-C0"": [""G06"", ""G11"", ""G12"", ""G19"", ""G24"", ""G25"", ""G32""]}",1,6,6,G06;G11;G12;G19;G25;G32,7,6
r48u_20260914_NICO_IF_ils_shadow_fix1,NICO,IF,ils_shadow,2024-07-17T00:28:00,7,7,G06;G11;G12;G19;G24;G25;G32,"{""PRODUCT-GPS-C0"": [""G06"", ""G11"", ""G12"", ""G19"", ""G24"", ""G25"", ""G32""]}",1,6,6,G06;G11;G12;G19;G25;G32,7,6
r48u_20260914_NICO_IF_ils_shadow_fix1,NICO,IF,ils_shadow,2024-07-17T00:28:30,7,7,G06;G11;G12;G19;G24;G25;G32,"{""PRODUCT-GPS-C0"": [""G06"", ""G11"", ""G12"", ""G19"", ""G24"", ""G25"", ""G32""]}",1,6,6,G06;G11;G12;G19;G25;G32,7,6
r48u_20260914_NICO_IF_ils_shadow_fix1,NICO,IF,ils_shadow,2024-07-17T00:29:00,7,7,G06;G11;G12;G19;G24;G25;G32,"{""PRODUCT-GPS-C0"": [""G06"", ""G11"", ""G12"", ""G19"", ""G24"", ""G25"", ""G32""]}",1,6,6,G06;G11;G12;G19;G25;G32,7,6
r48u_20260914_NICO_IF_ils_shadow_fix1,NICO,IF,ils_shadow,2024-07-17T00:29:30,7,7,G06;G11;G12;G19;G24;G25;G32,"{""PRODUCT-GPS-C0"": [""G06"", ""G11"", ""G12"", ""G19"", ""G24"", ""G25"", ""G32""]}",1,6,6,G06;G11;G12;G19;G25;G32,7,6
r48u_20260914_NICO_IF_ils_shadow_fix1,NICO,IF,ils_shadow,2024-07-17T00:30:00,7,7,G06;G11;G12;G19;G24;G25;G32,"{""PRODUCT-GPS-C0"": [""G06"", ""G11"", ""G12"", ""G19"", ""G24"", ""G25"", ""G32""]}",1,6,6,G06;G11;G12;G19;G25;G32,7,6
r48u_20260914_NICO_IF_ils_feedback_fix1,NICO,IF,ils_feedback,2024-07-17T00:03:00,9,0,,{},0,0,0,,0,0
r48u_20260914_NICO_IF_ils_feedback_fix1,NICO,IF,ils_feedback,2024-07-17T00:03:30,8,0,,{},0,0,0,,0,0
r48u_20260914_NICO_IF_ils_feedback_fix1,NICO,IF,ils_feedback,2024-07-17T00:04:00,8,0,,{},0,0,0,,0,0
r48u_20260914_NICO_IF_ils_feedback_fix1,NICO,IF,ils_feedback,2024-07-17T00:04:30,8,0,,{},0,0,0,,0,0
r48u_20260914_NICO_IF_ils_feedback_fix1,NICO,IF,ils_feedback,2024-07-17T00:05:00,8,0,,{},0,0,0,,0,0
r48u_20260914_NICO_IF_ils_feedback_fix1,NICO,IF,ils_feedback,2024-07-17T00:05:30,8,0,,{},0,0,0,,0,0
r48u_20260914_NICO_IF_ils_feedback_fix1,NICO,IF,ils_feedback,2024-07-17T00:06:00,8,0,,{},0,0,0,,0,0
r48u_20260914_NICO_IF_ils_feedback_fix1,NICO,IF,ils_feedback,2024-07-17T00:06:30,8,0,,{},0,0,0,,0,0
r48u_20260914_NICO_IF_ils_feedback_fix1,NICO,IF,ils_feedback,2024-07-17T00:07:00,8,0,,{},0,0,0,,0,0
r48u_20260914_NICO_IF_ils_feedback_fix1,NICO,IF,ils_feedback,2024-07-17T00:07:30,8,0,,{},0,0,0,,0,0
r48u_20260914_NICO_IF_ils_feedback_fix1,NICO,IF,ils_feedback,2024-07-17T00:08:00,8,0,,{},0,0,0,,0,0
r48u_20260914_NICO_IF_ils_feedback_fix1,NICO,IF,ils_feedback,2024-07-17T00:08:30,9,0,,{},0,0,0,,0,0
r48u_20260914_NICO_IF_ils_feedback_fix1,NICO,IF,ils_feedback,2024-07-17T00:09:00,8,0,,{},0,0,0,,0,0
r48u_20260914_NICO_IF_ils_feedback_fix1,NICO,IF,ils_feedback,2024-07-17T00:09:30,8,0,,{},0,0,0,,0,0
r48u_20260914_NICO_IF_ils_feedback_fix1,NICO,IF,ils_feedback,2024-07-17T00:10:00,8,0,,{},0,0,0,,0,0
r48u_20260914_NICO_IF_ils_feedback_fix1,NICO,IF,ils_feedback,2024-07-17T00:10:30,8,7,G06;G12;G19;G22;G24;G25;G32,"{""PRODUCT-GPS-C1"": [""G06"", ""G12"", ""G19"", ""G22"", ""G24"", ""G25"", ""G32""]}",1,6,6,G06;G12;G19;G22;G25;G32,7,6
r48u_20260914_NICO_IF_ils_feedback_fix1,NICO,IF,ils_feedback,2024-07-17T00:11:00,8,0,,{},0,0,0,,0,0
r48u_20260914_NICO_IF_ils_feedback_fix1,NICO,IF,ils_feedback,2024-07-17T00:11:30,9,2,G11;G15,"{""PRODUCT-GPS-C0"": [""G11""], ""PRODUCT-GPS-C2"": [""G15""]}",2,0,0,,0,0
r48u_20260914_NICO_IF_ils_feedback_fix1,NICO,IF,ils_feedback,2024-07-17T00:12:00,9,2,G11;G15,"{""PRODUCT-GPS-C0"": [""G11""], ""PRODUCT-GPS-C2"": [""G15""]}",2,0,0,,0,0
r48u_20260914_NICO_IF_ils_feedback_fix1,NICO,IF,ils_feedback,2024-07-17T00:12:30,9,2,G11;G15,"{""PRODUCT-GPS-C0"": [""G11""], ""PRODUCT-GPS-C2"": [""G15""]}",2,0,0,,0,0
r48u_20260914_NICO_IF_ils_feedback_fix1,NICO,IF,ils_feedback,2024-07-17T00:13:00,8,2,G11;G15,"{""PRODUCT-GPS-C0"": [""G11""], ""PRODUCT-GPS-C2"": [""G15""]}",2,0,0,,0,0
r48u_20260914_NICO_IF_ils_feedback_fix1,NICO,IF,ils_feedback,2024-07-17T00:13:30,8,2,G11;G15,"{""PRODUCT-GPS-C0"": [""G11""], ""PRODUCT-GPS-C2"": [""G15""]}",2,0,0,,0,0
r48u_20260914_NICO_IF_ils_feedback_fix1,NICO,IF,ils_feedback,2024-07-17T00:14:00,8,2,G11;G15,"{""PRODUCT-GPS-C0"": [""G11""], ""PRODUCT-GPS-C2"": [""G15""]}",2,0,0,,0,0
r48u_20260914_NICO_IF_ils_feedback_fix1,NICO,IF,ils_feedback,2024-07-17T00:14:30,7,1,G11,"{""PRODUCT-GPS-C0"": [""G11""]}",1,0,0,,0,0
r48u_20260914_NICO_IF_ils_feedback_fix1,NICO,IF,ils_feedback,2024-07-17T00:15:00,7,1,G11,"{""PRODUCT-GPS-C0"": [""G11""]}",1,0,0,,0,0
r48u_20260914_NICO_IF_ils_feedback_fix1,NICO,IF,ils_feedback,2024-07-17T00:15:30,7,1,G11,"{""PRODUCT-GPS-C0"": [""G11""]}",1,0,0,,0,0
r48u_20260914_NICO_IF_ils_feedback_fix1,NICO,IF,ils_feedback,2024-07-17T00:16:00,7,1,G11,"{""PRODUCT-GPS-C0"": [""G11""]}",1,0,0,,0,0
r48u_20260914_NICO_IF_ils_feedback_fix1,NICO,IF,ils_feedback,2024-07-17T00:16:30,7,1,G11,"{""PRODUCT-GPS-C0"": [""G11""]}",1,0,0,,0,0
r48u_20260914_NICO_IF_ils_feedback_fix1,NICO,IF,ils_feedback,2024-07-17T00:17:00,7,7,G06;G11;G12;G19;G24;G25;G32,"{""PRODUCT-GPS-C1"": [""G11""], ""PRODUCT-GPS-C2"": [""G06"", ""G12"", ""G19"", ""G24"", ""G25"", ""G32""]}",2,5,5,G06;G12;G19;G25;G32,6,5
r48u_20260914_NICO_IF_ils_feedback_fix1,NICO,IF,ils_feedback,2024-07-17T00:17:30,7,7,G06;G11;G12;G19;G24;G25;G32,"{""PRODUCT-GPS-C1"": [""G11""], ""PRODUCT-GPS-C2"": [""G06"", ""G12"", ""G19"", ""G24"", ""G25"", ""G32""]}",2,5,5,G06;G12;G19;G25;G32,6,5
r48u_20260914_NICO_IF_ils_feedback_fix1,NICO,IF,ils_feedback,2024-07-17T00:18:00,7,7,G06;G11;G12;G19;G24;G25;G32,"{""PRODUCT-GPS-C1"": [""G11""], ""PRODUCT-GPS-C2"": [""G06"", ""G12"", ""G19"", ""G24"", ""G25"", ""G32""]}",2,5,5,G06;G12;G19;G25;G32,6,5
r48u_20260914_NICO_IF_ils_feedback_fix1,NICO,IF,ils_feedback,2024-07-17T00:18:30,7,7,G06;G11;G12;G19;G24;G25;G32,"{""PRODUCT-GPS-C1"": [""G11""], ""PRODUCT-GPS-C2"": [""G06"", ""G12"", ""G19"", ""G24"", ""G25"", ""G32""]}",2,5,5,G06;G12;G19;G25;G32,6,5
r48u_20260914_NICO_IF_ils_feedback_fix1,NICO,IF,ils_feedback,2024-07-17T00:19:00,7,7,G06;G11;G12;G19;G24;G25;G32,"{""PRODUCT-GPS-C1"": [""G11""], ""PRODUCT-GPS-C2"": [""G06"", ""G12"", ""G19"", ""G24"", ""G25"", ""G32""]}",2,5,6,G06;G12;G19;G22;G25;G32,6,5
r48u_20260914_NICO_IF_ils_feedback_fix1,NICO,IF,ils_feedback,2024-07-17T00:19:30,7,7,G06;G11;G12;G19;G24;G25;G32,"{""PRODUCT-GPS-C1"": [""G11""], ""PRODUCT-GPS-C2"": [""G06"", ""G12"", ""G19"", ""G24"", ""G25"", ""G32""]}",2,5,6,G06;G12;G19;G22;G25;G32,6,5
r48u_20260914_NICO_IF_ils_feedback_fix1,NICO,IF,ils_feedback,2024-07-17T00:20:00,7,7,G06;G11;G12;G19;G24;G25;G32,"{""PRODUCT-GPS-C0"": [""G11""], ""PRODUCT-GPS-C1"": [""G06"", ""G12"", ""G19"", ""G24"", ""G25"", ""G32""]}",2,5,5,G06;G12;G19;G25;G32,6,5
r48u_20260914_NICO_IF_ils_feedback_fix1,NICO,IF,ils_feedback,2024-07-17T00:20:30,7,7,G06;G11;G12;G19;G24;G25;G32,"{""PRODUCT-GPS-C1"": [""G06"", ""G11"", ""G12"", ""G19"", ""G24"", ""G25"", ""G32""]}",1,6,8,G06;G11;G12;G17;G19;G22;G25;G32,7,6
r48u_20260914_NICO_IF_ils_feedback_fix1,NICO,IF,ils_feedback,2024-07-17T00:21:00,7,7,G06;G11;G12;G19;G24;G25;G32,"{""PRODUCT-GPS-C0"": [""G11""], ""PRODUCT-GPS-C1"": [""G06"", ""G12"", ""G19"", ""G24"", ""G25"", ""G32""]}",2,5,5,G06;G12;G19;G25;G32,6,5
r48u_20260914_NICO_IF_ils_feedback_fix1,NICO,IF,ils_feedback,2024-07-17T00:21:30,7,7,G06;G11;G12;G19;G24;G25;G32,"{""PRODUCT-GPS-C1"": [""G06"", ""G11"", ""G12"", ""G19"", ""G24"", ""G25"", ""G32""]}",1,6,6,G06;G11;G12;G19;G25;G32,7,6
r48u_20260914_NICO_IF_ils_feedback_fix1,NICO,IF,ils_feedback,2024-07-17T00:22:00,7,7,G06;G11;G12;G19;G24;G25;G32,"{""PRODUCT-GPS-C1"": [""G06"", ""G11"", ""G12"", ""G19"", ""G24"", ""G25"", ""G32""]}",1,6,7,G06;G11;G12;G17;G19;G25;G32,7,6
r48u_20260914_NICO_IF_ils_feedback_fix1,NICO,IF,ils_feedback,2024-07-17T00:22:30,7,7,G06;G11;G12;G19;G24;G25;G32,"{""PRODUCT-GPS-C1"": [""G06"", ""G11"", ""G12"", ""G19"", ""G24"", ""G25"", ""G32""]}",1,6,7,G06;G11;G12;G17;G19;G25;G32,7,6
r48u_20260914_NICO_IF_ils_feedback_fix1,NICO,IF,ils_feedback,2024-07-17T00:23:00,7,7,G06;G11;G12;G19;G24;G25;G32,"{""PRODUCT-GPS-C1"": [""G06"", ""G11"", ""G12"", ""G19"", ""G24"", ""G25"", ""G32""]}",1,6,7,G06;G11;G12;G17;G19;G25;G32,7,6
r48u_20260914_NICO_IF_ils_feedback_fix1,NICO,IF,ils_feedback,2024-07-17T00:23:30,7,7,G06;G11;G12;G19;G24;G25;G32,"{""PRODUCT-GPS-C1"": [""G11""], ""PRODUCT-GPS-C2"": [""G06"", ""G12"", ""G19"", ""G24"", ""G25"", ""G32""]}",2,5,6,G06;G12;G19;G22;G25;G32,6,5
r48u_20260914_NICO_IF_ils_feedback_fix1,NICO,IF,ils_feedback,2024-07-17T00:24:00,7,7,G06;G11;G12;G19;G24;G25;G32,"{""PRODUCT-GPS-C1"": [""G11""], ""PRODUCT-GPS-C2"": [""G06"", ""G12"", ""G19"", ""G24"", ""G25"", ""G32""]}",2,5,6,G06;G12;G19;G22;G25;G32,6,5
r48u_20260914_NICO_IF_ils_feedback_fix1,NICO,IF,ils_feedback,2024-07-17T00:24:30,7,7,G06;G11;G12;G19;G24;G25;G32,"{""PRODUCT-GPS-C1"": [""G11""], ""PRODUCT-GPS-C2"": [""G06"", ""G12"", ""G19"", ""G24"", ""G25"", ""G32""]}",2,5,6,G06;G12;G19;G22;G25;G32,6,5
r48u_20260914_NICO_IF_ils_feedback_fix1,NICO,IF,ils_feedback,2024-07-17T00:25:00,7,7,G06;G11;G12;G19;G24;G25;G32,"{""PRODUCT-GPS-C1"": [""G11""], ""PRODUCT-GPS-C2"": [""G06"", ""G12"", ""G19"", ""G24"", ""G25"", ""G32""]}",2,5,6,G06;G12;G19;G22;G25;G32,6,5
r48u_20260914_NICO_IF_ils_feedback_fix1,NICO,IF,ils_feedback,2024-07-17T00:25:30,7,1,G11,"{""PRODUCT-GPS-C0"": [""G11""]}",1,0,0,,0,0
r48u_20260914_NICO_IF_ils_feedback_fix1,NICO,IF,ils_feedback,2024-07-17T00:26:00,7,6,G06;G12;G19;G24;G25;G32,"{""PRODUCT-GPS-C0"": [""G06"", ""G12"", ""G19"", ""G24"", ""G25"", ""G32""]}",1,5,5,G06;G12;G19;G25;G32,6,5
r48u_20260914_NICO_IF_ils_feedback_fix1,NICO,IF,ils_feedback,2024-07-17T00:26:30,7,7,G06;G11;G12;G19;G24;G25;G32,"{""PRODUCT-GPS-C0"": [""G11""], ""PRODUCT-GPS-C1"": [""G06"", ""G12"", ""G19"", ""G24"", ""G25"", ""G32""]}",2,5,5,G06;G12;G19;G25;G32,6,5
r48u_20260914_NICO_IF_ils_feedback_fix1,NICO,IF,ils_feedback,2024-07-17T00:27:00,7,7,G06;G11;G12;G19;G24;G25;G32,"{""PRODUCT-GPS-C0"": [""G06"", ""G11"", ""G12"", ""G19"", ""G24"", ""G25"", ""G32""]}",1,6,6,G06;G11;G12;G19;G25;G32,7,6
r48u_20260914_NICO_IF_ils_feedback_fix1,NICO,IF,ils_feedback,2024-07-17T00:27:30,7,7,G06;G11;G12;G19;G24;G25;G32,"{""PRODUCT-GPS-C0"": [""G06"", ""G11"", ""G12"", ""G19"", ""G24"", ""G25"", ""G32""]}",1,6,6,G06;G11;G12;G19;G25;G32,7,6
r48u_20260914_NICO_IF_ils_feedback_fix1,NICO,IF,ils_feedback,2024-07-17T00:28:00,7,7,G06;G11;G12;G19;G24;G25;G32,"{""PRODUCT-GPS-C0"": [""G06"", ""G11"", ""G12"", ""G19"", ""G24"", ""G25"", ""G32""]}",1,6,6,G06;G11;G12;G19;G25;G32,7,6
r48u_20260914_NICO_IF_ils_feedback_fix1,NICO,IF,ils_feedback,2024-07-17T00:28:30,7,7,G06;G11;G12;G19;G24;G25;G32,"{""PRODUCT-GPS-C0"": [""G06"", ""G11"", ""G12"", ""G19"", ""G24"", ""G25"", ""G32""]}",1,6,6,G06;G11;G12;G19;G25;G32,7,6
r48u_20260914_NICO_IF_ils_feedback_fix1,NICO,IF,ils_feedback,2024-07-17T00:29:00,7,7,G06;G11;G12;G19;G24;G25;G32,"{""PRODUCT-GPS-C0"": [""G06"", ""G11"", ""G12"", ""G19"", ""G24"", ""G25"", ""G32""]}",1,6,6,G06;G11;G12;G19;G25;G32,7,6
r48u_20260914_NICO_IF_ils_feedback_fix1,NICO,IF,ils_feedback,2024-07-17T00:29:30,7,7,G06;G11;G12;G19;G24;G25;G32,"{""PRODUCT-GPS-C0"": [""G06"", ""G11"", ""G12"", ""G19"", ""G24"", ""G25"", ""G32""]}",1,6,6,G06;G11;G12;G19;G25;G32,7,6
r48u_20260914_NICO_IF_ils_feedback_fix1,NICO,IF,ils_feedback,2024-07-17T00:30:00,7,7,G06;G11;G12;G19;G24;G25;G32,"{""PRODUCT-GPS-C0"": [""G06"", ""G11"", ""G12"", ""G19"", ""G24"", ""G25"", ""G32""]}",1,6,6,G06;G11;G12;G19;G25;G32,7,6
r48u_20260914_BREW_IF_float_fix1,BREW,IF,float,2024-07-17T00:03:00,9,0,,{},0,0,0,,0,0
r48u_20260914_BREW_IF_float_fix1,BREW,IF,float,2024-07-17T00:03:30,9,0,,{},0,0,0,,0,0
r48u_20260914_BREW_IF_float_fix1,BREW,IF,float,2024-07-17T00:04:00,9,0,,{},0,0,0,,0,0
r48u_20260914_BREW_IF_float_fix1,BREW,IF,float,2024-07-17T00:04:30,9,0,,{},0,0,0,,0,0
r48u_20260914_BREW_IF_float_fix1,BREW,IF,float,2024-07-17T00:05:00,9,0,,{},0,0,0,,0,0
r48u_20260914_BREW_IF_float_fix1,BREW,IF,float,2024-07-17T00:05:30,9,0,,{},0,0,0,,0,0
r48u_20260914_BREW_IF_float_fix1,BREW,IF,float,2024-07-17T00:06:00,9,0,,{},0,0,0,,0,0
r48u_20260914_BREW_IF_float_fix1,BREW,IF,float,2024-07-17T00:06:30,9,0,,{},0,0,0,,0,0
r48u_20260914_BREW_IF_float_fix1,BREW,IF,float,2024-07-17T00:07:00,9,0,,{},0,0,0,,0,0
r48u_20260914_BREW_IF_float_fix1,BREW,IF,float,2024-07-17T00:07:30,9,0,,{},0,0,0,,0,0
r48u_20260914_BREW_IF_float_fix1,BREW,IF,float,2024-07-17T00:08:00,9,0,,{},0,0,0,,0,0
r48u_20260914_BREW_IF_float_fix1,BREW,IF,float,2024-07-17T00:08:30,9,0,,{},0,0,0,,0,0
r48u_20260914_BREW_IF_float_fix1,BREW,IF,float,2024-07-17T00:09:00,9,0,,{},0,0,0,,0,0
r48u_20260914_BREW_IF_float_fix1,BREW,IF,float,2024-07-17T00:09:30,9,0,,{},0,0,0,,0,0
r48u_20260914_BREW_IF_float_fix1,BREW,IF,float,2024-07-17T00:10:00,9,2,G02;G21,"{""PRODUCT-GPS-C1"": [""G02"", ""G21""]}",1,1,1,G21,0,0
r48u_20260914_BREW_IF_float_fix1,BREW,IF,float,2024-07-17T00:10:30,9,4,G03;G17;G25;G32,"{""PRODUCT-GPS-C0"": [""G03"", ""G17""], ""PRODUCT-GPS-C1"": [""G25"", ""G32""]}",2,2,1,G25,0,0
r48u_20260914_BREW_IF_float_fix1,BREW,IF,float,2024-07-17T00:11:00,9,2,G02;G21,"{""PRODUCT-GPS-C1"": [""G02"", ""G21""]}",1,1,1,G21,0,0
r48u_20260914_BREW_IF_float_fix1,BREW,IF,float,2024-07-17T00:11:30,9,5,G02;G10;G21;G28;G31,"{""PRODUCT-GPS-C3"": [""G02"", ""G21""], ""PRODUCT-GPS-C4"": [""G10"", ""G28"", ""G31""]}",2,3,2,G10;G31,0,0
r48u_20260914_BREW_IF_float_fix1,BREW,IF,float,2024-07-17T00:12:00,9,5,G02;G10;G21;G28;G31,"{""PRODUCT-GPS-C3"": [""G02"", ""G21""], ""PRODUCT-GPS-C4"": [""G10"", ""G28"", ""G31""]}",2,3,2,G10;G31,0,0
r48u_20260914_BREW_IF_float_fix1,BREW,IF,float,2024-07-17T00:12:30,9,5,G02;G10;G21;G28;G31,"{""PRODUCT-GPS-C3"": [""G02"", ""G21""], ""PRODUCT-GPS-C4"": [""G10"", ""G28"", ""G31""]}",2,3,2,G10;G31,0,0
r48u_20260914_BREW_IF_float_fix1,BREW,IF,float,2024-07-17T00:13:00,9,5,G02;G10;G21;G28;G31,"{""PRODUCT-GPS-C3"": [""G02"", ""G21""], ""PRODUCT-GPS-C4"": [""G10"", ""G28"", ""G31""]}",2,3,2,G10;G31,0,0
r48u_20260914_BREW_IF_float_fix1,BREW,IF,float,2024-07-17T00:13:30,9,5,G02;G10;G21;G28;G31,"{""PRODUCT-GPS-C3"": [""G02"", ""G21""], ""PRODUCT-GPS-C4"": [""G10"", ""G28"", ""G31""]}",2,3,2,G10;G31,0,0
r48u_20260914_BREW_IF_float_fix1,BREW,IF,float,2024-07-17T00:14:00,9,5,G02;G10;G21;G28;G31,"{""PRODUCT-GPS-C3"": [""G02"", ""G21""], ""PRODUCT-GPS-C4"": [""G10"", ""G28"", ""G31""]}",2,3,2,G10;G31,0,0
r48u_20260914_BREW_IF_float_fix1,BREW,IF,float,2024-07-17T00:14:30,9,5,G02;G10;G21;G28;G31,"{""PRODUCT-GPS-C3"": [""G02"", ""G21""], ""PRODUCT-GPS-C4"": [""G10"", ""G28"", ""G31""]}",2,3,2,G10;G31,0,0
r48u_20260914_BREW_IF_float_fix1,BREW,IF,float,2024-07-17T00:15:00,9,5,G02;G10;G21;G28;G31,"{""PRODUCT-GPS-C3"": [""G02"", ""G21""], ""PRODUCT-GPS-C4"": [""G10"", ""G28"", ""G31""]}",2,3,2,G10;G31,0,0
r48u_20260914_BREW_IF_float_fix1,BREW,IF,float,2024-07-17T00:15:30,9,5,G02;G10;G21;G28;G31,"{""PRODUCT-GPS-C3"": [""G02"", ""G21""], ""PRODUCT-GPS-C4"": [""G10"", ""G28"", ""G31""]}",2,3,2,G10;G31,0,0
r48u_20260914_BREW_IF_float_fix1,BREW,IF,float,2024-07-17T00:16:00,9,5,G02;G10;G21;G28;G31,"{""PRODUCT-GPS-C3"": [""G02"", ""G21""], ""PRODUCT-GPS-C4"": [""G10"", ""G28"", ""G31""]}",2,3,2,G10;G31,0,0
r48u_20260914_BREW_IF_float_fix1,BREW,IF,float,2024-07-17T00:16:30,9,5,G02;G10;G21;G28;G31,"{""PRODUCT-GPS-C3"": [""G02"", ""G21""], ""PRODUCT-GPS-C4"": [""G10"", ""G28"", ""G31""]}",2,3,2,G10;G31,0,0
r48u_20260914_BREW_IF_float_fix1,BREW,IF,float,2024-07-17T00:17:00,9,8,G02;G03;G10;G21;G25;G28;G31;G32,"{""PRODUCT-GPS-C0"": [""G02"", ""G03"", ""G21""], ""PRODUCT-GPS-C2"": [""G10"", ""G25"", ""G28"", ""G31"", ""G32""]}",2,6,4,G10;G25;G31;G32,0,0
r48u_20260914_BREW_IF_float_fix1,BREW,IF,float,2024-07-17T00:17:30,9,8,G02;G03;G10;G21;G25;G28;G31;G32,"{""PRODUCT-GPS-C0"": [""G02"", ""G03"", ""G21""], ""PRODUCT-GPS-C2"": [""G10"", ""G25"", ""G28"", ""G31"", ""G32""]}",2,6,4,G10;G25;G31;G32,0,0
r48u_20260914_BREW_IF_float_fix1,BREW,IF,float,2024-07-17T00:18:00,9,8,G02;G03;G10;G21;G25;G28;G31;G32,"{""PRODUCT-GPS-C0"": [""G02"", ""G03"", ""G21""], ""PRODUCT-GPS-C2"": [""G10"", ""G25"", ""G28"", ""G31"", ""G32""]}",2,6,4,G10;G25;G31;G32,0,0
r48u_20260914_BREW_IF_float_fix1,BREW,IF,float,2024-07-17T00:18:30,9,8,G02;G03;G10;G21;G25;G28;G31;G32,"{""PRODUCT-GPS-C0"": [""G02"", ""G03"", ""G21""], ""PRODUCT-GPS-C2"": [""G10"", ""G25"", ""G28"", ""G31"", ""G32""]}",2,6,4,G10;G25;G31;G32,0,0
r48u_20260914_BREW_IF_float_fix1,BREW,IF,float,2024-07-17T00:19:00,9,8,G02;G03;G10;G21;G25;G28;G31;G32,"{""PRODUCT-GPS-C0"": [""G02"", ""G03"", ""G21""], ""PRODUCT-GPS-C2"": [""G10"", ""G25"", ""G28"", ""G31"", ""G32""]}",2,6,4,G10;G25;G31;G32,0,0
r48u_20260914_BREW_IF_float_fix1,BREW,IF,float,2024-07-17T00:19:30,9,8,G02;G03;G10;G21;G25;G28;G31;G32,"{""PRODUCT-GPS-C0"": [""G02"", ""G03"", ""G21""], ""PRODUCT-GPS-C2"": [""G10"", ""G25"", ""G28"", ""G31"", ""G32""]}",2,6,4,G10;G25;G31;G32,0,0
r48u_20260914_BREW_IF_float_fix1,BREW,IF,float,2024-07-17T00:20:00,9,7,G02;G10;G21;G25;G28;G31;G32,"{""PRODUCT-GPS-C1"": [""G10"", ""G25"", ""G28"", ""G31"", ""G32""], ""PRODUCT-GPS-C4"": [""G02"", ""G21""]}",2,5,4,G10;G25;G31;G32,0,0
r48u_20260914_BREW_IF_float_fix1,BREW,IF,float,2024-07-17T00:20:30,9,9,G02;G03;G10;G17;G21;G25;G28;G31;G32,"{""PRODUCT-GPS-C0"": [""G02"", ""G03"", ""G21""], ""PRODUCT-GPS-C1"": [""G10"", ""G17"", ""G25"", ""G28"", ""G31"", ""G32""]}",2,7,5,G10;G17;G25;G31;G32,0,0
r48u_20260914_BREW_IF_float_fix1,BREW,IF,float,2024-07-17T00:21:00,9,7,G02;G10;G21;G25;G28;G31;G32,"{""PRODUCT-GPS-C1"": [""G10"", ""G25"", ""G28"", ""G31"", ""G32""], ""PRODUCT-GPS-C4"": [""G02"", ""G21""]}",2,5,4,G10;G25;G31;G32,0,0
r48u_20260914_BREW_IF_float_fix1,BREW,IF,float,2024-07-17T00:21:30,9,8,G02;G03;G10;G21;G25;G28;G31;G32,"{""PRODUCT-GPS-C0"": [""G02"", ""G03"", ""G21""], ""PRODUCT-GPS-C1"": [""G10"", ""G25"", ""G28"", ""G31"", ""G32""]}",2,6,4,G10;G25;G31;G32,0,0
r48u_20260914_BREW_IF_float_fix1,BREW,IF,float,2024-07-17T00:22:00,9,9,G02;G03;G10;G17;G21;G25;G28;G31;G32,"{""PRODUCT-GPS-C0"": [""G02"", ""G03"", ""G21""], ""PRODUCT-GPS-C1"": [""G10"", ""G17"", ""G25"", ""G28"", ""G31"", ""G32""]}",2,7,5,G10;G17;G25;G31;G32,0,0
r48u_20260914_BREW_IF_float_fix1,BREW,IF,float,2024-07-17T00:22:30,9,9,G02;G03;G10;G17;G21;G25;G28;G31;G32,"{""PRODUCT-GPS-C0"": [""G02"", ""G03"", ""G21""], ""PRODUCT-GPS-C1"": [""G10"", ""G17"", ""G25"", ""G28"", ""G31"", ""G32""]}",2,7,5,G10;G17;G25;G31;G32,0,0
r48u_20260914_BREW_IF_float_fix1,BREW,IF,float,2024-07-17T00:23:00,9,9,G02;G03;G10;G17;G21;G25;G28;G31;G32,"{""PRODUCT-GPS-C0"": [""G02"", ""G03"", ""G21""], ""PRODUCT-GPS-C1"": [""G10"", ""G17"", ""G25"", ""G28"", ""G31"", ""G32""]}",2,7,5,G10;G17;G25;G31;G32,0,0
r48u_20260914_BREW_IF_float_fix1,BREW,IF,float,2024-07-17T00:23:30,9,8,G02;G03;G10;G21;G25;G28;G31;G32,"{""PRODUCT-GPS-C0"": [""G02"", ""G03"", ""G21""], ""PRODUCT-GPS-C2"": [""G10"", ""G25"", ""G28"", ""G31"", ""G32""]}",2,6,4,G10;G25;G31;G32,0,0
r48u_20260914_BREW_IF_float_fix1,BREW,IF,float,2024-07-17T00:24:00,9,9,G02;G03;G10;G17;G21;G25;G28;G31;G32,"{""PRODUCT-GPS-C0"": [""G02"", ""G03"", ""G21""], ""PRODUCT-GPS-C2"": [""G10"", ""G17"", ""G25"", ""G28"", ""G31"", ""G32""]}",2,7,5,G10;G17;G25;G31;G32,0,0
r48u_20260914_BREW_IF_float_fix1,BREW,IF,float,2024-07-17T00:24:30,9,9,G02;G03;G10;G17;G21;G25;G28;G31;G32,"{""PRODUCT-GPS-C0"": [""G02"", ""G03"", ""G21""], ""PRODUCT-GPS-C2"": [""G10"", ""G17"", ""G25"", ""G28"", ""G31"", ""G32""]}",2,7,5,G10;G17;G25;G31;G32,0,0
r48u_20260914_BREW_IF_float_fix1,BREW,IF,float,2024-07-17T00:25:00,9,9,G02;G03;G10;G17;G21;G25;G28;G31;G32,"{""PRODUCT-GPS-C0"": [""G02"", ""G03"", ""G21""], ""PRODUCT-GPS-C2"": [""G10"", ""G17"", ""G25"", ""G28"", ""G31"", ""G32""]}",2,7,5,G10;G17;G25;G31;G32,0,0
r48u_20260914_BREW_IF_float_fix1,BREW,IF,float,2024-07-17T00:25:30,9,5,G02;G10;G21;G28;G31,"{""PRODUCT-GPS-C0"": [""G10"", ""G28"", ""G31""], ""PRODUCT-GPS-C1"": [""G02"", ""G21""]}",2,3,2,G10;G31,0,0
r48u_20260914_BREW_IF_float_fix1,BREW,IF,float,2024-07-17T00:26:00,9,7,G02;G10;G21;G25;G28;G31;G32,"{""PRODUCT-GPS-C0"": [""G10"", ""G25"", ""G28"", ""G31"", ""G32""], ""PRODUCT-GPS-C1"": [""G02"", ""G21""]}",2,5,4,G10;G25;G31;G32,0,0
r48u_20260914_BREW_IF_float_fix1,BREW,IF,float,2024-07-17T00:26:30,9,7,G02;G10;G21;G25;G28;G31;G32,"{""PRODUCT-GPS-C1"": [""G10"", ""G25"", ""G28"", ""G31"", ""G32""], ""PRODUCT-GPS-C4"": [""G02"", ""G21""]}",2,5,4,G10;G25;G31;G32,0,0
r48u_20260914_BREW_IF_float_fix1,BREW,IF,float,2024-07-17T00:27:00,9,6,G02;G10;G21;G25;G28;G32,"{""PRODUCT-GPS-C0"": [""G10"", ""G25"", ""G28"", ""G32""], ""PRODUCT-GPS-C1"": [""G02"", ""G21""]}",2,4,3,G10;G25;G32,0,0
r48u_20260914_BREW_IF_float_fix1,BREW,IF,float,2024-07-17T00:27:30,9,6,G02;G10;G21;G25;G28;G32,"{""PRODUCT-GPS-C0"": [""G10"", ""G25"", ""G28"", ""G32""], ""PRODUCT-GPS-C1"": [""G02"", ""G21""]}",2,4,3,G10;G25;G32,0,0
r48u_20260914_BREW_IF_float_fix1,BREW,IF,float,2024-07-17T00:28:00,9,6,G02;G10;G21;G25;G28;G32,"{""PRODUCT-GPS-C0"": [""G10"", ""G25"", ""G28"", ""G32""], ""PRODUCT-GPS-C1"": [""G02"", ""G21""]}",2,4,3,G10;G25;G32,0,0
r48u_20260914_BREW_IF_float_fix1,BREW,IF,float,2024-07-17T00:28:30,9,7,G02;G10;G21;G25;G28;G31;G32,"{""PRODUCT-GPS-C0"": [""G10"", ""G25"", ""G28"", ""G31"", ""G32""], ""PRODUCT-GPS-C3"": [""G02"", ""G21""]}",2,5,4,G10;G25;G31;G32,0,0
r48u_20260914_BREW_IF_float_fix1,BREW,IF,float,2024-07-17T00:29:00,9,7,G02;G10;G21;G25;G28;G31;G32,"{""PRODUCT-GPS-C0"": [""G10"", ""G25"", ""G28"", ""G31"", ""G32""], ""PRODUCT-GPS-C3"": [""G02"", ""G21""]}",2,5,4,G10;G25;G31;G32,0,0
r48u_20260914_BREW_IF_float_fix1,BREW,IF,float,2024-07-17T00:29:30,9,7,G02;G10;G21;G25;G28;G31;G32,"{""PRODUCT-GPS-C0"": [""G10"", ""G25"", ""G28"", ""G31"", ""G32""], ""PRODUCT-GPS-C1"": [""G02"", ""G21""]}",2,5,4,G10;G25;G31;G32,0,0
r48u_20260914_BREW_IF_float_fix1,BREW,IF,float,2024-07-17T00:30:00,9,7,G02;G10;G21;G25;G28;G31;G32,"{""PRODUCT-GPS-C0"": [""G10"", ""G25"", ""G28"", ""G31"", ""G32""], ""PRODUCT-GPS-C1"": [""G02"", ""G21""]}",2,5,4,G10;G25;G31;G32,0,0
r48u_20260914_BREW_IF_round_shadow_fix1,BREW,IF,round_shadow,2024-07-17T00:03:00,9,0,,{},0,0,0,,0,0
r48u_20260914_BREW_IF_round_shadow_fix1,BREW,IF,round_shadow,2024-07-17T00:03:30,9,0,,{},0,0,0,,0,0
r48u_20260914_BREW_IF_round_shadow_fix1,BREW,IF,round_shadow,2024-07-17T00:04:00,9,0,,{},0,0,0,,0,0
r48u_20260914_BREW_IF_round_shadow_fix1,BREW,IF,round_shadow,2024-07-17T00:04:30,9,0,,{},0,0,0,,0,0
r48u_20260914_BREW_IF_round_shadow_fix1,BREW,IF,round_shadow,2024-07-17T00:05:00,9,0,,{},0,0,0,,0,0
r48u_20260914_BREW_IF_round_shadow_fix1,BREW,IF,round_shadow,2024-07-17T00:05:30,9,0,,{},0,0,0,,0,0
r48u_20260914_BREW_IF_round_shadow_fix1,BREW,IF,round_shadow,2024-07-17T00:06:00,9,0,,{},0,0,0,,0,0
r48u_20260914_BREW_IF_round_shadow_fix1,BREW,IF,round_shadow,2024-07-17T00:06:30,9,0,,{},0,0,0,,0,0
r48u_20260914_BREW_IF_round_shadow_fix1,BREW,IF,round_shadow,2024-07-17T00:07:00,9,0,,{},0,0,0,,0,0
r48u_20260914_BREW_IF_round_shadow_fix1,BREW,IF,round_shadow,2024-07-17T00:07:30,9,0,,{},0,0,0,,0,0
r48u_20260914_BREW_IF_round_shadow_fix1,BREW,IF,round_shadow,2024-07-17T00:08:00,9,0,,{},0,0,0,,0,0
r48u_20260914_BREW_IF_round_shadow_fix1,BREW,IF,round_shadow,2024-07-17T00:08:30,9,0,,{},0,0,0,,0,0
r48u_20260914_BREW_IF_round_shadow_fix1,BREW,IF,round_shadow,2024-07-17T00:09:00,9,0,,{},0,0,0,,0,0
r48u_20260914_BREW_IF_round_shadow_fix1,BREW,IF,round_shadow,2024-07-17T00:09:30,9,0,,{},0,0,0,,0,0
r48u_20260914_BREW_IF_round_shadow_fix1,BREW,IF,round_shadow,2024-07-17T00:10:00,9,2,G02;G21,"{""PRODUCT-GPS-C1"": [""G02"", ""G21""]}",1,1,1,G21,2,1
r48u_20260914_BREW_IF_round_shadow_fix1,BREW,IF,round_shadow,2024-07-17T00:10:30,9,4,G03;G17;G25;G32,"{""PRODUCT-GPS-C0"": [""G03"", ""G17""], ""PRODUCT-GPS-C1"": [""G25"", ""G32""]}",2,2,1,G25,2,1
r48u_20260914_BREW_IF_round_shadow_fix1,BREW,IF,round_shadow,2024-07-17T00:11:00,9,2,G02;G21,"{""PRODUCT-GPS-C1"": [""G02"", ""G21""]}",1,1,1,G21,2,1
r48u_20260914_BREW_IF_round_shadow_fix1,BREW,IF,round_shadow,2024-07-17T00:11:30,9,5,G02;G10;G21;G28;G31,"{""PRODUCT-GPS-C3"": [""G02"", ""G21""], ""PRODUCT-GPS-C4"": [""G10"", ""G28"", ""G31""]}",2,3,2,G10;G31,3,2
r48u_20260914_BREW_IF_round_shadow_fix1,BREW,IF,round_shadow,2024-07-17T00:12:00,9,5,G02;G10;G21;G28;G31,"{""PRODUCT-GPS-C3"": [""G02"", ""G21""], ""PRODUCT-GPS-C4"": [""G10"", ""G28"", ""G31""]}",2,3,2,G10;G31,3,2
r48u_20260914_BREW_IF_round_shadow_fix1,BREW,IF,round_shadow,2024-07-17T00:12:30,9,5,G02;G10;G21;G28;G31,"{""PRODUCT-GPS-C3"": [""G02"", ""G21""], ""PRODUCT-GPS-C4"": [""G10"", ""G28"", ""G31""]}",2,3,2,G10;G31,3,2
r48u_20260914_BREW_IF_round_shadow_fix1,BREW,IF,round_shadow,2024-07-17T00:13:00,9,5,G02;G10;G21;G28;G31,"{""PRODUCT-GPS-C3"": [""G02"", ""G21""], ""PRODUCT-GPS-C4"": [""G10"", ""G28"", ""G31""]}",2,3,2,G10;G31,3,2
r48u_20260914_BREW_IF_round_shadow_fix1,BREW,IF,round_shadow,2024-07-17T00:13:30,9,5,G02;G10;G21;G28;G31,"{""PRODUCT-GPS-C3"": [""G02"", ""G21""], ""PRODUCT-GPS-C4"": [""G10"", ""G28"", ""G31""]}",2,3,2,G10;G31,3,2
r48u_20260914_BREW_IF_round_shadow_fix1,BREW,IF,round_shadow,2024-07-17T00:14:00,9,5,G02;G10;G21;G28;G31,"{""PRODUCT-GPS-C3"": [""G02"", ""G21""], ""PRODUCT-GPS-C4"": [""G10"", ""G28"", ""G31""]}",2,3,2,G10;G31,3,2
r48u_20260914_BREW_IF_round_shadow_fix1,BREW,IF,round_shadow,2024-07-17T00:14:30,9,5,G02;G10;G21;G28;G31,"{""PRODUCT-GPS-C3"": [""G02"", ""G21""], ""PRODUCT-GPS-C4"": [""G10"", ""G28"", ""G31""]}",2,3,2,G10;G31,3,2
r48u_20260914_BREW_IF_round_shadow_fix1,BREW,IF,round_shadow,2024-07-17T00:15:00,9,5,G02;G10;G21;G28;G31,"{""PRODUCT-GPS-C3"": [""G02"", ""G21""], ""PRODUCT-GPS-C4"": [""G10"", ""G28"", ""G31""]}",2,3,2,G10;G31,3,2
r48u_20260914_BREW_IF_round_shadow_fix1,BREW,IF,round_shadow,2024-07-17T00:15:30,9,5,G02;G10;G21;G28;G31,"{""PRODUCT-GPS-C3"": [""G02"", ""G21""], ""PRODUCT-GPS-C4"": [""G10"", ""G28"", ""G31""]}",2,3,2,G10;G31,3,2
r48u_20260914_BREW_IF_round_shadow_fix1,BREW,IF,round_shadow,2024-07-17T00:16:00,9,5,G02;G10;G21;G28;G31,"{""PRODUCT-GPS-C3"": [""G02"", ""G21""], ""PRODUCT-GPS-C4"": [""G10"", ""G28"", ""G31""]}",2,3,2,G10;G31,3,2
r48u_20260914_BREW_IF_round_shadow_fix1,BREW,IF,round_shadow,2024-07-17T00:16:30,9,5,G02;G10;G21;G28;G31,"{""PRODUCT-GPS-C3"": [""G02"", ""G21""], ""PRODUCT-GPS-C4"": [""G10"", ""G28"", ""G31""]}",2,3,2,G10;G31,3,2
r48u_20260914_BREW_IF_round_shadow_fix1,BREW,IF,round_shadow,2024-07-17T00:17:00,9,8,G02;G03;G10;G21;G25;G28;G31;G32,"{""PRODUCT-GPS-C0"": [""G02"", ""G03"", ""G21""], ""PRODUCT-GPS-C2"": [""G10"", ""G25"", ""G28"", ""G31"", ""G32""]}",2,6,4,G10;G25;G31;G32,5,4
r48u_20260914_BREW_IF_round_shadow_fix1,BREW,IF,round_shadow,2024-07-17T00:17:30,9,8,G02;G03;G10;G21;G25;G28;G31;G32,"{""PRODUCT-GPS-C0"": [""G02"", ""G03"", ""G21""], ""PRODUCT-GPS-C2"": [""G10"", ""G25"", ""G28"", ""G31"", ""G32""]}",2,6,4,G10;G25;G31;G32,5,4
r48u_20260914_BREW_IF_round_shadow_fix1,BREW,IF,round_shadow,2024-07-17T00:18:00,9,8,G02;G03;G10;G21;G25;G28;G31;G32,"{""PRODUCT-GPS-C0"": [""G02"", ""G03"", ""G21""], ""PRODUCT-GPS-C2"": [""G10"", ""G25"", ""G28"", ""G31"", ""G32""]}",2,6,4,G10;G25;G31;G32,5,4
r48u_20260914_BREW_IF_round_shadow_fix1,BREW,IF,round_shadow,2024-07-17T00:18:30,9,8,G02;G03;G10;G21;G25;G28;G31;G32,"{""PRODUCT-GPS-C0"": [""G02"", ""G03"", ""G21""], ""PRODUCT-GPS-C2"": [""G10"", ""G25"", ""G28"", ""G31"", ""G32""]}",2,6,4,G10;G25;G31;G32,5,4
r48u_20260914_BREW_IF_round_shadow_fix1,BREW,IF,round_shadow,2024-07-17T00:19:00,9,8,G02;G03;G10;G21;G25;G28;G31;G32,"{""PRODUCT-GPS-C0"": [""G02"", ""G03"", ""G21""], ""PRODUCT-GPS-C2"": [""G10"", ""G25"", ""G28"", ""G31"", ""G32""]}",2,6,4,G10;G25;G31;G32,5,4
r48u_20260914_BREW_IF_round_shadow_fix1,BREW,IF,round_shadow,2024-07-17T00:19:30,9,8,G02;G03;G10;G21;G25;G28;G31;G32,"{""PRODUCT-GPS-C0"": [""G02"", ""G03"", ""G21""], ""PRODUCT-GPS-C2"": [""G10"", ""G25"", ""G28"", ""G31"", ""G32""]}",2,6,4,G10;G25;G31;G32,5,4
r48u_20260914_BREW_IF_round_shadow_fix1,BREW,IF,round_shadow,2024-07-17T00:20:00,9,7,G02;G10;G21;G25;G28;G31;G32,"{""PRODUCT-GPS-C1"": [""G10"", ""G25"", ""G28"", ""G31"", ""G32""], ""PRODUCT-GPS-C4"": [""G02"", ""G21""]}",2,5,4,G10;G25;G31;G32,5,4
r48u_20260914_BREW_IF_round_shadow_fix1,BREW,IF,round_shadow,2024-07-17T00:20:30,9,9,G02;G03;G10;G17;G21;G25;G28;G31;G32,"{""PRODUCT-GPS-C0"": [""G02"", ""G03"", ""G21""], ""PRODUCT-GPS-C1"": [""G10"", ""G17"", ""G25"", ""G28"", ""G31"", ""G32""]}",2,7,5,G10;G17;G25;G31;G32,6,5
r48u_20260914_BREW_IF_round_shadow_fix1,BREW,IF,round_shadow,2024-07-17T00:21:00,9,7,G02;G10;G21;G25;G28;G31;G32,"{""PRODUCT-GPS-C1"": [""G10"", ""G25"", ""G28"", ""G31"", ""G32""], ""PRODUCT-GPS-C4"": [""G02"", ""G21""]}",2,5,4,G10;G25;G31;G32,5,4
r48u_20260914_BREW_IF_round_shadow_fix1,BREW,IF,round_shadow,2024-07-17T00:21:30,9,8,G02;G03;G10;G21;G25;G28;G31;G32,"{""PRODUCT-GPS-C0"": [""G02"", ""G03"", ""G21""], ""PRODUCT-GPS-C1"": [""G10"", ""G25"", ""G28"", ""G31"", ""G32""]}",2,6,4,G10;G25;G31;G32,5,4
r48u_20260914_BREW_IF_round_shadow_fix1,BREW,IF,round_shadow,2024-07-17T00:22:00,9,9,G02;G03;G10;G17;G21;G25;G28;G31;G32,"{""PRODUCT-GPS-C0"": [""G02"", ""G03"", ""G21""], ""PRODUCT-GPS-C1"": [""G10"", ""G17"", ""G25"", ""G28"", ""G31"", ""G32""]}",2,7,5,G10;G17;G25;G31;G32,6,5
r48u_20260914_BREW_IF_round_shadow_fix1,BREW,IF,round_shadow,2024-07-17T00:22:30,9,9,G02;G03;G10;G17;G21;G25;G28;G31;G32,"{""PRODUCT-GPS-C0"": [""G02"", ""G03"", ""G21""], ""PRODUCT-GPS-C1"": [""G10"", ""G17"", ""G25"", ""G28"", ""G31"", ""G32""]}",2,7,5,G10;G17;G25;G31;G32,6,5
r48u_20260914_BREW_IF_round_shadow_fix1,BREW,IF,round_shadow,2024-07-17T00:23:00,9,9,G02;G03;G10;G17;G21;G25;G28;G31;G32,"{""PRODUCT-GPS-C0"": [""G02"", ""G03"", ""G21""], ""PRODUCT-GPS-C1"": [""G10"", ""G17"", ""G25"", ""G28"", ""G31"", ""G32""]}",2,7,5,G10;G17;G25;G31;G32,6,5
r48u_20260914_BREW_IF_round_shadow_fix1,BREW,IF,round_shadow,2024-07-17T00:23:30,9,8,G02;G03;G10;G21;G25;G28;G31;G32,"{""PRODUCT-GPS-C0"": [""G02"", ""G03"", ""G21""], ""PRODUCT-GPS-C2"": [""G10"", ""G25"", ""G28"", ""G31"", ""G32""]}",2,6,4,G10;G25;G31;G32,5,4
r48u_20260914_BREW_IF_round_shadow_fix1,BREW,IF,round_shadow,2024-07-17T00:24:00,9,9,G02;G03;G10;G17;G21;G25;G28;G31;G32,"{""PRODUCT-GPS-C0"": [""G02"", ""G03"", ""G21""], ""PRODUCT-GPS-C2"": [""G10"", ""G17"", ""G25"", ""G28"", ""G31"", ""G32""]}",2,7,5,G10;G17;G25;G31;G32,6,5
r48u_20260914_BREW_IF_round_shadow_fix1,BREW,IF,round_shadow,2024-07-17T00:24:30,9,9,G02;G03;G10;G17;G21;G25;G28;G31;G32,"{""PRODUCT-GPS-C0"": [""G02"", ""G03"", ""G21""], ""PRODUCT-GPS-C2"": [""G10"", ""G17"", ""G25"", ""G28"", ""G31"", ""G32""]}",2,7,5,G10;G17;G25;G31;G32,6,5
r48u_20260914_BREW_IF_round_shadow_fix1,BREW,IF,round_shadow,2024-07-17T00:25:00,9,9,G02;G03;G10;G17;G21;G25;G28;G31;G32,"{""PRODUCT-GPS-C0"": [""G02"", ""G03"", ""G21""], ""PRODUCT-GPS-C2"": [""G10"", ""G17"", ""G25"", ""G28"", ""G31"", ""G32""]}",2,7,5,G10;G17;G25;G31;G32,6,5
r48u_20260914_BREW_IF_round_shadow_fix1,BREW,IF,round_shadow,2024-07-17T00:25:30,9,5,G02;G10;G21;G28;G31,"{""PRODUCT-GPS-C0"": [""G10"", ""G28"", ""G31""], ""PRODUCT-GPS-C1"": [""G02"", ""G21""]}",2,3,2,G10;G31,3,2
r48u_20260914_BREW_IF_round_shadow_fix1,BREW,IF,round_shadow,2024-07-17T00:26:00,9,7,G02;G10;G21;G25;G28;G31;G32,"{""PRODUCT-GPS-C0"": [""G10"", ""G25"", ""G28"", ""G31"", ""G32""], ""PRODUCT-GPS-C1"": [""G02"", ""G21""]}",2,5,4,G10;G25;G31;G32,5,4
r48u_20260914_BREW_IF_round_shadow_fix1,BREW,IF,round_shadow,2024-07-17T00:26:30,9,7,G02;G10;G21;G25;G28;G31;G32,"{""PRODUCT-GPS-C1"": [""G10"", ""G25"", ""G28"", ""G31"", ""G32""], ""PRODUCT-GPS-C4"": [""G02"", ""G21""]}",2,5,4,G10;G25;G31;G32,5,4
r48u_20260914_BREW_IF_round_shadow_fix1,BREW,IF,round_shadow,2024-07-17T00:27:00,9,6,G02;G10;G21;G25;G28;G32,"{""PRODUCT-GPS-C0"": [""G10"", ""G25"", ""G28"", ""G32""], ""PRODUCT-GPS-C1"": [""G02"", ""G21""]}",2,4,3,G10;G25;G32,4,3
r48u_20260914_BREW_IF_round_shadow_fix1,BREW,IF,round_shadow,2024-07-17T00:27:30,9,6,G02;G10;G21;G25;G28;G32,"{""PRODUCT-GPS-C0"": [""G10"", ""G25"", ""G28"", ""G32""], ""PRODUCT-GPS-C1"": [""G02"", ""G21""]}",2,4,3,G10;G25;G32,4,3
r48u_20260914_BREW_IF_round_shadow_fix1,BREW,IF,round_shadow,2024-07-17T00:28:00,9,6,G02;G10;G21;G25;G28;G32,"{""PRODUCT-GPS-C0"": [""G10"", ""G25"", ""G28"", ""G32""], ""PRODUCT-GPS-C1"": [""G02"", ""G21""]}",2,4,3,G10;G25;G32,4,3
r48u_20260914_BREW_IF_round_shadow_fix1,BREW,IF,round_shadow,2024-07-17T00:28:30,9,7,G02;G10;G21;G25;G28;G31;G32,"{""PRODUCT-GPS-C0"": [""G10"", ""G25"", ""G28"", ""G31"", ""G32""], ""PRODUCT-GPS-C3"": [""G02"", ""G21""]}",2,5,4,G10;G25;G31;G32,5,4
r48u_20260914_BREW_IF_round_shadow_fix1,BREW,IF,round_shadow,2024-07-17T00:29:00,9,7,G02;G10;G21;G25;G28;G31;G32,"{""PRODUCT-GPS-C0"": [""G10"", ""G25"", ""G28"", ""G31"", ""G32""], ""PRODUCT-GPS-C3"": [""G02"", ""G21""]}",2,5,4,G10;G25;G31;G32,5,4
r48u_20260914_BREW_IF_round_shadow_fix1,BREW,IF,round_shadow,2024-07-17T00:29:30,9,7,G02;G10;G21;G25;G28;G31;G32,"{""PRODUCT-GPS-C0"": [""G10"", ""G25"", ""G28"", ""G31"", ""G32""], ""PRODUCT-GPS-C1"": [""G02"", ""G21""]}",2,5,4,G10;G25;G31;G32,5,4
r48u_20260914_BREW_IF_round_shadow_fix1,BREW,IF,round_shadow,2024-07-17T00:30:00,9,7,G02;G10;G21;G25;G28;G31;G32,"{""PRODUCT-GPS-C0"": [""G10"", ""G25"", ""G28"", ""G31"", ""G32""], ""PRODUCT-GPS-C1"": [""G02"", ""G21""]}",2,5,4,G10;G25;G31;G32,5,4
r48u_20260914_BREW_IF_round_feedback_fix1,BREW,IF,round_feedback,2024-07-17T00:03:00,9,0,,{},0,0,0,,0,0
r48u_20260914_BREW_IF_round_feedback_fix1,BREW,IF,round_feedback,2024-07-17T00:03:30,9,0,,{},0,0,0,,0,0
r48u_20260914_BREW_IF_round_feedback_fix1,BREW,IF,round_feedback,2024-07-17T00:04:00,9,0,,{},0,0,0,,0,0
r48u_20260914_BREW_IF_round_feedback_fix1,BREW,IF,round_feedback,2024-07-17T00:04:30,9,0,,{},0,0,0,,0,0
r48u_20260914_BREW_IF_round_feedback_fix1,BREW,IF,round_feedback,2024-07-17T00:05:00,9,0,,{},0,0,0,,0,0
r48u_20260914_BREW_IF_round_feedback_fix1,BREW,IF,round_feedback,2024-07-17T00:05:30,9,0,,{},0,0,0,,0,0
r48u_20260914_BREW_IF_round_feedback_fix1,BREW,IF,round_feedback,2024-07-17T00:06:00,9,0,,{},0,0,0,,0,0
r48u_20260914_BREW_IF_round_feedback_fix1,BREW,IF,round_feedback,2024-07-17T00:06:30,9,0,,{},0,0,0,,0,0
r48u_20260914_BREW_IF_round_feedback_fix1,BREW,IF,round_feedback,2024-07-17T00:07:00,9,0,,{},0,0,0,,0,0
r48u_20260914_BREW_IF_round_feedback_fix1,BREW,IF,round_feedback,2024-07-17T00:07:30,9,0,,{},0,0,0,,0,0
r48u_20260914_BREW_IF_round_feedback_fix1,BREW,IF,round_feedback,2024-07-17T00:08:00,9,0,,{},0,0,0,,0,0
r48u_20260914_BREW_IF_round_feedback_fix1,BREW,IF,round_feedback,2024-07-17T00:08:30,9,0,,{},0,0,0,,0,0
r48u_20260914_BREW_IF_round_feedback_fix1,BREW,IF,round_feedback,2024-07-17T00:09:00,9,0,,{},0,0,0,,0,0
r48u_20260914_BREW_IF_round_feedback_fix1,BREW,IF,round_feedback,2024-07-17T00:09:30,9,0,,{},0,0,0,,0,0
r48u_20260914_BREW_IF_round_feedback_fix1,BREW,IF,round_feedback,2024-07-17T00:10:00,9,2,G02;G21,"{""PRODUCT-GPS-C1"": [""G02"", ""G21""]}",1,1,1,G21,2,1
r48u_20260914_BREW_IF_round_feedback_fix1,BREW,IF,round_feedback,2024-07-17T00:10:30,9,4,G03;G17;G25;G32,"{""PRODUCT-GPS-C0"": [""G03"", ""G17""], ""PRODUCT-GPS-C1"": [""G25"", ""G32""]}",2,2,1,G25,2,1
r48u_20260914_BREW_IF_round_feedback_fix1,BREW,IF,round_feedback,2024-07-17T00:11:00,9,2,G02;G21,"{""PRODUCT-GPS-C1"": [""G02"", ""G21""]}",1,1,1,G21,2,1
r48u_20260914_BREW_IF_round_feedback_fix1,BREW,IF,round_feedback,2024-07-17T00:11:30,9,5,G02;G10;G21;G28;G31,"{""PRODUCT-GPS-C3"": [""G02"", ""G21""], ""PRODUCT-GPS-C4"": [""G10"", ""G28"", ""G31""]}",2,3,2,G10;G31,3,2
r48u_20260914_BREW_IF_round_feedback_fix1,BREW,IF,round_feedback,2024-07-17T00:12:00,9,5,G02;G10;G21;G28;G31,"{""PRODUCT-GPS-C3"": [""G02"", ""G21""], ""PRODUCT-GPS-C4"": [""G10"", ""G28"", ""G31""]}",2,3,2,G10;G31,3,2
r48u_20260914_BREW_IF_round_feedback_fix1,BREW,IF,round_feedback,2024-07-17T00:12:30,9,5,G02;G10;G21;G28;G31,"{""PRODUCT-GPS-C3"": [""G02"", ""G21""], ""PRODUCT-GPS-C4"": [""G10"", ""G28"", ""G31""]}",2,3,2,G10;G31,3,2
r48u_20260914_BREW_IF_round_feedback_fix1,BREW,IF,round_feedback,2024-07-17T00:13:00,9,5,G02;G10;G21;G28;G31,"{""PRODUCT-GPS-C3"": [""G02"", ""G21""], ""PRODUCT-GPS-C4"": [""G10"", ""G28"", ""G31""]}",2,3,2,G10;G31,3,2
r48u_20260914_BREW_IF_round_feedback_fix1,BREW,IF,round_feedback,2024-07-17T00:13:30,9,5,G02;G10;G21;G28;G31,"{""PRODUCT-GPS-C3"": [""G02"", ""G21""], ""PRODUCT-GPS-C4"": [""G10"", ""G28"", ""G31""]}",2,3,2,G10;G31,3,2
r48u_20260914_BREW_IF_round_feedback_fix1,BREW,IF,round_feedback,2024-07-17T00:14:00,9,5,G02;G10;G21;G28;G31,"{""PRODUCT-GPS-C3"": [""G02"", ""G21""], ""PRODUCT-GPS-C4"": [""G10"", ""G28"", ""G31""]}",2,3,2,G10;G31,3,2
r48u_20260914_BREW_IF_round_feedback_fix1,BREW,IF,round_feedback,2024-07-17T00:14:30,9,5,G02;G10;G21;G28;G31,"{""PRODUCT-GPS-C3"": [""G02"", ""G21""], ""PRODUCT-GPS-C4"": [""G10"", ""G28"", ""G31""]}",2,3,2,G10;G31,3,2
r48u_20260914_BREW_IF_round_feedback_fix1,BREW,IF,round_feedback,2024-07-17T00:15:00,9,5,G02;G10;G21;G28;G31,"{""PRODUCT-GPS-C3"": [""G02"", ""G21""], ""PRODUCT-GPS-C4"": [""G10"", ""G28"", ""G31""]}",2,3,2,G10;G31,3,2
r48u_20260914_BREW_IF_round_feedback_fix1,BREW,IF,round_feedback,2024-07-17T00:15:30,9,5,G02;G10;G21;G28;G31,"{""PRODUCT-GPS-C3"": [""G02"", ""G21""], ""PRODUCT-GPS-C4"": [""G10"", ""G28"", ""G31""]}",2,3,2,G10;G31,3,2
r48u_20260914_BREW_IF_round_feedback_fix1,BREW,IF,round_feedback,2024-07-17T00:16:00,9,5,G02;G10;G21;G28;G31,"{""PRODUCT-GPS-C3"": [""G02"", ""G21""], ""PRODUCT-GPS-C4"": [""G10"", ""G28"", ""G31""]}",2,3,2,G10;G31,3,2
r48u_20260914_BREW_IF_round_feedback_fix1,BREW,IF,round_feedback,2024-07-17T00:16:30,9,5,G02;G10;G21;G28;G31,"{""PRODUCT-GPS-C3"": [""G02"", ""G21""], ""PRODUCT-GPS-C4"": [""G10"", ""G28"", ""G31""]}",2,3,2,G10;G31,3,2
r48u_20260914_BREW_IF_round_feedback_fix1,BREW,IF,round_feedback,2024-07-17T00:17:00,9,8,G02;G03;G10;G21;G25;G28;G31;G32,"{""PRODUCT-GPS-C0"": [""G02"", ""G03"", ""G21""], ""PRODUCT-GPS-C2"": [""G10"", ""G25"", ""G28"", ""G31"", ""G32""]}",2,6,4,G10;G25;G31;G32,5,4
r48u_20260914_BREW_IF_round_feedback_fix1,BREW,IF,round_feedback,2024-07-17T00:17:30,9,8,G02;G03;G10;G21;G25;G28;G31;G32,"{""PRODUCT-GPS-C0"": [""G02"", ""G03"", ""G21""], ""PRODUCT-GPS-C2"": [""G10"", ""G25"", ""G28"", ""G31"", ""G32""]}",2,6,4,G10;G25;G31;G32,5,4
r48u_20260914_BREW_IF_round_feedback_fix1,BREW,IF,round_feedback,2024-07-17T00:18:00,9,8,G02;G03;G10;G21;G25;G28;G31;G32,"{""PRODUCT-GPS-C0"": [""G02"", ""G03"", ""G21""], ""PRODUCT-GPS-C2"": [""G10"", ""G25"", ""G28"", ""G31"", ""G32""]}",2,6,4,G10;G25;G31;G32,5,4
r48u_20260914_BREW_IF_round_feedback_fix1,BREW,IF,round_feedback,2024-07-17T00:18:30,9,8,G02;G03;G10;G21;G25;G28;G31;G32,"{""PRODUCT-GPS-C0"": [""G02"", ""G03"", ""G21""], ""PRODUCT-GPS-C2"": [""G10"", ""G25"", ""G28"", ""G31"", ""G32""]}",2,6,4,G10;G25;G31;G32,5,4
r48u_20260914_BREW_IF_round_feedback_fix1,BREW,IF,round_feedback,2024-07-17T00:19:00,9,8,G02;G03;G10;G21;G25;G28;G31;G32,"{""PRODUCT-GPS-C0"": [""G02"", ""G03"", ""G21""], ""PRODUCT-GPS-C2"": [""G10"", ""G25"", ""G28"", ""G31"", ""G32""]}",2,6,4,G10;G25;G31;G32,5,4
r48u_20260914_BREW_IF_round_feedback_fix1,BREW,IF,round_feedback,2024-07-17T00:19:30,9,8,G02;G03;G10;G21;G25;G28;G31;G32,"{""PRODUCT-GPS-C0"": [""G02"", ""G03"", ""G21""], ""PRODUCT-GPS-C2"": [""G10"", ""G25"", ""G28"", ""G31"", ""G32""]}",2,6,4,G10;G25;G31;G32,5,4
r48u_20260914_BREW_IF_round_feedback_fix1,BREW,IF,round_feedback,2024-07-17T00:20:00,9,7,G02;G10;G21;G25;G28;G31;G32,"{""PRODUCT-GPS-C1"": [""G10"", ""G25"", ""G28"", ""G31"", ""G32""], ""PRODUCT-GPS-C4"": [""G02"", ""G21""]}",2,5,4,G10;G25;G31;G32,5,4
r48u_20260914_BREW_IF_round_feedback_fix1,BREW,IF,round_feedback,2024-07-17T00:20:30,9,9,G02;G03;G10;G17;G21;G25;G28;G31;G32,"{""PRODUCT-GPS-C0"": [""G02"", ""G03"", ""G21""], ""PRODUCT-GPS-C1"": [""G10"", ""G17"", ""G25"", ""G28"", ""G31"", ""G32""]}",2,7,5,G10;G17;G25;G31;G32,6,5
r48u_20260914_BREW_IF_round_feedback_fix1,BREW,IF,round_feedback,2024-07-17T00:21:00,9,7,G02;G10;G21;G25;G28;G31;G32,"{""PRODUCT-GPS-C1"": [""G10"", ""G25"", ""G28"", ""G31"", ""G32""], ""PRODUCT-GPS-C4"": [""G02"", ""G21""]}",2,5,4,G10;G25;G31;G32,5,4
r48u_20260914_BREW_IF_round_feedback_fix1,BREW,IF,round_feedback,2024-07-17T00:21:30,9,8,G02;G03;G10;G21;G25;G28;G31;G32,"{""PRODUCT-GPS-C0"": [""G02"", ""G03"", ""G21""], ""PRODUCT-GPS-C1"": [""G10"", ""G25"", ""G28"", ""G31"", ""G32""]}",2,6,4,G10;G25;G31;G32,5,4
r48u_20260914_BREW_IF_round_feedback_fix1,BREW,IF,round_feedback,2024-07-17T00:22:00,9,9,G02;G03;G10;G17;G21;G25;G28;G31;G32,"{""PRODUCT-GPS-C0"": [""G02"", ""G03"", ""G21""], ""PRODUCT-GPS-C1"": [""G10"", ""G17"", ""G25"", ""G28"", ""G31"", ""G32""]}",2,7,5,G10;G17;G25;G31;G32,6,5
r48u_20260914_BREW_IF_round_feedback_fix1,BREW,IF,round_feedback,2024-07-17T00:22:30,9,9,G02;G03;G10;G17;G21;G25;G28;G31;G32,"{""PRODUCT-GPS-C0"": [""G02"", ""G03"", ""G21""], ""PRODUCT-GPS-C1"": [""G10"", ""G17"", ""G25"", ""G28"", ""G31"", ""G32""]}",2,7,5,G10;G17;G25;G31;G32,6,5
r48u_20260914_BREW_IF_round_feedback_fix1,BREW,IF,round_feedback,2024-07-17T00:23:00,9,9,G02;G03;G10;G17;G21;G25;G28;G31;G32,"{""PRODUCT-GPS-C0"": [""G02"", ""G03"", ""G21""], ""PRODUCT-GPS-C1"": [""G10"", ""G17"", ""G25"", ""G28"", ""G31"", ""G32""]}",2,7,5,G10;G17;G25;G31;G32,6,5
r48u_20260914_BREW_IF_round_feedback_fix1,BREW,IF,round_feedback,2024-07-17T00:23:30,9,8,G02;G03;G10;G21;G25;G28;G31;G32,"{""PRODUCT-GPS-C0"": [""G02"", ""G03"", ""G21""], ""PRODUCT-GPS-C2"": [""G10"", ""G25"", ""G28"", ""G31"", ""G32""]}",2,6,4,G10;G25;G31;G32,5,4
r48u_20260914_BREW_IF_round_feedback_fix1,BREW,IF,round_feedback,2024-07-17T00:24:00,9,9,G02;G03;G10;G17;G21;G25;G28;G31;G32,"{""PRODUCT-GPS-C0"": [""G02"", ""G03"", ""G21""], ""PRODUCT-GPS-C2"": [""G10"", ""G17"", ""G25"", ""G28"", ""G31"", ""G32""]}",2,7,5,G10;G17;G25;G31;G32,6,5
r48u_20260914_BREW_IF_round_feedback_fix1,BREW,IF,round_feedback,2024-07-17T00:24:30,9,9,G02;G03;G10;G17;G21;G25;G28;G31;G32,"{""PRODUCT-GPS-C0"": [""G02"", ""G03"", ""G21""], ""PRODUCT-GPS-C2"": [""G10"", ""G17"", ""G25"", ""G28"", ""G31"", ""G32""]}",2,7,5,G10;G17;G25;G31;G32,6,5
r48u_20260914_BREW_IF_round_feedback_fix1,BREW,IF,round_feedback,2024-07-17T00:25:00,9,9,G02;G03;G10;G17;G21;G25;G28;G31;G32,"{""PRODUCT-GPS-C0"": [""G02"", ""G03"", ""G21""], ""PRODUCT-GPS-C2"": [""G10"", ""G17"", ""G25"", ""G28"", ""G31"", ""G32""]}",2,7,5,G10;G17;G25;G31;G32,6,5
r48u_20260914_BREW_IF_round_feedback_fix1,BREW,IF,round_feedback,2024-07-17T00:25:30,9,5,G02;G10;G21;G28;G31,"{""PRODUCT-GPS-C0"": [""G10"", ""G28"", ""G31""], ""PRODUCT-GPS-C1"": [""G02"", ""G21""]}",2,3,2,G10;G31,3,2
r48u_20260914_BREW_IF_round_feedback_fix1,BREW,IF,round_feedback,2024-07-17T00:26:00,9,7,G02;G10;G21;G25;G28;G31;G32,"{""PRODUCT-GPS-C0"": [""G10"", ""G25"", ""G28"", ""G31"", ""G32""], ""PRODUCT-GPS-C1"": [""G02"", ""G21""]}",2,5,4,G10;G25;G31;G32,5,4
r48u_20260914_BREW_IF_round_feedback_fix1,BREW,IF,round_feedback,2024-07-17T00:26:30,9,7,G02;G10;G21;G25;G28;G31;G32,"{""PRODUCT-GPS-C1"": [""G10"", ""G25"", ""G28"", ""G31"", ""G32""], ""PRODUCT-GPS-C4"": [""G02"", ""G21""]}",2,5,4,G10;G25;G31;G32,5,4
r48u_20260914_BREW_IF_round_feedback_fix1,BREW,IF,round_feedback,2024-07-17T00:27:00,9,6,G02;G10;G21;G25;G28;G32,"{""PRODUCT-GPS-C0"": [""G10"", ""G25"", ""G28"", ""G32""], ""PRODUCT-GPS-C1"": [""G02"", ""G21""]}",2,4,3,G10;G25;G32,4,3
r48u_20260914_BREW_IF_round_feedback_fix1,BREW,IF,round_feedback,2024-07-17T00:27:30,9,6,G02;G10;G21;G25;G28;G32,"{""PRODUCT-GPS-C0"": [""G10"", ""G25"", ""G28"", ""G32""], ""PRODUCT-GPS-C1"": [""G02"", ""G21""]}",2,4,3,G10;G25;G32,4,3
r48u_20260914_BREW_IF_round_feedback_fix1,BREW,IF,round_feedback,2024-07-17T00:28:00,9,6,G02;G10;G21;G25;G28;G32,"{""PRODUCT-GPS-C0"": [""G10"", ""G25"", ""G28"", ""G32""], ""PRODUCT-GPS-C1"": [""G02"", ""G21""]}",2,4,3,G10;G25;G32,4,3
r48u_20260914_BREW_IF_round_feedback_fix1,BREW,IF,round_feedback,2024-07-17T00:28:30,9,7,G02;G10;G21;G25;G28;G31;G32,"{""PRODUCT-GPS-C0"": [""G10"", ""G25"", ""G28"", ""G31"", ""G32""], ""PRODUCT-GPS-C3"": [""G02"", ""G21""]}",2,5,4,G10;G25;G31;G32,5,4
r48u_20260914_BREW_IF_round_feedback_fix1,BREW,IF,round_feedback,2024-07-17T00:29:00,9,7,G02;G10;G21;G25;G28;G31;G32,"{""PRODUCT-GPS-C0"": [""G10"", ""G25"", ""G28"", ""G31"", ""G32""], ""PRODUCT-GPS-C3"": [""G02"", ""G21""]}",2,5,4,G10;G25;G31;G32,5,4
r48u_20260914_BREW_IF_round_feedback_fix1,BREW,IF,round_feedback,2024-07-17T00:29:30,9,7,G02;G10;G21;G25;G28;G31;G32,"{""PRODUCT-GPS-C0"": [""G10"", ""G25"", ""G28"", ""G31"", ""G32""], ""PRODUCT-GPS-C1"": [""G02"", ""G21""]}",2,5,4,G10;G25;G31;G32,5,4
r48u_20260914_BREW_IF_round_feedback_fix1,BREW,IF,round_feedback,2024-07-17T00:30:00,9,7,G02;G10;G21;G25;G28;G31;G32,"{""PRODUCT-GPS-C0"": [""G10"", ""G25"", ""G28"", ""G31"", ""G32""], ""PRODUCT-GPS-C1"": [""G02"", ""G21""]}",2,5,4,G10;G25;G31;G32,5,4
r48u_20260914_BREW_IF_ils_shadow_fix1,BREW,IF,ils_shadow,2024-07-17T00:03:00,9,0,,{},0,0,0,,0,0
r48u_20260914_BREW_IF_ils_shadow_fix1,BREW,IF,ils_shadow,2024-07-17T00:03:30,9,0,,{},0,0,0,,0,0
r48u_20260914_BREW_IF_ils_shadow_fix1,BREW,IF,ils_shadow,2024-07-17T00:04:00,9,0,,{},0,0,0,,0,0
r48u_20260914_BREW_IF_ils_shadow_fix1,BREW,IF,ils_shadow,2024-07-17T00:04:30,9,0,,{},0,0,0,,0,0
r48u_20260914_BREW_IF_ils_shadow_fix1,BREW,IF,ils_shadow,2024-07-17T00:05:00,9,0,,{},0,0,0,,0,0
r48u_20260914_BREW_IF_ils_shadow_fix1,BREW,IF,ils_shadow,2024-07-17T00:05:30,9,0,,{},0,0,0,,0,0
r48u_20260914_BREW_IF_ils_shadow_fix1,BREW,IF,ils_shadow,2024-07-17T00:06:00,9,0,,{},0,0,0,,0,0
r48u_20260914_BREW_IF_ils_shadow_fix1,BREW,IF,ils_shadow,2024-07-17T00:06:30,9,0,,{},0,0,0,,0,0
r48u_20260914_BREW_IF_ils_shadow_fix1,BREW,IF,ils_shadow,2024-07-17T00:07:00,9,0,,{},0,0,0,,0,0
r48u_20260914_BREW_IF_ils_shadow_fix1,BREW,IF,ils_shadow,2024-07-17T00:07:30,9,0,,{},0,0,0,,0,0
r48u_20260914_BREW_IF_ils_shadow_fix1,BREW,IF,ils_shadow,2024-07-17T00:08:00,9,0,,{},0,0,0,,0,0
r48u_20260914_BREW_IF_ils_shadow_fix1,BREW,IF,ils_shadow,2024-07-17T00:08:30,9,0,,{},0,0,0,,0,0
r48u_20260914_BREW_IF_ils_shadow_fix1,BREW,IF,ils_shadow,2024-07-17T00:09:00,9,0,,{},0,0,0,,0,0
r48u_20260914_BREW_IF_ils_shadow_fix1,BREW,IF,ils_shadow,2024-07-17T00:09:30,9,0,,{},0,0,0,,0,0
r48u_20260914_BREW_IF_ils_shadow_fix1,BREW,IF,ils_shadow,2024-07-17T00:10:00,9,2,G02;G21,"{""PRODUCT-GPS-C1"": [""G02"", ""G21""]}",1,1,1,G21,2,1
r48u_20260914_BREW_IF_ils_shadow_fix1,BREW,IF,ils_shadow,2024-07-17T00:10:30,9,4,G03;G17;G25;G32,"{""PRODUCT-GPS-C0"": [""G03"", ""G17""], ""PRODUCT-GPS-C1"": [""G25"", ""G32""]}",2,2,1,G25,2,1
r48u_20260914_BREW_IF_ils_shadow_fix1,BREW,IF,ils_shadow,2024-07-17T00:11:00,9,2,G02;G21,"{""PRODUCT-GPS-C1"": [""G02"", ""G21""]}",1,1,1,G21,2,1
r48u_20260914_BREW_IF_ils_shadow_fix1,BREW,IF,ils_shadow,2024-07-17T00:11:30,9,5,G02;G10;G21;G28;G31,"{""PRODUCT-GPS-C3"": [""G02"", ""G21""], ""PRODUCT-GPS-C4"": [""G10"", ""G28"", ""G31""]}",2,3,2,G10;G31,3,2
r48u_20260914_BREW_IF_ils_shadow_fix1,BREW,IF,ils_shadow,2024-07-17T00:12:00,9,5,G02;G10;G21;G28;G31,"{""PRODUCT-GPS-C3"": [""G02"", ""G21""], ""PRODUCT-GPS-C4"": [""G10"", ""G28"", ""G31""]}",2,3,2,G10;G31,3,2
r48u_20260914_BREW_IF_ils_shadow_fix1,BREW,IF,ils_shadow,2024-07-17T00:12:30,9,5,G02;G10;G21;G28;G31,"{""PRODUCT-GPS-C3"": [""G02"", ""G21""], ""PRODUCT-GPS-C4"": [""G10"", ""G28"", ""G31""]}",2,3,2,G10;G31,3,2
r48u_20260914_BREW_IF_ils_shadow_fix1,BREW,IF,ils_shadow,2024-07-17T00:13:00,9,5,G02;G10;G21;G28;G31,"{""PRODUCT-GPS-C3"": [""G02"", ""G21""], ""PRODUCT-GPS-C4"": [""G10"", ""G28"", ""G31""]}",2,3,2,G10;G31,3,2
r48u_20260914_BREW_IF_ils_shadow_fix1,BREW,IF,ils_shadow,2024-07-17T00:13:30,9,5,G02;G10;G21;G28;G31,"{""PRODUCT-GPS-C3"": [""G02"", ""G21""], ""PRODUCT-GPS-C4"": [""G10"", ""G28"", ""G31""]}",2,3,2,G10;G31,3,2
r48u_20260914_BREW_IF_ils_shadow_fix1,BREW,IF,ils_shadow,2024-07-17T00:14:00,9,5,G02;G10;G21;G28;G31,"{""PRODUCT-GPS-C3"": [""G02"", ""G21""], ""PRODUCT-GPS-C4"": [""G10"", ""G28"", ""G31""]}",2,3,2,G10;G31,3,2
r48u_20260914_BREW_IF_ils_shadow_fix1,BREW,IF,ils_shadow,2024-07-17T00:14:30,9,5,G02;G10;G21;G28;G31,"{""PRODUCT-GPS-C3"": [""G02"", ""G21""], ""PRODUCT-GPS-C4"": [""G10"", ""G28"", ""G31""]}",2,3,2,G10;G31,3,2
r48u_20260914_BREW_IF_ils_shadow_fix1,BREW,IF,ils_shadow,2024-07-17T00:15:00,9,5,G02;G10;G21;G28;G31,"{""PRODUCT-GPS-C3"": [""G02"", ""G21""], ""PRODUCT-GPS-C4"": [""G10"", ""G28"", ""G31""]}",2,3,2,G10;G31,3,2
r48u_20260914_BREW_IF_ils_shadow_fix1,BREW,IF,ils_shadow,2024-07-17T00:15:30,9,5,G02;G10;G21;G28;G31,"{""PRODUCT-GPS-C3"": [""G02"", ""G21""], ""PRODUCT-GPS-C4"": [""G10"", ""G28"", ""G31""]}",2,3,2,G10;G31,3,2
r48u_20260914_BREW_IF_ils_shadow_fix1,BREW,IF,ils_shadow,2024-07-17T00:16:00,9,5,G02;G10;G21;G28;G31,"{""PRODUCT-GPS-C3"": [""G02"", ""G21""], ""PRODUCT-GPS-C4"": [""G10"", ""G28"", ""G31""]}",2,3,2,G10;G31,3,2
r48u_20260914_BREW_IF_ils_shadow_fix1,BREW,IF,ils_shadow,2024-07-17T00:16:30,9,5,G02;G10;G21;G28;G31,"{""PRODUCT-GPS-C3"": [""G02"", ""G21""], ""PRODUCT-GPS-C4"": [""G10"", ""G28"", ""G31""]}",2,3,2,G10;G31,3,2
r48u_20260914_BREW_IF_ils_shadow_fix1,BREW,IF,ils_shadow,2024-07-17T00:17:00,9,8,G02;G03;G10;G21;G25;G28;G31;G32,"{""PRODUCT-GPS-C0"": [""G02"", ""G03"", ""G21""], ""PRODUCT-GPS-C2"": [""G10"", ""G25"", ""G28"", ""G31"", ""G32""]}",2,6,4,G10;G25;G31;G32,5,4
r48u_20260914_BREW_IF_ils_shadow_fix1,BREW,IF,ils_shadow,2024-07-17T00:17:30,9,8,G02;G03;G10;G21;G25;G28;G31;G32,"{""PRODUCT-GPS-C0"": [""G02"", ""G03"", ""G21""], ""PRODUCT-GPS-C2"": [""G10"", ""G25"", ""G28"", ""G31"", ""G32""]}",2,6,4,G10;G25;G31;G32,5,4
r48u_20260914_BREW_IF_ils_shadow_fix1,BREW,IF,ils_shadow,2024-07-17T00:18:00,9,8,G02;G03;G10;G21;G25;G28;G31;G32,"{""PRODUCT-GPS-C0"": [""G02"", ""G03"", ""G21""], ""PRODUCT-GPS-C2"": [""G10"", ""G25"", ""G28"", ""G31"", ""G32""]}",2,6,4,G10;G25;G31;G32,5,4
r48u_20260914_BREW_IF_ils_shadow_fix1,BREW,IF,ils_shadow,2024-07-17T00:18:30,9,8,G02;G03;G10;G21;G25;G28;G31;G32,"{""PRODUCT-GPS-C0"": [""G02"", ""G03"", ""G21""], ""PRODUCT-GPS-C2"": [""G10"", ""G25"", ""G28"", ""G31"", ""G32""]}",2,6,4,G10;G25;G31;G32,5,4
r48u_20260914_BREW_IF_ils_shadow_fix1,BREW,IF,ils_shadow,2024-07-17T00:19:00,9,8,G02;G03;G10;G21;G25;G28;G31;G32,"{""PRODUCT-GPS-C0"": [""G02"", ""G03"", ""G21""], ""PRODUCT-GPS-C2"": [""G10"", ""G25"", ""G28"", ""G31"", ""G32""]}",2,6,4,G10;G25;G31;G32,5,4
r48u_20260914_BREW_IF_ils_shadow_fix1,BREW,IF,ils_shadow,2024-07-17T00:19:30,9,8,G02;G03;G10;G21;G25;G28;G31;G32,"{""PRODUCT-GPS-C0"": [""G02"", ""G03"", ""G21""], ""PRODUCT-GPS-C2"": [""G10"", ""G25"", ""G28"", ""G31"", ""G32""]}",2,6,4,G10;G25;G31;G32,5,4
r48u_20260914_BREW_IF_ils_shadow_fix1,BREW,IF,ils_shadow,2024-07-17T00:20:00,9,7,G02;G10;G21;G25;G28;G31;G32,"{""PRODUCT-GPS-C1"": [""G10"", ""G25"", ""G28"", ""G31"", ""G32""], ""PRODUCT-GPS-C4"": [""G02"", ""G21""]}",2,5,4,G10;G25;G31;G32,5,4
r48u_20260914_BREW_IF_ils_shadow_fix1,BREW,IF,ils_shadow,2024-07-17T00:20:30,9,9,G02;G03;G10;G17;G21;G25;G28;G31;G32,"{""PRODUCT-GPS-C0"": [""G02"", ""G03"", ""G21""], ""PRODUCT-GPS-C1"": [""G10"", ""G17"", ""G25"", ""G28"", ""G31"", ""G32""]}",2,7,5,G10;G17;G25;G31;G32,6,5
r48u_20260914_BREW_IF_ils_shadow_fix1,BREW,IF,ils_shadow,2024-07-17T00:21:00,9,7,G02;G10;G21;G25;G28;G31;G32,"{""PRODUCT-GPS-C1"": [""G10"", ""G25"", ""G28"", ""G31"", ""G32""], ""PRODUCT-GPS-C4"": [""G02"", ""G21""]}",2,5,4,G10;G25;G31;G32,5,4
r48u_20260914_BREW_IF_ils_shadow_fix1,BREW,IF,ils_shadow,2024-07-17T00:21:30,9,8,G02;G03;G10;G21;G25;G28;G31;G32,"{""PRODUCT-GPS-C0"": [""G02"", ""G03"", ""G21""], ""PRODUCT-GPS-C1"": [""G10"", ""G25"", ""G28"", ""G31"", ""G32""]}",2,6,4,G10;G25;G31;G32,5,4
r48u_20260914_BREW_IF_ils_shadow_fix1,BREW,IF,ils_shadow,2024-07-17T00:22:00,9,9,G02;G03;G10;G17;G21;G25;G28;G31;G32,"{""PRODUCT-GPS-C0"": [""G02"", ""G03"", ""G21""], ""PRODUCT-GPS-C1"": [""G10"", ""G17"", ""G25"", ""G28"", ""G31"", ""G32""]}",2,7,5,G10;G17;G25;G31;G32,6,5
r48u_20260914_BREW_IF_ils_shadow_fix1,BREW,IF,ils_shadow,2024-07-17T00:22:30,9,9,G02;G03;G10;G17;G21;G25;G28;G31;G32,"{""PRODUCT-GPS-C0"": [""G02"", ""G03"", ""G21""], ""PRODUCT-GPS-C1"": [""G10"", ""G17"", ""G25"", ""G28"", ""G31"", ""G32""]}",2,7,5,G10;G17;G25;G31;G32,6,5
r48u_20260914_BREW_IF_ils_shadow_fix1,BREW,IF,ils_shadow,2024-07-17T00:23:00,9,9,G02;G03;G10;G17;G21;G25;G28;G31;G32,"{""PRODUCT-GPS-C0"": [""G02"", ""G03"", ""G21""], ""PRODUCT-GPS-C1"": [""G10"", ""G17"", ""G25"", ""G28"", ""G31"", ""G32""]}",2,7,5,G10;G17;G25;G31;G32,6,5
r48u_20260914_BREW_IF_ils_shadow_fix1,BREW,IF,ils_shadow,2024-07-17T00:23:30,9,8,G02;G03;G10;G21;G25;G28;G31;G32,"{""PRODUCT-GPS-C0"": [""G02"", ""G03"", ""G21""], ""PRODUCT-GPS-C2"": [""G10"", ""G25"", ""G28"", ""G31"", ""G32""]}",2,6,4,G10;G25;G31;G32,5,4
r48u_20260914_BREW_IF_ils_shadow_fix1,BREW,IF,ils_shadow,2024-07-17T00:24:00,9,9,G02;G03;G10;G17;G21;G25;G28;G31;G32,"{""PRODUCT-GPS-C0"": [""G02"", ""G03"", ""G21""], ""PRODUCT-GPS-C2"": [""G10"", ""G17"", ""G25"", ""G28"", ""G31"", ""G32""]}",2,7,5,G10;G17;G25;G31;G32,6,5
r48u_20260914_BREW_IF_ils_shadow_fix1,BREW,IF,ils_shadow,2024-07-17T00:24:30,9,9,G02;G03;G10;G17;G21;G25;G28;G31;G32,"{""PRODUCT-GPS-C0"": [""G02"", ""G03"", ""G21""], ""PRODUCT-GPS-C2"": [""G10"", ""G17"", ""G25"", ""G28"", ""G31"", ""G32""]}",2,7,5,G10;G17;G25;G31;G32,6,5
r48u_20260914_BREW_IF_ils_shadow_fix1,BREW,IF,ils_shadow,2024-07-17T00:25:00,9,9,G02;G03;G10;G17;G21;G25;G28;G31;G32,"{""PRODUCT-GPS-C0"": [""G02"", ""G03"", ""G21""], ""PRODUCT-GPS-C2"": [""G10"", ""G17"", ""G25"", ""G28"", ""G31"", ""G32""]}",2,7,5,G10;G17;G25;G31;G32,6,5
r48u_20260914_BREW_IF_ils_shadow_fix1,BREW,IF,ils_shadow,2024-07-17T00:25:30,9,5,G02;G10;G21;G28;G31,"{""PRODUCT-GPS-C0"": [""G10"", ""G28"", ""G31""], ""PRODUCT-GPS-C1"": [""G02"", ""G21""]}",2,3,2,G10;G31,3,2
r48u_20260914_BREW_IF_ils_shadow_fix1,BREW,IF,ils_shadow,2024-07-17T00:26:00,9,7,G02;G10;G21;G25;G28;G31;G32,"{""PRODUCT-GPS-C0"": [""G10"", ""G25"", ""G28"", ""G31"", ""G32""], ""PRODUCT-GPS-C1"": [""G02"", ""G21""]}",2,5,4,G10;G25;G31;G32,5,4
r48u_20260914_BREW_IF_ils_shadow_fix1,BREW,IF,ils_shadow,2024-07-17T00:26:30,9,7,G02;G10;G21;G25;G28;G31;G32,"{""PRODUCT-GPS-C1"": [""G10"", ""G25"", ""G28"", ""G31"", ""G32""], ""PRODUCT-GPS-C4"": [""G02"", ""G21""]}",2,5,4,G10;G25;G31;G32,5,4
r48u_20260914_BREW_IF_ils_shadow_fix1,BREW,IF,ils_shadow,2024-07-17T00:27:00,9,6,G02;G10;G21;G25;G28;G32,"{""PRODUCT-GPS-C0"": [""G10"", ""G25"", ""G28"", ""G32""], ""PRODUCT-GPS-C1"": [""G02"", ""G21""]}",2,4,3,G10;G25;G32,4,3
r48u_20260914_BREW_IF_ils_shadow_fix1,BREW,IF,ils_shadow,2024-07-17T00:27:30,9,6,G02;G10;G21;G25;G28;G32,"{""PRODUCT-GPS-C0"": [""G10"", ""G25"", ""G28"", ""G32""], ""PRODUCT-GPS-C1"": [""G02"", ""G21""]}",2,4,3,G10;G25;G32,4,3
r48u_20260914_BREW_IF_ils_shadow_fix1,BREW,IF,ils_shadow,2024-07-17T00:28:00,9,6,G02;G10;G21;G25;G28;G32,"{""PRODUCT-GPS-C0"": [""G10"", ""G25"", ""G28"", ""G32""], ""PRODUCT-GPS-C1"": [""G02"", ""G21""]}",2,4,3,G10;G25;G32,4,3
r48u_20260914_BREW_IF_ils_shadow_fix1,BREW,IF,ils_shadow,2024-07-17T00:28:30,9,7,G02;G10;G21;G25;G28;G31;G32,"{""PRODUCT-GPS-C0"": [""G10"", ""G25"", ""G28"", ""G31"", ""G32""], ""PRODUCT-GPS-C3"": [""G02"", ""G21""]}",2,5,4,G10;G25;G31;G32,5,4
r48u_20260914_BREW_IF_ils_shadow_fix1,BREW,IF,ils_shadow,2024-07-17T00:29:00,9,7,G02;G10;G21;G25;G28;G31;G32,"{""PRODUCT-GPS-C0"": [""G10"", ""G25"", ""G28"", ""G31"", ""G32""], ""PRODUCT-GPS-C3"": [""G02"", ""G21""]}",2,5,4,G10;G25;G31;G32,5,4
r48u_20260914_BREW_IF_ils_shadow_fix1,BREW,IF,ils_shadow,2024-07-17T00:29:30,9,7,G02;G10;G21;G25;G28;G31;G32,"{""PRODUCT-GPS-C0"": [""G10"", ""G25"", ""G28"", ""G31"", ""G32""], ""PRODUCT-GPS-C1"": [""G02"", ""G21""]}",2,5,4,G10;G25;G31;G32,5,4
r48u_20260914_BREW_IF_ils_shadow_fix1,BREW,IF,ils_shadow,2024-07-17T00:30:00,9,7,G02;G10;G21;G25;G28;G31;G32,"{""PRODUCT-GPS-C0"": [""G10"", ""G25"", ""G28"", ""G31"", ""G32""], ""PRODUCT-GPS-C1"": [""G02"", ""G21""]}",2,5,4,G10;G25;G31;G32,5,4
r48u_20260914_BREW_IF_ils_feedback_fix1,BREW,IF,ils_feedback,2024-07-17T00:03:00,9,0,,{},0,0,0,,0,0
r48u_20260914_BREW_IF_ils_feedback_fix1,BREW,IF,ils_feedback,2024-07-17T00:03:30,9,0,,{},0,0,0,,0,0
r48u_20260914_BREW_IF_ils_feedback_fix1,BREW,IF,ils_feedback,2024-07-17T00:04:00,9,0,,{},0,0,0,,0,0
r48u_20260914_BREW_IF_ils_feedback_fix1,BREW,IF,ils_feedback,2024-07-17T00:04:30,9,0,,{},0,0,0,,0,0
r48u_20260914_BREW_IF_ils_feedback_fix1,BREW,IF,ils_feedback,2024-07-17T00:05:00,9,0,,{},0,0,0,,0,0
r48u_20260914_BREW_IF_ils_feedback_fix1,BREW,IF,ils_feedback,2024-07-17T00:05:30,9,0,,{},0,0,0,,0,0
r48u_20260914_BREW_IF_ils_feedback_fix1,BREW,IF,ils_feedback,2024-07-17T00:06:00,9,0,,{},0,0,0,,0,0
r48u_20260914_BREW_IF_ils_feedback_fix1,BREW,IF,ils_feedback,2024-07-17T00:06:30,9,0,,{},0,0,0,,0,0
r48u_20260914_BREW_IF_ils_feedback_fix1,BREW,IF,ils_feedback,2024-07-17T00:07:00,9,0,,{},0,0,0,,0,0
r48u_20260914_BREW_IF_ils_feedback_fix1,BREW,IF,ils_feedback,2024-07-17T00:07:30,9,0,,{},0,0,0,,0,0
r48u_20260914_BREW_IF_ils_feedback_fix1,BREW,IF,ils_feedback,2024-07-17T00:08:00,9,0,,{},0,0,0,,0,0
r48u_20260914_BREW_IF_ils_feedback_fix1,BREW,IF,ils_feedback,2024-07-17T00:08:30,9,0,,{},0,0,0,,0,0
r48u_20260914_BREW_IF_ils_feedback_fix1,BREW,IF,ils_feedback,2024-07-17T00:09:00,9,0,,{},0,0,0,,0,0
r48u_20260914_BREW_IF_ils_feedback_fix1,BREW,IF,ils_feedback,2024-07-17T00:09:30,9,0,,{},0,0,0,,0,0
r48u_20260914_BREW_IF_ils_feedback_fix1,BREW,IF,ils_feedback,2024-07-17T00:10:00,9,2,G02;G21,"{""PRODUCT-GPS-C1"": [""G02"", ""G21""]}",1,1,1,G21,2,1
r48u_20260914_BREW_IF_ils_feedback_fix1,BREW,IF,ils_feedback,2024-07-17T00:10:30,9,4,G03;G17;G25;G32,"{""PRODUCT-GPS-C0"": [""G03"", ""G17""], ""PRODUCT-GPS-C1"": [""G25"", ""G32""]}",2,2,1,G25,2,1
r48u_20260914_BREW_IF_ils_feedback_fix1,BREW,IF,ils_feedback,2024-07-17T00:11:00,9,2,G02;G21,"{""PRODUCT-GPS-C1"": [""G02"", ""G21""]}",1,1,1,G21,2,1
r48u_20260914_BREW_IF_ils_feedback_fix1,BREW,IF,ils_feedback,2024-07-17T00:11:30,9,5,G02;G10;G21;G28;G31,"{""PRODUCT-GPS-C3"": [""G02"", ""G21""], ""PRODUCT-GPS-C4"": [""G10"", ""G28"", ""G31""]}",2,3,2,G10;G31,3,2
r48u_20260914_BREW_IF_ils_feedback_fix1,BREW,IF,ils_feedback,2024-07-17T00:12:00,9,5,G02;G10;G21;G28;G31,"{""PRODUCT-GPS-C3"": [""G02"", ""G21""], ""PRODUCT-GPS-C4"": [""G10"", ""G28"", ""G31""]}",2,3,2,G10;G31,3,2
r48u_20260914_BREW_IF_ils_feedback_fix1,BREW,IF,ils_feedback,2024-07-17T00:12:30,9,5,G02;G10;G21;G28;G31,"{""PRODUCT-GPS-C3"": [""G02"", ""G21""], ""PRODUCT-GPS-C4"": [""G10"", ""G28"", ""G31""]}",2,3,2,G10;G31,3,2
r48u_20260914_BREW_IF_ils_feedback_fix1,BREW,IF,ils_feedback,2024-07-17T00:13:00,9,5,G02;G10;G21;G28;G31,"{""PRODUCT-GPS-C3"": [""G02"", ""G21""], ""PRODUCT-GPS-C4"": [""G10"", ""G28"", ""G31""]}",2,3,2,G10;G31,3,2
r48u_20260914_BREW_IF_ils_feedback_fix1,BREW,IF,ils_feedback,2024-07-17T00:13:30,9,5,G02;G10;G21;G28;G31,"{""PRODUCT-GPS-C3"": [""G02"", ""G21""], ""PRODUCT-GPS-C4"": [""G10"", ""G28"", ""G31""]}",2,3,2,G10;G31,3,2
r48u_20260914_BREW_IF_ils_feedback_fix1,BREW,IF,ils_feedback,2024-07-17T00:14:00,9,5,G02;G10;G21;G28;G31,"{""PRODUCT-GPS-C3"": [""G02"", ""G21""], ""PRODUCT-GPS-C4"": [""G10"", ""G28"", ""G31""]}",2,3,2,G10;G31,3,2
r48u_20260914_BREW_IF_ils_feedback_fix1,BREW,IF,ils_feedback,2024-07-17T00:14:30,9,5,G02;G10;G21;G28;G31,"{""PRODUCT-GPS-C3"": [""G02"", ""G21""], ""PRODUCT-GPS-C4"": [""G10"", ""G28"", ""G31""]}",2,3,2,G10;G31,3,2
r48u_20260914_BREW_IF_ils_feedback_fix1,BREW,IF,ils_feedback,2024-07-17T00:15:00,9,5,G02;G10;G21;G28;G31,"{""PRODUCT-GPS-C3"": [""G02"", ""G21""], ""PRODUCT-GPS-C4"": [""G10"", ""G28"", ""G31""]}",2,3,2,G10;G31,3,2
r48u_20260914_BREW_IF_ils_feedback_fix1,BREW,IF,ils_feedback,2024-07-17T00:15:30,9,5,G02;G10;G21;G28;G31,"{""PRODUCT-GPS-C3"": [""G02"", ""G21""], ""PRODUCT-GPS-C4"": [""G10"", ""G28"", ""G31""]}",2,3,2,G10;G31,3,2
r48u_20260914_BREW_IF_ils_feedback_fix1,BREW,IF,ils_feedback,2024-07-17T00:16:00,9,5,G02;G10;G21;G28;G31,"{""PRODUCT-GPS-C3"": [""G02"", ""G21""], ""PRODUCT-GPS-C4"": [""G10"", ""G28"", ""G31""]}",2,3,2,G10;G31,3,2
r48u_20260914_BREW_IF_ils_feedback_fix1,BREW,IF,ils_feedback,2024-07-17T00:16:30,9,5,G02;G10;G21;G28;G31,"{""PRODUCT-GPS-C3"": [""G02"", ""G21""], ""PRODUCT-GPS-C4"": [""G10"", ""G28"", ""G31""]}",2,3,2,G10;G31,3,2
r48u_20260914_BREW_IF_ils_feedback_fix1,BREW,IF,ils_feedback,2024-07-17T00:17:00,9,8,G02;G03;G10;G21;G25;G28;G31;G32,"{""PRODUCT-GPS-C0"": [""G02"", ""G03"", ""G21""], ""PRODUCT-GPS-C2"": [""G10"", ""G25"", ""G28"", ""G31"", ""G32""]}",2,6,4,G10;G25;G31;G32,5,4
r48u_20260914_BREW_IF_ils_feedback_fix1,BREW,IF,ils_feedback,2024-07-17T00:17:30,9,8,G02;G03;G10;G21;G25;G28;G31;G32,"{""PRODUCT-GPS-C0"": [""G02"", ""G03"", ""G21""], ""PRODUCT-GPS-C2"": [""G10"", ""G25"", ""G28"", ""G31"", ""G32""]}",2,6,4,G10;G25;G31;G32,5,4
r48u_20260914_BREW_IF_ils_feedback_fix1,BREW,IF,ils_feedback,2024-07-17T00:18:00,9,8,G02;G03;G10;G21;G25;G28;G31;G32,"{""PRODUCT-GPS-C0"": [""G02"", ""G03"", ""G21""], ""PRODUCT-GPS-C2"": [""G10"", ""G25"", ""G28"", ""G31"", ""G32""]}",2,6,4,G10;G25;G31;G32,5,4
r48u_20260914_BREW_IF_ils_feedback_fix1,BREW,IF,ils_feedback,2024-07-17T00:18:30,9,8,G02;G03;G10;G21;G25;G28;G31;G32,"{""PRODUCT-GPS-C0"": [""G02"", ""G03"", ""G21""], ""PRODUCT-GPS-C2"": [""G10"", ""G25"", ""G28"", ""G31"", ""G32""]}",2,6,4,G10;G25;G31;G32,5,4
r48u_20260914_BREW_IF_ils_feedback_fix1,BREW,IF,ils_feedback,2024-07-17T00:19:00,9,8,G02;G03;G10;G21;G25;G28;G31;G32,"{""PRODUCT-GPS-C0"": [""G02"", ""G03"", ""G21""], ""PRODUCT-GPS-C2"": [""G10"", ""G25"", ""G28"", ""G31"", ""G32""]}",2,6,4,G10;G25;G31;G32,5,4
r48u_20260914_BREW_IF_ils_feedback_fix1,BREW,IF,ils_feedback,2024-07-17T00:19:30,9,8,G02;G03;G10;G21;G25;G28;G31;G32,"{""PRODUCT-GPS-C0"": [""G02"", ""G03"", ""G21""], ""PRODUCT-GPS-C2"": [""G10"", ""G25"", ""G28"", ""G31"", ""G32""]}",2,6,4,G10;G25;G31;G32,5,4
r48u_20260914_BREW_IF_ils_feedback_fix1,BREW,IF,ils_feedback,2024-07-17T00:20:00,9,7,G02;G10;G21;G25;G28;G31;G32,"{""PRODUCT-GPS-C1"": [""G10"", ""G25"", ""G28"", ""G31"", ""G32""], ""PRODUCT-GPS-C4"": [""G02"", ""G21""]}",2,5,4,G10;G25;G31;G32,5,4
r48u_20260914_BREW_IF_ils_feedback_fix1,BREW,IF,ils_feedback,2024-07-17T00:20:30,9,9,G02;G03;G10;G17;G21;G25;G28;G31;G32,"{""PRODUCT-GPS-C0"": [""G02"", ""G03"", ""G21""], ""PRODUCT-GPS-C1"": [""G10"", ""G17"", ""G25"", ""G28"", ""G31"", ""G32""]}",2,7,5,G10;G17;G25;G31;G32,6,5
r48u_20260914_BREW_IF_ils_feedback_fix1,BREW,IF,ils_feedback,2024-07-17T00:21:00,9,7,G02;G10;G21;G25;G28;G31;G32,"{""PRODUCT-GPS-C1"": [""G10"", ""G25"", ""G28"", ""G31"", ""G32""], ""PRODUCT-GPS-C4"": [""G02"", ""G21""]}",2,5,4,G10;G25;G31;G32,5,4
r48u_20260914_BREW_IF_ils_feedback_fix1,BREW,IF,ils_feedback,2024-07-17T00:21:30,9,8,G02;G03;G10;G21;G25;G28;G31;G32,"{""PRODUCT-GPS-C0"": [""G02"", ""G03"", ""G21""], ""PRODUCT-GPS-C1"": [""G10"", ""G25"", ""G28"", ""G31"", ""G32""]}",2,6,4,G10;G25;G31;G32,5,4
r48u_20260914_BREW_IF_ils_feedback_fix1,BREW,IF,ils_feedback,2024-07-17T00:22:00,9,9,G02;G03;G10;G17;G21;G25;G28;G31;G32,"{""PRODUCT-GPS-C0"": [""G02"", ""G03"", ""G21""], ""PRODUCT-GPS-C1"": [""G10"", ""G17"", ""G25"", ""G28"", ""G31"", ""G32""]}",2,7,5,G10;G17;G25;G31;G32,6,5
r48u_20260914_BREW_IF_ils_feedback_fix1,BREW,IF,ils_feedback,2024-07-17T00:22:30,9,9,G02;G03;G10;G17;G21;G25;G28;G31;G32,"{""PRODUCT-GPS-C0"": [""G02"", ""G03"", ""G21""], ""PRODUCT-GPS-C1"": [""G10"", ""G17"", ""G25"", ""G28"", ""G31"", ""G32""]}",2,7,5,G10;G17;G25;G31;G32,6,5
r48u_20260914_BREW_IF_ils_feedback_fix1,BREW,IF,ils_feedback,2024-07-17T00:23:00,9,9,G02;G03;G10;G17;G21;G25;G28;G31;G32,"{""PRODUCT-GPS-C0"": [""G02"", ""G03"", ""G21""], ""PRODUCT-GPS-C1"": [""G10"", ""G17"", ""G25"", ""G28"", ""G31"", ""G32""]}",2,7,5,G10;G17;G25;G31;G32,6,5
r48u_20260914_BREW_IF_ils_feedback_fix1,BREW,IF,ils_feedback,2024-07-17T00:23:30,9,8,G02;G03;G10;G21;G25;G28;G31;G32,"{""PRODUCT-GPS-C0"": [""G02"", ""G03"", ""G21""], ""PRODUCT-GPS-C2"": [""G10"", ""G25"", ""G28"", ""G31"", ""G32""]}",2,6,4,G10;G25;G31;G32,5,4
r48u_20260914_BREW_IF_ils_feedback_fix1,BREW,IF,ils_feedback,2024-07-17T00:24:00,9,9,G02;G03;G10;G17;G21;G25;G28;G31;G32,"{""PRODUCT-GPS-C0"": [""G02"", ""G03"", ""G21""], ""PRODUCT-GPS-C2"": [""G10"", ""G17"", ""G25"", ""G28"", ""G31"", ""G32""]}",2,7,5,G10;G17;G25;G31;G32,6,5
r48u_20260914_BREW_IF_ils_feedback_fix1,BREW,IF,ils_feedback,2024-07-17T00:24:30,9,9,G02;G03;G10;G17;G21;G25;G28;G31;G32,"{""PRODUCT-GPS-C0"": [""G02"", ""G03"", ""G21""], ""PRODUCT-GPS-C2"": [""G10"", ""G17"", ""G25"", ""G28"", ""G31"", ""G32""]}",2,7,5,G10;G17;G25;G31;G32,6,5
r48u_20260914_BREW_IF_ils_feedback_fix1,BREW,IF,ils_feedback,2024-07-17T00:25:00,9,9,G02;G03;G10;G17;G21;G25;G28;G31;G32,"{""PRODUCT-GPS-C0"": [""G02"", ""G03"", ""G21""], ""PRODUCT-GPS-C2"": [""G10"", ""G17"", ""G25"", ""G28"", ""G31"", ""G32""]}",2,7,5,G10;G17;G25;G31;G32,6,5
r48u_20260914_BREW_IF_ils_feedback_fix1,BREW,IF,ils_feedback,2024-07-17T00:25:30,9,5,G02;G10;G21;G28;G31,"{""PRODUCT-GPS-C0"": [""G10"", ""G28"", ""G31""], ""PRODUCT-GPS-C1"": [""G02"", ""G21""]}",2,3,2,G10;G31,3,2
r48u_20260914_BREW_IF_ils_feedback_fix1,BREW,IF,ils_feedback,2024-07-17T00:26:00,9,7,G02;G10;G21;G25;G28;G31;G32,"{""PRODUCT-GPS-C0"": [""G10"", ""G25"", ""G28"", ""G31"", ""G32""], ""PRODUCT-GPS-C1"": [""G02"", ""G21""]}",2,5,4,G10;G25;G31;G32,5,4
r48u_20260914_BREW_IF_ils_feedback_fix1,BREW,IF,ils_feedback,2024-07-17T00:26:30,9,7,G02;G10;G21;G25;G28;G31;G32,"{""PRODUCT-GPS-C1"": [""G10"", ""G25"", ""G28"", ""G31"", ""G32""], ""PRODUCT-GPS-C4"": [""G02"", ""G21""]}",2,5,4,G10;G25;G31;G32,5,4
r48u_20260914_BREW_IF_ils_feedback_fix1,BREW,IF,ils_feedback,2024-07-17T00:27:00,9,6,G02;G10;G21;G25;G28;G32,"{""PRODUCT-GPS-C0"": [""G10"", ""G25"", ""G28"", ""G32""], ""PRODUCT-GPS-C1"": [""G02"", ""G21""]}",2,4,3,G10;G25;G32,4,3
r48u_20260914_BREW_IF_ils_feedback_fix1,BREW,IF,ils_feedback,2024-07-17T00:27:30,9,6,G02;G10;G21;G25;G28;G32,"{""PRODUCT-GPS-C0"": [""G10"", ""G25"", ""G28"", ""G32""], ""PRODUCT-GPS-C1"": [""G02"", ""G21""]}",2,4,3,G10;G25;G32,4,3
r48u_20260914_BREW_IF_ils_feedback_fix1,BREW,IF,ils_feedback,2024-07-17T00:28:00,9,6,G02;G10;G21;G25;G28;G32,"{""PRODUCT-GPS-C0"": [""G10"", ""G25"", ""G28"", ""G32""], ""PRODUCT-GPS-C1"": [""G02"", ""G21""]}",2,4,3,G10;G25;G32,4,3
r48u_20260914_BREW_IF_ils_feedback_fix1,BREW,IF,ils_feedback,2024-07-17T00:28:30,9,7,G02;G10;G21;G25;G28;G31;G32,"{""PRODUCT-GPS-C0"": [""G10"", ""G25"", ""G28"", ""G31"", ""G32""], ""PRODUCT-GPS-C3"": [""G02"", ""G21""]}",2,5,4,G10;G25;G31;G32,5,4
r48u_20260914_BREW_IF_ils_feedback_fix1,BREW,IF,ils_feedback,2024-07-17T00:29:00,9,7,G02;G10;G21;G25;G28;G31;G32,"{""PRODUCT-GPS-C0"": [""G10"", ""G25"", ""G28"", ""G31"", ""G32""], ""PRODUCT-GPS-C3"": [""G02"", ""G21""]}",2,5,4,G10;G25;G31;G32,5,4
r48u_20260914_BREW_IF_ils_feedback_fix1,BREW,IF,ils_feedback,2024-07-17T00:29:30,9,7,G02;G10;G21;G25;G28;G31;G32,"{""PRODUCT-GPS-C0"": [""G10"", ""G25"", ""G28"", ""G31"", ""G32""], ""PRODUCT-GPS-C1"": [""G02"", ""G21""]}",2,5,4,G10;G25;G31;G32,5,4
r48u_20260914_BREW_IF_ils_feedback_fix1,BREW,IF,ils_feedback,2024-07-17T00:30:00,9,7,G02;G10;G21;G25;G28;G31;G32,"{""PRODUCT-GPS-C0"": [""G10"", ""G25"", ""G28"", ""G31"", ""G32""], ""PRODUCT-GPS-C1"": [""G02"", ""G21""]}",2,5,4,G10;G25;G31;G32,5,4
r48u_20260914_MARS_IF_float_fix1,MARS,IF,float,2024-07-17T00:03:00,8,0,,{},0,0,0,,0,0
r48u_20260914_MARS_IF_float_fix1,MARS,IF,float,2024-07-17T00:03:30,8,0,,{},0,0,0,,0,0
r48u_20260914_MARS_IF_float_fix1,MARS,IF,float,2024-07-17T00:04:00,8,0,,{},0,0,0,,0,0
r48u_20260914_MARS_IF_float_fix1,MARS,IF,float,2024-07-17T00:04:30,7,0,,{},0,0,0,,0,0
r48u_20260914_MARS_IF_float_fix1,MARS,IF,float,2024-07-17T00:05:00,8,0,,{},0,0,0,,0,0
r48u_20260914_MARS_IF_float_fix1,MARS,IF,float,2024-07-17T00:05:30,7,0,,{},0,0,0,,0,0
r48u_20260914_MARS_IF_float_fix1,MARS,IF,float,2024-07-17T00:06:00,7,0,,{},0,0,0,,0,0
r48u_20260914_MARS_IF_float_fix1,MARS,IF,float,2024-07-17T00:06:30,7,0,,{},0,0,0,,0,0
r48u_20260914_MARS_IF_float_fix1,MARS,IF,float,2024-07-17T00:07:00,7,0,,{},0,0,0,,0,0
r48u_20260914_MARS_IF_float_fix1,MARS,IF,float,2024-07-17T00:07:30,7,0,,{},0,0,0,,0,0
r48u_20260914_MARS_IF_float_fix1,MARS,IF,float,2024-07-17T00:08:00,7,0,,{},0,0,0,,0,0
r48u_20260914_MARS_IF_float_fix1,MARS,IF,float,2024-07-17T00:08:30,7,0,,{},0,0,0,,0,0
r48u_20260914_MARS_IF_float_fix1,MARS,IF,float,2024-07-17T00:09:00,7,0,,{},0,0,0,,0,0
r48u_20260914_MARS_IF_float_fix1,MARS,IF,float,2024-07-17T00:09:30,7,0,,{},0,0,0,,0,0
r48u_20260914_MARS_IF_float_fix1,MARS,IF,float,2024-07-17T00:10:00,7,0,,{},0,0,0,,0,0
r48u_20260914_MARS_IF_float_fix1,MARS,IF,float,2024-07-17T00:10:30,7,6,G06;G12;G19;G24;G25;G32,"{""PRODUCT-GPS-C1"": [""G06"", ""G12"", ""G19"", ""G24"", ""G25"", ""G32""]}",1,5,5,G06;G19;G24;G25;G32,0,0
r48u_20260914_MARS_IF_float_fix1,MARS,IF,float,2024-07-17T00:11:00,7,0,,{},0,0,0,,0,0
r48u_20260914_MARS_IF_float_fix1,MARS,IF,float,2024-07-17T00:11:30,7,0,,{},0,0,0,,0,0
r48u_20260914_MARS_IF_float_fix1,MARS,IF,float,2024-07-17T00:12:00,8,1,G11,"{""PRODUCT-GPS-C0"": [""G11""]}",1,0,0,,0,0
r48u_20260914_MARS_IF_float_fix1,MARS,IF,float,2024-07-17T00:12:30,8,1,G11,"{""PRODUCT-GPS-C0"": [""G11""]}",1,0,0,,0,0
r48u_20260914_MARS_IF_float_fix1,MARS,IF,float,2024-07-17T00:13:00,8,1,G11,"{""PRODUCT-GPS-C0"": [""G11""]}",1,0,0,,0,0
r48u_20260914_MARS_IF_float_fix1,MARS,IF,float,2024-07-17T00:13:30,8,1,G11,"{""PRODUCT-GPS-C0"": [""G11""]}",1,0,0,,0,0
r48u_20260914_MARS_IF_float_fix1,MARS,IF,float,2024-07-17T00:14:00,8,1,G11,"{""PRODUCT-GPS-C0"": [""G11""]}",1,0,0,,0,0
r48u_20260914_MARS_IF_float_fix1,MARS,IF,float,2024-07-17T00:14:30,8,1,G11,"{""PRODUCT-GPS-C0"": [""G11""]}",1,0,0,,0,0
r48u_20260914_MARS_IF_float_fix1,MARS,IF,float,2024-07-17T00:15:00,8,1,G11,"{""PRODUCT-GPS-C0"": [""G11""]}",1,0,0,,0,0
r48u_20260914_MARS_IF_float_fix1,MARS,IF,float,2024-07-17T00:15:30,8,1,G11,"{""PRODUCT-GPS-C0"": [""G11""]}",1,0,0,,0,0
r48u_20260914_MARS_IF_float_fix1,MARS,IF,float,2024-07-17T00:16:00,8,1,G11,"{""PRODUCT-GPS-C0"": [""G11""]}",1,0,0,,0,0
r48u_20260914_MARS_IF_float_fix1,MARS,IF,float,2024-07-17T00:16:30,7,1,G11,"{""PRODUCT-GPS-C0"": [""G11""]}",1,0,0,,0,0
r48u_20260914_MARS_IF_float_fix1,MARS,IF,float,2024-07-17T00:17:00,7,7,G06;G11;G12;G19;G24;G25;G32,"{""PRODUCT-GPS-C1"": [""G11""], ""PRODUCT-GPS-C2"": [""G06"", ""G12"", ""G19"", ""G24"", ""G25"", ""G32""]}",2,5,5,G06;G19;G24;G25;G32,0,0
r48u_20260914_MARS_IF_float_fix1,MARS,IF,float,2024-07-17T00:17:30,7,7,G06;G11;G12;G19;G24;G25;G32,"{""PRODUCT-GPS-C1"": [""G11""], ""PRODUCT-GPS-C2"": [""G06"", ""G12"", ""G19"", ""G24"", ""G25"", ""G32""]}",2,5,5,G06;G19;G24;G25;G32,0,0
r48u_20260914_MARS_IF_float_fix1,MARS,IF,float,2024-07-17T00:18:00,8,8,G06;G11;G12;G19;G24;G25;G29;G32,"{""PRODUCT-GPS-C1"": [""G11""], ""PRODUCT-GPS-C2"": [""G06"", ""G12"", ""G19"", ""G24"", ""G25"", ""G32""], ""PRODUCT-GPS-C3"": [""G29""]}",3,5,5,G06;G19;G24;G25;G32,0,0
r48u_20260914_MARS_IF_float_fix1,MARS,IF,float,2024-07-17T00:18:30,8,8,G06;G11;G12;G19;G24;G25;G29;G32,"{""PRODUCT-GPS-C1"": [""G11""], ""PRODUCT-GPS-C2"": [""G06"", ""G12"", ""G19"", ""G24"", ""G25"", ""G32""], ""PRODUCT-GPS-C3"": [""G29""]}",3,5,5,G06;G19;G24;G25;G32,0,0
r48u_20260914_MARS_IF_float_fix1,MARS,IF,float,2024-07-17T00:19:00,7,7,G06;G11;G12;G19;G24;G25;G32,"{""PRODUCT-GPS-C1"": [""G11""], ""PRODUCT-GPS-C2"": [""G06"", ""G12"", ""G19"", ""G24"", ""G25"", ""G32""]}",2,5,5,G06;G19;G24;G25;G32,0,0
r48u_20260914_MARS_IF_float_fix1,MARS,IF,float,2024-07-17T00:19:30,7,7,G06;G11;G12;G19;G24;G25;G32,"{""PRODUCT-GPS-C1"": [""G11""], ""PRODUCT-GPS-C2"": [""G06"", ""G12"", ""G19"", ""G24"", ""G25"", ""G32""]}",2,5,5,G06;G19;G24;G25;G32,0,0
r48u_20260914_MARS_IF_float_fix1,MARS,IF,float,2024-07-17T00:20:00,8,7,G06;G11;G12;G19;G24;G25;G32,"{""PRODUCT-GPS-C0"": [""G11""], ""PRODUCT-GPS-C1"": [""G06"", ""G12"", ""G19"", ""G24"", ""G25"", ""G32""]}",2,5,5,G06;G19;G24;G25;G32,0,0
r48u_20260914_MARS_IF_float_fix1,MARS,IF,float,2024-07-17T00:20:30,7,7,G06;G11;G12;G19;G24;G25;G32,"{""PRODUCT-GPS-C1"": [""G06"", ""G11"", ""G12"", ""G19"", ""G24"", ""G25"", ""G32""]}",1,6,6,G06;G11;G19;G24;G25;G32,0,0
r48u_20260914_MARS_IF_float_fix1,MARS,IF,float,2024-07-17T00:21:00,8,8,G06;G11;G12;G19;G24;G25;G29;G32,"{""PRODUCT-GPS-C0"": [""G11""], ""PRODUCT-GPS-C1"": [""G06"", ""G12"", ""G19"", ""G24"", ""G25"", ""G32""], ""PRODUCT-GPS-C3"": [""G29""]}",3,5,5,G06;G19;G24;G25;G32,0,0
r48u_20260914_MARS_IF_float_fix1,MARS,IF,float,2024-07-17T00:21:30,8,8,G06;G11;G12;G19;G24;G25;G29;G32,"{""PRODUCT-GPS-C1"": [""G06"", ""G11"", ""G12"", ""G19"", ""G24"", ""G25"", ""G32""], ""PRODUCT-GPS-C2"": [""G29""]}",2,6,6,G06;G11;G19;G24;G25;G32,0,0
r48u_20260914_MARS_IF_float_fix1,MARS,IF,float,2024-07-17T00:22:00,7,7,G06;G11;G12;G19;G24;G25;G32,"{""PRODUCT-GPS-C1"": [""G06"", ""G11"", ""G12"", ""G19"", ""G24"", ""G25"", ""G32""]}",1,6,6,G06;G11;G19;G24;G25;G32,0,0
r48u_20260914_MARS_IF_float_fix1,MARS,IF,float,2024-07-17T00:22:30,7,7,G06;G11;G12;G19;G24;G25;G32,"{""PRODUCT-GPS-C1"": [""G06"", ""G11"", ""G12"", ""G19"", ""G24"", ""G25"", ""G32""]}",1,6,6,G06;G11;G19;G24;G25;G32,0,0
r48u_20260914_MARS_IF_float_fix1,MARS,IF,float,2024-07-17T00:23:00,8,8,G06;G11;G12;G19;G24;G25;G29;G32,"{""PRODUCT-GPS-C1"": [""G06"", ""G11"", ""G12"", ""G19"", ""G24"", ""G25"", ""G32""], ""PRODUCT-GPS-C2"": [""G29""]}",2,6,6,G06;G11;G19;G24;G25;G32,0,0
r48u_20260914_MARS_IF_float_fix1,MARS,IF,float,2024-07-17T00:23:30,7,7,G06;G11;G12;G19;G24;G25;G32,"{""PRODUCT-GPS-C1"": [""G11""], ""PRODUCT-GPS-C2"": [""G06"", ""G12"", ""G19"", ""G24"", ""G25"", ""G32""]}",2,5,5,G06;G19;G24;G25;G32,0,0
r48u_20260914_MARS_IF_float_fix1,MARS,IF,float,2024-07-17T00:24:00,8,8,G06;G11;G12;G19;G24;G25;G29;G32,"{""PRODUCT-GPS-C1"": [""G11""], ""PRODUCT-GPS-C2"": [""G06"", ""G12"", ""G19"", ""G24"", ""G25"", ""G32""], ""PRODUCT-GPS-C3"": [""G29""]}",3,5,5,G06;G19;G24;G25;G32,0,0
r48u_20260914_MARS_IF_float_fix1,MARS,IF,float,2024-07-17T00:24:30,7,7,G06;G11;G12;G19;G24;G25;G32,"{""PRODUCT-GPS-C1"": [""G11""], ""PRODUCT-GPS-C2"": [""G06"", ""G12"", ""G19"", ""G24"", ""G25"", ""G32""]}",2,5,5,G06;G19;G24;G25;G32,0,0
r48u_20260914_MARS_IF_float_fix1,MARS,IF,float,2024-07-17T00:25:00,7,7,G06;G11;G12;G19;G24;G25;G32,"{""PRODUCT-GPS-C1"": [""G11""], ""PRODUCT-GPS-C2"": [""G06"", ""G12"", ""G19"", ""G24"", ""G25"", ""G32""]}",2,5,5,G06;G19;G24;G25;G32,0,0
r48u_20260914_MARS_IF_float_fix1,MARS,IF,float,2024-07-17T00:25:30,8,1,G11,"{""PRODUCT-GPS-C0"": [""G11""]}",1,0,0,,0,0
r48u_20260914_MARS_IF_float_fix1,MARS,IF,float,2024-07-17T00:26:00,7,6,G06;G12;G19;G24;G25;G32,"{""PRODUCT-GPS-C0"": [""G06"", ""G12"", ""G19"", ""G24"", ""G25"", ""G32""]}",1,5,5,G06;G19;G24;G25;G32,0,0
r48u_20260914_MARS_IF_float_fix1,MARS,IF,float,2024-07-17T00:26:30,8,7,G06;G11;G12;G19;G24;G25;G32,"{""PRODUCT-GPS-C0"": [""G11""], ""PRODUCT-GPS-C1"": [""G06"", ""G12"", ""G19"", ""G24"", ""G25"", ""G32""]}",2,5,5,G06;G19;G24;G25;G32,0,0
r48u_20260914_MARS_IF_float_fix1,MARS,IF,float,2024-07-17T00:27:00,7,7,G06;G11;G12;G19;G24;G25;G32,"{""PRODUCT-GPS-C0"": [""G06"", ""G11"", ""G12"", ""G19"", ""G24"", ""G25"", ""G32""]}",1,6,6,G06;G11;G19;G24;G25;G32,0,0
r48u_20260914_MARS_IF_float_fix1,MARS,IF,float,2024-07-17T00:27:30,8,8,G06;G11;G12;G19;G24;G25;G29;G32,"{""PRODUCT-GPS-C0"": [""G06"", ""G11"", ""G12"", ""G19"", ""G24"", ""G25"", ""G32""], ""PRODUCT-GPS-C2"": [""G29""]}",2,6,6,G06;G11;G19;G24;G25;G32,0,0
r48u_20260914_MARS_IF_float_fix1,MARS,IF,float,2024-07-17T00:28:00,8,8,G06;G11;G12;G19;G24;G25;G29;G32,"{""PRODUCT-GPS-C0"": [""G06"", ""G11"", ""G12"", ""G19"", ""G24"", ""G25"", ""G32""], ""PRODUCT-GPS-C2"": [""G29""]}",2,6,6,G06;G11;G19;G24;G25;G32,0,0
r48u_20260914_MARS_IF_float_fix1,MARS,IF,float,2024-07-17T00:28:30,8,8,G06;G11;G12;G19;G24;G25;G29;G32,"{""PRODUCT-GPS-C0"": [""G06"", ""G11"", ""G12"", ""G19"", ""G24"", ""G25"", ""G32""], ""PRODUCT-GPS-C2"": [""G29""]}",2,6,6,G06;G11;G19;G24;G25;G32,0,0
r48u_20260914_MARS_IF_float_fix1,MARS,IF,float,2024-07-17T00:29:00,8,8,G06;G11;G12;G19;G24;G25;G29;G32,"{""PRODUCT-GPS-C0"": [""G06"", ""G11"", ""G12"", ""G19"", ""G24"", ""G25"", ""G32""], ""PRODUCT-GPS-C2"": [""G29""]}",2,6,6,G06;G11;G19;G24;G25;G32,0,0
r48u_20260914_MARS_IF_float_fix1,MARS,IF,float,2024-07-17T00:29:30,9,8,G06;G11;G12;G19;G24;G25;G28;G32,"{""PRODUCT-GPS-C0"": [""G06"", ""G11"", ""G12"", ""G19"", ""G24"", ""G25"", ""G28"", ""G32""]}",1,7,7,G06;G11;G19;G24;G25;G28;G32,0,0
r48u_20260914_MARS_IF_float_fix1,MARS,IF,float,2024-07-17T00:30:00,9,8,G06;G11;G12;G19;G24;G25;G28;G32,"{""PRODUCT-GPS-C0"": [""G06"", ""G11"", ""G12"", ""G19"", ""G24"", ""G25"", ""G28"", ""G32""]}",1,7,7,G06;G11;G19;G24;G25;G28;G32,0,0
r48u_20260914_MARS_IF_round_shadow_fix1,MARS,IF,round_shadow,2024-07-17T00:03:00,8,0,,{},0,0,0,,0,0
r48u_20260914_MARS_IF_round_shadow_fix1,MARS,IF,round_shadow,2024-07-17T00:03:30,8,0,,{},0,0,0,,0,0
r48u_20260914_MARS_IF_round_shadow_fix1,MARS,IF,round_shadow,2024-07-17T00:04:00,8,0,,{},0,0,0,,0,0
r48u_20260914_MARS_IF_round_shadow_fix1,MARS,IF,round_shadow,2024-07-17T00:04:30,7,0,,{},0,0,0,,0,0
r48u_20260914_MARS_IF_round_shadow_fix1,MARS,IF,round_shadow,2024-07-17T00:05:00,8,0,,{},0,0,0,,0,0
r48u_20260914_MARS_IF_round_shadow_fix1,MARS,IF,round_shadow,2024-07-17T00:05:30,7,0,,{},0,0,0,,0,0
r48u_20260914_MARS_IF_round_shadow_fix1,MARS,IF,round_shadow,2024-07-17T00:06:00,7,0,,{},0,0,0,,0,0
r48u_20260914_MARS_IF_round_shadow_fix1,MARS,IF,round_shadow,2024-07-17T00:06:30,7,0,,{},0,0,0,,0,0
r48u_20260914_MARS_IF_round_shadow_fix1,MARS,IF,round_shadow,2024-07-17T00:07:00,7,0,,{},0,0,0,,0,0
r48u_20260914_MARS_IF_round_shadow_fix1,MARS,IF,round_shadow,2024-07-17T00:07:30,7,0,,{},0,0,0,,0,0
r48u_20260914_MARS_IF_round_shadow_fix1,MARS,IF,round_shadow,2024-07-17T00:08:00,7,0,,{},0,0,0,,0,0
r48u_20260914_MARS_IF_round_shadow_fix1,MARS,IF,round_shadow,2024-07-17T00:08:30,7,0,,{},0,0,0,,0,0
r48u_20260914_MARS_IF_round_shadow_fix1,MARS,IF,round_shadow,2024-07-17T00:09:00,7,0,,{},0,0,0,,0,0
r48u_20260914_MARS_IF_round_shadow_fix1,MARS,IF,round_shadow,2024-07-17T00:09:30,7,0,,{},0,0,0,,0,0
r48u_20260914_MARS_IF_round_shadow_fix1,MARS,IF,round_shadow,2024-07-17T00:10:00,7,0,,{},0,0,0,,0,0
r48u_20260914_MARS_IF_round_shadow_fix1,MARS,IF,round_shadow,2024-07-17T00:10:30,7,6,G06;G12;G19;G24;G25;G32,"{""PRODUCT-GPS-C1"": [""G06"", ""G12"", ""G19"", ""G24"", ""G25"", ""G32""]}",1,5,5,G06;G19;G24;G25;G32,6,5
r48u_20260914_MARS_IF_round_shadow_fix1,MARS,IF,round_shadow,2024-07-17T00:11:00,7,0,,{},0,0,0,,0,0
r48u_20260914_MARS_IF_round_shadow_fix1,MARS,IF,round_shadow,2024-07-17T00:11:30,7,0,,{},0,0,0,,0,0
r48u_20260914_MARS_IF_round_shadow_fix1,MARS,IF,round_shadow,2024-07-17T00:12:00,8,1,G11,"{""PRODUCT-GPS-C0"": [""G11""]}",1,0,0,,0,0
r48u_20260914_MARS_IF_round_shadow_fix1,MARS,IF,round_shadow,2024-07-17T00:12:30,8,1,G11,"{""PRODUCT-GPS-C0"": [""G11""]}",1,0,0,,0,0
r48u_20260914_MARS_IF_round_shadow_fix1,MARS,IF,round_shadow,2024-07-17T00:13:00,8,1,G11,"{""PRODUCT-GPS-C0"": [""G11""]}",1,0,0,,0,0
r48u_20260914_MARS_IF_round_shadow_fix1,MARS,IF,round_shadow,2024-07-17T00:13:30,8,1,G11,"{""PRODUCT-GPS-C0"": [""G11""]}",1,0,0,,0,0
r48u_20260914_MARS_IF_round_shadow_fix1,MARS,IF,round_shadow,2024-07-17T00:14:00,8,1,G11,"{""PRODUCT-GPS-C0"": [""G11""]}",1,0,0,,0,0
r48u_20260914_MARS_IF_round_shadow_fix1,MARS,IF,round_shadow,2024-07-17T00:14:30,8,1,G11,"{""PRODUCT-GPS-C0"": [""G11""]}",1,0,0,,0,0
r48u_20260914_MARS_IF_round_shadow_fix1,MARS,IF,round_shadow,2024-07-17T00:15:00,8,1,G11,"{""PRODUCT-GPS-C0"": [""G11""]}",1,0,0,,0,0
r48u_20260914_MARS_IF_round_shadow_fix1,MARS,IF,round_shadow,2024-07-17T00:15:30,8,1,G11,"{""PRODUCT-GPS-C0"": [""G11""]}",1,0,0,,0,0
r48u_20260914_MARS_IF_round_shadow_fix1,MARS,IF,round_shadow,2024-07-17T00:16:00,8,1,G11,"{""PRODUCT-GPS-C0"": [""G11""]}",1,0,0,,0,0
r48u_20260914_MARS_IF_round_shadow_fix1,MARS,IF,round_shadow,2024-07-17T00:16:30,7,1,G11,"{""PRODUCT-GPS-C0"": [""G11""]}",1,0,0,,0,0
r48u_20260914_MARS_IF_round_shadow_fix1,MARS,IF,round_shadow,2024-07-17T00:17:00,7,7,G06;G11;G12;G19;G24;G25;G32,"{""PRODUCT-GPS-C1"": [""G11""], ""PRODUCT-GPS-C2"": [""G06"", ""G12"", ""G19"", ""G24"", ""G25"", ""G32""]}",2,5,5,G06;G19;G24;G25;G32,6,5
r48u_20260914_MARS_IF_round_shadow_fix1,MARS,IF,round_shadow,2024-07-17T00:17:30,7,7,G06;G11;G12;G19;G24;G25;G32,"{""PRODUCT-GPS-C1"": [""G11""], ""PRODUCT-GPS-C2"": [""G06"", ""G12"", ""G19"", ""G24"", ""G25"", ""G32""]}",2,5,5,G06;G19;G24;G25;G32,6,5
r48u_20260914_MARS_IF_round_shadow_fix1,MARS,IF,round_shadow,2024-07-17T00:18:00,8,8,G06;G11;G12;G19;G24;G25;G29;G32,"{""PRODUCT-GPS-C1"": [""G11""], ""PRODUCT-GPS-C2"": [""G06"", ""G12"", ""G19"", ""G24"", ""G25"", ""G32""], ""PRODUCT-GPS-C3"": [""G29""]}",3,5,5,G06;G19;G24;G25;G32,6,5
r48u_20260914_MARS_IF_round_shadow_fix1,MARS,IF,round_shadow,2024-07-17T00:18:30,8,8,G06;G11;G12;G19;G24;G25;G29;G32,"{""PRODUCT-GPS-C1"": [""G11""], ""PRODUCT-GPS-C2"": [""G06"", ""G12"", ""G19"", ""G24"", ""G25"", ""G32""], ""PRODUCT-GPS-C3"": [""G29""]}",3,5,5,G06;G19;G24;G25;G32,6,5
r48u_20260914_MARS_IF_round_shadow_fix1,MARS,IF,round_shadow,2024-07-17T00:19:00,7,7,G06;G11;G12;G19;G24;G25;G32,"{""PRODUCT-GPS-C1"": [""G11""], ""PRODUCT-GPS-C2"": [""G06"", ""G12"", ""G19"", ""G24"", ""G25"", ""G32""]}",2,5,5,G06;G19;G24;G25;G32,6,5
r48u_20260914_MARS_IF_round_shadow_fix1,MARS,IF,round_shadow,2024-07-17T00:19:30,7,7,G06;G11;G12;G19;G24;G25;G32,"{""PRODUCT-GPS-C1"": [""G11""], ""PRODUCT-GPS-C2"": [""G06"", ""G12"", ""G19"", ""G24"", ""G25"", ""G32""]}",2,5,5,G06;G19;G24;G25;G32,6,5
r48u_20260914_MARS_IF_round_shadow_fix1,MARS,IF,round_shadow,2024-07-17T00:20:00,8,7,G06;G11;G12;G19;G24;G25;G32,"{""PRODUCT-GPS-C0"": [""G11""], ""PRODUCT-GPS-C1"": [""G06"", ""G12"", ""G19"", ""G24"", ""G25"", ""G32""]}",2,5,5,G06;G19;G24;G25;G32,6,5
r48u_20260914_MARS_IF_round_shadow_fix1,MARS,IF,round_shadow,2024-07-17T00:20:30,7,7,G06;G11;G12;G19;G24;G25;G32,"{""PRODUCT-GPS-C1"": [""G06"", ""G11"", ""G12"", ""G19"", ""G24"", ""G25"", ""G32""]}",1,6,6,G06;G11;G19;G24;G25;G32,7,6
r48u_20260914_MARS_IF_round_shadow_fix1,MARS,IF,round_shadow,2024-07-17T00:21:00,8,8,G06;G11;G12;G19;G24;G25;G29;G32,"{""PRODUCT-GPS-C0"": [""G11""], ""PRODUCT-GPS-C1"": [""G06"", ""G12"", ""G19"", ""G24"", ""G25"", ""G32""], ""PRODUCT-GPS-C3"": [""G29""]}",3,5,5,G06;G19;G24;G25;G32,6,5
r48u_20260914_MARS_IF_round_shadow_fix1,MARS,IF,round_shadow,2024-07-17T00:21:30,8,8,G06;G11;G12;G19;G24;G25;G29;G32,"{""PRODUCT-GPS-C1"": [""G06"", ""G11"", ""G12"", ""G19"", ""G24"", ""G25"", ""G32""], ""PRODUCT-GPS-C2"": [""G29""]}",2,6,6,G06;G11;G19;G24;G25;G32,7,6
r48u_20260914_MARS_IF_round_shadow_fix1,MARS,IF,round_shadow,2024-07-17T00:22:00,7,7,G06;G11;G12;G19;G24;G25;G32,"{""PRODUCT-GPS-C1"": [""G06"", ""G11"", ""G12"", ""G19"", ""G24"", ""G25"", ""G32""]}",1,6,6,G06;G11;G19;G24;G25;G32,7,6
r48u_20260914_MARS_IF_round_shadow_fix1,MARS,IF,round_shadow,2024-07-17T00:22:30,7,7,G06;G11;G12;G19;G24;G25;G32,"{""PRODUCT-GPS-C1"": [""G06"", ""G11"", ""G12"", ""G19"", ""G24"", ""G25"", ""G32""]}",1,6,6,G06;G11;G19;G24;G25;G32,7,6
r48u_20260914_MARS_IF_round_shadow_fix1,MARS,IF,round_shadow,2024-07-17T00:23:00,8,8,G06;G11;G12;G19;G24;G25;G29;G32,"{""PRODUCT-GPS-C1"": [""G06"", ""G11"", ""G12"", ""G19"", ""G24"", ""G25"", ""G32""], ""PRODUCT-GPS-C2"": [""G29""]}",2,6,6,G06;G11;G19;G24;G25;G32,7,6
r48u_20260914_MARS_IF_round_shadow_fix1,MARS,IF,round_shadow,2024-07-17T00:23:30,7,7,G06;G11;G12;G19;G24;G25;G32,"{""PRODUCT-GPS-C1"": [""G11""], ""PRODUCT-GPS-C2"": [""G06"", ""G12"", ""G19"", ""G24"", ""G25"", ""G32""]}",2,5,5,G06;G19;G24;G25;G32,6,5
r48u_20260914_MARS_IF_round_shadow_fix1,MARS,IF,round_shadow,2024-07-17T00:24:00,8,8,G06;G11;G12;G19;G24;G25;G29;G32,"{""PRODUCT-GPS-C1"": [""G11""], ""PRODUCT-GPS-C2"": [""G06"", ""G12"", ""G19"", ""G24"", ""G25"", ""G32""], ""PRODUCT-GPS-C3"": [""G29""]}",3,5,5,G06;G19;G24;G25;G32,6,5
r48u_20260914_MARS_IF_round_shadow_fix1,MARS,IF,round_shadow,2024-07-17T00:24:30,7,7,G06;G11;G12;G19;G24;G25;G32,"{""PRODUCT-GPS-C1"": [""G11""], ""PRODUCT-GPS-C2"": [""G06"", ""G12"", ""G19"", ""G24"", ""G25"", ""G32""]}",2,5,5,G06;G19;G24;G25;G32,6,5
r48u_20260914_MARS_IF_round_shadow_fix1,MARS,IF,round_shadow,2024-07-17T00:25:00,7,7,G06;G11;G12;G19;G24;G25;G32,"{""PRODUCT-GPS-C1"": [""G11""], ""PRODUCT-GPS-C2"": [""G06"", ""G12"", ""G19"", ""G24"", ""G25"", ""G32""]}",2,5,5,G06;G19;G24;G25;G32,6,5
r48u_20260914_MARS_IF_round_shadow_fix1,MARS,IF,round_shadow,2024-07-17T00:25:30,8,1,G11,"{""PRODUCT-GPS-C0"": [""G11""]}",1,0,0,,0,0
r48u_20260914_MARS_IF_round_shadow_fix1,MARS,IF,round_shadow,2024-07-17T00:26:00,7,6,G06;G12;G19;G24;G25;G32,"{""PRODUCT-GPS-C0"": [""G06"", ""G12"", ""G19"", ""G24"", ""G25"", ""G32""]}",1,5,5,G06;G19;G24;G25;G32,6,5
r48u_20260914_MARS_IF_round_shadow_fix1,MARS,IF,round_shadow,2024-07-17T00:26:30,8,7,G06;G11;G12;G19;G24;G25;G32,"{""PRODUCT-GPS-C0"": [""G11""], ""PRODUCT-GPS-C1"": [""G06"", ""G12"", ""G19"", ""G24"", ""G25"", ""G32""]}",2,5,5,G06;G19;G24;G25;G32,6,5
r48u_20260914_MARS_IF_round_shadow_fix1,MARS,IF,round_shadow,2024-07-17T00:27:00,7,7,G06;G11;G12;G19;G24;G25;G32,"{""PRODUCT-GPS-C0"": [""G06"", ""G11"", ""G12"", ""G19"", ""G24"", ""G25"", ""G32""]}",1,6,6,G06;G11;G19;G24;G25;G32,7,6
r48u_20260914_MARS_IF_round_shadow_fix1,MARS,IF,round_shadow,2024-07-17T00:27:30,8,8,G06;G11;G12;G19;G24;G25;G29;G32,"{""PRODUCT-GPS-C0"": [""G06"", ""G11"", ""G12"", ""G19"", ""G24"", ""G25"", ""G32""], ""PRODUCT-GPS-C2"": [""G29""]}",2,6,6,G06;G11;G19;G24;G25;G32,7,6
r48u_20260914_MARS_IF_round_shadow_fix1,MARS,IF,round_shadow,2024-07-17T00:28:00,8,8,G06;G11;G12;G19;G24;G25;G29;G32,"{""PRODUCT-GPS-C0"": [""G06"", ""G11"", ""G12"", ""G19"", ""G24"", ""G25"", ""G32""], ""PRODUCT-GPS-C2"": [""G29""]}",2,6,6,G06;G11;G19;G24;G25;G32,7,6
r48u_20260914_MARS_IF_round_shadow_fix1,MARS,IF,round_shadow,2024-07-17T00:28:30,8,8,G06;G11;G12;G19;G24;G25;G29;G32,"{""PRODUCT-GPS-C0"": [""G06"", ""G11"", ""G12"", ""G19"", ""G24"", ""G25"", ""G32""], ""PRODUCT-GPS-C2"": [""G29""]}",2,6,6,G06;G11;G19;G24;G25;G32,7,6
r48u_20260914_MARS_IF_round_shadow_fix1,MARS,IF,round_shadow,2024-07-17T00:29:00,8,8,G06;G11;G12;G19;G24;G25;G29;G32,"{""PRODUCT-GPS-C0"": [""G06"", ""G11"", ""G12"", ""G19"", ""G24"", ""G25"", ""G32""], ""PRODUCT-GPS-C2"": [""G29""]}",2,6,6,G06;G11;G19;G24;G25;G32,7,6
r48u_20260914_MARS_IF_round_shadow_fix1,MARS,IF,round_shadow,2024-07-17T00:29:30,9,8,G06;G11;G12;G19;G24;G25;G28;G32,"{""PRODUCT-GPS-C0"": [""G06"", ""G11"", ""G12"", ""G19"", ""G24"", ""G25"", ""G28"", ""G32""]}",1,7,7,G06;G11;G19;G24;G25;G28;G32,8,7
r48u_20260914_MARS_IF_round_shadow_fix1,MARS,IF,round_shadow,2024-07-17T00:30:00,9,8,G06;G11;G12;G19;G24;G25;G28;G32,"{""PRODUCT-GPS-C0"": [""G06"", ""G11"", ""G12"", ""G19"", ""G24"", ""G25"", ""G28"", ""G32""]}",1,7,7,G06;G11;G19;G24;G25;G28;G32,8,7
r48u_20260914_MARS_IF_round_feedback_fix1,MARS,IF,round_feedback,2024-07-17T00:03:00,8,0,,{},0,0,0,,0,0
r48u_20260914_MARS_IF_round_feedback_fix1,MARS,IF,round_feedback,2024-07-17T00:03:30,8,0,,{},0,0,0,,0,0
r48u_20260914_MARS_IF_round_feedback_fix1,MARS,IF,round_feedback,2024-07-17T00:04:00,8,0,,{},0,0,0,,0,0
r48u_20260914_MARS_IF_round_feedback_fix1,MARS,IF,round_feedback,2024-07-17T00:04:30,7,0,,{},0,0,0,,0,0
r48u_20260914_MARS_IF_round_feedback_fix1,MARS,IF,round_feedback,2024-07-17T00:05:00,8,0,,{},0,0,0,,0,0
r48u_20260914_MARS_IF_round_feedback_fix1,MARS,IF,round_feedback,2024-07-17T00:05:30,7,0,,{},0,0,0,,0,0
r48u_20260914_MARS_IF_round_feedback_fix1,MARS,IF,round_feedback,2024-07-17T00:06:00,7,0,,{},0,0,0,,0,0
r48u_20260914_MARS_IF_round_feedback_fix1,MARS,IF,round_feedback,2024-07-17T00:06:30,7,0,,{},0,0,0,,0,0
r48u_20260914_MARS_IF_round_feedback_fix1,MARS,IF,round_feedback,2024-07-17T00:07:00,7,0,,{},0,0,0,,0,0
r48u_20260914_MARS_IF_round_feedback_fix1,MARS,IF,round_feedback,2024-07-17T00:07:30,7,0,,{},0,0,0,,0,0
r48u_20260914_MARS_IF_round_feedback_fix1,MARS,IF,round_feedback,2024-07-17T00:08:00,7,0,,{},0,0,0,,0,0
r48u_20260914_MARS_IF_round_feedback_fix1,MARS,IF,round_feedback,2024-07-17T00:08:30,7,0,,{},0,0,0,,0,0
r48u_20260914_MARS_IF_round_feedback_fix1,MARS,IF,round_feedback,2024-07-17T00:09:00,7,0,,{},0,0,0,,0,0
r48u_20260914_MARS_IF_round_feedback_fix1,MARS,IF,round_feedback,2024-07-17T00:09:30,7,0,,{},0,0,0,,0,0
r48u_20260914_MARS_IF_round_feedback_fix1,MARS,IF,round_feedback,2024-07-17T00:10:00,7,0,,{},0,0,0,,0,0
r48u_20260914_MARS_IF_round_feedback_fix1,MARS,IF,round_feedback,2024-07-17T00:10:30,7,6,G06;G12;G19;G24;G25;G32,"{""PRODUCT-GPS-C1"": [""G06"", ""G12"", ""G19"", ""G24"", ""G25"", ""G32""]}",1,5,5,G06;G19;G24;G25;G32,6,5
r48u_20260914_MARS_IF_round_feedback_fix1,MARS,IF,round_feedback,2024-07-17T00:11:00,7,0,,{},0,0,0,,0,0
r48u_20260914_MARS_IF_round_feedback_fix1,MARS,IF,round_feedback,2024-07-17T00:11:30,7,0,,{},0,0,0,,0,0
r48u_20260914_MARS_IF_round_feedback_fix1,MARS,IF,round_feedback,2024-07-17T00:12:00,8,1,G11,"{""PRODUCT-GPS-C0"": [""G11""]}",1,0,0,,0,0
r48u_20260914_MARS_IF_round_feedback_fix1,MARS,IF,round_feedback,2024-07-17T00:12:30,8,1,G11,"{""PRODUCT-GPS-C0"": [""G11""]}",1,0,0,,0,0
r48u_20260914_MARS_IF_round_feedback_fix1,MARS,IF,round_feedback,2024-07-17T00:13:00,8,1,G11,"{""PRODUCT-GPS-C0"": [""G11""]}",1,0,0,,0,0
r48u_20260914_MARS_IF_round_feedback_fix1,MARS,IF,round_feedback,2024-07-17T00:13:30,8,1,G11,"{""PRODUCT-GPS-C0"": [""G11""]}",1,0,0,,0,0
r48u_20260914_MARS_IF_round_feedback_fix1,MARS,IF,round_feedback,2024-07-17T00:14:00,8,1,G11,"{""PRODUCT-GPS-C0"": [""G11""]}",1,0,0,,0,0
r48u_20260914_MARS_IF_round_feedback_fix1,MARS,IF,round_feedback,2024-07-17T00:14:30,8,1,G11,"{""PRODUCT-GPS-C0"": [""G11""]}",1,0,0,,0,0
r48u_20260914_MARS_IF_round_feedback_fix1,MARS,IF,round_feedback,2024-07-17T00:15:00,8,1,G11,"{""PRODUCT-GPS-C0"": [""G11""]}",1,0,0,,0,0
r48u_20260914_MARS_IF_round_feedback_fix1,MARS,IF,round_feedback,2024-07-17T00:15:30,8,1,G11,"{""PRODUCT-GPS-C0"": [""G11""]}",1,0,0,,0,0
r48u_20260914_MARS_IF_round_feedback_fix1,MARS,IF,round_feedback,2024-07-17T00:16:00,8,1,G11,"{""PRODUCT-GPS-C0"": [""G11""]}",1,0,0,,0,0
r48u_20260914_MARS_IF_round_feedback_fix1,MARS,IF,round_feedback,2024-07-17T00:16:30,7,1,G11,"{""PRODUCT-GPS-C0"": [""G11""]}",1,0,0,,0,0
r48u_20260914_MARS_IF_round_feedback_fix1,MARS,IF,round_feedback,2024-07-17T00:17:00,7,7,G06;G11;G12;G19;G24;G25;G32,"{""PRODUCT-GPS-C1"": [""G11""], ""PRODUCT-GPS-C2"": [""G06"", ""G12"", ""G19"", ""G24"", ""G25"", ""G32""]}",2,5,5,G06;G19;G24;G25;G32,6,5
r48u_20260914_MARS_IF_round_feedback_fix1,MARS,IF,round_feedback,2024-07-17T00:17:30,7,7,G06;G11;G12;G19;G24;G25;G32,"{""PRODUCT-GPS-C1"": [""G11""], ""PRODUCT-GPS-C2"": [""G06"", ""G12"", ""G19"", ""G24"", ""G25"", ""G32""]}",2,5,5,G06;G19;G24;G25;G32,6,5
r48u_20260914_MARS_IF_round_feedback_fix1,MARS,IF,round_feedback,2024-07-17T00:18:00,8,8,G06;G11;G12;G19;G24;G25;G29;G32,"{""PRODUCT-GPS-C1"": [""G11""], ""PRODUCT-GPS-C2"": [""G06"", ""G12"", ""G19"", ""G24"", ""G25"", ""G32""], ""PRODUCT-GPS-C3"": [""G29""]}",3,5,5,G06;G19;G24;G25;G32,6,5
r48u_20260914_MARS_IF_round_feedback_fix1,MARS,IF,round_feedback,2024-07-17T00:18:30,8,8,G06;G11;G12;G19;G24;G25;G29;G32,"{""PRODUCT-GPS-C1"": [""G11""], ""PRODUCT-GPS-C2"": [""G06"", ""G12"", ""G19"", ""G24"", ""G25"", ""G32""], ""PRODUCT-GPS-C3"": [""G29""]}",3,5,5,G06;G19;G24;G25;G32,6,5
r48u_20260914_MARS_IF_round_feedback_fix1,MARS,IF,round_feedback,2024-07-17T00:19:00,7,7,G06;G11;G12;G19;G24;G25;G32,"{""PRODUCT-GPS-C1"": [""G11""], ""PRODUCT-GPS-C2"": [""G06"", ""G12"", ""G19"", ""G24"", ""G25"", ""G32""]}",2,5,5,G06;G19;G24;G25;G32,6,5
r48u_20260914_MARS_IF_round_feedback_fix1,MARS,IF,round_feedback,2024-07-17T00:19:30,7,7,G06;G11;G12;G19;G24;G25;G32,"{""PRODUCT-GPS-C1"": [""G11""], ""PRODUCT-GPS-C2"": [""G06"", ""G12"", ""G19"", ""G24"", ""G25"", ""G32""]}",2,5,5,G06;G19;G24;G25;G32,6,5
r48u_20260914_MARS_IF_round_feedback_fix1,MARS,IF,round_feedback,2024-07-17T00:20:00,8,7,G06;G11;G12;G19;G24;G25;G32,"{""PRODUCT-GPS-C0"": [""G11""], ""PRODUCT-GPS-C1"": [""G06"", ""G12"", ""G19"", ""G24"", ""G25"", ""G32""]}",2,5,5,G06;G19;G24;G25;G32,6,5
r48u_20260914_MARS_IF_round_feedback_fix1,MARS,IF,round_feedback,2024-07-17T00:20:30,7,7,G06;G11;G12;G19;G24;G25;G32,"{""PRODUCT-GPS-C1"": [""G06"", ""G11"", ""G12"", ""G19"", ""G24"", ""G25"", ""G32""]}",1,6,6,G06;G11;G19;G24;G25;G32,7,6
r48u_20260914_MARS_IF_round_feedback_fix1,MARS,IF,round_feedback,2024-07-17T00:21:00,8,8,G06;G11;G12;G19;G24;G25;G29;G32,"{""PRODUCT-GPS-C0"": [""G11""], ""PRODUCT-GPS-C1"": [""G06"", ""G12"", ""G19"", ""G24"", ""G25"", ""G32""], ""PRODUCT-GPS-C3"": [""G29""]}",3,5,5,G06;G19;G24;G25;G32,6,5
r48u_20260914_MARS_IF_round_feedback_fix1,MARS,IF,round_feedback,2024-07-17T00:21:30,8,8,G06;G11;G12;G19;G24;G25;G29;G32,"{""PRODUCT-GPS-C1"": [""G06"", ""G11"", ""G12"", ""G19"", ""G24"", ""G25"", ""G32""], ""PRODUCT-GPS-C2"": [""G29""]}",2,6,6,G06;G11;G19;G24;G25;G32,7,6
r48u_20260914_MARS_IF_round_feedback_fix1,MARS,IF,round_feedback,2024-07-17T00:22:00,7,7,G06;G11;G12;G19;G24;G25;G32,"{""PRODUCT-GPS-C1"": [""G06"", ""G11"", ""G12"", ""G19"", ""G24"", ""G25"", ""G32""]}",1,6,6,G06;G11;G19;G24;G25;G32,7,6
r48u_20260914_MARS_IF_round_feedback_fix1,MARS,IF,round_feedback,2024-07-17T00:22:30,7,7,G06;G11;G12;G19;G24;G25;G32,"{""PRODUCT-GPS-C1"": [""G06"", ""G11"", ""G12"", ""G19"", ""G24"", ""G25"", ""G32""]}",1,6,6,G06;G11;G19;G24;G25;G32,7,6
r48u_20260914_MARS_IF_round_feedback_fix1,MARS,IF,round_feedback,2024-07-17T00:23:00,8,8,G06;G11;G12;G19;G24;G25;G29;G32,"{""PRODUCT-GPS-C1"": [""G06"", ""G11"", ""G12"", ""G19"", ""G24"", ""G25"", ""G32""], ""PRODUCT-GPS-C2"": [""G29""]}",2,6,6,G06;G11;G19;G24;G25;G32,7,6
r48u_20260914_MARS_IF_round_feedback_fix1,MARS,IF,round_feedback,2024-07-17T00:23:30,7,7,G06;G11;G12;G19;G24;G25;G32,"{""PRODUCT-GPS-C1"": [""G11""], ""PRODUCT-GPS-C2"": [""G06"", ""G12"", ""G19"", ""G24"", ""G25"", ""G32""]}",2,5,5,G06;G19;G24;G25;G32,6,5
r48u_20260914_MARS_IF_round_feedback_fix1,MARS,IF,round_feedback,2024-07-17T00:24:00,8,8,G06;G11;G12;G19;G24;G25;G29;G32,"{""PRODUCT-GPS-C1"": [""G11""], ""PRODUCT-GPS-C2"": [""G06"", ""G12"", ""G19"", ""G24"", ""G25"", ""G32""], ""PRODUCT-GPS-C3"": [""G29""]}",3,5,5,G06;G19;G24;G25;G32,6,5
r48u_20260914_MARS_IF_round_feedback_fix1,MARS,IF,round_feedback,2024-07-17T00:24:30,7,7,G06;G11;G12;G19;G24;G25;G32,"{""PRODUCT-GPS-C1"": [""G11""], ""PRODUCT-GPS-C2"": [""G06"", ""G12"", ""G19"", ""G24"", ""G25"", ""G32""]}",2,5,5,G06;G19;G24;G25;G32,6,5
r48u_20260914_MARS_IF_round_feedback_fix1,MARS,IF,round_feedback,2024-07-17T00:25:00,7,7,G06;G11;G12;G19;G24;G25;G32,"{""PRODUCT-GPS-C1"": [""G11""], ""PRODUCT-GPS-C2"": [""G06"", ""G12"", ""G19"", ""G24"", ""G25"", ""G32""]}",2,5,5,G06;G19;G24;G25;G32,6,5
r48u_20260914_MARS_IF_round_feedback_fix1,MARS,IF,round_feedback,2024-07-17T00:25:30,8,1,G11,"{""PRODUCT-GPS-C0"": [""G11""]}",1,0,0,,0,0
r48u_20260914_MARS_IF_round_feedback_fix1,MARS,IF,round_feedback,2024-07-17T00:26:00,7,6,G06;G12;G19;G24;G25;G32,"{""PRODUCT-GPS-C0"": [""G06"", ""G12"", ""G19"", ""G24"", ""G25"", ""G32""]}",1,5,5,G06;G19;G24;G25;G32,6,5
r48u_20260914_MARS_IF_round_feedback_fix1,MARS,IF,round_feedback,2024-07-17T00:26:30,8,7,G06;G11;G12;G19;G24;G25;G32,"{""PRODUCT-GPS-C0"": [""G11""], ""PRODUCT-GPS-C1"": [""G06"", ""G12"", ""G19"", ""G24"", ""G25"", ""G32""]}",2,5,5,G06;G19;G24;G25;G32,6,5
r48u_20260914_MARS_IF_round_feedback_fix1,MARS,IF,round_feedback,2024-07-17T00:27:00,7,7,G06;G11;G12;G19;G24;G25;G32,"{""PRODUCT-GPS-C0"": [""G06"", ""G11"", ""G12"", ""G19"", ""G24"", ""G25"", ""G32""]}",1,6,6,G06;G11;G19;G24;G25;G32,7,6
r48u_20260914_MARS_IF_round_feedback_fix1,MARS,IF,round_feedback,2024-07-17T00:27:30,8,8,G06;G11;G12;G19;G24;G25;G29;G32,"{""PRODUCT-GPS-C0"": [""G06"", ""G11"", ""G12"", ""G19"", ""G24"", ""G25"", ""G32""], ""PRODUCT-GPS-C2"": [""G29""]}",2,6,6,G06;G11;G19;G24;G25;G32,7,6
r48u_20260914_MARS_IF_round_feedback_fix1,MARS,IF,round_feedback,2024-07-17T00:28:00,8,8,G06;G11;G12;G19;G24;G25;G29;G32,"{""PRODUCT-GPS-C0"": [""G06"", ""G11"", ""G12"", ""G19"", ""G24"", ""G25"", ""G32""], ""PRODUCT-GPS-C2"": [""G29""]}",2,6,6,G06;G11;G19;G24;G25;G32,7,6
r48u_20260914_MARS_IF_round_feedback_fix1,MARS,IF,round_feedback,2024-07-17T00:28:30,8,8,G06;G11;G12;G19;G24;G25;G29;G32,"{""PRODUCT-GPS-C0"": [""G06"", ""G11"", ""G12"", ""G19"", ""G24"", ""G25"", ""G32""], ""PRODUCT-GPS-C2"": [""G29""]}",2,6,6,G06;G11;G19;G24;G25;G32,7,6
r48u_20260914_MARS_IF_round_feedback_fix1,MARS,IF,round_feedback,2024-07-17T00:29:00,8,8,G06;G11;G12;G19;G24;G25;G29;G32,"{""PRODUCT-GPS-C0"": [""G06"", ""G11"", ""G12"", ""G19"", ""G24"", ""G25"", ""G32""], ""PRODUCT-GPS-C2"": [""G29""]}",2,6,6,G06;G11;G19;G24;G25;G32,7,6
r48u_20260914_MARS_IF_round_feedback_fix1,MARS,IF,round_feedback,2024-07-17T00:29:30,9,8,G06;G11;G12;G19;G24;G25;G28;G32,"{""PRODUCT-GPS-C0"": [""G06"", ""G11"", ""G12"", ""G19"", ""G24"", ""G25"", ""G28"", ""G32""]}",1,7,7,G06;G11;G19;G24;G25;G28;G32,8,7
r48u_20260914_MARS_IF_round_feedback_fix1,MARS,IF,round_feedback,2024-07-17T00:30:00,9,8,G06;G11;G12;G19;G24;G25;G28;G32,"{""PRODUCT-GPS-C0"": [""G06"", ""G11"", ""G12"", ""G19"", ""G24"", ""G25"", ""G28"", ""G32""]}",1,7,7,G06;G11;G19;G24;G25;G28;G32,8,7
r48u_20260914_MARS_IF_ils_shadow_fix1,MARS,IF,ils_shadow,2024-07-17T00:03:00,8,0,,{},0,0,0,,0,0
r48u_20260914_MARS_IF_ils_shadow_fix1,MARS,IF,ils_shadow,2024-07-17T00:03:30,8,0,,{},0,0,0,,0,0
r48u_20260914_MARS_IF_ils_shadow_fix1,MARS,IF,ils_shadow,2024-07-17T00:04:00,8,0,,{},0,0,0,,0,0
r48u_20260914_MARS_IF_ils_shadow_fix1,MARS,IF,ils_shadow,2024-07-17T00:04:30,7,0,,{},0,0,0,,0,0
r48u_20260914_MARS_IF_ils_shadow_fix1,MARS,IF,ils_shadow,2024-07-17T00:05:00,8,0,,{},0,0,0,,0,0
r48u_20260914_MARS_IF_ils_shadow_fix1,MARS,IF,ils_shadow,2024-07-17T00:05:30,7,0,,{},0,0,0,,0,0
r48u_20260914_MARS_IF_ils_shadow_fix1,MARS,IF,ils_shadow,2024-07-17T00:06:00,7,0,,{},0,0,0,,0,0
r48u_20260914_MARS_IF_ils_shadow_fix1,MARS,IF,ils_shadow,2024-07-17T00:06:30,7,0,,{},0,0,0,,0,0
r48u_20260914_MARS_IF_ils_shadow_fix1,MARS,IF,ils_shadow,2024-07-17T00:07:00,7,0,,{},0,0,0,,0,0
r48u_20260914_MARS_IF_ils_shadow_fix1,MARS,IF,ils_shadow,2024-07-17T00:07:30,7,0,,{},0,0,0,,0,0
r48u_20260914_MARS_IF_ils_shadow_fix1,MARS,IF,ils_shadow,2024-07-17T00:08:00,7,0,,{},0,0,0,,0,0
r48u_20260914_MARS_IF_ils_shadow_fix1,MARS,IF,ils_shadow,2024-07-17T00:08:30,7,0,,{},0,0,0,,0,0
r48u_20260914_MARS_IF_ils_shadow_fix1,MARS,IF,ils_shadow,2024-07-17T00:09:00,7,0,,{},0,0,0,,0,0
r48u_20260914_MARS_IF_ils_shadow_fix1,MARS,IF,ils_shadow,2024-07-17T00:09:30,7,0,,{},0,0,0,,0,0
r48u_20260914_MARS_IF_ils_shadow_fix1,MARS,IF,ils_shadow,2024-07-17T00:10:00,7,0,,{},0,0,0,,0,0
r48u_20260914_MARS_IF_ils_shadow_fix1,MARS,IF,ils_shadow,2024-07-17T00:10:30,7,6,G06;G12;G19;G24;G25;G32,"{""PRODUCT-GPS-C1"": [""G06"", ""G12"", ""G19"", ""G24"", ""G25"", ""G32""]}",1,5,5,G06;G19;G24;G25;G32,6,5
r48u_20260914_MARS_IF_ils_shadow_fix1,MARS,IF,ils_shadow,2024-07-17T00:11:00,7,0,,{},0,0,0,,0,0
r48u_20260914_MARS_IF_ils_shadow_fix1,MARS,IF,ils_shadow,2024-07-17T00:11:30,7,0,,{},0,0,0,,0,0
r48u_20260914_MARS_IF_ils_shadow_fix1,MARS,IF,ils_shadow,2024-07-17T00:12:00,8,1,G11,"{""PRODUCT-GPS-C0"": [""G11""]}",1,0,0,,0,0
r48u_20260914_MARS_IF_ils_shadow_fix1,MARS,IF,ils_shadow,2024-07-17T00:12:30,8,1,G11,"{""PRODUCT-GPS-C0"": [""G11""]}",1,0,0,,0,0
r48u_20260914_MARS_IF_ils_shadow_fix1,MARS,IF,ils_shadow,2024-07-17T00:13:00,8,1,G11,"{""PRODUCT-GPS-C0"": [""G11""]}",1,0,0,,0,0
r48u_20260914_MARS_IF_ils_shadow_fix1,MARS,IF,ils_shadow,2024-07-17T00:13:30,8,1,G11,"{""PRODUCT-GPS-C0"": [""G11""]}",1,0,0,,0,0
r48u_20260914_MARS_IF_ils_shadow_fix1,MARS,IF,ils_shadow,2024-07-17T00:14:00,8,1,G11,"{""PRODUCT-GPS-C0"": [""G11""]}",1,0,0,,0,0
r48u_20260914_MARS_IF_ils_shadow_fix1,MARS,IF,ils_shadow,2024-07-17T00:14:30,8,1,G11,"{""PRODUCT-GPS-C0"": [""G11""]}",1,0,0,,0,0
r48u_20260914_MARS_IF_ils_shadow_fix1,MARS,IF,ils_shadow,2024-07-17T00:15:00,8,1,G11,"{""PRODUCT-GPS-C0"": [""G11""]}",1,0,0,,0,0
r48u_20260914_MARS_IF_ils_shadow_fix1,MARS,IF,ils_shadow,2024-07-17T00:15:30,8,1,G11,"{""PRODUCT-GPS-C0"": [""G11""]}",1,0,0,,0,0
r48u_20260914_MARS_IF_ils_shadow_fix1,MARS,IF,ils_shadow,2024-07-17T00:16:00,8,1,G11,"{""PRODUCT-GPS-C0"": [""G11""]}",1,0,0,,0,0
r48u_20260914_MARS_IF_ils_shadow_fix1,MARS,IF,ils_shadow,2024-07-17T00:16:30,7,1,G11,"{""PRODUCT-GPS-C0"": [""G11""]}",1,0,0,,0,0
r48u_20260914_MARS_IF_ils_shadow_fix1,MARS,IF,ils_shadow,2024-07-17T00:17:00,7,7,G06;G11;G12;G19;G24;G25;G32,"{""PRODUCT-GPS-C1"": [""G11""], ""PRODUCT-GPS-C2"": [""G06"", ""G12"", ""G19"", ""G24"", ""G25"", ""G32""]}",2,5,5,G06;G19;G24;G25;G32,6,5
r48u_20260914_MARS_IF_ils_shadow_fix1,MARS,IF,ils_shadow,2024-07-17T00:17:30,7,7,G06;G11;G12;G19;G24;G25;G32,"{""PRODUCT-GPS-C1"": [""G11""], ""PRODUCT-GPS-C2"": [""G06"", ""G12"", ""G19"", ""G24"", ""G25"", ""G32""]}",2,5,5,G06;G19;G24;G25;G32,6,5
r48u_20260914_MARS_IF_ils_shadow_fix1,MARS,IF,ils_shadow,2024-07-17T00:18:00,8,8,G06;G11;G12;G19;G24;G25;G29;G32,"{""PRODUCT-GPS-C1"": [""G11""], ""PRODUCT-GPS-C2"": [""G06"", ""G12"", ""G19"", ""G24"", ""G25"", ""G32""], ""PRODUCT-GPS-C3"": [""G29""]}",3,5,5,G06;G19;G24;G25;G32,6,5
r48u_20260914_MARS_IF_ils_shadow_fix1,MARS,IF,ils_shadow,2024-07-17T00:18:30,8,8,G06;G11;G12;G19;G24;G25;G29;G32,"{""PRODUCT-GPS-C1"": [""G11""], ""PRODUCT-GPS-C2"": [""G06"", ""G12"", ""G19"", ""G24"", ""G25"", ""G32""], ""PRODUCT-GPS-C3"": [""G29""]}",3,5,5,G06;G19;G24;G25;G32,6,5
r48u_20260914_MARS_IF_ils_shadow_fix1,MARS,IF,ils_shadow,2024-07-17T00:19:00,7,7,G06;G11;G12;G19;G24;G25;G32,"{""PRODUCT-GPS-C1"": [""G11""], ""PRODUCT-GPS-C2"": [""G06"", ""G12"", ""G19"", ""G24"", ""G25"", ""G32""]}",2,5,5,G06;G19;G24;G25;G32,6,5
r48u_20260914_MARS_IF_ils_shadow_fix1,MARS,IF,ils_shadow,2024-07-17T00:19:30,7,7,G06;G11;G12;G19;G24;G25;G32,"{""PRODUCT-GPS-C1"": [""G11""], ""PRODUCT-GPS-C2"": [""G06"", ""G12"", ""G19"", ""G24"", ""G25"", ""G32""]}",2,5,5,G06;G19;G24;G25;G32,6,5
r48u_20260914_MARS_IF_ils_shadow_fix1,MARS,IF,ils_shadow,2024-07-17T00:20:00,8,7,G06;G11;G12;G19;G24;G25;G32,"{""PRODUCT-GPS-C0"": [""G11""], ""PRODUCT-GPS-C1"": [""G06"", ""G12"", ""G19"", ""G24"", ""G25"", ""G32""]}",2,5,5,G06;G19;G24;G25;G32,6,5
r48u_20260914_MARS_IF_ils_shadow_fix1,MARS,IF,ils_shadow,2024-07-17T00:20:30,7,7,G06;G11;G12;G19;G24;G25;G32,"{""PRODUCT-GPS-C1"": [""G06"", ""G11"", ""G12"", ""G19"", ""G24"", ""G25"", ""G32""]}",1,6,6,G06;G11;G19;G24;G25;G32,7,6
r48u_20260914_MARS_IF_ils_shadow_fix1,MARS,IF,ils_shadow,2024-07-17T00:21:00,8,8,G06;G11;G12;G19;G24;G25;G29;G32,"{""PRODUCT-GPS-C0"": [""G11""], ""PRODUCT-GPS-C1"": [""G06"", ""G12"", ""G19"", ""G24"", ""G25"", ""G32""], ""PRODUCT-GPS-C3"": [""G29""]}",3,5,5,G06;G19;G24;G25;G32,6,5
r48u_20260914_MARS_IF_ils_shadow_fix1,MARS,IF,ils_shadow,2024-07-17T00:21:30,8,8,G06;G11;G12;G19;G24;G25;G29;G32,"{""PRODUCT-GPS-C1"": [""G06"", ""G11"", ""G12"", ""G19"", ""G24"", ""G25"", ""G32""], ""PRODUCT-GPS-C2"": [""G29""]}",2,6,6,G06;G11;G19;G24;G25;G32,7,6
r48u_20260914_MARS_IF_ils_shadow_fix1,MARS,IF,ils_shadow,2024-07-17T00:22:00,7,7,G06;G11;G12;G19;G24;G25;G32,"{""PRODUCT-GPS-C1"": [""G06"", ""G11"", ""G12"", ""G19"", ""G24"", ""G25"", ""G32""]}",1,6,6,G06;G11;G19;G24;G25;G32,7,6
r48u_20260914_MARS_IF_ils_shadow_fix1,MARS,IF,ils_shadow,2024-07-17T00:22:30,7,7,G06;G11;G12;G19;G24;G25;G32,"{""PRODUCT-GPS-C1"": [""G06"", ""G11"", ""G12"", ""G19"", ""G24"", ""G25"", ""G32""]}",1,6,6,G06;G11;G19;G24;G25;G32,7,6
r48u_20260914_MARS_IF_ils_shadow_fix1,MARS,IF,ils_shadow,2024-07-17T00:23:00,8,8,G06;G11;G12;G19;G24;G25;G29;G32,"{""PRODUCT-GPS-C1"": [""G06"", ""G11"", ""G12"", ""G19"", ""G24"", ""G25"", ""G32""], ""PRODUCT-GPS-C2"": [""G29""]}",2,6,6,G06;G11;G19;G24;G25;G32,7,6
r48u_20260914_MARS_IF_ils_shadow_fix1,MARS,IF,ils_shadow,2024-07-17T00:23:30,7,7,G06;G11;G12;G19;G24;G25;G32,"{""PRODUCT-GPS-C1"": [""G11""], ""PRODUCT-GPS-C2"": [""G06"", ""G12"", ""G19"", ""G24"", ""G25"", ""G32""]}",2,5,5,G06;G19;G24;G25;G32,6,5
r48u_20260914_MARS_IF_ils_shadow_fix1,MARS,IF,ils_shadow,2024-07-17T00:24:00,8,8,G06;G11;G12;G19;G24;G25;G29;G32,"{""PRODUCT-GPS-C1"": [""G11""], ""PRODUCT-GPS-C2"": [""G06"", ""G12"", ""G19"", ""G24"", ""G25"", ""G32""], ""PRODUCT-GPS-C3"": [""G29""]}",3,5,5,G06;G19;G24;G25;G32,6,5
r48u_20260914_MARS_IF_ils_shadow_fix1,MARS,IF,ils_shadow,2024-07-17T00:24:30,7,7,G06;G11;G12;G19;G24;G25;G32,"{""PRODUCT-GPS-C1"": [""G11""], ""PRODUCT-GPS-C2"": [""G06"", ""G12"", ""G19"", ""G24"", ""G25"", ""G32""]}",2,5,5,G06;G19;G24;G25;G32,6,5
r48u_20260914_MARS_IF_ils_shadow_fix1,MARS,IF,ils_shadow,2024-07-17T00:25:00,7,7,G06;G11;G12;G19;G24;G25;G32,"{""PRODUCT-GPS-C1"": [""G11""], ""PRODUCT-GPS-C2"": [""G06"", ""G12"", ""G19"", ""G24"", ""G25"", ""G32""]}",2,5,5,G06;G19;G24;G25;G32,6,5
r48u_20260914_MARS_IF_ils_shadow_fix1,MARS,IF,ils_shadow,2024-07-17T00:25:30,8,1,G11,"{""PRODUCT-GPS-C0"": [""G11""]}",1,0,0,,0,0
r48u_20260914_MARS_IF_ils_shadow_fix1,MARS,IF,ils_shadow,2024-07-17T00:26:00,7,6,G06;G12;G19;G24;G25;G32,"{""PRODUCT-GPS-C0"": [""G06"", ""G12"", ""G19"", ""G24"", ""G25"", ""G32""]}",1,5,5,G06;G19;G24;G25;G32,6,5
r48u_20260914_MARS_IF_ils_shadow_fix1,MARS,IF,ils_shadow,2024-07-17T00:26:30,8,7,G06;G11;G12;G19;G24;G25;G32,"{""PRODUCT-GPS-C0"": [""G11""], ""PRODUCT-GPS-C1"": [""G06"", ""G12"", ""G19"", ""G24"", ""G25"", ""G32""]}",2,5,5,G06;G19;G24;G25;G32,6,5
r48u_20260914_MARS_IF_ils_shadow_fix1,MARS,IF,ils_shadow,2024-07-17T00:27:00,7,7,G06;G11;G12;G19;G24;G25;G32,"{""PRODUCT-GPS-C0"": [""G06"", ""G11"", ""G12"", ""G19"", ""G24"", ""G25"", ""G32""]}",1,6,6,G06;G11;G19;G24;G25;G32,7,6
r48u_20260914_MARS_IF_ils_shadow_fix1,MARS,IF,ils_shadow,2024-07-17T00:27:30,8,8,G06;G11;G12;G19;G24;G25;G29;G32,"{""PRODUCT-GPS-C0"": [""G06"", ""G11"", ""G12"", ""G19"", ""G24"", ""G25"", ""G32""], ""PRODUCT-GPS-C2"": [""G29""]}",2,6,6,G06;G11;G19;G24;G25;G32,7,6
r48u_20260914_MARS_IF_ils_shadow_fix1,MARS,IF,ils_shadow,2024-07-17T00:28:00,8,8,G06;G11;G12;G19;G24;G25;G29;G32,"{""PRODUCT-GPS-C0"": [""G06"", ""G11"", ""G12"", ""G19"", ""G24"", ""G25"", ""G32""], ""PRODUCT-GPS-C2"": [""G29""]}",2,6,6,G06;G11;G19;G24;G25;G32,7,6
r48u_20260914_MARS_IF_ils_shadow_fix1,MARS,IF,ils_shadow,2024-07-17T00:28:30,8,8,G06;G11;G12;G19;G24;G25;G29;G32,"{""PRODUCT-GPS-C0"": [""G06"", ""G11"", ""G12"", ""G19"", ""G24"", ""G25"", ""G32""], ""PRODUCT-GPS-C2"": [""G29""]}",2,6,6,G06;G11;G19;G24;G25;G32,7,6
r48u_20260914_MARS_IF_ils_shadow_fix1,MARS,IF,ils_shadow,2024-07-17T00:29:00,8,8,G06;G11;G12;G19;G24;G25;G29;G32,"{""PRODUCT-GPS-C0"": [""G06"", ""G11"", ""G12"", ""G19"", ""G24"", ""G25"", ""G32""], ""PRODUCT-GPS-C2"": [""G29""]}",2,6,6,G06;G11;G19;G24;G25;G32,7,6
r48u_20260914_MARS_IF_ils_shadow_fix1,MARS,IF,ils_shadow,2024-07-17T00:29:30,9,8,G06;G11;G12;G19;G24;G25;G28;G32,"{""PRODUCT-GPS-C0"": [""G06"", ""G11"", ""G12"", ""G19"", ""G24"", ""G25"", ""G28"", ""G32""]}",1,7,7,G06;G11;G19;G24;G25;G28;G32,8,7
r48u_20260914_MARS_IF_ils_shadow_fix1,MARS,IF,ils_shadow,2024-07-17T00:30:00,9,8,G06;G11;G12;G19;G24;G25;G28;G32,"{""PRODUCT-GPS-C0"": [""G06"", ""G11"", ""G12"", ""G19"", ""G24"", ""G25"", ""G28"", ""G32""]}",1,7,7,G06;G11;G19;G24;G25;G28;G32,8,7
r48u_20260914_MARS_IF_ils_feedback_fix1,MARS,IF,ils_feedback,2024-07-17T00:03:00,8,0,,{},0,0,0,,0,0
r48u_20260914_MARS_IF_ils_feedback_fix1,MARS,IF,ils_feedback,2024-07-17T00:03:30,8,0,,{},0,0,0,,0,0
r48u_20260914_MARS_IF_ils_feedback_fix1,MARS,IF,ils_feedback,2024-07-17T00:04:00,8,0,,{},0,0,0,,0,0
r48u_20260914_MARS_IF_ils_feedback_fix1,MARS,IF,ils_feedback,2024-07-17T00:04:30,7,0,,{},0,0,0,,0,0
r48u_20260914_MARS_IF_ils_feedback_fix1,MARS,IF,ils_feedback,2024-07-17T00:05:00,8,0,,{},0,0,0,,0,0
r48u_20260914_MARS_IF_ils_feedback_fix1,MARS,IF,ils_feedback,2024-07-17T00:05:30,7,0,,{},0,0,0,,0,0
r48u_20260914_MARS_IF_ils_feedback_fix1,MARS,IF,ils_feedback,2024-07-17T00:06:00,7,0,,{},0,0,0,,0,0
r48u_20260914_MARS_IF_ils_feedback_fix1,MARS,IF,ils_feedback,2024-07-17T00:06:30,7,0,,{},0,0,0,,0,0
r48u_20260914_MARS_IF_ils_feedback_fix1,MARS,IF,ils_feedback,2024-07-17T00:07:00,7,0,,{},0,0,0,,0,0
r48u_20260914_MARS_IF_ils_feedback_fix1,MARS,IF,ils_feedback,2024-07-17T00:07:30,7,0,,{},0,0,0,,0,0
r48u_20260914_MARS_IF_ils_feedback_fix1,MARS,IF,ils_feedback,2024-07-17T00:08:00,7,0,,{},0,0,0,,0,0
r48u_20260914_MARS_IF_ils_feedback_fix1,MARS,IF,ils_feedback,2024-07-17T00:08:30,7,0,,{},0,0,0,,0,0
r48u_20260914_MARS_IF_ils_feedback_fix1,MARS,IF,ils_feedback,2024-07-17T00:09:00,7,0,,{},0,0,0,,0,0
r48u_20260914_MARS_IF_ils_feedback_fix1,MARS,IF,ils_feedback,2024-07-17T00:09:30,7,0,,{},0,0,0,,0,0
r48u_20260914_MARS_IF_ils_feedback_fix1,MARS,IF,ils_feedback,2024-07-17T00:10:00,7,0,,{},0,0,0,,0,0
r48u_20260914_MARS_IF_ils_feedback_fix1,MARS,IF,ils_feedback,2024-07-17T00:10:30,7,6,G06;G12;G19;G24;G25;G32,"{""PRODUCT-GPS-C1"": [""G06"", ""G12"", ""G19"", ""G24"", ""G25"", ""G32""]}",1,5,5,G06;G19;G24;G25;G32,6,5
r48u_20260914_MARS_IF_ils_feedback_fix1,MARS,IF,ils_feedback,2024-07-17T00:11:00,7,0,,{},0,0,0,,0,0
r48u_20260914_MARS_IF_ils_feedback_fix1,MARS,IF,ils_feedback,2024-07-17T00:11:30,7,0,,{},0,0,0,,0,0
r48u_20260914_MARS_IF_ils_feedback_fix1,MARS,IF,ils_feedback,2024-07-17T00:12:00,8,1,G11,"{""PRODUCT-GPS-C0"": [""G11""]}",1,0,0,,0,0
r48u_20260914_MARS_IF_ils_feedback_fix1,MARS,IF,ils_feedback,2024-07-17T00:12:30,8,1,G11,"{""PRODUCT-GPS-C0"": [""G11""]}",1,0,0,,0,0
r48u_20260914_MARS_IF_ils_feedback_fix1,MARS,IF,ils_feedback,2024-07-17T00:13:00,8,1,G11,"{""PRODUCT-GPS-C0"": [""G11""]}",1,0,0,,0,0
r48u_20260914_MARS_IF_ils_feedback_fix1,MARS,IF,ils_feedback,2024-07-17T00:13:30,8,1,G11,"{""PRODUCT-GPS-C0"": [""G11""]}",1,0,0,,0,0
r48u_20260914_MARS_IF_ils_feedback_fix1,MARS,IF,ils_feedback,2024-07-17T00:14:00,8,1,G11,"{""PRODUCT-GPS-C0"": [""G11""]}",1,0,0,,0,0
r48u_20260914_MARS_IF_ils_feedback_fix1,MARS,IF,ils_feedback,2024-07-17T00:14:30,8,1,G11,"{""PRODUCT-GPS-C0"": [""G11""]}",1,0,0,,0,0
r48u_20260914_MARS_IF_ils_feedback_fix1,MARS,IF,ils_feedback,2024-07-17T00:15:00,8,1,G11,"{""PRODUCT-GPS-C0"": [""G11""]}",1,0,0,,0,0
r48u_20260914_MARS_IF_ils_feedback_fix1,MARS,IF,ils_feedback,2024-07-17T00:15:30,8,1,G11,"{""PRODUCT-GPS-C0"": [""G11""]}",1,0,0,,0,0
r48u_20260914_MARS_IF_ils_feedback_fix1,MARS,IF,ils_feedback,2024-07-17T00:16:00,8,1,G11,"{""PRODUCT-GPS-C0"": [""G11""]}",1,0,0,,0,0
r48u_20260914_MARS_IF_ils_feedback_fix1,MARS,IF,ils_feedback,2024-07-17T00:16:30,7,1,G11,"{""PRODUCT-GPS-C0"": [""G11""]}",1,0,0,,0,0
r48u_20260914_MARS_IF_ils_feedback_fix1,MARS,IF,ils_feedback,2024-07-17T00:17:00,7,7,G06;G11;G12;G19;G24;G25;G32,"{""PRODUCT-GPS-C1"": [""G11""], ""PRODUCT-GPS-C2"": [""G06"", ""G12"", ""G19"", ""G24"", ""G25"", ""G32""]}",2,5,5,G06;G19;G24;G25;G32,6,5
r48u_20260914_MARS_IF_ils_feedback_fix1,MARS,IF,ils_feedback,2024-07-17T00:17:30,7,7,G06;G11;G12;G19;G24;G25;G32,"{""PRODUCT-GPS-C1"": [""G11""], ""PRODUCT-GPS-C2"": [""G06"", ""G12"", ""G19"", ""G24"", ""G25"", ""G32""]}",2,5,5,G06;G19;G24;G25;G32,6,5
r48u_20260914_MARS_IF_ils_feedback_fix1,MARS,IF,ils_feedback,2024-07-17T00:18:00,8,8,G06;G11;G12;G19;G24;G25;G29;G32,"{""PRODUCT-GPS-C1"": [""G11""], ""PRODUCT-GPS-C2"": [""G06"", ""G12"", ""G19"", ""G24"", ""G25"", ""G32""], ""PRODUCT-GPS-C3"": [""G29""]}",3,5,5,G06;G19;G24;G25;G32,6,5
r48u_20260914_MARS_IF_ils_feedback_fix1,MARS,IF,ils_feedback,2024-07-17T00:18:30,8,8,G06;G11;G12;G19;G24;G25;G29;G32,"{""PRODUCT-GPS-C1"": [""G11""], ""PRODUCT-GPS-C2"": [""G06"", ""G12"", ""G19"", ""G24"", ""G25"", ""G32""], ""PRODUCT-GPS-C3"": [""G29""]}",3,5,5,G06;G19;G24;G25;G32,6,5
r48u_20260914_MARS_IF_ils_feedback_fix1,MARS,IF,ils_feedback,2024-07-17T00:19:00,7,7,G06;G11;G12;G19;G24;G25;G32,"{""PRODUCT-GPS-C1"": [""G11""], ""PRODUCT-GPS-C2"": [""G06"", ""G12"", ""G19"", ""G24"", ""G25"", ""G32""]}",2,5,5,G06;G19;G24;G25;G32,6,5
r48u_20260914_MARS_IF_ils_feedback_fix1,MARS,IF,ils_feedback,2024-07-17T00:19:30,7,7,G06;G11;G12;G19;G24;G25;G32,"{""PRODUCT-GPS-C1"": [""G11""], ""PRODUCT-GPS-C2"": [""G06"", ""G12"", ""G19"", ""G24"", ""G25"", ""G32""]}",2,5,5,G06;G19;G24;G25;G32,6,5
r48u_20260914_MARS_IF_ils_feedback_fix1,MARS,IF,ils_feedback,2024-07-17T00:20:00,8,7,G06;G11;G12;G19;G24;G25;G32,"{""PRODUCT-GPS-C0"": [""G11""], ""PRODUCT-GPS-C1"": [""G06"", ""G12"", ""G19"", ""G24"", ""G25"", ""G32""]}",2,5,5,G06;G19;G24;G25;G32,6,5
r48u_20260914_MARS_IF_ils_feedback_fix1,MARS,IF,ils_feedback,2024-07-17T00:20:30,7,7,G06;G11;G12;G19;G24;G25;G32,"{""PRODUCT-GPS-C1"": [""G06"", ""G11"", ""G12"", ""G19"", ""G24"", ""G25"", ""G32""]}",1,6,6,G06;G11;G19;G24;G25;G32,7,6
r48u_20260914_MARS_IF_ils_feedback_fix1,MARS,IF,ils_feedback,2024-07-17T00:21:00,8,8,G06;G11;G12;G19;G24;G25;G29;G32,"{""PRODUCT-GPS-C0"": [""G11""], ""PRODUCT-GPS-C1"": [""G06"", ""G12"", ""G19"", ""G24"", ""G25"", ""G32""], ""PRODUCT-GPS-C3"": [""G29""]}",3,5,5,G06;G19;G24;G25;G32,6,5
r48u_20260914_MARS_IF_ils_feedback_fix1,MARS,IF,ils_feedback,2024-07-17T00:21:30,8,8,G06;G11;G12;G19;G24;G25;G29;G32,"{""PRODUCT-GPS-C1"": [""G06"", ""G11"", ""G12"", ""G19"", ""G24"", ""G25"", ""G32""], ""PRODUCT-GPS-C2"": [""G29""]}",2,6,6,G06;G11;G19;G24;G25;G32,7,6
r48u_20260914_MARS_IF_ils_feedback_fix1,MARS,IF,ils_feedback,2024-07-17T00:22:00,7,7,G06;G11;G12;G19;G24;G25;G32,"{""PRODUCT-GPS-C1"": [""G06"", ""G11"", ""G12"", ""G19"", ""G24"", ""G25"", ""G32""]}",1,6,6,G06;G11;G19;G24;G25;G32,7,6
r48u_20260914_MARS_IF_ils_feedback_fix1,MARS,IF,ils_feedback,2024-07-17T00:22:30,7,7,G06;G11;G12;G19;G24;G25;G32,"{""PRODUCT-GPS-C1"": [""G06"", ""G11"", ""G12"", ""G19"", ""G24"", ""G25"", ""G32""]}",1,6,6,G06;G11;G19;G24;G25;G32,7,6
r48u_20260914_MARS_IF_ils_feedback_fix1,MARS,IF,ils_feedback,2024-07-17T00:23:00,8,8,G06;G11;G12;G19;G24;G25;G29;G32,"{""PRODUCT-GPS-C1"": [""G06"", ""G11"", ""G12"", ""G19"", ""G24"", ""G25"", ""G32""], ""PRODUCT-GPS-C2"": [""G29""]}",2,6,6,G06;G11;G19;G24;G25;G32,7,6
r48u_20260914_MARS_IF_ils_feedback_fix1,MARS,IF,ils_feedback,2024-07-17T00:23:30,7,7,G06;G11;G12;G19;G24;G25;G32,"{""PRODUCT-GPS-C1"": [""G11""], ""PRODUCT-GPS-C2"": [""G06"", ""G12"", ""G19"", ""G24"", ""G25"", ""G32""]}",2,5,5,G06;G19;G24;G25;G32,6,5
r48u_20260914_MARS_IF_ils_feedback_fix1,MARS,IF,ils_feedback,2024-07-17T00:24:00,8,8,G06;G11;G12;G19;G24;G25;G29;G32,"{""PRODUCT-GPS-C1"": [""G11""], ""PRODUCT-GPS-C2"": [""G06"", ""G12"", ""G19"", ""G24"", ""G25"", ""G32""], ""PRODUCT-GPS-C3"": [""G29""]}",3,5,5,G06;G19;G24;G25;G32,6,5
r48u_20260914_MARS_IF_ils_feedback_fix1,MARS,IF,ils_feedback,2024-07-17T00:24:30,7,7,G06;G11;G12;G19;G24;G25;G32,"{""PRODUCT-GPS-C1"": [""G11""], ""PRODUCT-GPS-C2"": [""G06"", ""G12"", ""G19"", ""G24"", ""G25"", ""G32""]}",2,5,5,G06;G19;G24;G25;G32,6,5
r48u_20260914_MARS_IF_ils_feedback_fix1,MARS,IF,ils_feedback,2024-07-17T00:25:00,7,7,G06;G11;G12;G19;G24;G25;G32,"{""PRODUCT-GPS-C1"": [""G11""], ""PRODUCT-GPS-C2"": [""G06"", ""G12"", ""G19"", ""G24"", ""G25"", ""G32""]}",2,5,5,G06;G19;G24;G25;G32,6,5
r48u_20260914_MARS_IF_ils_feedback_fix1,MARS,IF,ils_feedback,2024-07-17T00:25:30,8,1,G11,"{""PRODUCT-GPS-C0"": [""G11""]}",1,0,0,,0,0
r48u_20260914_MARS_IF_ils_feedback_fix1,MARS,IF,ils_feedback,2024-07-17T00:26:00,7,6,G06;G12;G19;G24;G25;G32,"{""PRODUCT-GPS-C0"": [""G06"", ""G12"", ""G19"", ""G24"", ""G25"", ""G32""]}",1,5,5,G06;G19;G24;G25;G32,6,5
r48u_20260914_MARS_IF_ils_feedback_fix1,MARS,IF,ils_feedback,2024-07-17T00:26:30,8,7,G06;G11;G12;G19;G24;G25;G32,"{""PRODUCT-GPS-C0"": [""G11""], ""PRODUCT-GPS-C1"": [""G06"", ""G12"", ""G19"", ""G24"", ""G25"", ""G32""]}",2,5,5,G06;G19;G24;G25;G32,6,5
r48u_20260914_MARS_IF_ils_feedback_fix1,MARS,IF,ils_feedback,2024-07-17T00:27:00,7,7,G06;G11;G12;G19;G24;G25;G32,"{""PRODUCT-GPS-C0"": [""G06"", ""G11"", ""G12"", ""G19"", ""G24"", ""G25"", ""G32""]}",1,6,6,G06;G11;G19;G24;G25;G32,7,6
r48u_20260914_MARS_IF_ils_feedback_fix1,MARS,IF,ils_feedback,2024-07-17T00:27:30,8,8,G06;G11;G12;G19;G24;G25;G29;G32,"{""PRODUCT-GPS-C0"": [""G06"", ""G11"", ""G12"", ""G19"", ""G24"", ""G25"", ""G32""], ""PRODUCT-GPS-C2"": [""G29""]}",2,6,6,G06;G11;G19;G24;G25;G32,7,6
r48u_20260914_MARS_IF_ils_feedback_fix1,MARS,IF,ils_feedback,2024-07-17T00:28:00,8,8,G06;G11;G12;G19;G24;G25;G29;G32,"{""PRODUCT-GPS-C0"": [""G06"", ""G11"", ""G12"", ""G19"", ""G24"", ""G25"", ""G32""], ""PRODUCT-GPS-C2"": [""G29""]}",2,6,6,G06;G11;G19;G24;G25;G32,7,6
r48u_20260914_MARS_IF_ils_feedback_fix1,MARS,IF,ils_feedback,2024-07-17T00:28:30,8,8,G06;G11;G12;G19;G24;G25;G29;G32,"{""PRODUCT-GPS-C0"": [""G06"", ""G11"", ""G12"", ""G19"", ""G24"", ""G25"", ""G32""], ""PRODUCT-GPS-C2"": [""G29""]}",2,6,6,G06;G11;G19;G24;G25;G32,7,6
r48u_20260914_MARS_IF_ils_feedback_fix1,MARS,IF,ils_feedback,2024-07-17T00:29:00,8,8,G06;G11;G12;G19;G24;G25;G29;G32,"{""PRODUCT-GPS-C0"": [""G06"", ""G11"", ""G12"", ""G19"", ""G24"", ""G25"", ""G32""], ""PRODUCT-GPS-C2"": [""G29""]}",2,6,6,G06;G11;G19;G24;G25;G32,7,6
r48u_20260914_MARS_IF_ils_feedback_fix1,MARS,IF,ils_feedback,2024-07-17T00:29:30,9,8,G06;G11;G12;G19;G24;G25;G28;G32,"{""PRODUCT-GPS-C0"": [""G06"", ""G11"", ""G12"", ""G19"", ""G24"", ""G25"", ""G28"", ""G32""]}",1,7,7,G06;G11;G19;G24;G25;G28;G32,8,7
r48u_20260914_MARS_IF_ils_feedback_fix1,MARS,IF,ils_feedback,2024-07-17T00:30:00,9,8,G06;G11;G12;G19;G24;G25;G28;G32,"{""PRODUCT-GPS-C0"": [""G06"", ""G11"", ""G12"", ""G19"", ""G24"", ""G25"", ""G28"", ""G32""]}",1,7,7,G06;G11;G19;G24;G25;G28;G32,8,7
r48u_20260914_JPLM_IF_float_fix1,JPLM,IF,float,2024-07-17T00:03:00,7,0,,{},0,0,0,,0,0
r48u_20260914_JPLM_IF_float_fix1,JPLM,IF,float,2024-07-17T00:03:30,7,0,,{},0,0,0,,0,0
r48u_20260914_JPLM_IF_float_fix1,JPLM,IF,float,2024-07-17T00:04:00,7,0,,{},0,0,0,,0,0
r48u_20260914_JPLM_IF_float_fix1,JPLM,IF,float,2024-07-17T00:04:30,7,0,,{},0,0,0,,0,0
r48u_20260914_JPLM_IF_float_fix1,JPLM,IF,float,2024-07-17T00:05:00,7,0,,{},0,0,0,,0,0
r48u_20260914_JPLM_IF_float_fix1,JPLM,IF,float,2024-07-17T00:05:30,7,0,,{},0,0,0,,0,0
r48u_20260914_JPLM_IF_float_fix1,JPLM,IF,float,2024-07-17T00:06:00,7,0,,{},0,0,0,,0,0
r48u_20260914_JPLM_IF_float_fix1,JPLM,IF,float,2024-07-17T00:06:30,7,0,,{},0,0,0,,0,0
r48u_20260914_JPLM_IF_float_fix1,JPLM,IF,float,2024-07-17T00:07:00,7,0,,{},0,0,0,,0,0
r48u_20260914_JPLM_IF_float_fix1,JPLM,IF,float,2024-07-17T00:07:30,7,0,,{},0,0,0,,0,0
r48u_20260914_JPLM_IF_float_fix1,JPLM,IF,float,2024-07-17T00:08:00,7,0,,{},0,0,0,,0,0
r48u_20260914_JPLM_IF_float_fix1,JPLM,IF,float,2024-07-17T00:08:30,7,0,,{},0,0,0,,0,0
r48u_20260914_JPLM_IF_float_fix1,JPLM,IF,float,2024-07-17T00:09:00,7,0,,{},0,0,0,,0,0
r48u_20260914_JPLM_IF_float_fix1,JPLM,IF,float,2024-07-17T00:09:30,7,0,,{},0,0,0,,0,0
r48u_20260914_JPLM_IF_float_fix1,JPLM,IF,float,2024-07-17T00:10:00,7,2,G02;G21,"{""PRODUCT-GPS-C1"": [""G02"", ""G21""]}",1,1,1,G02,0,0
r48u_20260914_JPLM_IF_float_fix1,JPLM,IF,float,2024-07-17T00:10:30,7,2,G03;G32,"{""PRODUCT-GPS-C0"": [""G03""], ""PRODUCT-GPS-C1"": [""G32""]}",2,0,0,,0,0
r48u_20260914_JPLM_IF_float_fix1,JPLM,IF,float,2024-07-17T00:11:00,7,2,G02;G21,"{""PRODUCT-GPS-C1"": [""G02"", ""G21""]}",1,1,1,G02,0,0
r48u_20260914_JPLM_IF_float_fix1,JPLM,IF,float,2024-07-17T00:11:30,7,5,G02;G10;G21;G28;G31,"{""PRODUCT-GPS-C3"": [""G02"", ""G21""], ""PRODUCT-GPS-C4"": [""G10"", ""G28"", ""G31""]}",2,3,2,G10;G31,0,0
r48u_20260914_JPLM_IF_float_fix1,JPLM,IF,float,2024-07-17T00:12:00,7,5,G02;G10;G21;G28;G31,"{""PRODUCT-GPS-C3"": [""G02"", ""G21""], ""PRODUCT-GPS-C4"": [""G10"", ""G28"", ""G31""]}",2,3,2,G10;G31,0,0
r48u_20260914_JPLM_IF_float_fix1,JPLM,IF,float,2024-07-17T00:12:30,7,5,G02;G10;G21;G28;G31,"{""PRODUCT-GPS-C3"": [""G02"", ""G21""], ""PRODUCT-GPS-C4"": [""G10"", ""G28"", ""G31""]}",2,3,2,G10;G31,0,0
r48u_20260914_JPLM_IF_float_fix1,JPLM,IF,float,2024-07-17T00:13:00,7,5,G02;G10;G21;G28;G31,"{""PRODUCT-GPS-C3"": [""G02"", ""G21""], ""PRODUCT-GPS-C4"": [""G10"", ""G28"", ""G31""]}",2,3,2,G10;G31,0,0
r48u_20260914_JPLM_IF_float_fix1,JPLM,IF,float,2024-07-17T00:13:30,7,5,G02;G10;G21;G28;G31,"{""PRODUCT-GPS-C3"": [""G02"", ""G21""], ""PRODUCT-GPS-C4"": [""G10"", ""G28"", ""G31""]}",2,3,2,G10;G31,0,0
r48u_20260914_JPLM_IF_float_fix1,JPLM,IF,float,2024-07-17T00:14:00,7,5,G02;G10;G21;G28;G31,"{""PRODUCT-GPS-C3"": [""G02"", ""G21""], ""PRODUCT-GPS-C4"": [""G10"", ""G28"", ""G31""]}",2,3,2,G10;G31,0,0
r48u_20260914_JPLM_IF_float_fix1,JPLM,IF,float,2024-07-17T00:14:30,7,5,G02;G10;G21;G28;G31,"{""PRODUCT-GPS-C3"": [""G02"", ""G21""], ""PRODUCT-GPS-C4"": [""G10"", ""G28"", ""G31""]}",2,3,2,G10;G31,0,0
r48u_20260914_JPLM_IF_float_fix1,JPLM,IF,float,2024-07-17T00:15:00,7,5,G02;G10;G21;G28;G31,"{""PRODUCT-GPS-C3"": [""G02"", ""G21""], ""PRODUCT-GPS-C4"": [""G10"", ""G28"", ""G31""]}",2,3,2,G10;G31,0,0
r48u_20260914_JPLM_IF_float_fix1,JPLM,IF,float,2024-07-17T00:15:30,7,5,G02;G10;G21;G28;G31,"{""PRODUCT-GPS-C3"": [""G02"", ""G21""], ""PRODUCT-GPS-C4"": [""G10"", ""G28"", ""G31""]}",2,3,2,G10;G31,0,0
r48u_20260914_JPLM_IF_float_fix1,JPLM,IF,float,2024-07-17T00:16:00,7,5,G02;G10;G21;G28;G31,"{""PRODUCT-GPS-C3"": [""G02"", ""G21""], ""PRODUCT-GPS-C4"": [""G10"", ""G28"", ""G31""]}",2,3,2,G10;G31,0,0
r48u_20260914_JPLM_IF_float_fix1,JPLM,IF,float,2024-07-17T00:16:30,7,5,G02;G10;G21;G28;G31,"{""PRODUCT-GPS-C3"": [""G02"", ""G21""], ""PRODUCT-GPS-C4"": [""G10"", ""G28"", ""G31""]}",2,3,2,G10;G31,0,0
r48u_20260914_JPLM_IF_float_fix1,JPLM,IF,float,2024-07-17T00:17:00,7,7,G02;G03;G10;G21;G28;G31;G32,"{""PRODUCT-GPS-C0"": [""G02"", ""G03"", ""G21""], ""PRODUCT-GPS-C2"": [""G10"", ""G28"", ""G31"", ""G32""]}",2,5,3,G10;G31;G32,0,0
r48u_20260914_JPLM_IF_float_fix1,JPLM,IF,float,2024-07-17T00:17:30,7,7,G02;G03;G10;G21;G28;G31;G32,"{""PRODUCT-GPS-C0"": [""G02"", ""G03"", ""G21""], ""PRODUCT-GPS-C2"": [""G10"", ""G28"", ""G31"", ""G32""]}",2,5,3,G10;G31;G32,0,0
r48u_20260914_JPLM_IF_float_fix1,JPLM,IF,float,2024-07-17T00:18:00,7,7,G02;G03;G10;G21;G28;G31;G32,"{""PRODUCT-GPS-C0"": [""G02"", ""G03"", ""G21""], ""PRODUCT-GPS-C2"": [""G10"", ""G28"", ""G31"", ""G32""]}",2,5,3,G10;G31;G32,0,0
r48u_20260914_JPLM_IF_float_fix1,JPLM,IF,float,2024-07-17T00:18:30,7,7,G02;G03;G10;G21;G28;G31;G32,"{""PRODUCT-GPS-C0"": [""G02"", ""G03"", ""G21""], ""PRODUCT-GPS-C2"": [""G10"", ""G28"", ""G31"", ""G32""]}",2,5,3,G10;G31;G32,0,0
r48u_20260914_JPLM_IF_float_fix1,JPLM,IF,float,2024-07-17T00:19:00,8,8,G02;G03;G10;G21;G26;G28;G31;G32,"{""PRODUCT-GPS-C0"": [""G02"", ""G03"", ""G21""], ""PRODUCT-GPS-C2"": [""G10"", ""G26"", ""G28"", ""G31"", ""G32""]}",2,6,4,G10;G26;G31;G32,0,0
r48u_20260914_JPLM_IF_float_fix1,JPLM,IF,float,2024-07-17T00:19:30,8,8,G02;G03;G10;G21;G26;G28;G31;G32,"{""PRODUCT-GPS-C0"": [""G02"", ""G03"", ""G21""], ""PRODUCT-GPS-C2"": [""G10"", ""G26"", ""G28"", ""G31"", ""G32""]}",2,6,4,G10;G26;G31;G32,0,0
r48u_20260914_JPLM_IF_float_fix1,JPLM,IF,float,2024-07-17T00:20:00,8,7,G02;G10;G21;G26;G28;G31;G32,"{""PRODUCT-GPS-C1"": [""G10"", ""G26"", ""G28"", ""G31"", ""G32""], ""PRODUCT-GPS-C4"": [""G02"", ""G21""]}",2,5,4,G10;G26;G31;G32,0,0
r48u_20260914_JPLM_IF_float_fix1,JPLM,IF,float,2024-07-17T00:20:30,8,8,G02;G03;G10;G21;G26;G28;G31;G32,"{""PRODUCT-GPS-C0"": [""G02"", ""G03"", ""G21""], ""PRODUCT-GPS-C1"": [""G10"", ""G26"", ""G28"", ""G31"", ""G32""]}",2,6,4,G10;G26;G31;G32,0,0
r48u_20260914_JPLM_IF_float_fix1,JPLM,IF,float,2024-07-17T00:21:00,8,7,G02;G10;G21;G26;G28;G31;G32,"{""PRODUCT-GPS-C1"": [""G10"", ""G26"", ""G28"", ""G31"", ""G32""], ""PRODUCT-GPS-C4"": [""G02"", ""G21""]}",2,5,4,G10;G26;G31;G32,0,0
r48u_20260914_JPLM_IF_float_fix1,JPLM,IF,float,2024-07-17T00:21:30,8,8,G02;G03;G10;G21;G26;G28;G31;G32,"{""PRODUCT-GPS-C0"": [""G02"", ""G03"", ""G21""], ""PRODUCT-GPS-C1"": [""G10"", ""G26"", ""G28"", ""G31"", ""G32""]}",2,6,4,G10;G26;G31;G32,0,0
r48u_20260914_JPLM_IF_float_fix1,JPLM,IF,float,2024-07-17T00:22:00,8,8,G02;G03;G10;G21;G26;G28;G31;G32,"{""PRODUCT-GPS-C0"": [""G02"", ""G03"", ""G21""], ""PRODUCT-GPS-C1"": [""G10"", ""G26"", ""G28"", ""G31"", ""G32""]}",2,6,4,G10;G26;G31;G32,0,0
r48u_20260914_JPLM_IF_float_fix1,JPLM,IF,float,2024-07-17T00:22:30,8,8,G02;G03;G10;G21;G26;G28;G31;G32,"{""PRODUCT-GPS-C0"": [""G02"", ""G03"", ""G21""], ""PRODUCT-GPS-C1"": [""G10"", ""G26"", ""G28"", ""G31"", ""G32""]}",2,6,4,G10;G26;G31;G32,0,0
r48u_20260914_JPLM_IF_float_fix1,JPLM,IF,float,2024-07-17T00:23:00,8,8,G02;G03;G10;G21;G26;G28;G31;G32,"{""PRODUCT-GPS-C0"": [""G02"", ""G03"", ""G21""], ""PRODUCT-GPS-C1"": [""G10"", ""G26"", ""G28"", ""G31"", ""G32""]}",2,6,4,G10;G26;G31;G32,0,0
r48u_20260914_JPLM_IF_float_fix1,JPLM,IF,float,2024-07-17T00:23:30,7,7,G02;G03;G10;G21;G28;G31;G32,"{""PRODUCT-GPS-C0"": [""G02"", ""G03"", ""G21""], ""PRODUCT-GPS-C2"": [""G10"", ""G28"", ""G31"", ""G32""]}",2,5,3,G10;G31;G32,0,0
r48u_20260914_JPLM_IF_float_fix1,JPLM,IF,float,2024-07-17T00:24:00,8,8,G02;G03;G10;G21;G26;G28;G31;G32,"{""PRODUCT-GPS-C0"": [""G02"", ""G03"", ""G21""], ""PRODUCT-GPS-C2"": [""G10"", ""G26"", ""G28"", ""G31"", ""G32""]}",2,6,4,G10;G26;G31;G32,0,0
r48u_20260914_JPLM_IF_float_fix1,JPLM,IF,float,2024-07-17T00:24:30,8,8,G02;G03;G10;G21;G26;G28;G31;G32,"{""PRODUCT-GPS-C0"": [""G02"", ""G03"", ""G21""], ""PRODUCT-GPS-C2"": [""G10"", ""G26"", ""G28"", ""G31"", ""G32""]}",2,6,4,G10;G26;G31;G32,0,0
r48u_20260914_JPLM_IF_float_fix1,JPLM,IF,float,2024-07-17T00:25:00,8,8,G02;G03;G10;G21;G26;G28;G31;G32,"{""PRODUCT-GPS-C0"": [""G02"", ""G03"", ""G21""], ""PRODUCT-GPS-C2"": [""G10"", ""G26"", ""G28"", ""G31"", ""G32""]}",2,6,4,G10;G26;G31;G32,0,0
r48u_20260914_JPLM_IF_float_fix1,JPLM,IF,float,2024-07-17T00:25:30,8,6,G02;G10;G21;G26;G28;G31,"{""PRODUCT-GPS-C0"": [""G10"", ""G26"", ""G28"", ""G31""], ""PRODUCT-GPS-C1"": [""G02"", ""G21""]}",2,4,3,G10;G26;G31,0,0
r48u_20260914_JPLM_IF_float_fix1,JPLM,IF,float,2024-07-17T00:26:00,8,7,G02;G10;G21;G26;G28;G31;G32,"{""PRODUCT-GPS-C0"": [""G10"", ""G26"", ""G28"", ""G31"", ""G32""], ""PRODUCT-GPS-C1"": [""G02"", ""G21""]}",2,5,4,G10;G26;G31;G32,0,0
r48u_20260914_JPLM_IF_float_fix1,JPLM,IF,float,2024-07-17T00:26:30,8,7,G02;G10;G21;G26;G28;G31;G32,"{""PRODUCT-GPS-C1"": [""G10"", ""G26"", ""G28"", ""G31"", ""G32""], ""PRODUCT-GPS-C4"": [""G02"", ""G21""]}",2,5,4,G10;G26;G31;G32,0,0
r48u_20260914_JPLM_IF_float_fix1,JPLM,IF,float,2024-07-17T00:27:00,8,6,G02;G10;G21;G26;G28;G32,"{""PRODUCT-GPS-C0"": [""G10"", ""G26"", ""G28"", ""G32""], ""PRODUCT-GPS-C1"": [""G02"", ""G21""]}",2,4,3,G10;G26;G32,0,0
r48u_20260914_JPLM_IF_float_fix1,JPLM,IF,float,2024-07-17T00:27:30,8,6,G02;G10;G21;G26;G28;G32,"{""PRODUCT-GPS-C0"": [""G10"", ""G26"", ""G28"", ""G32""], ""PRODUCT-GPS-C1"": [""G02"", ""G21""]}",2,4,3,G10;G26;G32,0,0
r48u_20260914_JPLM_IF_float_fix1,JPLM,IF,float,2024-07-17T00:28:00,8,6,G02;G10;G21;G26;G28;G32,"{""PRODUCT-GPS-C0"": [""G10"", ""G26"", ""G28"", ""G32""], ""PRODUCT-GPS-C1"": [""G02"", ""G21""]}",2,4,3,G10;G26;G32,0,0
r48u_20260914_JPLM_IF_float_fix1,JPLM,IF,float,2024-07-17T00:28:30,8,7,G02;G10;G21;G26;G28;G31;G32,"{""PRODUCT-GPS-C0"": [""G10"", ""G26"", ""G28"", ""G31"", ""G32""], ""PRODUCT-GPS-C3"": [""G02"", ""G21""]}",2,5,4,G10;G26;G31;G32,0,0
r48u_20260914_JPLM_IF_float_fix1,JPLM,IF,float,2024-07-17T00:29:00,8,7,G02;G10;G21;G26;G28;G31;G32,"{""PRODUCT-GPS-C0"": [""G10"", ""G26"", ""G28"", ""G31"", ""G32""], ""PRODUCT-GPS-C3"": [""G02"", ""G21""]}",2,5,4,G10;G26;G31;G32,0,0
r48u_20260914_JPLM_IF_float_fix1,JPLM,IF,float,2024-07-17T00:29:30,8,7,G02;G10;G21;G26;G28;G31;G32,"{""PRODUCT-GPS-C0"": [""G10"", ""G26"", ""G28"", ""G31"", ""G32""], ""PRODUCT-GPS-C1"": [""G02"", ""G21""]}",2,5,4,G10;G26;G31;G32,0,0
r48u_20260914_JPLM_IF_float_fix1,JPLM,IF,float,2024-07-17T00:30:00,8,7,G02;G10;G21;G26;G28;G31;G32,"{""PRODUCT-GPS-C0"": [""G10"", ""G26"", ""G28"", ""G31"", ""G32""], ""PRODUCT-GPS-C1"": [""G02"", ""G21""]}",2,5,4,G10;G26;G31;G32,0,0
r48u_20260914_JPLM_IF_round_shadow_fix1,JPLM,IF,round_shadow,2024-07-17T00:03:00,7,0,,{},0,0,0,,0,0
r48u_20260914_JPLM_IF_round_shadow_fix1,JPLM,IF,round_shadow,2024-07-17T00:03:30,7,0,,{},0,0,0,,0,0
r48u_20260914_JPLM_IF_round_shadow_fix1,JPLM,IF,round_shadow,2024-07-17T00:04:00,7,0,,{},0,0,0,,0,0
r48u_20260914_JPLM_IF_round_shadow_fix1,JPLM,IF,round_shadow,2024-07-17T00:04:30,7,0,,{},0,0,0,,0,0
r48u_20260914_JPLM_IF_round_shadow_fix1,JPLM,IF,round_shadow,2024-07-17T00:05:00,7,0,,{},0,0,0,,0,0
r48u_20260914_JPLM_IF_round_shadow_fix1,JPLM,IF,round_shadow,2024-07-17T00:05:30,7,0,,{},0,0,0,,0,0
r48u_20260914_JPLM_IF_round_shadow_fix1,JPLM,IF,round_shadow,2024-07-17T00:06:00,7,0,,{},0,0,0,,0,0
r48u_20260914_JPLM_IF_round_shadow_fix1,JPLM,IF,round_shadow,2024-07-17T00:06:30,7,0,,{},0,0,0,,0,0
r48u_20260914_JPLM_IF_round_shadow_fix1,JPLM,IF,round_shadow,2024-07-17T00:07:00,7,0,,{},0,0,0,,0,0
r48u_20260914_JPLM_IF_round_shadow_fix1,JPLM,IF,round_shadow,2024-07-17T00:07:30,7,0,,{},0,0,0,,0,0
r48u_20260914_JPLM_IF_round_shadow_fix1,JPLM,IF,round_shadow,2024-07-17T00:08:00,7,0,,{},0,0,0,,0,0
r48u_20260914_JPLM_IF_round_shadow_fix1,JPLM,IF,round_shadow,2024-07-17T00:08:30,7,0,,{},0,0,0,,0,0
r48u_20260914_JPLM_IF_round_shadow_fix1,JPLM,IF,round_shadow,2024-07-17T00:09:00,7,0,,{},0,0,0,,0,0
r48u_20260914_JPLM_IF_round_shadow_fix1,JPLM,IF,round_shadow,2024-07-17T00:09:30,7,0,,{},0,0,0,,0,0
r48u_20260914_JPLM_IF_round_shadow_fix1,JPLM,IF,round_shadow,2024-07-17T00:10:00,7,2,G02;G21,"{""PRODUCT-GPS-C1"": [""G02"", ""G21""]}",1,1,1,G02,2,1
r48u_20260914_JPLM_IF_round_shadow_fix1,JPLM,IF,round_shadow,2024-07-17T00:10:30,7,2,G03;G32,"{""PRODUCT-GPS-C0"": [""G03""], ""PRODUCT-GPS-C1"": [""G32""]}",2,0,0,,0,0
r48u_20260914_JPLM_IF_round_shadow_fix1,JPLM,IF,round_shadow,2024-07-17T00:11:00,7,2,G02;G21,"{""PRODUCT-GPS-C1"": [""G02"", ""G21""]}",1,1,1,G02,2,1
r48u_20260914_JPLM_IF_round_shadow_fix1,JPLM,IF,round_shadow,2024-07-17T00:11:30,7,5,G02;G10;G21;G28;G31,"{""PRODUCT-GPS-C3"": [""G02"", ""G21""], ""PRODUCT-GPS-C4"": [""G10"", ""G28"", ""G31""]}",2,3,2,G10;G31,3,2
r48u_20260914_JPLM_IF_round_shadow_fix1,JPLM,IF,round_shadow,2024-07-17T00:12:00,7,5,G02;G10;G21;G28;G31,"{""PRODUCT-GPS-C3"": [""G02"", ""G21""], ""PRODUCT-GPS-C4"": [""G10"", ""G28"", ""G31""]}",2,3,2,G10;G31,3,2
r48u_20260914_JPLM_IF_round_shadow_fix1,JPLM,IF,round_shadow,2024-07-17T00:12:30,7,5,G02;G10;G21;G28;G31,"{""PRODUCT-GPS-C3"": [""G02"", ""G21""], ""PRODUCT-GPS-C4"": [""G10"", ""G28"", ""G31""]}",2,3,2,G10;G31,3,2
r48u_20260914_JPLM_IF_round_shadow_fix1,JPLM,IF,round_shadow,2024-07-17T00:13:00,7,5,G02;G10;G21;G28;G31,"{""PRODUCT-GPS-C3"": [""G02"", ""G21""], ""PRODUCT-GPS-C4"": [""G10"", ""G28"", ""G31""]}",2,3,2,G10;G31,3,2
r48u_20260914_JPLM_IF_round_shadow_fix1,JPLM,IF,round_shadow,2024-07-17T00:13:30,7,5,G02;G10;G21;G28;G31,"{""PRODUCT-GPS-C3"": [""G02"", ""G21""], ""PRODUCT-GPS-C4"": [""G10"", ""G28"", ""G31""]}",2,3,2,G10;G31,3,2
r48u_20260914_JPLM_IF_round_shadow_fix1,JPLM,IF,round_shadow,2024-07-17T00:14:00,7,5,G02;G10;G21;G28;G31,"{""PRODUCT-GPS-C3"": [""G02"", ""G21""], ""PRODUCT-GPS-C4"": [""G10"", ""G28"", ""G31""]}",2,3,2,G10;G31,3,2
r48u_20260914_JPLM_IF_round_shadow_fix1,JPLM,IF,round_shadow,2024-07-17T00:14:30,7,5,G02;G10;G21;G28;G31,"{""PRODUCT-GPS-C3"": [""G02"", ""G21""], ""PRODUCT-GPS-C4"": [""G10"", ""G28"", ""G31""]}",2,3,2,G10;G31,3,2
r48u_20260914_JPLM_IF_round_shadow_fix1,JPLM,IF,round_shadow,2024-07-17T00:15:00,7,5,G02;G10;G21;G28;G31,"{""PRODUCT-GPS-C3"": [""G02"", ""G21""], ""PRODUCT-GPS-C4"": [""G10"", ""G28"", ""G31""]}",2,3,2,G10;G31,3,2
r48u_20260914_JPLM_IF_round_shadow_fix1,JPLM,IF,round_shadow,2024-07-17T00:15:30,7,5,G02;G10;G21;G28;G31,"{""PRODUCT-GPS-C3"": [""G02"", ""G21""], ""PRODUCT-GPS-C4"": [""G10"", ""G28"", ""G31""]}",2,3,2,G10;G31,3,2
r48u_20260914_JPLM_IF_round_shadow_fix1,JPLM,IF,round_shadow,2024-07-17T00:16:00,7,5,G02;G10;G21;G28;G31,"{""PRODUCT-GPS-C3"": [""G02"", ""G21""], ""PRODUCT-GPS-C4"": [""G10"", ""G28"", ""G31""]}",2,3,2,G10;G31,3,2
r48u_20260914_JPLM_IF_round_shadow_fix1,JPLM,IF,round_shadow,2024-07-17T00:16:30,7,5,G02;G10;G21;G28;G31,"{""PRODUCT-GPS-C3"": [""G02"", ""G21""], ""PRODUCT-GPS-C4"": [""G10"", ""G28"", ""G31""]}",2,3,2,G10;G31,3,2
r48u_20260914_JPLM_IF_round_shadow_fix1,JPLM,IF,round_shadow,2024-07-17T00:17:00,7,7,G02;G03;G10;G21;G28;G31;G32,"{""PRODUCT-GPS-C0"": [""G02"", ""G03"", ""G21""], ""PRODUCT-GPS-C2"": [""G10"", ""G28"", ""G31"", ""G32""]}",2,5,3,G10;G31;G32,4,3
r48u_20260914_JPLM_IF_round_shadow_fix1,JPLM,IF,round_shadow,2024-07-17T00:17:30,7,7,G02;G03;G10;G21;G28;G31;G32,"{""PRODUCT-GPS-C0"": [""G02"", ""G03"", ""G21""], ""PRODUCT-GPS-C2"": [""G10"", ""G28"", ""G31"", ""G32""]}",2,5,3,G10;G31;G32,4,3
r48u_20260914_JPLM_IF_round_shadow_fix1,JPLM,IF,round_shadow,2024-07-17T00:18:00,7,7,G02;G03;G10;G21;G28;G31;G32,"{""PRODUCT-GPS-C0"": [""G02"", ""G03"", ""G21""], ""PRODUCT-GPS-C2"": [""G10"", ""G28"", ""G31"", ""G32""]}",2,5,3,G10;G31;G32,4,3
r48u_20260914_JPLM_IF_round_shadow_fix1,JPLM,IF,round_shadow,2024-07-17T00:18:30,7,7,G02;G03;G10;G21;G28;G31;G32,"{""PRODUCT-GPS-C0"": [""G02"", ""G03"", ""G21""], ""PRODUCT-GPS-C2"": [""G10"", ""G28"", ""G31"", ""G32""]}",2,5,3,G10;G31;G32,4,3
r48u_20260914_JPLM_IF_round_shadow_fix1,JPLM,IF,round_shadow,2024-07-17T00:19:00,8,8,G02;G03;G10;G21;G26;G28;G31;G32,"{""PRODUCT-GPS-C0"": [""G02"", ""G03"", ""G21""], ""PRODUCT-GPS-C2"": [""G10"", ""G26"", ""G28"", ""G31"", ""G32""]}",2,6,4,G10;G26;G31;G32,5,4
r48u_20260914_JPLM_IF_round_shadow_fix1,JPLM,IF,round_shadow,2024-07-17T00:19:30,8,8,G02;G03;G10;G21;G26;G28;G31;G32,"{""PRODUCT-GPS-C0"": [""G02"", ""G03"", ""G21""], ""PRODUCT-GPS-C2"": [""G10"", ""G26"", ""G28"", ""G31"", ""G32""]}",2,6,4,G10;G26;G31;G32,5,4
r48u_20260914_JPLM_IF_round_shadow_fix1,JPLM,IF,round_shadow,2024-07-17T00:20:00,8,7,G02;G10;G21;G26;G28;G31;G32,"{""PRODUCT-GPS-C1"": [""G10"", ""G26"", ""G28"", ""G31"", ""G32""], ""PRODUCT-GPS-C4"": [""G02"", ""G21""]}",2,5,4,G10;G26;G31;G32,5,4
r48u_20260914_JPLM_IF_round_shadow_fix1,JPLM,IF,round_shadow,2024-07-17T00:20:30,8,8,G02;G03;G10;G21;G26;G28;G31;G32,"{""PRODUCT-GPS-C0"": [""G02"", ""G03"", ""G21""], ""PRODUCT-GPS-C1"": [""G10"", ""G26"", ""G28"", ""G31"", ""G32""]}",2,6,4,G10;G26;G31;G32,5,4
r48u_20260914_JPLM_IF_round_shadow_fix1,JPLM,IF,round_shadow,2024-07-17T00:21:00,8,7,G02;G10;G21;G26;G28;G31;G32,"{""PRODUCT-GPS-C1"": [""G10"", ""G26"", ""G28"", ""G31"", ""G32""], ""PRODUCT-GPS-C4"": [""G02"", ""G21""]}",2,5,4,G10;G26;G31;G32,5,4
r48u_20260914_JPLM_IF_round_shadow_fix1,JPLM,IF,round_shadow,2024-07-17T00:21:30,8,8,G02;G03;G10;G21;G26;G28;G31;G32,"{""PRODUCT-GPS-C0"": [""G02"", ""G03"", ""G21""], ""PRODUCT-GPS-C1"": [""G10"", ""G26"", ""G28"", ""G31"", ""G32""]}",2,6,4,G10;G26;G31;G32,5,4
r48u_20260914_JPLM_IF_round_shadow_fix1,JPLM,IF,round_shadow,2024-07-17T00:22:00,8,8,G02;G03;G10;G21;G26;G28;G31;G32,"{""PRODUCT-GPS-C0"": [""G02"", ""G03"", ""G21""], ""PRODUCT-GPS-C1"": [""G10"", ""G26"", ""G28"", ""G31"", ""G32""]}",2,6,4,G10;G26;G31;G32,5,4
r48u_20260914_JPLM_IF_round_shadow_fix1,JPLM,IF,round_shadow,2024-07-17T00:22:30,8,8,G02;G03;G10;G21;G26;G28;G31;G32,"{""PRODUCT-GPS-C0"": [""G02"", ""G03"", ""G21""], ""PRODUCT-GPS-C1"": [""G10"", ""G26"", ""G28"", ""G31"", ""G32""]}",2,6,4,G10;G26;G31;G32,5,4
r48u_20260914_JPLM_IF_round_shadow_fix1,JPLM,IF,round_shadow,2024-07-17T00:23:00,8,8,G02;G03;G10;G21;G26;G28;G31;G32,"{""PRODUCT-GPS-C0"": [""G02"", ""G03"", ""G21""], ""PRODUCT-GPS-C1"": [""G10"", ""G26"", ""G28"", ""G31"", ""G32""]}",2,6,4,G10;G26;G31;G32,5,4
r48u_20260914_JPLM_IF_round_shadow_fix1,JPLM,IF,round_shadow,2024-07-17T00:23:30,7,7,G02;G03;G10;G21;G28;G31;G32,"{""PRODUCT-GPS-C0"": [""G02"", ""G03"", ""G21""], ""PRODUCT-GPS-C2"": [""G10"", ""G28"", ""G31"", ""G32""]}",2,5,3,G10;G31;G32,4,3
r48u_20260914_JPLM_IF_round_shadow_fix1,JPLM,IF,round_shadow,2024-07-17T00:24:00,8,8,G02;G03;G10;G21;G26;G28;G31;G32,"{""PRODUCT-GPS-C0"": [""G02"", ""G03"", ""G21""], ""PRODUCT-GPS-C2"": [""G10"", ""G26"", ""G28"", ""G31"", ""G32""]}",2,6,4,G10;G26;G31;G32,5,4
r48u_20260914_JPLM_IF_round_shadow_fix1,JPLM,IF,round_shadow,2024-07-17T00:24:30,8,8,G02;G03;G10;G21;G26;G28;G31;G32,"{""PRODUCT-GPS-C0"": [""G02"", ""G03"", ""G21""], ""PRODUCT-GPS-C2"": [""G10"", ""G26"", ""G28"", ""G31"", ""G32""]}",2,6,4,G10;G26;G31;G32,5,4
r48u_20260914_JPLM_IF_round_shadow_fix1,JPLM,IF,round_shadow,2024-07-17T00:25:00,8,8,G02;G03;G10;G21;G26;G28;G31;G32,"{""PRODUCT-GPS-C0"": [""G02"", ""G03"", ""G21""], ""PRODUCT-GPS-C2"": [""G10"", ""G26"", ""G28"", ""G31"", ""G32""]}",2,6,4,G10;G26;G31;G32,5,4
r48u_20260914_JPLM_IF_round_shadow_fix1,JPLM,IF,round_shadow,2024-07-17T00:25:30,8,6,G02;G10;G21;G26;G28;G31,"{""PRODUCT-GPS-C0"": [""G10"", ""G26"", ""G28"", ""G31""], ""PRODUCT-GPS-C1"": [""G02"", ""G21""]}",2,4,3,G10;G26;G31,4,3
r48u_20260914_JPLM_IF_round_shadow_fix1,JPLM,IF,round_shadow,2024-07-17T00:26:00,8,7,G02;G10;G21;G26;G28;G31;G32,"{""PRODUCT-GPS-C0"": [""G10"", ""G26"", ""G28"", ""G31"", ""G32""], ""PRODUCT-GPS-C1"": [""G02"", ""G21""]}",2,5,4,G10;G26;G31;G32,5,4
r48u_20260914_JPLM_IF_round_shadow_fix1,JPLM,IF,round_shadow,2024-07-17T00:26:30,8,7,G02;G10;G21;G26;G28;G31;G32,"{""PRODUCT-GPS-C1"": [""G10"", ""G26"", ""G28"", ""G31"", ""G32""], ""PRODUCT-GPS-C4"": [""G02"", ""G21""]}",2,5,4,G10;G26;G31;G32,5,4
r48u_20260914_JPLM_IF_round_shadow_fix1,JPLM,IF,round_shadow,2024-07-17T00:27:00,8,6,G02;G10;G21;G26;G28;G32,"{""PRODUCT-GPS-C0"": [""G10"", ""G26"", ""G28"", ""G32""], ""PRODUCT-GPS-C1"": [""G02"", ""G21""]}",2,4,3,G10;G26;G32,4,3
r48u_20260914_JPLM_IF_round_shadow_fix1,JPLM,IF,round_shadow,2024-07-17T00:27:30,8,6,G02;G10;G21;G26;G28;G32,"{""PRODUCT-GPS-C0"": [""G10"", ""G26"", ""G28"", ""G32""], ""PRODUCT-GPS-C1"": [""G02"", ""G21""]}",2,4,3,G10;G26;G32,4,3
r48u_20260914_JPLM_IF_round_shadow_fix1,JPLM,IF,round_shadow,2024-07-17T00:28:00,8,6,G02;G10;G21;G26;G28;G32,"{""PRODUCT-GPS-C0"": [""G10"", ""G26"", ""G28"", ""G32""], ""PRODUCT-GPS-C1"": [""G02"", ""G21""]}",2,4,3,G10;G26;G32,4,3
r48u_20260914_JPLM_IF_round_shadow_fix1,JPLM,IF,round_shadow,2024-07-17T00:28:30,8,7,G02;G10;G21;G26;G28;G31;G32,"{""PRODUCT-GPS-C0"": [""G10"", ""G26"", ""G28"", ""G31"", ""G32""], ""PRODUCT-GPS-C3"": [""G02"", ""G21""]}",2,5,4,G10;G26;G31;G32,5,4
r48u_20260914_JPLM_IF_round_shadow_fix1,JPLM,IF,round_shadow,2024-07-17T00:29:00,8,7,G02;G10;G21;G26;G28;G31;G32,"{""PRODUCT-GPS-C0"": [""G10"", ""G26"", ""G28"", ""G31"", ""G32""], ""PRODUCT-GPS-C3"": [""G02"", ""G21""]}",2,5,4,G10;G26;G31;G32,5,4
r48u_20260914_JPLM_IF_round_shadow_fix1,JPLM,IF,round_shadow,2024-07-17T00:29:30,8,7,G02;G10;G21;G26;G28;G31;G32,"{""PRODUCT-GPS-C0"": [""G10"", ""G26"", ""G28"", ""G31"", ""G32""], ""PRODUCT-GPS-C1"": [""G02"", ""G21""]}",2,5,4,G10;G26;G31;G32,5,4
r48u_20260914_JPLM_IF_round_shadow_fix1,JPLM,IF,round_shadow,2024-07-17T00:30:00,8,7,G02;G10;G21;G26;G28;G31;G32,"{""PRODUCT-GPS-C0"": [""G10"", ""G26"", ""G28"", ""G31"", ""G32""], ""PRODUCT-GPS-C1"": [""G02"", ""G21""]}",2,5,4,G10;G26;G31;G32,5,4
r48u_20260914_JPLM_IF_round_feedback_fix1,JPLM,IF,round_feedback,2024-07-17T00:03:00,7,0,,{},0,0,0,,0,0
r48u_20260914_JPLM_IF_round_feedback_fix1,JPLM,IF,round_feedback,2024-07-17T00:03:30,7,0,,{},0,0,0,,0,0
r48u_20260914_JPLM_IF_round_feedback_fix1,JPLM,IF,round_feedback,2024-07-17T00:04:00,7,0,,{},0,0,0,,0,0
r48u_20260914_JPLM_IF_round_feedback_fix1,JPLM,IF,round_feedback,2024-07-17T00:04:30,7,0,,{},0,0,0,,0,0
r48u_20260914_JPLM_IF_round_feedback_fix1,JPLM,IF,round_feedback,2024-07-17T00:05:00,7,0,,{},0,0,0,,0,0
r48u_20260914_JPLM_IF_round_feedback_fix1,JPLM,IF,round_feedback,2024-07-17T00:05:30,7,0,,{},0,0,0,,0,0
r48u_20260914_JPLM_IF_round_feedback_fix1,JPLM,IF,round_feedback,2024-07-17T00:06:00,7,0,,{},0,0,0,,0,0
r48u_20260914_JPLM_IF_round_feedback_fix1,JPLM,IF,round_feedback,2024-07-17T00:06:30,7,0,,{},0,0,0,,0,0
r48u_20260914_JPLM_IF_round_feedback_fix1,JPLM,IF,round_feedback,2024-07-17T00:07:00,7,0,,{},0,0,0,,0,0
r48u_20260914_JPLM_IF_round_feedback_fix1,JPLM,IF,round_feedback,2024-07-17T00:07:30,7,0,,{},0,0,0,,0,0
r48u_20260914_JPLM_IF_round_feedback_fix1,JPLM,IF,round_feedback,2024-07-17T00:08:00,7,0,,{},0,0,0,,0,0
r48u_20260914_JPLM_IF_round_feedback_fix1,JPLM,IF,round_feedback,2024-07-17T00:08:30,7,0,,{},0,0,0,,0,0
r48u_20260914_JPLM_IF_round_feedback_fix1,JPLM,IF,round_feedback,2024-07-17T00:09:00,7,0,,{},0,0,0,,0,0
r48u_20260914_JPLM_IF_round_feedback_fix1,JPLM,IF,round_feedback,2024-07-17T00:09:30,7,0,,{},0,0,0,,0,0
r48u_20260914_JPLM_IF_round_feedback_fix1,JPLM,IF,round_feedback,2024-07-17T00:10:00,7,2,G02;G21,"{""PRODUCT-GPS-C1"": [""G02"", ""G21""]}",1,1,1,G02,2,1
r48u_20260914_JPLM_IF_round_feedback_fix1,JPLM,IF,round_feedback,2024-07-17T00:10:30,7,2,G03;G32,"{""PRODUCT-GPS-C0"": [""G03""], ""PRODUCT-GPS-C1"": [""G32""]}",2,0,0,,0,0
r48u_20260914_JPLM_IF_round_feedback_fix1,JPLM,IF,round_feedback,2024-07-17T00:11:00,7,2,G02;G21,"{""PRODUCT-GPS-C1"": [""G02"", ""G21""]}",1,1,1,G02,2,1
r48u_20260914_JPLM_IF_round_feedback_fix1,JPLM,IF,round_feedback,2024-07-17T00:11:30,7,5,G02;G10;G21;G28;G31,"{""PRODUCT-GPS-C3"": [""G02"", ""G21""], ""PRODUCT-GPS-C4"": [""G10"", ""G28"", ""G31""]}",2,3,2,G10;G31,3,2
r48u_20260914_JPLM_IF_round_feedback_fix1,JPLM,IF,round_feedback,2024-07-17T00:12:00,7,5,G02;G10;G21;G28;G31,"{""PRODUCT-GPS-C3"": [""G02"", ""G21""], ""PRODUCT-GPS-C4"": [""G10"", ""G28"", ""G31""]}",2,3,2,G10;G31,3,2
r48u_20260914_JPLM_IF_round_feedback_fix1,JPLM,IF,round_feedback,2024-07-17T00:12:30,7,5,G02;G10;G21;G28;G31,"{""PRODUCT-GPS-C3"": [""G02"", ""G21""], ""PRODUCT-GPS-C4"": [""G10"", ""G28"", ""G31""]}",2,3,2,G10;G31,3,2
r48u_20260914_JPLM_IF_round_feedback_fix1,JPLM,IF,round_feedback,2024-07-17T00:13:00,7,5,G02;G10;G21;G28;G31,"{""PRODUCT-GPS-C3"": [""G02"", ""G21""], ""PRODUCT-GPS-C4"": [""G10"", ""G28"", ""G31""]}",2,3,2,G10;G31,3,2
r48u_20260914_JPLM_IF_round_feedback_fix1,JPLM,IF,round_feedback,2024-07-17T00:13:30,7,5,G02;G10;G21;G28;G31,"{""PRODUCT-GPS-C3"": [""G02"", ""G21""], ""PRODUCT-GPS-C4"": [""G10"", ""G28"", ""G31""]}",2,3,2,G10;G31,3,2
r48u_20260914_JPLM_IF_round_feedback_fix1,JPLM,IF,round_feedback,2024-07-17T00:14:00,7,5,G02;G10;G21;G28;G31,"{""PRODUCT-GPS-C3"": [""G02"", ""G21""], ""PRODUCT-GPS-C4"": [""G10"", ""G28"", ""G31""]}",2,3,2,G10;G31,3,2
r48u_20260914_JPLM_IF_round_feedback_fix1,JPLM,IF,round_feedback,2024-07-17T00:14:30,7,5,G02;G10;G21;G28;G31,"{""PRODUCT-GPS-C3"": [""G02"", ""G21""], ""PRODUCT-GPS-C4"": [""G10"", ""G28"", ""G31""]}",2,3,2,G10;G31,3,2
r48u_20260914_JPLM_IF_round_feedback_fix1,JPLM,IF,round_feedback,2024-07-17T00:15:00,7,5,G02;G10;G21;G28;G31,"{""PRODUCT-GPS-C3"": [""G02"", ""G21""], ""PRODUCT-GPS-C4"": [""G10"", ""G28"", ""G31""]}",2,3,2,G10;G31,3,2
r48u_20260914_JPLM_IF_round_feedback_fix1,JPLM,IF,round_feedback,2024-07-17T00:15:30,7,5,G02;G10;G21;G28;G31,"{""PRODUCT-GPS-C3"": [""G02"", ""G21""], ""PRODUCT-GPS-C4"": [""G10"", ""G28"", ""G31""]}",2,3,2,G10;G31,3,2
r48u_20260914_JPLM_IF_round_feedback_fix1,JPLM,IF,round_feedback,2024-07-17T00:16:00,7,5,G02;G10;G21;G28;G31,"{""PRODUCT-GPS-C3"": [""G02"", ""G21""], ""PRODUCT-GPS-C4"": [""G10"", ""G28"", ""G31""]}",2,3,2,G10;G31,3,2
r48u_20260914_JPLM_IF_round_feedback_fix1,JPLM,IF,round_feedback,2024-07-17T00:16:30,7,5,G02;G10;G21;G28;G31,"{""PRODUCT-GPS-C3"": [""G02"", ""G21""], ""PRODUCT-GPS-C4"": [""G10"", ""G28"", ""G31""]}",2,3,2,G10;G31,3,2
r48u_20260914_JPLM_IF_round_feedback_fix1,JPLM,IF,round_feedback,2024-07-17T00:17:00,7,7,G02;G03;G10;G21;G28;G31;G32,"{""PRODUCT-GPS-C0"": [""G02"", ""G03"", ""G21""], ""PRODUCT-GPS-C2"": [""G10"", ""G28"", ""G31"", ""G32""]}",2,5,3,G10;G31;G32,4,3
r48u_20260914_JPLM_IF_round_feedback_fix1,JPLM,IF,round_feedback,2024-07-17T00:17:30,7,7,G02;G03;G10;G21;G28;G31;G32,"{""PRODUCT-GPS-C0"": [""G02"", ""G03"", ""G21""], ""PRODUCT-GPS-C2"": [""G10"", ""G28"", ""G31"", ""G32""]}",2,5,3,G10;G31;G32,4,3
r48u_20260914_JPLM_IF_round_feedback_fix1,JPLM,IF,round_feedback,2024-07-17T00:18:00,7,7,G02;G03;G10;G21;G28;G31;G32,"{""PRODUCT-GPS-C0"": [""G02"", ""G03"", ""G21""], ""PRODUCT-GPS-C2"": [""G10"", ""G28"", ""G31"", ""G32""]}",2,5,3,G10;G31;G32,4,3
r48u_20260914_JPLM_IF_round_feedback_fix1,JPLM,IF,round_feedback,2024-07-17T00:18:30,7,7,G02;G03;G10;G21;G28;G31;G32,"{""PRODUCT-GPS-C0"": [""G02"", ""G03"", ""G21""], ""PRODUCT-GPS-C2"": [""G10"", ""G28"", ""G31"", ""G32""]}",2,5,3,G10;G31;G32,4,3
r48u_20260914_JPLM_IF_round_feedback_fix1,JPLM,IF,round_feedback,2024-07-17T00:19:00,8,8,G02;G03;G10;G21;G26;G28;G31;G32,"{""PRODUCT-GPS-C0"": [""G02"", ""G03"", ""G21""], ""PRODUCT-GPS-C2"": [""G10"", ""G26"", ""G28"", ""G31"", ""G32""]}",2,6,4,G10;G26;G31;G32,5,4
r48u_20260914_JPLM_IF_round_feedback_fix1,JPLM,IF,round_feedback,2024-07-17T00:19:30,8,8,G02;G03;G10;G21;G26;G28;G31;G32,"{""PRODUCT-GPS-C0"": [""G02"", ""G03"", ""G21""], ""PRODUCT-GPS-C2"": [""G10"", ""G26"", ""G28"", ""G31"", ""G32""]}",2,6,4,G10;G26;G31;G32,5,4
r48u_20260914_JPLM_IF_round_feedback_fix1,JPLM,IF,round_feedback,2024-07-17T00:20:00,8,7,G02;G10;G21;G26;G28;G31;G32,"{""PRODUCT-GPS-C1"": [""G10"", ""G26"", ""G28"", ""G31"", ""G32""], ""PRODUCT-GPS-C4"": [""G02"", ""G21""]}",2,5,4,G10;G26;G31;G32,5,4
r48u_20260914_JPLM_IF_round_feedback_fix1,JPLM,IF,round_feedback,2024-07-17T00:20:30,8,8,G02;G03;G10;G21;G26;G28;G31;G32,"{""PRODUCT-GPS-C0"": [""G02"", ""G03"", ""G21""], ""PRODUCT-GPS-C1"": [""G10"", ""G26"", ""G28"", ""G31"", ""G32""]}",2,6,4,G10;G26;G31;G32,5,4
r48u_20260914_JPLM_IF_round_feedback_fix1,JPLM,IF,round_feedback,2024-07-17T00:21:00,8,7,G02;G10;G21;G26;G28;G31;G32,"{""PRODUCT-GPS-C1"": [""G10"", ""G26"", ""G28"", ""G31"", ""G32""], ""PRODUCT-GPS-C4"": [""G02"", ""G21""]}",2,5,4,G10;G26;G31;G32,5,4
r48u_20260914_JPLM_IF_round_feedback_fix1,JPLM,IF,round_feedback,2024-07-17T00:21:30,8,8,G02;G03;G10;G21;G26;G28;G31;G32,"{""PRODUCT-GPS-C0"": [""G02"", ""G03"", ""G21""], ""PRODUCT-GPS-C1"": [""G10"", ""G26"", ""G28"", ""G31"", ""G32""]}",2,6,4,G10;G26;G31;G32,5,4
r48u_20260914_JPLM_IF_round_feedback_fix1,JPLM,IF,round_feedback,2024-07-17T00:22:00,8,8,G02;G03;G10;G21;G26;G28;G31;G32,"{""PRODUCT-GPS-C0"": [""G02"", ""G03"", ""G21""], ""PRODUCT-GPS-C1"": [""G10"", ""G26"", ""G28"", ""G31"", ""G32""]}",2,6,4,G10;G26;G31;G32,5,4
r48u_20260914_JPLM_IF_round_feedback_fix1,JPLM,IF,round_feedback,2024-07-17T00:22:30,8,8,G02;G03;G10;G21;G26;G28;G31;G32,"{""PRODUCT-GPS-C0"": [""G02"", ""G03"", ""G21""], ""PRODUCT-GPS-C1"": [""G10"", ""G26"", ""G28"", ""G31"", ""G32""]}",2,6,4,G10;G26;G31;G32,5,4
r48u_20260914_JPLM_IF_round_feedback_fix1,JPLM,IF,round_feedback,2024-07-17T00:23:00,8,8,G02;G03;G10;G21;G26;G28;G31;G32,"{""PRODUCT-GPS-C0"": [""G02"", ""G03"", ""G21""], ""PRODUCT-GPS-C1"": [""G10"", ""G26"", ""G28"", ""G31"", ""G32""]}",2,6,4,G10;G26;G31;G32,5,4
r48u_20260914_JPLM_IF_round_feedback_fix1,JPLM,IF,round_feedback,2024-07-17T00:23:30,7,7,G02;G03;G10;G21;G28;G31;G32,"{""PRODUCT-GPS-C0"": [""G02"", ""G03"", ""G21""], ""PRODUCT-GPS-C2"": [""G10"", ""G28"", ""G31"", ""G32""]}",2,5,3,G10;G31;G32,4,3
r48u_20260914_JPLM_IF_round_feedback_fix1,JPLM,IF,round_feedback,2024-07-17T00:24:00,8,8,G02;G03;G10;G21;G26;G28;G31;G32,"{""PRODUCT-GPS-C0"": [""G02"", ""G03"", ""G21""], ""PRODUCT-GPS-C2"": [""G10"", ""G26"", ""G28"", ""G31"", ""G32""]}",2,6,4,G10;G26;G31;G32,5,4
r48u_20260914_JPLM_IF_round_feedback_fix1,JPLM,IF,round_feedback,2024-07-17T00:24:30,8,8,G02;G03;G10;G21;G26;G28;G31;G32,"{""PRODUCT-GPS-C0"": [""G02"", ""G03"", ""G21""], ""PRODUCT-GPS-C2"": [""G10"", ""G26"", ""G28"", ""G31"", ""G32""]}",2,6,4,G10;G26;G31;G32,5,4
r48u_20260914_JPLM_IF_round_feedback_fix1,JPLM,IF,round_feedback,2024-07-17T00:25:00,8,8,G02;G03;G10;G21;G26;G28;G31;G32,"{""PRODUCT-GPS-C0"": [""G02"", ""G03"", ""G21""], ""PRODUCT-GPS-C2"": [""G10"", ""G26"", ""G28"", ""G31"", ""G32""]}",2,6,4,G10;G26;G31;G32,5,4
r48u_20260914_JPLM_IF_round_feedback_fix1,JPLM,IF,round_feedback,2024-07-17T00:25:30,8,6,G02;G10;G21;G26;G28;G31,"{""PRODUCT-GPS-C0"": [""G10"", ""G26"", ""G28"", ""G31""], ""PRODUCT-GPS-C1"": [""G02"", ""G21""]}",2,4,3,G10;G26;G31,4,3
r48u_20260914_JPLM_IF_round_feedback_fix1,JPLM,IF,round_feedback,2024-07-17T00:26:00,8,7,G02;G10;G21;G26;G28;G31;G32,"{""PRODUCT-GPS-C0"": [""G10"", ""G26"", ""G28"", ""G31"", ""G32""], ""PRODUCT-GPS-C1"": [""G02"", ""G21""]}",2,5,4,G10;G26;G31;G32,5,4
r48u_20260914_JPLM_IF_round_feedback_fix1,JPLM,IF,round_feedback,2024-07-17T00:26:30,8,7,G02;G10;G21;G26;G28;G31;G32,"{""PRODUCT-GPS-C1"": [""G10"", ""G26"", ""G28"", ""G31"", ""G32""], ""PRODUCT-GPS-C4"": [""G02"", ""G21""]}",2,5,4,G10;G26;G31;G32,5,4
r48u_20260914_JPLM_IF_round_feedback_fix1,JPLM,IF,round_feedback,2024-07-17T00:27:00,8,6,G02;G10;G21;G26;G28;G32,"{""PRODUCT-GPS-C0"": [""G10"", ""G26"", ""G28"", ""G32""], ""PRODUCT-GPS-C1"": [""G02"", ""G21""]}",2,4,3,G10;G26;G32,4,3
r48u_20260914_JPLM_IF_round_feedback_fix1,JPLM,IF,round_feedback,2024-07-17T00:27:30,8,6,G02;G10;G21;G26;G28;G32,"{""PRODUCT-GPS-C0"": [""G10"", ""G26"", ""G28"", ""G32""], ""PRODUCT-GPS-C1"": [""G02"", ""G21""]}",2,4,3,G10;G26;G32,4,3
r48u_20260914_JPLM_IF_round_feedback_fix1,JPLM,IF,round_feedback,2024-07-17T00:28:00,8,6,G02;G10;G21;G26;G28;G32,"{""PRODUCT-GPS-C0"": [""G10"", ""G26"", ""G28"", ""G32""], ""PRODUCT-GPS-C1"": [""G02"", ""G21""]}",2,4,3,G10;G26;G32,4,3
r48u_20260914_JPLM_IF_round_feedback_fix1,JPLM,IF,round_feedback,2024-07-17T00:28:30,8,7,G02;G10;G21;G26;G28;G31;G32,"{""PRODUCT-GPS-C0"": [""G10"", ""G26"", ""G28"", ""G31"", ""G32""], ""PRODUCT-GPS-C3"": [""G02"", ""G21""]}",2,5,4,G10;G26;G31;G32,5,4
r48u_20260914_JPLM_IF_round_feedback_fix1,JPLM,IF,round_feedback,2024-07-17T00:29:00,8,7,G02;G10;G21;G26;G28;G31;G32,"{""PRODUCT-GPS-C0"": [""G10"", ""G26"", ""G28"", ""G31"", ""G32""], ""PRODUCT-GPS-C3"": [""G02"", ""G21""]}",2,5,4,G10;G26;G31;G32,5,4
r48u_20260914_JPLM_IF_round_feedback_fix1,JPLM,IF,round_feedback,2024-07-17T00:29:30,8,7,G02;G10;G21;G26;G28;G31;G32,"{""PRODUCT-GPS-C0"": [""G10"", ""G26"", ""G28"", ""G31"", ""G32""], ""PRODUCT-GPS-C1"": [""G02"", ""G21""]}",2,5,4,G10;G26;G31;G32,5,4
r48u_20260914_JPLM_IF_round_feedback_fix1,JPLM,IF,round_feedback,2024-07-17T00:30:00,8,7,G02;G10;G21;G26;G28;G31;G32,"{""PRODUCT-GPS-C0"": [""G10"", ""G26"", ""G28"", ""G31"", ""G32""], ""PRODUCT-GPS-C1"": [""G02"", ""G21""]}",2,5,4,G10;G26;G31;G32,5,4
r48u_20260914_JPLM_IF_ils_shadow_fix1,JPLM,IF,ils_shadow,2024-07-17T00:03:00,7,0,,{},0,0,0,,0,0
r48u_20260914_JPLM_IF_ils_shadow_fix1,JPLM,IF,ils_shadow,2024-07-17T00:03:30,7,0,,{},0,0,0,,0,0
r48u_20260914_JPLM_IF_ils_shadow_fix1,JPLM,IF,ils_shadow,2024-07-17T00:04:00,7,0,,{},0,0,0,,0,0
r48u_20260914_JPLM_IF_ils_shadow_fix1,JPLM,IF,ils_shadow,2024-07-17T00:04:30,7,0,,{},0,0,0,,0,0
r48u_20260914_JPLM_IF_ils_shadow_fix1,JPLM,IF,ils_shadow,2024-07-17T00:05:00,7,0,,{},0,0,0,,0,0
r48u_20260914_JPLM_IF_ils_shadow_fix1,JPLM,IF,ils_shadow,2024-07-17T00:05:30,7,0,,{},0,0,0,,0,0
r48u_20260914_JPLM_IF_ils_shadow_fix1,JPLM,IF,ils_shadow,2024-07-17T00:06:00,7,0,,{},0,0,0,,0,0
r48u_20260914_JPLM_IF_ils_shadow_fix1,JPLM,IF,ils_shadow,2024-07-17T00:06:30,7,0,,{},0,0,0,,0,0
r48u_20260914_JPLM_IF_ils_shadow_fix1,JPLM,IF,ils_shadow,2024-07-17T00:07:00,7,0,,{},0,0,0,,0,0
r48u_20260914_JPLM_IF_ils_shadow_fix1,JPLM,IF,ils_shadow,2024-07-17T00:07:30,7,0,,{},0,0,0,,0,0
r48u_20260914_JPLM_IF_ils_shadow_fix1,JPLM,IF,ils_shadow,2024-07-17T00:08:00,7,0,,{},0,0,0,,0,0
r48u_20260914_JPLM_IF_ils_shadow_fix1,JPLM,IF,ils_shadow,2024-07-17T00:08:30,7,0,,{},0,0,0,,0,0
r48u_20260914_JPLM_IF_ils_shadow_fix1,JPLM,IF,ils_shadow,2024-07-17T00:09:00,7,0,,{},0,0,0,,0,0
r48u_20260914_JPLM_IF_ils_shadow_fix1,JPLM,IF,ils_shadow,2024-07-17T00:09:30,7,0,,{},0,0,0,,0,0
r48u_20260914_JPLM_IF_ils_shadow_fix1,JPLM,IF,ils_shadow,2024-07-17T00:10:00,7,2,G02;G21,"{""PRODUCT-GPS-C1"": [""G02"", ""G21""]}",1,1,1,G02,2,1
r48u_20260914_JPLM_IF_ils_shadow_fix1,JPLM,IF,ils_shadow,2024-07-17T00:10:30,7,2,G03;G32,"{""PRODUCT-GPS-C0"": [""G03""], ""PRODUCT-GPS-C1"": [""G32""]}",2,0,0,,0,0
r48u_20260914_JPLM_IF_ils_shadow_fix1,JPLM,IF,ils_shadow,2024-07-17T00:11:00,7,2,G02;G21,"{""PRODUCT-GPS-C1"": [""G02"", ""G21""]}",1,1,1,G02,2,1
r48u_20260914_JPLM_IF_ils_shadow_fix1,JPLM,IF,ils_shadow,2024-07-17T00:11:30,7,5,G02;G10;G21;G28;G31,"{""PRODUCT-GPS-C3"": [""G02"", ""G21""], ""PRODUCT-GPS-C4"": [""G10"", ""G28"", ""G31""]}",2,3,2,G10;G31,3,2
r48u_20260914_JPLM_IF_ils_shadow_fix1,JPLM,IF,ils_shadow,2024-07-17T00:12:00,7,5,G02;G10;G21;G28;G31,"{""PRODUCT-GPS-C3"": [""G02"", ""G21""], ""PRODUCT-GPS-C4"": [""G10"", ""G28"", ""G31""]}",2,3,2,G10;G31,3,2
r48u_20260914_JPLM_IF_ils_shadow_fix1,JPLM,IF,ils_shadow,2024-07-17T00:12:30,7,5,G02;G10;G21;G28;G31,"{""PRODUCT-GPS-C3"": [""G02"", ""G21""], ""PRODUCT-GPS-C4"": [""G10"", ""G28"", ""G31""]}",2,3,2,G10;G31,3,2
r48u_20260914_JPLM_IF_ils_shadow_fix1,JPLM,IF,ils_shadow,2024-07-17T00:13:00,7,5,G02;G10;G21;G28;G31,"{""PRODUCT-GPS-C3"": [""G02"", ""G21""], ""PRODUCT-GPS-C4"": [""G10"", ""G28"", ""G31""]}",2,3,2,G10;G31,3,2
r48u_20260914_JPLM_IF_ils_shadow_fix1,JPLM,IF,ils_shadow,2024-07-17T00:13:30,7,5,G02;G10;G21;G28;G31,"{""PRODUCT-GPS-C3"": [""G02"", ""G21""], ""PRODUCT-GPS-C4"": [""G10"", ""G28"", ""G31""]}",2,3,2,G10;G31,3,2
r48u_20260914_JPLM_IF_ils_shadow_fix1,JPLM,IF,ils_shadow,2024-07-17T00:14:00,7,5,G02;G10;G21;G28;G31,"{""PRODUCT-GPS-C3"": [""G02"", ""G21""], ""PRODUCT-GPS-C4"": [""G10"", ""G28"", ""G31""]}",2,3,2,G10;G31,3,2
r48u_20260914_JPLM_IF_ils_shadow_fix1,JPLM,IF,ils_shadow,2024-07-17T00:14:30,7,5,G02;G10;G21;G28;G31,"{""PRODUCT-GPS-C3"": [""G02"", ""G21""], ""PRODUCT-GPS-C4"": [""G10"", ""G28"", ""G31""]}",2,3,2,G10;G31,3,2
r48u_20260914_JPLM_IF_ils_shadow_fix1,JPLM,IF,ils_shadow,2024-07-17T00:15:00,7,5,G02;G10;G21;G28;G31,"{""PRODUCT-GPS-C3"": [""G02"", ""G21""], ""PRODUCT-GPS-C4"": [""G10"", ""G28"", ""G31""]}",2,3,2,G10;G31,3,2
r48u_20260914_JPLM_IF_ils_shadow_fix1,JPLM,IF,ils_shadow,2024-07-17T00:15:30,7,5,G02;G10;G21;G28;G31,"{""PRODUCT-GPS-C3"": [""G02"", ""G21""], ""PRODUCT-GPS-C4"": [""G10"", ""G28"", ""G31""]}",2,3,2,G10;G31,3,2
r48u_20260914_JPLM_IF_ils_shadow_fix1,JPLM,IF,ils_shadow,2024-07-17T00:16:00,7,5,G02;G10;G21;G28;G31,"{""PRODUCT-GPS-C3"": [""G02"", ""G21""], ""PRODUCT-GPS-C4"": [""G10"", ""G28"", ""G31""]}",2,3,2,G10;G31,3,2
r48u_20260914_JPLM_IF_ils_shadow_fix1,JPLM,IF,ils_shadow,2024-07-17T00:16:30,7,5,G02;G10;G21;G28;G31,"{""PRODUCT-GPS-C3"": [""G02"", ""G21""], ""PRODUCT-GPS-C4"": [""G10"", ""G28"", ""G31""]}",2,3,2,G10;G31,3,2
r48u_20260914_JPLM_IF_ils_shadow_fix1,JPLM,IF,ils_shadow,2024-07-17T00:17:00,7,7,G02;G03;G10;G21;G28;G31;G32,"{""PRODUCT-GPS-C0"": [""G02"", ""G03"", ""G21""], ""PRODUCT-GPS-C2"": [""G10"", ""G28"", ""G31"", ""G32""]}",2,5,3,G10;G31;G32,4,3
r48u_20260914_JPLM_IF_ils_shadow_fix1,JPLM,IF,ils_shadow,2024-07-17T00:17:30,7,7,G02;G03;G10;G21;G28;G31;G32,"{""PRODUCT-GPS-C0"": [""G02"", ""G03"", ""G21""], ""PRODUCT-GPS-C2"": [""G10"", ""G28"", ""G31"", ""G32""]}",2,5,3,G10;G31;G32,4,3
r48u_20260914_JPLM_IF_ils_shadow_fix1,JPLM,IF,ils_shadow,2024-07-17T00:18:00,7,7,G02;G03;G10;G21;G28;G31;G32,"{""PRODUCT-GPS-C0"": [""G02"", ""G03"", ""G21""], ""PRODUCT-GPS-C2"": [""G10"", ""G28"", ""G31"", ""G32""]}",2,5,3,G10;G31;G32,4,3
r48u_20260914_JPLM_IF_ils_shadow_fix1,JPLM,IF,ils_shadow,2024-07-17T00:18:30,7,7,G02;G03;G10;G21;G28;G31;G32,"{""PRODUCT-GPS-C0"": [""G02"", ""G03"", ""G21""], ""PRODUCT-GPS-C2"": [""G10"", ""G28"", ""G31"", ""G32""]}",2,5,3,G10;G31;G32,4,3
r48u_20260914_JPLM_IF_ils_shadow_fix1,JPLM,IF,ils_shadow,2024-07-17T00:19:00,8,8,G02;G03;G10;G21;G26;G28;G31;G32,"{""PRODUCT-GPS-C0"": [""G02"", ""G03"", ""G21""], ""PRODUCT-GPS-C2"": [""G10"", ""G26"", ""G28"", ""G31"", ""G32""]}",2,6,4,G10;G26;G31;G32,5,4
r48u_20260914_JPLM_IF_ils_shadow_fix1,JPLM,IF,ils_shadow,2024-07-17T00:19:30,8,8,G02;G03;G10;G21;G26;G28;G31;G32,"{""PRODUCT-GPS-C0"": [""G02"", ""G03"", ""G21""], ""PRODUCT-GPS-C2"": [""G10"", ""G26"", ""G28"", ""G31"", ""G32""]}",2,6,4,G10;G26;G31;G32,5,4
r48u_20260914_JPLM_IF_ils_shadow_fix1,JPLM,IF,ils_shadow,2024-07-17T00:20:00,8,7,G02;G10;G21;G26;G28;G31;G32,"{""PRODUCT-GPS-C1"": [""G10"", ""G26"", ""G28"", ""G31"", ""G32""], ""PRODUCT-GPS-C4"": [""G02"", ""G21""]}",2,5,4,G10;G26;G31;G32,5,4
r48u_20260914_JPLM_IF_ils_shadow_fix1,JPLM,IF,ils_shadow,2024-07-17T00:20:30,8,8,G02;G03;G10;G21;G26;G28;G31;G32,"{""PRODUCT-GPS-C0"": [""G02"", ""G03"", ""G21""], ""PRODUCT-GPS-C1"": [""G10"", ""G26"", ""G28"", ""G31"", ""G32""]}",2,6,4,G10;G26;G31;G32,5,4
r48u_20260914_JPLM_IF_ils_shadow_fix1,JPLM,IF,ils_shadow,2024-07-17T00:21:00,8,7,G02;G10;G21;G26;G28;G31;G32,"{""PRODUCT-GPS-C1"": [""G10"", ""G26"", ""G28"", ""G31"", ""G32""], ""PRODUCT-GPS-C4"": [""G02"", ""G21""]}",2,5,4,G10;G26;G31;G32,5,4
r48u_20260914_JPLM_IF_ils_shadow_fix1,JPLM,IF,ils_shadow,2024-07-17T00:21:30,8,8,G02;G03;G10;G21;G26;G28;G31;G32,"{""PRODUCT-GPS-C0"": [""G02"", ""G03"", ""G21""], ""PRODUCT-GPS-C1"": [""G10"", ""G26"", ""G28"", ""G31"", ""G32""]}",2,6,4,G10;G26;G31;G32,5,4
r48u_20260914_JPLM_IF_ils_shadow_fix1,JPLM,IF,ils_shadow,2024-07-17T00:22:00,8,8,G02;G03;G10;G21;G26;G28;G31;G32,"{""PRODUCT-GPS-C0"": [""G02"", ""G03"", ""G21""], ""PRODUCT-GPS-C1"": [""G10"", ""G26"", ""G28"", ""G31"", ""G32""]}",2,6,4,G10;G26;G31;G32,5,4
r48u_20260914_JPLM_IF_ils_shadow_fix1,JPLM,IF,ils_shadow,2024-07-17T00:22:30,8,8,G02;G03;G10;G21;G26;G28;G31;G32,"{""PRODUCT-GPS-C0"": [""G02"", ""G03"", ""G21""], ""PRODUCT-GPS-C1"": [""G10"", ""G26"", ""G28"", ""G31"", ""G32""]}",2,6,4,G10;G26;G31;G32,5,4
r48u_20260914_JPLM_IF_ils_shadow_fix1,JPLM,IF,ils_shadow,2024-07-17T00:23:00,8,8,G02;G03;G10;G21;G26;G28;G31;G32,"{""PRODUCT-GPS-C0"": [""G02"", ""G03"", ""G21""], ""PRODUCT-GPS-C1"": [""G10"", ""G26"", ""G28"", ""G31"", ""G32""]}",2,6,4,G10;G26;G31;G32,5,4
r48u_20260914_JPLM_IF_ils_shadow_fix1,JPLM,IF,ils_shadow,2024-07-17T00:23:30,7,7,G02;G03;G10;G21;G28;G31;G32,"{""PRODUCT-GPS-C0"": [""G02"", ""G03"", ""G21""], ""PRODUCT-GPS-C2"": [""G10"", ""G28"", ""G31"", ""G32""]}",2,5,3,G10;G31;G32,4,3
r48u_20260914_JPLM_IF_ils_shadow_fix1,JPLM,IF,ils_shadow,2024-07-17T00:24:00,8,8,G02;G03;G10;G21;G26;G28;G31;G32,"{""PRODUCT-GPS-C0"": [""G02"", ""G03"", ""G21""], ""PRODUCT-GPS-C2"": [""G10"", ""G26"", ""G28"", ""G31"", ""G32""]}",2,6,4,G10;G26;G31;G32,5,4
r48u_20260914_JPLM_IF_ils_shadow_fix1,JPLM,IF,ils_shadow,2024-07-17T00:24:30,8,8,G02;G03;G10;G21;G26;G28;G31;G32,"{""PRODUCT-GPS-C0"": [""G02"", ""G03"", ""G21""], ""PRODUCT-GPS-C2"": [""G10"", ""G26"", ""G28"", ""G31"", ""G32""]}",2,6,4,G10;G26;G31;G32,5,4
r48u_20260914_JPLM_IF_ils_shadow_fix1,JPLM,IF,ils_shadow,2024-07-17T00:25:00,8,8,G02;G03;G10;G21;G26;G28;G31;G32,"{""PRODUCT-GPS-C0"": [""G02"", ""G03"", ""G21""], ""PRODUCT-GPS-C2"": [""G10"", ""G26"", ""G28"", ""G31"", ""G32""]}",2,6,4,G10;G26;G31;G32,5,4
r48u_20260914_JPLM_IF_ils_shadow_fix1,JPLM,IF,ils_shadow,2024-07-17T00:25:30,8,6,G02;G10;G21;G26;G28;G31,"{""PRODUCT-GPS-C0"": [""G10"", ""G26"", ""G28"", ""G31""], ""PRODUCT-GPS-C1"": [""G02"", ""G21""]}",2,4,3,G10;G26;G31,4,3
r48u_20260914_JPLM_IF_ils_shadow_fix1,JPLM,IF,ils_shadow,2024-07-17T00:26:00,8,7,G02;G10;G21;G26;G28;G31;G32,"{""PRODUCT-GPS-C0"": [""G10"", ""G26"", ""G28"", ""G31"", ""G32""], ""PRODUCT-GPS-C1"": [""G02"", ""G21""]}",2,5,4,G10;G26;G31;G32,5,4
r48u_20260914_JPLM_IF_ils_shadow_fix1,JPLM,IF,ils_shadow,2024-07-17T00:26:30,8,7,G02;G10;G21;G26;G28;G31;G32,"{""PRODUCT-GPS-C1"": [""G10"", ""G26"", ""G28"", ""G31"", ""G32""], ""PRODUCT-GPS-C4"": [""G02"", ""G21""]}",2,5,4,G10;G26;G31;G32,5,4
r48u_20260914_JPLM_IF_ils_shadow_fix1,JPLM,IF,ils_shadow,2024-07-17T00:27:00,8,6,G02;G10;G21;G26;G28;G32,"{""PRODUCT-GPS-C0"": [""G10"", ""G26"", ""G28"", ""G32""], ""PRODUCT-GPS-C1"": [""G02"", ""G21""]}",2,4,3,G10;G26;G32,4,3
r48u_20260914_JPLM_IF_ils_shadow_fix1,JPLM,IF,ils_shadow,2024-07-17T00:27:30,8,6,G02;G10;G21;G26;G28;G32,"{""PRODUCT-GPS-C0"": [""G10"", ""G26"", ""G28"", ""G32""], ""PRODUCT-GPS-C1"": [""G02"", ""G21""]}",2,4,3,G10;G26;G32,4,3
r48u_20260914_JPLM_IF_ils_shadow_fix1,JPLM,IF,ils_shadow,2024-07-17T00:28:00,8,6,G02;G10;G21;G26;G28;G32,"{""PRODUCT-GPS-C0"": [""G10"", ""G26"", ""G28"", ""G32""], ""PRODUCT-GPS-C1"": [""G02"", ""G21""]}",2,4,3,G10;G26;G32,4,3
r48u_20260914_JPLM_IF_ils_shadow_fix1,JPLM,IF,ils_shadow,2024-07-17T00:28:30,8,7,G02;G10;G21;G26;G28;G31;G32,"{""PRODUCT-GPS-C0"": [""G10"", ""G26"", ""G28"", ""G31"", ""G32""], ""PRODUCT-GPS-C3"": [""G02"", ""G21""]}",2,5,4,G10;G26;G31;G32,5,4
r48u_20260914_JPLM_IF_ils_shadow_fix1,JPLM,IF,ils_shadow,2024-07-17T00:29:00,8,7,G02;G10;G21;G26;G28;G31;G32,"{""PRODUCT-GPS-C0"": [""G10"", ""G26"", ""G28"", ""G31"", ""G32""], ""PRODUCT-GPS-C3"": [""G02"", ""G21""]}",2,5,4,G10;G26;G31;G32,5,4
r48u_20260914_JPLM_IF_ils_shadow_fix1,JPLM,IF,ils_shadow,2024-07-17T00:29:30,8,7,G02;G10;G21;G26;G28;G31;G32,"{""PRODUCT-GPS-C0"": [""G10"", ""G26"", ""G28"", ""G31"", ""G32""], ""PRODUCT-GPS-C1"": [""G02"", ""G21""]}",2,5,4,G10;G26;G31;G32,5,4
r48u_20260914_JPLM_IF_ils_shadow_fix1,JPLM,IF,ils_shadow,2024-07-17T00:30:00,8,7,G02;G10;G21;G26;G28;G31;G32,"{""PRODUCT-GPS-C0"": [""G10"", ""G26"", ""G28"", ""G31"", ""G32""], ""PRODUCT-GPS-C1"": [""G02"", ""G21""]}",2,5,4,G10;G26;G31;G32,5,4
r48u_20260914_JPLM_IF_ils_feedback_fix1,JPLM,IF,ils_feedback,2024-07-17T00:03:00,7,0,,{},0,0,0,,0,0
r48u_20260914_JPLM_IF_ils_feedback_fix1,JPLM,IF,ils_feedback,2024-07-17T00:03:30,7,0,,{},0,0,0,,0,0
r48u_20260914_JPLM_IF_ils_feedback_fix1,JPLM,IF,ils_feedback,2024-07-17T00:04:00,7,0,,{},0,0,0,,0,0
r48u_20260914_JPLM_IF_ils_feedback_fix1,JPLM,IF,ils_feedback,2024-07-17T00:04:30,7,0,,{},0,0,0,,0,0
r48u_20260914_JPLM_IF_ils_feedback_fix1,JPLM,IF,ils_feedback,2024-07-17T00:05:00,7,0,,{},0,0,0,,0,0
r48u_20260914_JPLM_IF_ils_feedback_fix1,JPLM,IF,ils_feedback,2024-07-17T00:05:30,7,0,,{},0,0,0,,0,0
r48u_20260914_JPLM_IF_ils_feedback_fix1,JPLM,IF,ils_feedback,2024-07-17T00:06:00,7,0,,{},0,0,0,,0,0
r48u_20260914_JPLM_IF_ils_feedback_fix1,JPLM,IF,ils_feedback,2024-07-17T00:06:30,7,0,,{},0,0,0,,0,0
r48u_20260914_JPLM_IF_ils_feedback_fix1,JPLM,IF,ils_feedback,2024-07-17T00:07:00,7,0,,{},0,0,0,,0,0
r48u_20260914_JPLM_IF_ils_feedback_fix1,JPLM,IF,ils_feedback,2024-07-17T00:07:30,7,0,,{},0,0,0,,0,0
r48u_20260914_JPLM_IF_ils_feedback_fix1,JPLM,IF,ils_feedback,2024-07-17T00:08:00,7,0,,{},0,0,0,,0,0
r48u_20260914_JPLM_IF_ils_feedback_fix1,JPLM,IF,ils_feedback,2024-07-17T00:08:30,7,0,,{},0,0,0,,0,0
r48u_20260914_JPLM_IF_ils_feedback_fix1,JPLM,IF,ils_feedback,2024-07-17T00:09:00,7,0,,{},0,0,0,,0,0
r48u_20260914_JPLM_IF_ils_feedback_fix1,JPLM,IF,ils_feedback,2024-07-17T00:09:30,7,0,,{},0,0,0,,0,0
r48u_20260914_JPLM_IF_ils_feedback_fix1,JPLM,IF,ils_feedback,2024-07-17T00:10:00,7,2,G02;G21,"{""PRODUCT-GPS-C1"": [""G02"", ""G21""]}",1,1,1,G02,2,1
r48u_20260914_JPLM_IF_ils_feedback_fix1,JPLM,IF,ils_feedback,2024-07-17T00:10:30,7,2,G03;G32,"{""PRODUCT-GPS-C0"": [""G03""], ""PRODUCT-GPS-C1"": [""G32""]}",2,0,0,,0,0
r48u_20260914_JPLM_IF_ils_feedback_fix1,JPLM,IF,ils_feedback,2024-07-17T00:11:00,7,2,G02;G21,"{""PRODUCT-GPS-C1"": [""G02"", ""G21""]}",1,1,1,G02,2,1
r48u_20260914_JPLM_IF_ils_feedback_fix1,JPLM,IF,ils_feedback,2024-07-17T00:11:30,7,5,G02;G10;G21;G28;G31,"{""PRODUCT-GPS-C3"": [""G02"", ""G21""], ""PRODUCT-GPS-C4"": [""G10"", ""G28"", ""G31""]}",2,3,2,G10;G31,3,2
r48u_20260914_JPLM_IF_ils_feedback_fix1,JPLM,IF,ils_feedback,2024-07-17T00:12:00,7,5,G02;G10;G21;G28;G31,"{""PRODUCT-GPS-C3"": [""G02"", ""G21""], ""PRODUCT-GPS-C4"": [""G10"", ""G28"", ""G31""]}",2,3,2,G10;G31,3,2
r48u_20260914_JPLM_IF_ils_feedback_fix1,JPLM,IF,ils_feedback,2024-07-17T00:12:30,7,5,G02;G10;G21;G28;G31,"{""PRODUCT-GPS-C3"": [""G02"", ""G21""], ""PRODUCT-GPS-C4"": [""G10"", ""G28"", ""G31""]}",2,3,2,G10;G31,3,2
r48u_20260914_JPLM_IF_ils_feedback_fix1,JPLM,IF,ils_feedback,2024-07-17T00:13:00,7,5,G02;G10;G21;G28;G31,"{""PRODUCT-GPS-C3"": [""G02"", ""G21""], ""PRODUCT-GPS-C4"": [""G10"", ""G28"", ""G31""]}",2,3,2,G10;G31,3,2
r48u_20260914_JPLM_IF_ils_feedback_fix1,JPLM,IF,ils_feedback,2024-07-17T00:13:30,7,5,G02;G10;G21;G28;G31,"{""PRODUCT-GPS-C3"": [""G02"", ""G21""], ""PRODUCT-GPS-C4"": [""G10"", ""G28"", ""G31""]}",2,3,2,G10;G31,3,2
r48u_20260914_JPLM_IF_ils_feedback_fix1,JPLM,IF,ils_feedback,2024-07-17T00:14:00,7,5,G02;G10;G21;G28;G31,"{""PRODUCT-GPS-C3"": [""G02"", ""G21""], ""PRODUCT-GPS-C4"": [""G10"", ""G28"", ""G31""]}",2,3,2,G10;G31,3,2
r48u_20260914_JPLM_IF_ils_feedback_fix1,JPLM,IF,ils_feedback,2024-07-17T00:14:30,7,5,G02;G10;G21;G28;G31,"{""PRODUCT-GPS-C3"": [""G02"", ""G21""], ""PRODUCT-GPS-C4"": [""G10"", ""G28"", ""G31""]}",2,3,2,G10;G31,3,2
r48u_20260914_JPLM_IF_ils_feedback_fix1,JPLM,IF,ils_feedback,2024-07-17T00:15:00,7,5,G02;G10;G21;G28;G31,"{""PRODUCT-GPS-C3"": [""G02"", ""G21""], ""PRODUCT-GPS-C4"": [""G10"", ""G28"", ""G31""]}",2,3,2,G10;G31,3,2
r48u_20260914_JPLM_IF_ils_feedback_fix1,JPLM,IF,ils_feedback,2024-07-17T00:15:30,7,5,G02;G10;G21;G28;G31,"{""PRODUCT-GPS-C3"": [""G02"", ""G21""], ""PRODUCT-GPS-C4"": [""G10"", ""G28"", ""G31""]}",2,3,2,G10;G31,3,2
r48u_20260914_JPLM_IF_ils_feedback_fix1,JPLM,IF,ils_feedback,2024-07-17T00:16:00,7,5,G02;G10;G21;G28;G31,"{""PRODUCT-GPS-C3"": [""G02"", ""G21""], ""PRODUCT-GPS-C4"": [""G10"", ""G28"", ""G31""]}",2,3,2,G10;G31,3,2
r48u_20260914_JPLM_IF_ils_feedback_fix1,JPLM,IF,ils_feedback,2024-07-17T00:16:30,7,5,G02;G10;G21;G28;G31,"{""PRODUCT-GPS-C3"": [""G02"", ""G21""], ""PRODUCT-GPS-C4"": [""G10"", ""G28"", ""G31""]}",2,3,2,G10;G31,3,2
r48u_20260914_JPLM_IF_ils_feedback_fix1,JPLM,IF,ils_feedback,2024-07-17T00:17:00,7,7,G02;G03;G10;G21;G28;G31;G32,"{""PRODUCT-GPS-C0"": [""G02"", ""G03"", ""G21""], ""PRODUCT-GPS-C2"": [""G10"", ""G28"", ""G31"", ""G32""]}",2,5,3,G10;G31;G32,4,3
r48u_20260914_JPLM_IF_ils_feedback_fix1,JPLM,IF,ils_feedback,2024-07-17T00:17:30,7,7,G02;G03;G10;G21;G28;G31;G32,"{""PRODUCT-GPS-C0"": [""G02"", ""G03"", ""G21""], ""PRODUCT-GPS-C2"": [""G10"", ""G28"", ""G31"", ""G32""]}",2,5,3,G10;G31;G32,4,3
r48u_20260914_JPLM_IF_ils_feedback_fix1,JPLM,IF,ils_feedback,2024-07-17T00:18:00,7,7,G02;G03;G10;G21;G28;G31;G32,"{""PRODUCT-GPS-C0"": [""G02"", ""G03"", ""G21""], ""PRODUCT-GPS-C2"": [""G10"", ""G28"", ""G31"", ""G32""]}",2,5,3,G10;G31;G32,4,3
r48u_20260914_JPLM_IF_ils_feedback_fix1,JPLM,IF,ils_feedback,2024-07-17T00:18:30,7,7,G02;G03;G10;G21;G28;G31;G32,"{""PRODUCT-GPS-C0"": [""G02"", ""G03"", ""G21""], ""PRODUCT-GPS-C2"": [""G10"", ""G28"", ""G31"", ""G32""]}",2,5,3,G10;G31;G32,4,3
r48u_20260914_JPLM_IF_ils_feedback_fix1,JPLM,IF,ils_feedback,2024-07-17T00:19:00,8,8,G02;G03;G10;G21;G26;G28;G31;G32,"{""PRODUCT-GPS-C0"": [""G02"", ""G03"", ""G21""], ""PRODUCT-GPS-C2"": [""G10"", ""G26"", ""G28"", ""G31"", ""G32""]}",2,6,4,G10;G26;G31;G32,5,4
r48u_20260914_JPLM_IF_ils_feedback_fix1,JPLM,IF,ils_feedback,2024-07-17T00:19:30,8,8,G02;G03;G10;G21;G26;G28;G31;G32,"{""PRODUCT-GPS-C0"": [""G02"", ""G03"", ""G21""], ""PRODUCT-GPS-C2"": [""G10"", ""G26"", ""G28"", ""G31"", ""G32""]}",2,6,4,G10;G26;G31;G32,5,4
r48u_20260914_JPLM_IF_ils_feedback_fix1,JPLM,IF,ils_feedback,2024-07-17T00:20:00,8,7,G02;G10;G21;G26;G28;G31;G32,"{""PRODUCT-GPS-C1"": [""G10"", ""G26"", ""G28"", ""G31"", ""G32""], ""PRODUCT-GPS-C4"": [""G02"", ""G21""]}",2,5,4,G10;G26;G31;G32,5,4
r48u_20260914_JPLM_IF_ils_feedback_fix1,JPLM,IF,ils_feedback,2024-07-17T00:20:30,8,8,G02;G03;G10;G21;G26;G28;G31;G32,"{""PRODUCT-GPS-C0"": [""G02"", ""G03"", ""G21""], ""PRODUCT-GPS-C1"": [""G10"", ""G26"", ""G28"", ""G31"", ""G32""]}",2,6,4,G10;G26;G31;G32,5,4
r48u_20260914_JPLM_IF_ils_feedback_fix1,JPLM,IF,ils_feedback,2024-07-17T00:21:00,8,7,G02;G10;G21;G26;G28;G31;G32,"{""PRODUCT-GPS-C1"": [""G10"", ""G26"", ""G28"", ""G31"", ""G32""], ""PRODUCT-GPS-C4"": [""G02"", ""G21""]}",2,5,4,G10;G26;G31;G32,5,4
r48u_20260914_JPLM_IF_ils_feedback_fix1,JPLM,IF,ils_feedback,2024-07-17T00:21:30,8,8,G02;G03;G10;G21;G26;G28;G31;G32,"{""PRODUCT-GPS-C0"": [""G02"", ""G03"", ""G21""], ""PRODUCT-GPS-C1"": [""G10"", ""G26"", ""G28"", ""G31"", ""G32""]}",2,6,4,G10;G26;G31;G32,5,4
r48u_20260914_JPLM_IF_ils_feedback_fix1,JPLM,IF,ils_feedback,2024-07-17T00:22:00,8,8,G02;G03;G10;G21;G26;G28;G31;G32,"{""PRODUCT-GPS-C0"": [""G02"", ""G03"", ""G21""], ""PRODUCT-GPS-C1"": [""G10"", ""G26"", ""G28"", ""G31"", ""G32""]}",2,6,4,G10;G26;G31;G32,5,4
r48u_20260914_JPLM_IF_ils_feedback_fix1,JPLM,IF,ils_feedback,2024-07-17T00:22:30,8,8,G02;G03;G10;G21;G26;G28;G31;G32,"{""PRODUCT-GPS-C0"": [""G02"", ""G03"", ""G21""], ""PRODUCT-GPS-C1"": [""G10"", ""G26"", ""G28"", ""G31"", ""G32""]}",2,6,4,G10;G26;G31;G32,5,4
r48u_20260914_JPLM_IF_ils_feedback_fix1,JPLM,IF,ils_feedback,2024-07-17T00:23:00,8,8,G02;G03;G10;G21;G26;G28;G31;G32,"{""PRODUCT-GPS-C0"": [""G02"", ""G03"", ""G21""], ""PRODUCT-GPS-C1"": [""G10"", ""G26"", ""G28"", ""G31"", ""G32""]}",2,6,4,G10;G26;G31;G32,5,4
r48u_20260914_JPLM_IF_ils_feedback_fix1,JPLM,IF,ils_feedback,2024-07-17T00:23:30,7,7,G02;G03;G10;G21;G28;G31;G32,"{""PRODUCT-GPS-C0"": [""G02"", ""G03"", ""G21""], ""PRODUCT-GPS-C2"": [""G10"", ""G28"", ""G31"", ""G32""]}",2,5,3,G10;G31;G32,4,3
r48u_20260914_JPLM_IF_ils_feedback_fix1,JPLM,IF,ils_feedback,2024-07-17T00:24:00,8,8,G02;G03;G10;G21;G26;G28;G31;G32,"{""PRODUCT-GPS-C0"": [""G02"", ""G03"", ""G21""], ""PRODUCT-GPS-C2"": [""G10"", ""G26"", ""G28"", ""G31"", ""G32""]}",2,6,4,G10;G26;G31;G32,5,4
r48u_20260914_JPLM_IF_ils_feedback_fix1,JPLM,IF,ils_feedback,2024-07-17T00:24:30,8,8,G02;G03;G10;G21;G26;G28;G31;G32,"{""PRODUCT-GPS-C0"": [""G02"", ""G03"", ""G21""], ""PRODUCT-GPS-C2"": [""G10"", ""G26"", ""G28"", ""G31"", ""G32""]}",2,6,4,G10;G26;G31;G32,5,4
r48u_20260914_JPLM_IF_ils_feedback_fix1,JPLM,IF,ils_feedback,2024-07-17T00:25:00,8,8,G02;G03;G10;G21;G26;G28;G31;G32,"{""PRODUCT-GPS-C0"": [""G02"", ""G03"", ""G21""], ""PRODUCT-GPS-C2"": [""G10"", ""G26"", ""G28"", ""G31"", ""G32""]}",2,6,4,G10;G26;G31;G32,5,4
r48u_20260914_JPLM_IF_ils_feedback_fix1,JPLM,IF,ils_feedback,2024-07-17T00:25:30,8,6,G02;G10;G21;G26;G28;G31,"{""PRODUCT-GPS-C0"": [""G10"", ""G26"", ""G28"", ""G31""], ""PRODUCT-GPS-C1"": [""G02"", ""G21""]}",2,4,3,G10;G26;G31,4,3
r48u_20260914_JPLM_IF_ils_feedback_fix1,JPLM,IF,ils_feedback,2024-07-17T00:26:00,8,7,G02;G10;G21;G26;G28;G31;G32,"{""PRODUCT-GPS-C0"": [""G10"", ""G26"", ""G28"", ""G31"", ""G32""], ""PRODUCT-GPS-C1"": [""G02"", ""G21""]}",2,5,4,G10;G26;G31;G32,5,4
r48u_20260914_JPLM_IF_ils_feedback_fix1,JPLM,IF,ils_feedback,2024-07-17T00:26:30,8,7,G02;G10;G21;G26;G28;G31;G32,"{""PRODUCT-GPS-C1"": [""G10"", ""G26"", ""G28"", ""G31"", ""G32""], ""PRODUCT-GPS-C4"": [""G02"", ""G21""]}",2,5,4,G10;G26;G31;G32,5,4
r48u_20260914_JPLM_IF_ils_feedback_fix1,JPLM,IF,ils_feedback,2024-07-17T00:27:00,8,6,G02;G10;G21;G26;G28;G32,"{""PRODUCT-GPS-C0"": [""G10"", ""G26"", ""G28"", ""G32""], ""PRODUCT-GPS-C1"": [""G02"", ""G21""]}",2,4,3,G10;G26;G32,4,3
r48u_20260914_JPLM_IF_ils_feedback_fix1,JPLM,IF,ils_feedback,2024-07-17T00:27:30,8,6,G02;G10;G21;G26;G28;G32,"{""PRODUCT-GPS-C0"": [""G10"", ""G26"", ""G28"", ""G32""], ""PRODUCT-GPS-C1"": [""G02"", ""G21""]}",2,4,3,G10;G26;G32,4,3
r48u_20260914_JPLM_IF_ils_feedback_fix1,JPLM,IF,ils_feedback,2024-07-17T00:28:00,8,6,G02;G10;G21;G26;G28;G32,"{""PRODUCT-GPS-C0"": [""G10"", ""G26"", ""G28"", ""G32""], ""PRODUCT-GPS-C1"": [""G02"", ""G21""]}",2,4,3,G10;G26;G32,4,3
r48u_20260914_JPLM_IF_ils_feedback_fix1,JPLM,IF,ils_feedback,2024-07-17T00:28:30,8,7,G02;G10;G21;G26;G28;G31;G32,"{""PRODUCT-GPS-C0"": [""G10"", ""G26"", ""G28"", ""G31"", ""G32""], ""PRODUCT-GPS-C3"": [""G02"", ""G21""]}",2,5,4,G10;G26;G31;G32,5,4
r48u_20260914_JPLM_IF_ils_feedback_fix1,JPLM,IF,ils_feedback,2024-07-17T00:29:00,8,7,G02;G10;G21;G26;G28;G31;G32,"{""PRODUCT-GPS-C0"": [""G10"", ""G26"", ""G28"", ""G31"", ""G32""], ""PRODUCT-GPS-C3"": [""G02"", ""G21""]}",2,5,4,G10;G26;G31;G32,5,4
r48u_20260914_JPLM_IF_ils_feedback_fix1,JPLM,IF,ils_feedback,2024-07-17T00:29:30,8,7,G02;G10;G21;G26;G28;G31;G32,"{""PRODUCT-GPS-C0"": [""G10"", ""G26"", ""G28"", ""G31"", ""G32""], ""PRODUCT-GPS-C1"": [""G02"", ""G21""]}",2,5,4,G10;G26;G31;G32,5,4
r48u_20260914_JPLM_IF_ils_feedback_fix1,JPLM,IF,ils_feedback,2024-07-17T00:30:00,8,7,G02;G10;G21;G26;G28;G31;G32,"{""PRODUCT-GPS-C0"": [""G10"", ""G26"", ""G28"", ""G31"", ""G32""], ""PRODUCT-GPS-C1"": [""G02"", ""G21""]}",2,5,4,G10;G26;G31;G32,5,4
r48u_20260914_DYNG_UDUC_float_fix1,DYNG,UDUC,float,2024-07-17T00:03:00,8,0,,{},0,0,0,,0,0
r48u_20260914_DYNG_UDUC_float_fix1,DYNG,UDUC,float,2024-07-17T00:03:30,7,0,,{},0,0,0,,0,0
r48u_20260914_DYNG_UDUC_float_fix1,DYNG,UDUC,float,2024-07-17T00:04:00,6,0,,{},0,0,0,,0,0
r48u_20260914_DYNG_UDUC_float_fix1,DYNG,UDUC,float,2024-07-17T00:04:30,7,0,,{},0,0,0,,0,0
r48u_20260914_DYNG_UDUC_float_fix1,DYNG,UDUC,float,2024-07-17T00:05:00,7,0,,{},0,0,0,,0,0
r48u_20260914_DYNG_UDUC_float_fix1,DYNG,UDUC,float,2024-07-17T00:05:30,7,0,,{},0,0,0,,0,0
r48u_20260914_DYNG_UDUC_float_fix1,DYNG,UDUC,float,2024-07-17T00:06:00,7,0,,{},0,0,0,,0,0
r48u_20260914_DYNG_UDUC_float_fix1,DYNG,UDUC,float,2024-07-17T00:06:30,6,0,,{},0,0,0,,0,0
r48u_20260914_DYNG_UDUC_float_fix1,DYNG,UDUC,float,2024-07-17T00:07:00,7,0,,{},0,0,0,,0,0
r48u_20260914_DYNG_UDUC_float_fix1,DYNG,UDUC,float,2024-07-17T00:07:30,7,0,,{},0,0,0,,0,0
r48u_20260914_DYNG_UDUC_float_fix1,DYNG,UDUC,float,2024-07-17T00:08:00,6,0,,{},0,0,0,,0,0
r48u_20260914_DYNG_UDUC_float_fix1,DYNG,UDUC,float,2024-07-17T00:08:30,7,0,,{},0,0,0,,0,0
r48u_20260914_DYNG_UDUC_float_fix1,DYNG,UDUC,float,2024-07-17T00:09:00,7,0,,{},0,0,0,,0,0
r48u_20260914_DYNG_UDUC_float_fix1,DYNG,UDUC,float,2024-07-17T00:09:30,7,0,,{},0,0,0,,0,0
r48u_20260914_DYNG_UDUC_float_fix1,DYNG,UDUC,float,2024-07-17T00:10:00,7,0,,{},0,0,0,,0,0
r48u_20260914_DYNG_UDUC_float_fix1,DYNG,UDUC,float,2024-07-17T00:10:30,7,6,G06;G12;G19;G24;G25;G32,"{""PRODUCT-GPS-C1"": [""G06"", ""G12"", ""G19"", ""G24"", ""G25"", ""G32""]}",1,5,5,G06;G12;G19;G25;G32,0,0
r48u_20260914_DYNG_UDUC_float_fix1,DYNG,UDUC,float,2024-07-17T00:11:00,7,0,,{},0,0,0,,0,0
r48u_20260914_DYNG_UDUC_float_fix1,DYNG,UDUC,float,2024-07-17T00:11:30,7,1,G11,"{""PRODUCT-GPS-C0"": [""G11""]}",1,0,0,,0,0
r48u_20260914_DYNG_UDUC_float_fix1,DYNG,UDUC,float,2024-07-17T00:12:00,7,1,G11,"{""PRODUCT-GPS-C0"": [""G11""]}",1,0,0,,0,0
r48u_20260914_DYNG_UDUC_float_fix1,DYNG,UDUC,float,2024-07-17T00:12:30,6,0,,{},0,0,0,,0,0
r48u_20260914_DYNG_UDUC_float_fix1,DYNG,UDUC,float,2024-07-17T00:13:00,7,1,G11,"{""PRODUCT-GPS-C0"": [""G11""]}",1,0,0,,0,0
r48u_20260914_DYNG_UDUC_float_fix1,DYNG,UDUC,float,2024-07-17T00:13:30,7,1,G11,"{""PRODUCT-GPS-C0"": [""G11""]}",1,0,0,,0,0
r48u_20260914_DYNG_UDUC_float_fix1,DYNG,UDUC,float,2024-07-17T00:14:00,7,1,G11,"{""PRODUCT-GPS-C0"": [""G11""]}",1,0,0,,0,0
r48u_20260914_DYNG_UDUC_float_fix1,DYNG,UDUC,float,2024-07-17T00:14:30,7,1,G11,"{""PRODUCT-GPS-C0"": [""G11""]}",1,0,0,,0,0
r48u_20260914_DYNG_UDUC_float_fix1,DYNG,UDUC,float,2024-07-17T00:15:00,7,1,G11,"{""PRODUCT-GPS-C0"": [""G11""]}",1,0,0,,0,0
r48u_20260914_DYNG_UDUC_float_fix1,DYNG,UDUC,float,2024-07-17T00:15:30,7,1,G11,"{""PRODUCT-GPS-C0"": [""G11""]}",1,0,0,,0,0
r48u_20260914_DYNG_UDUC_float_fix1,DYNG,UDUC,float,2024-07-17T00:16:00,7,1,G11,"{""PRODUCT-GPS-C0"": [""G11""]}",1,0,0,,0,0
r48u_20260914_DYNG_UDUC_float_fix1,DYNG,UDUC,float,2024-07-17T00:16:30,7,1,G11,"{""PRODUCT-GPS-C0"": [""G11""]}",1,0,0,,0,0
r48u_20260914_DYNG_UDUC_float_fix1,DYNG,UDUC,float,2024-07-17T00:17:00,7,7,G06;G11;G12;G19;G24;G25;G32,"{""PRODUCT-GPS-C1"": [""G11""], ""PRODUCT-GPS-C2"": [""G06"", ""G12"", ""G19"", ""G24"", ""G25"", ""G32""]}",2,5,5,G06;G12;G19;G25;G32,0,0
r48u_20260914_DYNG_UDUC_float_fix1,DYNG,UDUC,float,2024-07-17T00:17:30,7,7,G06;G11;G12;G19;G24;G25;G32,"{""PRODUCT-GPS-C1"": [""G11""], ""PRODUCT-GPS-C2"": [""G06"", ""G12"", ""G19"", ""G24"", ""G25"", ""G32""]}",2,5,5,G06;G12;G19;G25;G32,0,0
r48u_20260914_DYNG_UDUC_float_fix1,DYNG,UDUC,float,2024-07-17T00:18:00,7,7,G06;G11;G12;G19;G24;G25;G32,"{""PRODUCT-GPS-C1"": [""G11""], ""PRODUCT-GPS-C2"": [""G06"", ""G12"", ""G19"", ""G24"", ""G25"", ""G32""]}",2,5,5,G06;G12;G19;G25;G32,0,0
r48u_20260914_DYNG_UDUC_float_fix1,DYNG,UDUC,float,2024-07-17T00:18:30,7,7,G06;G11;G12;G19;G24;G25;G32,"{""PRODUCT-GPS-C1"": [""G11""], ""PRODUCT-GPS-C2"": [""G06"", ""G12"", ""G19"", ""G24"", ""G25"", ""G32""]}",2,5,5,G06;G12;G19;G25;G32,0,0
r48u_20260914_DYNG_UDUC_float_fix1,DYNG,UDUC,float,2024-07-17T00:19:00,7,7,G06;G11;G12;G19;G24;G25;G32,"{""PRODUCT-GPS-C1"": [""G11""], ""PRODUCT-GPS-C2"": [""G06"", ""G12"", ""G19"", ""G24"", ""G25"", ""G32""]}",2,5,5,G06;G12;G19;G25;G32,0,0
r48u_20260914_DYNG_UDUC_float_fix1,DYNG,UDUC,float,2024-07-17T00:19:30,7,7,G06;G11;G12;G19;G24;G25;G32,"{""PRODUCT-GPS-C1"": [""G11""], ""PRODUCT-GPS-C2"": [""G06"", ""G12"", ""G19"", ""G24"", ""G25"", ""G32""]}",2,5,5,G06;G12;G19;G25;G32,0,0
r48u_20260914_DYNG_UDUC_float_fix1,DYNG,UDUC,float,2024-07-17T00:20:00,7,7,G06;G11;G12;G19;G24;G25;G32,"{""PRODUCT-GPS-C0"": [""G11""], ""PRODUCT-GPS-C1"": [""G06"", ""G12"", ""G19"", ""G24"", ""G25"", ""G32""]}",2,5,5,G06;G12;G19;G25;G32,0,0
r48u_20260914_DYNG_UDUC_float_fix1,DYNG,UDUC,float,2024-07-17T00:20:30,7,7,G06;G11;G12;G19;G24;G25;G32,"{""PRODUCT-GPS-C1"": [""G06"", ""G11"", ""G12"", ""G19"", ""G24"", ""G25"", ""G32""]}",1,6,6,G06;G11;G12;G19;G25;G32,0,0
r48u_20260914_DYNG_UDUC_float_fix1,DYNG,UDUC,float,2024-07-17T00:21:00,7,7,G06;G11;G12;G19;G24;G25;G32,"{""PRODUCT-GPS-C0"": [""G11""], ""PRODUCT-GPS-C1"": [""G06"", ""G12"", ""G19"", ""G24"", ""G25"", ""G32""]}",2,5,5,G06;G12;G19;G25;G32,0,0
r48u_20260914_DYNG_UDUC_float_fix1,DYNG,UDUC,float,2024-07-17T00:21:30,7,7,G06;G11;G12;G19;G24;G25;G32,"{""PRODUCT-GPS-C1"": [""G06"", ""G11"", ""G12"", ""G19"", ""G24"", ""G25"", ""G32""]}",1,6,6,G06;G11;G12;G19;G25;G32,0,0
r48u_20260914_DYNG_UDUC_float_fix1,DYNG,UDUC,float,2024-07-17T00:22:00,7,7,G06;G11;G12;G19;G24;G25;G32,"{""PRODUCT-GPS-C1"": [""G06"", ""G11"", ""G12"", ""G19"", ""G24"", ""G25"", ""G32""]}",1,6,6,G06;G11;G12;G19;G25;G32,0,0
r48u_20260914_DYNG_UDUC_float_fix1,DYNG,UDUC,float,2024-07-17T00:22:30,7,7,G06;G11;G12;G19;G24;G25;G32,"{""PRODUCT-GPS-C1"": [""G06"", ""G11"", ""G12"", ""G19"", ""G24"", ""G25"", ""G32""]}",1,6,6,G06;G11;G12;G19;G25;G32,0,0
r48u_20260914_DYNG_UDUC_float_fix1,DYNG,UDUC,float,2024-07-17T00:23:00,7,7,G06;G11;G12;G19;G24;G25;G32,"{""PRODUCT-GPS-C1"": [""G06"", ""G11"", ""G12"", ""G19"", ""G24"", ""G25"", ""G32""]}",1,6,6,G06;G11;G12;G19;G25;G32,0,0
r48u_20260914_DYNG_UDUC_float_fix1,DYNG,UDUC,float,2024-07-17T00:23:30,7,7,G06;G11;G12;G19;G24;G25;G32,"{""PRODUCT-GPS-C1"": [""G11""], ""PRODUCT-GPS-C2"": [""G06"", ""G12"", ""G19"", ""G24"", ""G25"", ""G32""]}",2,5,5,G06;G12;G19;G25;G32,0,0
r48u_20260914_DYNG_UDUC_float_fix1,DYNG,UDUC,float,2024-07-17T00:24:00,7,7,G06;G11;G12;G19;G24;G25;G32,"{""PRODUCT-GPS-C1"": [""G11""], ""PRODUCT-GPS-C2"": [""G06"", ""G12"", ""G19"", ""G24"", ""G25"", ""G32""]}",2,5,5,G06;G12;G19;G25;G32,0,0
r48u_20260914_DYNG_UDUC_float_fix1,DYNG,UDUC,float,2024-07-17T00:24:30,7,7,G06;G11;G12;G19;G24;G25;G32,"{""PRODUCT-GPS-C1"": [""G11""], ""PRODUCT-GPS-C2"": [""G06"", ""G12"", ""G19"", ""G24"", ""G25"", ""G32""]}",2,5,5,G06;G12;G19;G25;G32,0,0
r48u_20260914_DYNG_UDUC_float_fix1,DYNG,UDUC,float,2024-07-17T00:25:00,7,7,G06;G11;G12;G19;G24;G25;G32,"{""PRODUCT-GPS-C1"": [""G11""], ""PRODUCT-GPS-C2"": [""G06"", ""G12"", ""G19"", ""G24"", ""G25"", ""G32""]}",2,5,5,G06;G12;G19;G25;G32,0,0
r48u_20260914_DYNG_UDUC_float_fix1,DYNG,UDUC,float,2024-07-17T00:25:30,7,1,G11,"{""PRODUCT-GPS-C0"": [""G11""]}",1,0,0,,0,0
r48u_20260914_DYNG_UDUC_float_fix1,DYNG,UDUC,float,2024-07-17T00:26:00,7,6,G06;G12;G19;G24;G25;G32,"{""PRODUCT-GPS-C0"": [""G06"", ""G12"", ""G19"", ""G24"", ""G25"", ""G32""]}",1,5,5,G06;G12;G19;G25;G32,0,0
r48u_20260914_DYNG_UDUC_float_fix1,DYNG,UDUC,float,2024-07-17T00:26:30,7,7,G06;G11;G12;G19;G24;G25;G32,"{""PRODUCT-GPS-C0"": [""G11""], ""PRODUCT-GPS-C1"": [""G06"", ""G12"", ""G19"", ""G24"", ""G25"", ""G32""]}",2,5,5,G06;G12;G19;G25;G32,0,0
r48u_20260914_DYNG_UDUC_float_fix1,DYNG,UDUC,float,2024-07-17T00:27:00,7,7,G06;G11;G12;G19;G24;G25;G32,"{""PRODUCT-GPS-C0"": [""G06"", ""G11"", ""G12"", ""G19"", ""G24"", ""G25"", ""G32""]}",1,6,6,G06;G11;G12;G19;G25;G32,0,0
r48u_20260914_DYNG_UDUC_float_fix1,DYNG,UDUC,float,2024-07-17T00:27:30,7,7,G06;G11;G12;G19;G24;G25;G32,"{""PRODUCT-GPS-C0"": [""G06"", ""G11"", ""G12"", ""G19"", ""G24"", ""G25"", ""G32""]}",1,6,6,G06;G11;G12;G19;G25;G32,0,0
r48u_20260914_DYNG_UDUC_float_fix1,DYNG,UDUC,float,2024-07-17T00:28:00,7,7,G06;G11;G12;G19;G24;G25;G32,"{""PRODUCT-GPS-C0"": [""G06"", ""G11"", ""G12"", ""G19"", ""G24"", ""G25"", ""G32""]}",1,6,6,G06;G11;G12;G19;G25;G32,0,0
r48u_20260914_DYNG_UDUC_float_fix1,DYNG,UDUC,float,2024-07-17T00:28:30,7,7,G06;G11;G12;G19;G24;G25;G32,"{""PRODUCT-GPS-C0"": [""G06"", ""G11"", ""G12"", ""G19"", ""G24"", ""G25"", ""G32""]}",1,6,6,G06;G11;G12;G19;G25;G32,0,0
r48u_20260914_DYNG_UDUC_float_fix1,DYNG,UDUC,float,2024-07-17T00:29:00,7,7,G06;G11;G12;G19;G24;G25;G32,"{""PRODUCT-GPS-C0"": [""G06"", ""G11"", ""G12"", ""G19"", ""G24"", ""G25"", ""G32""]}",1,6,6,G06;G11;G12;G19;G25;G32,0,0
r48u_20260914_DYNG_UDUC_float_fix1,DYNG,UDUC,float,2024-07-17T00:29:30,7,7,G06;G11;G12;G19;G24;G25;G32,"{""PRODUCT-GPS-C0"": [""G06"", ""G11"", ""G12"", ""G19"", ""G24"", ""G25"", ""G32""]}",1,6,6,G06;G11;G12;G19;G25;G32,0,0
r48u_20260914_DYNG_UDUC_float_fix1,DYNG,UDUC,float,2024-07-17T00:30:00,7,7,G06;G11;G12;G19;G24;G25;G32,"{""PRODUCT-GPS-C0"": [""G06"", ""G11"", ""G12"", ""G19"", ""G24"", ""G25"", ""G32""]}",1,6,6,G06;G11;G12;G19;G25;G32,0,0
r48u_20260914_DYNG_UDUC_round_shadow_fix1,DYNG,UDUC,round_shadow,2024-07-17T00:03:00,8,0,,{},0,0,0,,0,0
r48u_20260914_DYNG_UDUC_round_shadow_fix1,DYNG,UDUC,round_shadow,2024-07-17T00:03:30,7,0,,{},0,0,0,,0,0
r48u_20260914_DYNG_UDUC_round_shadow_fix1,DYNG,UDUC,round_shadow,2024-07-17T00:04:00,6,0,,{},0,0,0,,0,0
r48u_20260914_DYNG_UDUC_round_shadow_fix1,DYNG,UDUC,round_shadow,2024-07-17T00:04:30,7,0,,{},0,0,0,,0,0
r48u_20260914_DYNG_UDUC_round_shadow_fix1,DYNG,UDUC,round_shadow,2024-07-17T00:05:00,7,0,,{},0,0,0,,0,0
r48u_20260914_DYNG_UDUC_round_shadow_fix1,DYNG,UDUC,round_shadow,2024-07-17T00:05:30,7,0,,{},0,0,0,,0,0
r48u_20260914_DYNG_UDUC_round_shadow_fix1,DYNG,UDUC,round_shadow,2024-07-17T00:06:00,7,0,,{},0,0,0,,0,0
r48u_20260914_DYNG_UDUC_round_shadow_fix1,DYNG,UDUC,round_shadow,2024-07-17T00:06:30,6,0,,{},0,0,0,,0,0
r48u_20260914_DYNG_UDUC_round_shadow_fix1,DYNG,UDUC,round_shadow,2024-07-17T00:07:00,7,0,,{},0,0,0,,0,0
r48u_20260914_DYNG_UDUC_round_shadow_fix1,DYNG,UDUC,round_shadow,2024-07-17T00:07:30,7,0,,{},0,0,0,,0,0
r48u_20260914_DYNG_UDUC_round_shadow_fix1,DYNG,UDUC,round_shadow,2024-07-17T00:08:00,6,0,,{},0,0,0,,0,0
r48u_20260914_DYNG_UDUC_round_shadow_fix1,DYNG,UDUC,round_shadow,2024-07-17T00:08:30,7,0,,{},0,0,0,,0,0
r48u_20260914_DYNG_UDUC_round_shadow_fix1,DYNG,UDUC,round_shadow,2024-07-17T00:09:00,7,0,,{},0,0,0,,0,0
r48u_20260914_DYNG_UDUC_round_shadow_fix1,DYNG,UDUC,round_shadow,2024-07-17T00:09:30,7,0,,{},0,0,0,,0,0
r48u_20260914_DYNG_UDUC_round_shadow_fix1,DYNG,UDUC,round_shadow,2024-07-17T00:10:00,7,0,,{},0,0,0,,0,0
r48u_20260914_DYNG_UDUC_round_shadow_fix1,DYNG,UDUC,round_shadow,2024-07-17T00:10:30,7,6,G06;G12;G19;G24;G25;G32,"{""PRODUCT-GPS-C1"": [""G06"", ""G12"", ""G19"", ""G24"", ""G25"", ""G32""]}",1,5,5,G06;G12;G19;G25;G32,5,4
r48u_20260914_DYNG_UDUC_round_shadow_fix1,DYNG,UDUC,round_shadow,2024-07-17T00:11:00,7,0,,{},0,0,0,,0,0
r48u_20260914_DYNG_UDUC_round_shadow_fix1,DYNG,UDUC,round_shadow,2024-07-17T00:11:30,7,1,G11,"{""PRODUCT-GPS-C0"": [""G11""]}",1,0,0,,0,0
r48u_20260914_DYNG_UDUC_round_shadow_fix1,DYNG,UDUC,round_shadow,2024-07-17T00:12:00,7,1,G11,"{""PRODUCT-GPS-C0"": [""G11""]}",1,0,0,,0,0
r48u_20260914_DYNG_UDUC_round_shadow_fix1,DYNG,UDUC,round_shadow,2024-07-17T00:12:30,6,0,,{},0,0,0,,0,0
r48u_20260914_DYNG_UDUC_round_shadow_fix1,DYNG,UDUC,round_shadow,2024-07-17T00:13:00,7,1,G11,"{""PRODUCT-GPS-C0"": [""G11""]}",1,0,0,,0,0
r48u_20260914_DYNG_UDUC_round_shadow_fix1,DYNG,UDUC,round_shadow,2024-07-17T00:13:30,7,1,G11,"{""PRODUCT-GPS-C0"": [""G11""]}",1,0,0,,0,0
r48u_20260914_DYNG_UDUC_round_shadow_fix1,DYNG,UDUC,round_shadow,2024-07-17T00:14:00,7,1,G11,"{""PRODUCT-GPS-C0"": [""G11""]}",1,0,0,,0,0
r48u_20260914_DYNG_UDUC_round_shadow_fix1,DYNG,UDUC,round_shadow,2024-07-17T00:14:30,7,1,G11,"{""PRODUCT-GPS-C0"": [""G11""]}",1,0,0,,0,0
r48u_20260914_DYNG_UDUC_round_shadow_fix1,DYNG,UDUC,round_shadow,2024-07-17T00:15:00,7,1,G11,"{""PRODUCT-GPS-C0"": [""G11""]}",1,0,0,,0,0
r48u_20260914_DYNG_UDUC_round_shadow_fix1,DYNG,UDUC,round_shadow,2024-07-17T00:15:30,7,1,G11,"{""PRODUCT-GPS-C0"": [""G11""]}",1,0,0,,0,0
r48u_20260914_DYNG_UDUC_round_shadow_fix1,DYNG,UDUC,round_shadow,2024-07-17T00:16:00,7,1,G11,"{""PRODUCT-GPS-C0"": [""G11""]}",1,0,0,,0,0
r48u_20260914_DYNG_UDUC_round_shadow_fix1,DYNG,UDUC,round_shadow,2024-07-17T00:16:30,7,1,G11,"{""PRODUCT-GPS-C0"": [""G11""]}",1,0,0,,0,0
r48u_20260914_DYNG_UDUC_round_shadow_fix1,DYNG,UDUC,round_shadow,2024-07-17T00:17:00,7,7,G06;G11;G12;G19;G24;G25;G32,"{""PRODUCT-GPS-C1"": [""G11""], ""PRODUCT-GPS-C2"": [""G06"", ""G12"", ""G19"", ""G24"", ""G25"", ""G32""]}",2,5,5,G06;G12;G19;G25;G32,5,4
r48u_20260914_DYNG_UDUC_round_shadow_fix1,DYNG,UDUC,round_shadow,2024-07-17T00:17:30,7,7,G06;G11;G12;G19;G24;G25;G32,"{""PRODUCT-GPS-C1"": [""G11""], ""PRODUCT-GPS-C2"": [""G06"", ""G12"", ""G19"", ""G24"", ""G25"", ""G32""]}",2,5,5,G06;G12;G19;G25;G32,5,4
r48u_20260914_DYNG_UDUC_round_shadow_fix1,DYNG,UDUC,round_shadow,2024-07-17T00:18:00,7,7,G06;G11;G12;G19;G24;G25;G32,"{""PRODUCT-GPS-C1"": [""G11""], ""PRODUCT-GPS-C2"": [""G06"", ""G12"", ""G19"", ""G24"", ""G25"", ""G32""]}",2,5,5,G06;G12;G19;G25;G32,5,4
r48u_20260914_DYNG_UDUC_round_shadow_fix1,DYNG,UDUC,round_shadow,2024-07-17T00:18:30,7,7,G06;G11;G12;G19;G24;G25;G32,"{""PRODUCT-GPS-C1"": [""G11""], ""PRODUCT-GPS-C2"": [""G06"", ""G12"", ""G19"", ""G24"", ""G25"", ""G32""]}",2,5,5,G06;G12;G19;G25;G32,5,4
r48u_20260914_DYNG_UDUC_round_shadow_fix1,DYNG,UDUC,round_shadow,2024-07-17T00:19:00,7,7,G06;G11;G12;G19;G24;G25;G32,"{""PRODUCT-GPS-C1"": [""G11""], ""PRODUCT-GPS-C2"": [""G06"", ""G12"", ""G19"", ""G24"", ""G25"", ""G32""]}",2,5,5,G06;G12;G19;G25;G32,5,4
r48u_20260914_DYNG_UDUC_round_shadow_fix1,DYNG,UDUC,round_shadow,2024-07-17T00:19:30,7,7,G06;G11;G12;G19;G24;G25;G32,"{""PRODUCT-GPS-C1"": [""G11""], ""PRODUCT-GPS-C2"": [""G06"", ""G12"", ""G19"", ""G24"", ""G25"", ""G32""]}",2,5,5,G06;G12;G19;G25;G32,5,4
r48u_20260914_DYNG_UDUC_round_shadow_fix1,DYNG,UDUC,round_shadow,2024-07-17T00:20:00,7,7,G06;G11;G12;G19;G24;G25;G32,"{""PRODUCT-GPS-C0"": [""G11""], ""PRODUCT-GPS-C1"": [""G06"", ""G12"", ""G19"", ""G24"", ""G25"", ""G32""]}",2,5,5,G06;G12;G19;G25;G32,5,4
r48u_20260914_DYNG_UDUC_round_shadow_fix1,DYNG,UDUC,round_shadow,2024-07-17T00:20:30,7,7,G06;G11;G12;G19;G24;G25;G32,"{""PRODUCT-GPS-C1"": [""G06"", ""G11"", ""G12"", ""G19"", ""G24"", ""G25"", ""G32""]}",1,6,6,G06;G11;G12;G19;G25;G32,6,5
r48u_20260914_DYNG_UDUC_round_shadow_fix1,DYNG,UDUC,round_shadow,2024-07-17T00:21:00,7,7,G06;G11;G12;G19;G24;G25;G32,"{""PRODUCT-GPS-C0"": [""G11""], ""PRODUCT-GPS-C1"": [""G06"", ""G12"", ""G19"", ""G24"", ""G25"", ""G32""]}",2,5,5,G06;G12;G19;G25;G32,5,4
r48u_20260914_DYNG_UDUC_round_shadow_fix1,DYNG,UDUC,round_shadow,2024-07-17T00:21:30,7,7,G06;G11;G12;G19;G24;G25;G32,"{""PRODUCT-GPS-C1"": [""G06"", ""G11"", ""G12"", ""G19"", ""G24"", ""G25"", ""G32""]}",1,6,6,G06;G11;G12;G19;G25;G32,6,5
r48u_20260914_DYNG_UDUC_round_shadow_fix1,DYNG,UDUC,round_shadow,2024-07-17T00:22:00,7,7,G06;G11;G12;G19;G24;G25;G32,"{""PRODUCT-GPS-C1"": [""G06"", ""G11"", ""G12"", ""G19"", ""G24"", ""G25"", ""G32""]}",1,6,6,G06;G11;G12;G19;G25;G32,6,5
r48u_20260914_DYNG_UDUC_round_shadow_fix1,DYNG,UDUC,round_shadow,2024-07-17T00:22:30,7,7,G06;G11;G12;G19;G24;G25;G32,"{""PRODUCT-GPS-C1"": [""G06"", ""G11"", ""G12"", ""G19"", ""G24"", ""G25"", ""G32""]}",1,6,6,G06;G11;G12;G19;G25;G32,6,5
r48u_20260914_DYNG_UDUC_round_shadow_fix1,DYNG,UDUC,round_shadow,2024-07-17T00:23:00,7,7,G06;G11;G12;G19;G24;G25;G32,"{""PRODUCT-GPS-C1"": [""G06"", ""G11"", ""G12"", ""G19"", ""G24"", ""G25"", ""G32""]}",1,6,6,G06;G11;G12;G19;G25;G32,6,5
r48u_20260914_DYNG_UDUC_round_shadow_fix1,DYNG,UDUC,round_shadow,2024-07-17T00:23:30,7,7,G06;G11;G12;G19;G24;G25;G32,"{""PRODUCT-GPS-C1"": [""G11""], ""PRODUCT-GPS-C2"": [""G06"", ""G12"", ""G19"", ""G24"", ""G25"", ""G32""]}",2,5,5,G06;G12;G19;G25;G32,5,4
r48u_20260914_DYNG_UDUC_round_shadow_fix1,DYNG,UDUC,round_shadow,2024-07-17T00:24:00,7,7,G06;G11;G12;G19;G24;G25;G32,"{""PRODUCT-GPS-C1"": [""G11""], ""PRODUCT-GPS-C2"": [""G06"", ""G12"", ""G19"", ""G24"", ""G25"", ""G32""]}",2,5,5,G06;G12;G19;G25;G32,5,4
r48u_20260914_DYNG_UDUC_round_shadow_fix1,DYNG,UDUC,round_shadow,2024-07-17T00:24:30,7,7,G06;G11;G12;G19;G24;G25;G32,"{""PRODUCT-GPS-C1"": [""G11""], ""PRODUCT-GPS-C2"": [""G06"", ""G12"", ""G19"", ""G24"", ""G25"", ""G32""]}",2,5,5,G06;G12;G19;G25;G32,5,4
r48u_20260914_DYNG_UDUC_round_shadow_fix1,DYNG,UDUC,round_shadow,2024-07-17T00:25:00,7,7,G06;G11;G12;G19;G24;G25;G32,"{""PRODUCT-GPS-C1"": [""G11""], ""PRODUCT-GPS-C2"": [""G06"", ""G12"", ""G19"", ""G24"", ""G25"", ""G32""]}",2,5,5,G06;G12;G19;G25;G32,5,4
r48u_20260914_DYNG_UDUC_round_shadow_fix1,DYNG,UDUC,round_shadow,2024-07-17T00:25:30,7,1,G11,"{""PRODUCT-GPS-C0"": [""G11""]}",1,0,0,,0,0
r48u_20260914_DYNG_UDUC_round_shadow_fix1,DYNG,UDUC,round_shadow,2024-07-17T00:26:00,7,6,G06;G12;G19;G24;G25;G32,"{""PRODUCT-GPS-C0"": [""G06"", ""G12"", ""G19"", ""G24"", ""G25"", ""G32""]}",1,5,5,G06;G12;G19;G25;G32,5,4
r48u_20260914_DYNG_UDUC_round_shadow_fix1,DYNG,UDUC,round_shadow,2024-07-17T00:26:30,7,7,G06;G11;G12;G19;G24;G25;G32,"{""PRODUCT-GPS-C0"": [""G11""], ""PRODUCT-GPS-C1"": [""G06"", ""G12"", ""G19"", ""G24"", ""G25"", ""G32""]}",2,5,5,G06;G12;G19;G25;G32,5,4
r48u_20260914_DYNG_UDUC_round_shadow_fix1,DYNG,UDUC,round_shadow,2024-07-17T00:27:00,7,7,G06;G11;G12;G19;G24;G25;G32,"{""PRODUCT-GPS-C0"": [""G06"", ""G11"", ""G12"", ""G19"", ""G24"", ""G25"", ""G32""]}",1,6,6,G06;G11;G12;G19;G25;G32,6,5
r48u_20260914_DYNG_UDUC_round_shadow_fix1,DYNG,UDUC,round_shadow,2024-07-17T00:27:30,7,7,G06;G11;G12;G19;G24;G25;G32,"{""PRODUCT-GPS-C0"": [""G06"", ""G11"", ""G12"", ""G19"", ""G24"", ""G25"", ""G32""]}",1,6,6,G06;G11;G12;G19;G25;G32,6,5
r48u_20260914_DYNG_UDUC_round_shadow_fix1,DYNG,UDUC,round_shadow,2024-07-17T00:28:00,7,7,G06;G11;G12;G19;G24;G25;G32,"{""PRODUCT-GPS-C0"": [""G06"", ""G11"", ""G12"", ""G19"", ""G24"", ""G25"", ""G32""]}",1,6,6,G06;G11;G12;G19;G25;G32,6,5
r48u_20260914_DYNG_UDUC_round_shadow_fix1,DYNG,UDUC,round_shadow,2024-07-17T00:28:30,7,7,G06;G11;G12;G19;G24;G25;G32,"{""PRODUCT-GPS-C0"": [""G06"", ""G11"", ""G12"", ""G19"", ""G24"", ""G25"", ""G32""]}",1,6,6,G06;G11;G12;G19;G25;G32,6,5
r48u_20260914_DYNG_UDUC_round_shadow_fix1,DYNG,UDUC,round_shadow,2024-07-17T00:29:00,7,7,G06;G11;G12;G19;G24;G25;G32,"{""PRODUCT-GPS-C0"": [""G06"", ""G11"", ""G12"", ""G19"", ""G24"", ""G25"", ""G32""]}",1,6,6,G06;G11;G12;G19;G25;G32,6,5
r48u_20260914_DYNG_UDUC_round_shadow_fix1,DYNG,UDUC,round_shadow,2024-07-17T00:29:30,7,7,G06;G11;G12;G19;G24;G25;G32,"{""PRODUCT-GPS-C0"": [""G06"", ""G11"", ""G12"", ""G19"", ""G24"", ""G25"", ""G32""]}",1,6,6,G06;G11;G12;G19;G25;G32,6,5
r48u_20260914_DYNG_UDUC_round_shadow_fix1,DYNG,UDUC,round_shadow,2024-07-17T00:30:00,7,7,G06;G11;G12;G19;G24;G25;G32,"{""PRODUCT-GPS-C0"": [""G06"", ""G11"", ""G12"", ""G19"", ""G24"", ""G25"", ""G32""]}",1,6,6,G06;G11;G12;G19;G25;G32,6,5
r48u_20260914_DYNG_UDUC_round_feedback_fix1,DYNG,UDUC,round_feedback,2024-07-17T00:03:00,8,0,,{},0,0,0,,0,0
r48u_20260914_DYNG_UDUC_round_feedback_fix1,DYNG,UDUC,round_feedback,2024-07-17T00:03:30,7,0,,{},0,0,0,,0,0
r48u_20260914_DYNG_UDUC_round_feedback_fix1,DYNG,UDUC,round_feedback,2024-07-17T00:04:00,6,0,,{},0,0,0,,0,0
r48u_20260914_DYNG_UDUC_round_feedback_fix1,DYNG,UDUC,round_feedback,2024-07-17T00:04:30,7,0,,{},0,0,0,,0,0
r48u_20260914_DYNG_UDUC_round_feedback_fix1,DYNG,UDUC,round_feedback,2024-07-17T00:05:00,7,0,,{},0,0,0,,0,0
r48u_20260914_DYNG_UDUC_round_feedback_fix1,DYNG,UDUC,round_feedback,2024-07-17T00:05:30,7,0,,{},0,0,0,,0,0
r48u_20260914_DYNG_UDUC_round_feedback_fix1,DYNG,UDUC,round_feedback,2024-07-17T00:06:00,7,0,,{},0,0,0,,0,0
r48u_20260914_DYNG_UDUC_round_feedback_fix1,DYNG,UDUC,round_feedback,2024-07-17T00:06:30,6,0,,{},0,0,0,,0,0
r48u_20260914_DYNG_UDUC_round_feedback_fix1,DYNG,UDUC,round_feedback,2024-07-17T00:07:00,7,0,,{},0,0,0,,0,0
r48u_20260914_DYNG_UDUC_round_feedback_fix1,DYNG,UDUC,round_feedback,2024-07-17T00:07:30,7,0,,{},0,0,0,,0,0
r48u_20260914_DYNG_UDUC_round_feedback_fix1,DYNG,UDUC,round_feedback,2024-07-17T00:08:00,6,0,,{},0,0,0,,0,0
r48u_20260914_DYNG_UDUC_round_feedback_fix1,DYNG,UDUC,round_feedback,2024-07-17T00:08:30,7,0,,{},0,0,0,,0,0
r48u_20260914_DYNG_UDUC_round_feedback_fix1,DYNG,UDUC,round_feedback,2024-07-17T00:09:00,7,0,,{},0,0,0,,0,0
r48u_20260914_DYNG_UDUC_round_feedback_fix1,DYNG,UDUC,round_feedback,2024-07-17T00:09:30,7,0,,{},0,0,0,,0,0
r48u_20260914_DYNG_UDUC_round_feedback_fix1,DYNG,UDUC,round_feedback,2024-07-17T00:10:00,7,0,,{},0,0,0,,0,0
r48u_20260914_DYNG_UDUC_round_feedback_fix1,DYNG,UDUC,round_feedback,2024-07-17T00:10:30,7,6,G06;G12;G19;G24;G25;G32,"{""PRODUCT-GPS-C1"": [""G06"", ""G12"", ""G19"", ""G24"", ""G25"", ""G32""]}",1,5,5,G06;G12;G19;G25;G32,5,4
r48u_20260914_DYNG_UDUC_round_feedback_fix1,DYNG,UDUC,round_feedback,2024-07-17T00:11:00,7,0,,{},0,0,0,,0,0
r48u_20260914_DYNG_UDUC_round_feedback_fix1,DYNG,UDUC,round_feedback,2024-07-17T00:11:30,7,1,G11,"{""PRODUCT-GPS-C0"": [""G11""]}",1,0,0,,0,0
r48u_20260914_DYNG_UDUC_round_feedback_fix1,DYNG,UDUC,round_feedback,2024-07-17T00:12:00,7,1,G11,"{""PRODUCT-GPS-C0"": [""G11""]}",1,0,0,,0,0
r48u_20260914_DYNG_UDUC_round_feedback_fix1,DYNG,UDUC,round_feedback,2024-07-17T00:12:30,6,0,,{},0,0,0,,0,0
r48u_20260914_DYNG_UDUC_round_feedback_fix1,DYNG,UDUC,round_feedback,2024-07-17T00:13:00,7,1,G11,"{""PRODUCT-GPS-C0"": [""G11""]}",1,0,0,,0,0
r48u_20260914_DYNG_UDUC_round_feedback_fix1,DYNG,UDUC,round_feedback,2024-07-17T00:13:30,7,1,G11,"{""PRODUCT-GPS-C0"": [""G11""]}",1,0,0,,0,0
r48u_20260914_DYNG_UDUC_round_feedback_fix1,DYNG,UDUC,round_feedback,2024-07-17T00:14:00,7,1,G11,"{""PRODUCT-GPS-C0"": [""G11""]}",1,0,0,,0,0
r48u_20260914_DYNG_UDUC_round_feedback_fix1,DYNG,UDUC,round_feedback,2024-07-17T00:14:30,7,1,G11,"{""PRODUCT-GPS-C0"": [""G11""]}",1,0,0,,0,0
r48u_20260914_DYNG_UDUC_round_feedback_fix1,DYNG,UDUC,round_feedback,2024-07-17T00:15:00,7,1,G11,"{""PRODUCT-GPS-C0"": [""G11""]}",1,0,0,,0,0
r48u_20260914_DYNG_UDUC_round_feedback_fix1,DYNG,UDUC,round_feedback,2024-07-17T00:15:30,7,1,G11,"{""PRODUCT-GPS-C0"": [""G11""]}",1,0,0,,0,0
r48u_20260914_DYNG_UDUC_round_feedback_fix1,DYNG,UDUC,round_feedback,2024-07-17T00:16:00,7,1,G11,"{""PRODUCT-GPS-C0"": [""G11""]}",1,0,0,,0,0
r48u_20260914_DYNG_UDUC_round_feedback_fix1,DYNG,UDUC,round_feedback,2024-07-17T00:16:30,7,1,G11,"{""PRODUCT-GPS-C0"": [""G11""]}",1,0,0,,0,0
r48u_20260914_DYNG_UDUC_round_feedback_fix1,DYNG,UDUC,round_feedback,2024-07-17T00:17:00,7,7,G06;G11;G12;G19;G24;G25;G32,"{""PRODUCT-GPS-C1"": [""G11""], ""PRODUCT-GPS-C2"": [""G06"", ""G12"", ""G19"", ""G24"", ""G25"", ""G32""]}",2,5,5,G06;G12;G19;G25;G32,5,4
r48u_20260914_DYNG_UDUC_round_feedback_fix1,DYNG,UDUC,round_feedback,2024-07-17T00:17:30,7,7,G06;G11;G12;G19;G24;G25;G32,"{""PRODUCT-GPS-C1"": [""G11""], ""PRODUCT-GPS-C2"": [""G06"", ""G12"", ""G19"", ""G24"", ""G25"", ""G32""]}",2,5,5,G06;G12;G19;G25;G32,5,4
r48u_20260914_DYNG_UDUC_round_feedback_fix1,DYNG,UDUC,round_feedback,2024-07-17T00:18:00,7,7,G06;G11;G12;G19;G24;G25;G32,"{""PRODUCT-GPS-C1"": [""G11""], ""PRODUCT-GPS-C2"": [""G06"", ""G12"", ""G19"", ""G24"", ""G25"", ""G32""]}",2,5,5,G06;G12;G19;G25;G32,5,4
r48u_20260914_DYNG_UDUC_round_feedback_fix1,DYNG,UDUC,round_feedback,2024-07-17T00:18:30,7,7,G06;G11;G12;G19;G24;G25;G32,"{""PRODUCT-GPS-C1"": [""G11""], ""PRODUCT-GPS-C2"": [""G06"", ""G12"", ""G19"", ""G24"", ""G25"", ""G32""]}",2,5,5,G06;G12;G19;G25;G32,5,4
r48u_20260914_DYNG_UDUC_round_feedback_fix1,DYNG,UDUC,round_feedback,2024-07-17T00:19:00,7,7,G06;G11;G12;G19;G24;G25;G32,"{""PRODUCT-GPS-C1"": [""G11""], ""PRODUCT-GPS-C2"": [""G06"", ""G12"", ""G19"", ""G24"", ""G25"", ""G32""]}",2,5,5,G06;G12;G19;G25;G32,5,4
r48u_20260914_DYNG_UDUC_round_feedback_fix1,DYNG,UDUC,round_feedback,2024-07-17T00:19:30,7,7,G06;G11;G12;G19;G24;G25;G32,"{""PRODUCT-GPS-C1"": [""G11""], ""PRODUCT-GPS-C2"": [""G06"", ""G12"", ""G19"", ""G24"", ""G25"", ""G32""]}",2,5,5,G06;G12;G19;G25;G32,5,4
r48u_20260914_DYNG_UDUC_round_feedback_fix1,DYNG,UDUC,round_feedback,2024-07-17T00:20:00,7,7,G06;G11;G12;G19;G24;G25;G32,"{""PRODUCT-GPS-C0"": [""G11""], ""PRODUCT-GPS-C1"": [""G06"", ""G12"", ""G19"", ""G24"", ""G25"", ""G32""]}",2,5,5,G06;G12;G19;G25;G32,5,4
r48u_20260914_DYNG_UDUC_round_feedback_fix1,DYNG,UDUC,round_feedback,2024-07-17T00:20:30,7,7,G06;G11;G12;G19;G24;G25;G32,"{""PRODUCT-GPS-C1"": [""G06"", ""G11"", ""G12"", ""G19"", ""G24"", ""G25"", ""G32""]}",1,6,6,G06;G11;G12;G19;G25;G32,6,5
r48u_20260914_DYNG_UDUC_round_feedback_fix1,DYNG,UDUC,round_feedback,2024-07-17T00:21:00,7,7,G06;G11;G12;G19;G24;G25;G32,"{""PRODUCT-GPS-C0"": [""G11""], ""PRODUCT-GPS-C1"": [""G06"", ""G12"", ""G19"", ""G24"", ""G25"", ""G32""]}",2,5,5,G06;G12;G19;G25;G32,5,4
r48u_20260914_DYNG_UDUC_round_feedback_fix1,DYNG,UDUC,round_feedback,2024-07-17T00:21:30,7,7,G06;G11;G12;G19;G24;G25;G32,"{""PRODUCT-GPS-C1"": [""G06"", ""G11"", ""G12"", ""G19"", ""G24"", ""G25"", ""G32""]}",1,6,6,G06;G11;G12;G19;G25;G32,6,5
r48u_20260914_DYNG_UDUC_round_feedback_fix1,DYNG,UDUC,round_feedback,2024-07-17T00:22:00,7,7,G06;G11;G12;G19;G24;G25;G32,"{""PRODUCT-GPS-C1"": [""G06"", ""G11"", ""G12"", ""G19"", ""G24"", ""G25"", ""G32""]}",1,6,6,G06;G11;G12;G19;G25;G32,6,5
r48u_20260914_DYNG_UDUC_round_feedback_fix1,DYNG,UDUC,round_feedback,2024-07-17T00:22:30,7,7,G06;G11;G12;G19;G24;G25;G32,"{""PRODUCT-GPS-C1"": [""G06"", ""G11"", ""G12"", ""G19"", ""G24"", ""G25"", ""G32""]}",1,6,6,G06;G11;G12;G19;G25;G32,6,5
r48u_20260914_DYNG_UDUC_round_feedback_fix1,DYNG,UDUC,round_feedback,2024-07-17T00:23:00,7,7,G06;G11;G12;G19;G24;G25;G32,"{""PRODUCT-GPS-C1"": [""G06"", ""G11"", ""G12"", ""G19"", ""G24"", ""G25"", ""G32""]}",1,6,6,G06;G11;G12;G19;G25;G32,6,5
r48u_20260914_DYNG_UDUC_round_feedback_fix1,DYNG,UDUC,round_feedback,2024-07-17T00:23:30,7,7,G06;G11;G12;G19;G24;G25;G32,"{""PRODUCT-GPS-C1"": [""G11""], ""PRODUCT-GPS-C2"": [""G06"", ""G12"", ""G19"", ""G24"", ""G25"", ""G32""]}",2,5,5,G06;G12;G19;G25;G32,5,4
r48u_20260914_DYNG_UDUC_round_feedback_fix1,DYNG,UDUC,round_feedback,2024-07-17T00:24:00,7,7,G06;G11;G12;G19;G24;G25;G32,"{""PRODUCT-GPS-C1"": [""G11""], ""PRODUCT-GPS-C2"": [""G06"", ""G12"", ""G19"", ""G24"", ""G25"", ""G32""]}",2,5,5,G06;G12;G19;G25;G32,5,4
r48u_20260914_DYNG_UDUC_round_feedback_fix1,DYNG,UDUC,round_feedback,2024-07-17T00:24:30,7,7,G06;G11;G12;G19;G24;G25;G32,"{""PRODUCT-GPS-C1"": [""G11""], ""PRODUCT-GPS-C2"": [""G06"", ""G12"", ""G19"", ""G24"", ""G25"", ""G32""]}",2,5,5,G06;G12;G19;G25;G32,5,4
r48u_20260914_DYNG_UDUC_round_feedback_fix1,DYNG,UDUC,round_feedback,2024-07-17T00:25:00,7,7,G06;G11;G12;G19;G24;G25;G32,"{""PRODUCT-GPS-C1"": [""G11""], ""PRODUCT-GPS-C2"": [""G06"", ""G12"", ""G19"", ""G24"", ""G25"", ""G32""]}",2,5,5,G06;G12;G19;G25;G32,5,4
r48u_20260914_DYNG_UDUC_round_feedback_fix1,DYNG,UDUC,round_feedback,2024-07-17T00:25:30,7,1,G11,"{""PRODUCT-GPS-C0"": [""G11""]}",1,0,0,,0,0
r48u_20260914_DYNG_UDUC_round_feedback_fix1,DYNG,UDUC,round_feedback,2024-07-17T00:26:00,7,6,G06;G12;G19;G24;G25;G32,"{""PRODUCT-GPS-C0"": [""G06"", ""G12"", ""G19"", ""G24"", ""G25"", ""G32""]}",1,5,5,G06;G12;G19;G25;G32,5,4
r48u_20260914_DYNG_UDUC_round_feedback_fix1,DYNG,UDUC,round_feedback,2024-07-17T00:26:30,7,7,G06;G11;G12;G19;G24;G25;G32,"{""PRODUCT-GPS-C0"": [""G11""], ""PRODUCT-GPS-C1"": [""G06"", ""G12"", ""G19"", ""G24"", ""G25"", ""G32""]}",2,5,5,G06;G12;G19;G25;G32,5,4
r48u_20260914_DYNG_UDUC_round_feedback_fix1,DYNG,UDUC,round_feedback,2024-07-17T00:27:00,7,7,G06;G11;G12;G19;G24;G25;G32,"{""PRODUCT-GPS-C0"": [""G06"", ""G11"", ""G12"", ""G19"", ""G24"", ""G25"", ""G32""]}",1,6,6,G06;G11;G12;G19;G25;G32,6,5
r48u_20260914_DYNG_UDUC_round_feedback_fix1,DYNG,UDUC,round_feedback,2024-07-17T00:27:30,7,7,G06;G11;G12;G19;G24;G25;G32,"{""PRODUCT-GPS-C0"": [""G06"", ""G11"", ""G12"", ""G19"", ""G24"", ""G25"", ""G32""]}",1,6,6,G06;G11;G12;G19;G25;G32,6,5
r48u_20260914_DYNG_UDUC_round_feedback_fix1,DYNG,UDUC,round_feedback,2024-07-17T00:28:00,7,7,G06;G11;G12;G19;G24;G25;G32,"{""PRODUCT-GPS-C0"": [""G06"", ""G11"", ""G12"", ""G19"", ""G24"", ""G25"", ""G32""]}",1,6,6,G06;G11;G12;G19;G25;G32,6,5
r48u_20260914_DYNG_UDUC_round_feedback_fix1,DYNG,UDUC,round_feedback,2024-07-17T00:28:30,7,7,G06;G11;G12;G19;G24;G25;G32,"{""PRODUCT-GPS-C0"": [""G06"", ""G11"", ""G12"", ""G19"", ""G24"", ""G25"", ""G32""]}",1,6,6,G06;G11;G12;G19;G25;G32,6,5
r48u_20260914_DYNG_UDUC_round_feedback_fix1,DYNG,UDUC,round_feedback,2024-07-17T00:29:00,7,7,G06;G11;G12;G19;G24;G25;G32,"{""PRODUCT-GPS-C0"": [""G06"", ""G11"", ""G12"", ""G19"", ""G24"", ""G25"", ""G32""]}",1,6,6,G06;G11;G12;G19;G25;G32,6,5
r48u_20260914_DYNG_UDUC_round_feedback_fix1,DYNG,UDUC,round_feedback,2024-07-17T00:29:30,7,7,G06;G11;G12;G19;G24;G25;G32,"{""PRODUCT-GPS-C0"": [""G06"", ""G11"", ""G12"", ""G19"", ""G24"", ""G25"", ""G32""]}",1,6,6,G06;G11;G12;G19;G25;G32,6,5
r48u_20260914_DYNG_UDUC_round_feedback_fix1,DYNG,UDUC,round_feedback,2024-07-17T00:30:00,7,7,G06;G11;G12;G19;G24;G25;G32,"{""PRODUCT-GPS-C0"": [""G06"", ""G11"", ""G12"", ""G19"", ""G24"", ""G25"", ""G32""]}",1,6,6,G06;G11;G12;G19;G25;G32,6,5
r48u_20260914_DYNG_UDUC_ils_shadow_fix1,DYNG,UDUC,ils_shadow,2024-07-17T00:03:00,8,0,,{},0,0,0,,0,0
r48u_20260914_DYNG_UDUC_ils_shadow_fix1,DYNG,UDUC,ils_shadow,2024-07-17T00:03:30,7,0,,{},0,0,0,,0,0
r48u_20260914_DYNG_UDUC_ils_shadow_fix1,DYNG,UDUC,ils_shadow,2024-07-17T00:04:00,6,0,,{},0,0,0,,0,0
r48u_20260914_DYNG_UDUC_ils_shadow_fix1,DYNG,UDUC,ils_shadow,2024-07-17T00:04:30,7,0,,{},0,0,0,,0,0
r48u_20260914_DYNG_UDUC_ils_shadow_fix1,DYNG,UDUC,ils_shadow,2024-07-17T00:05:00,7,0,,{},0,0,0,,0,0
r48u_20260914_DYNG_UDUC_ils_shadow_fix1,DYNG,UDUC,ils_shadow,2024-07-17T00:05:30,7,0,,{},0,0,0,,0,0
r48u_20260914_DYNG_UDUC_ils_shadow_fix1,DYNG,UDUC,ils_shadow,2024-07-17T00:06:00,7,0,,{},0,0,0,,0,0
r48u_20260914_DYNG_UDUC_ils_shadow_fix1,DYNG,UDUC,ils_shadow,2024-07-17T00:06:30,6,0,,{},0,0,0,,0,0
r48u_20260914_DYNG_UDUC_ils_shadow_fix1,DYNG,UDUC,ils_shadow,2024-07-17T00:07:00,7,0,,{},0,0,0,,0,0
r48u_20260914_DYNG_UDUC_ils_shadow_fix1,DYNG,UDUC,ils_shadow,2024-07-17T00:07:30,7,0,,{},0,0,0,,0,0
r48u_20260914_DYNG_UDUC_ils_shadow_fix1,DYNG,UDUC,ils_shadow,2024-07-17T00:08:00,6,0,,{},0,0,0,,0,0
r48u_20260914_DYNG_UDUC_ils_shadow_fix1,DYNG,UDUC,ils_shadow,2024-07-17T00:08:30,7,0,,{},0,0,0,,0,0
r48u_20260914_DYNG_UDUC_ils_shadow_fix1,DYNG,UDUC,ils_shadow,2024-07-17T00:09:00,7,0,,{},0,0,0,,0,0
r48u_20260914_DYNG_UDUC_ils_shadow_fix1,DYNG,UDUC,ils_shadow,2024-07-17T00:09:30,7,0,,{},0,0,0,,0,0
r48u_20260914_DYNG_UDUC_ils_shadow_fix1,DYNG,UDUC,ils_shadow,2024-07-17T00:10:00,7,0,,{},0,0,0,,0,0
r48u_20260914_DYNG_UDUC_ils_shadow_fix1,DYNG,UDUC,ils_shadow,2024-07-17T00:10:30,7,6,G06;G12;G19;G24;G25;G32,"{""PRODUCT-GPS-C1"": [""G06"", ""G12"", ""G19"", ""G24"", ""G25"", ""G32""]}",1,5,5,G06;G12;G19;G25;G32,5,4
r48u_20260914_DYNG_UDUC_ils_shadow_fix1,DYNG,UDUC,ils_shadow,2024-07-17T00:11:00,7,0,,{},0,0,0,,0,0
r48u_20260914_DYNG_UDUC_ils_shadow_fix1,DYNG,UDUC,ils_shadow,2024-07-17T00:11:30,7,1,G11,"{""PRODUCT-GPS-C0"": [""G11""]}",1,0,0,,0,0
r48u_20260914_DYNG_UDUC_ils_shadow_fix1,DYNG,UDUC,ils_shadow,2024-07-17T00:12:00,7,1,G11,"{""PRODUCT-GPS-C0"": [""G11""]}",1,0,0,,0,0
r48u_20260914_DYNG_UDUC_ils_shadow_fix1,DYNG,UDUC,ils_shadow,2024-07-17T00:12:30,6,0,,{},0,0,0,,0,0
r48u_20260914_DYNG_UDUC_ils_shadow_fix1,DYNG,UDUC,ils_shadow,2024-07-17T00:13:00,7,1,G11,"{""PRODUCT-GPS-C0"": [""G11""]}",1,0,0,,0,0
r48u_20260914_DYNG_UDUC_ils_shadow_fix1,DYNG,UDUC,ils_shadow,2024-07-17T00:13:30,7,1,G11,"{""PRODUCT-GPS-C0"": [""G11""]}",1,0,0,,0,0
r48u_20260914_DYNG_UDUC_ils_shadow_fix1,DYNG,UDUC,ils_shadow,2024-07-17T00:14:00,7,1,G11,"{""PRODUCT-GPS-C0"": [""G11""]}",1,0,0,,0,0
r48u_20260914_DYNG_UDUC_ils_shadow_fix1,DYNG,UDUC,ils_shadow,2024-07-17T00:14:30,7,1,G11,"{""PRODUCT-GPS-C0"": [""G11""]}",1,0,0,,0,0
r48u_20260914_DYNG_UDUC_ils_shadow_fix1,DYNG,UDUC,ils_shadow,2024-07-17T00:15:00,7,1,G11,"{""PRODUCT-GPS-C0"": [""G11""]}",1,0,0,,0,0
r48u_20260914_DYNG_UDUC_ils_shadow_fix1,DYNG,UDUC,ils_shadow,2024-07-17T00:15:30,7,1,G11,"{""PRODUCT-GPS-C0"": [""G11""]}",1,0,0,,0,0
r48u_20260914_DYNG_UDUC_ils_shadow_fix1,DYNG,UDUC,ils_shadow,2024-07-17T00:16:00,7,1,G11,"{""PRODUCT-GPS-C0"": [""G11""]}",1,0,0,,0,0
r48u_20260914_DYNG_UDUC_ils_shadow_fix1,DYNG,UDUC,ils_shadow,2024-07-17T00:16:30,7,1,G11,"{""PRODUCT-GPS-C0"": [""G11""]}",1,0,0,,0,0
r48u_20260914_DYNG_UDUC_ils_shadow_fix1,DYNG,UDUC,ils_shadow,2024-07-17T00:17:00,7,7,G06;G11;G12;G19;G24;G25;G32,"{""PRODUCT-GPS-C1"": [""G11""], ""PRODUCT-GPS-C2"": [""G06"", ""G12"", ""G19"", ""G24"", ""G25"", ""G32""]}",2,5,5,G06;G12;G19;G25;G32,5,4
r48u_20260914_DYNG_UDUC_ils_shadow_fix1,DYNG,UDUC,ils_shadow,2024-07-17T00:17:30,7,7,G06;G11;G12;G19;G24;G25;G32,"{""PRODUCT-GPS-C1"": [""G11""], ""PRODUCT-GPS-C2"": [""G06"", ""G12"", ""G19"", ""G24"", ""G25"", ""G32""]}",2,5,5,G06;G12;G19;G25;G32,5,4
r48u_20260914_DYNG_UDUC_ils_shadow_fix1,DYNG,UDUC,ils_shadow,2024-07-17T00:18:00,7,7,G06;G11;G12;G19;G24;G25;G32,"{""PRODUCT-GPS-C1"": [""G11""], ""PRODUCT-GPS-C2"": [""G06"", ""G12"", ""G19"", ""G24"", ""G25"", ""G32""]}",2,5,5,G06;G12;G19;G25;G32,5,4
r48u_20260914_DYNG_UDUC_ils_shadow_fix1,DYNG,UDUC,ils_shadow,2024-07-17T00:18:30,7,7,G06;G11;G12;G19;G24;G25;G32,"{""PRODUCT-GPS-C1"": [""G11""], ""PRODUCT-GPS-C2"": [""G06"", ""G12"", ""G19"", ""G24"", ""G25"", ""G32""]}",2,5,5,G06;G12;G19;G25;G32,5,4
r48u_20260914_DYNG_UDUC_ils_shadow_fix1,DYNG,UDUC,ils_shadow,2024-07-17T00:19:00,7,7,G06;G11;G12;G19;G24;G25;G32,"{""PRODUCT-GPS-C1"": [""G11""], ""PRODUCT-GPS-C2"": [""G06"", ""G12"", ""G19"", ""G24"", ""G25"", ""G32""]}",2,5,5,G06;G12;G19;G25;G32,5,4
r48u_20260914_DYNG_UDUC_ils_shadow_fix1,DYNG,UDUC,ils_shadow,2024-07-17T00:19:30,7,7,G06;G11;G12;G19;G24;G25;G32,"{""PRODUCT-GPS-C1"": [""G11""], ""PRODUCT-GPS-C2"": [""G06"", ""G12"", ""G19"", ""G24"", ""G25"", ""G32""]}",2,5,5,G06;G12;G19;G25;G32,5,4
r48u_20260914_DYNG_UDUC_ils_shadow_fix1,DYNG,UDUC,ils_shadow,2024-07-17T00:20:00,7,7,G06;G11;G12;G19;G24;G25;G32,"{""PRODUCT-GPS-C0"": [""G11""], ""PRODUCT-GPS-C1"": [""G06"", ""G12"", ""G19"", ""G24"", ""G25"", ""G32""]}",2,5,5,G06;G12;G19;G25;G32,5,4
r48u_20260914_DYNG_UDUC_ils_shadow_fix1,DYNG,UDUC,ils_shadow,2024-07-17T00:20:30,7,7,G06;G11;G12;G19;G24;G25;G32,"{""PRODUCT-GPS-C1"": [""G06"", ""G11"", ""G12"", ""G19"", ""G24"", ""G25"", ""G32""]}",1,6,6,G06;G11;G12;G19;G25;G32,6,5
r48u_20260914_DYNG_UDUC_ils_shadow_fix1,DYNG,UDUC,ils_shadow,2024-07-17T00:21:00,7,7,G06;G11;G12;G19;G24;G25;G32,"{""PRODUCT-GPS-C0"": [""G11""], ""PRODUCT-GPS-C1"": [""G06"", ""G12"", ""G19"", ""G24"", ""G25"", ""G32""]}",2,5,5,G06;G12;G19;G25;G32,5,4
r48u_20260914_DYNG_UDUC_ils_shadow_fix1,DYNG,UDUC,ils_shadow,2024-07-17T00:21:30,7,7,G06;G11;G12;G19;G24;G25;G32,"{""PRODUCT-GPS-C1"": [""G06"", ""G11"", ""G12"", ""G19"", ""G24"", ""G25"", ""G32""]}",1,6,6,G06;G11;G12;G19;G25;G32,6,5
r48u_20260914_DYNG_UDUC_ils_shadow_fix1,DYNG,UDUC,ils_shadow,2024-07-17T00:22:00,7,7,G06;G11;G12;G19;G24;G25;G32,"{""PRODUCT-GPS-C1"": [""G06"", ""G11"", ""G12"", ""G19"", ""G24"", ""G25"", ""G32""]}",1,6,6,G06;G11;G12;G19;G25;G32,6,5
r48u_20260914_DYNG_UDUC_ils_shadow_fix1,DYNG,UDUC,ils_shadow,2024-07-17T00:22:30,7,7,G06;G11;G12;G19;G24;G25;G32,"{""PRODUCT-GPS-C1"": [""G06"", ""G11"", ""G12"", ""G19"", ""G24"", ""G25"", ""G32""]}",1,6,6,G06;G11;G12;G19;G25;G32,6,5
r48u_20260914_DYNG_UDUC_ils_shadow_fix1,DYNG,UDUC,ils_shadow,2024-07-17T00:23:00,7,7,G06;G11;G12;G19;G24;G25;G32,"{""PRODUCT-GPS-C1"": [""G06"", ""G11"", ""G12"", ""G19"", ""G24"", ""G25"", ""G32""]}",1,6,6,G06;G11;G12;G19;G25;G32,6,5
r48u_20260914_DYNG_UDUC_ils_shadow_fix1,DYNG,UDUC,ils_shadow,2024-07-17T00:23:30,7,7,G06;G11;G12;G19;G24;G25;G32,"{""PRODUCT-GPS-C1"": [""G11""], ""PRODUCT-GPS-C2"": [""G06"", ""G12"", ""G19"", ""G24"", ""G25"", ""G32""]}",2,5,5,G06;G12;G19;G25;G32,5,4
r48u_20260914_DYNG_UDUC_ils_shadow_fix1,DYNG,UDUC,ils_shadow,2024-07-17T00:24:00,7,7,G06;G11;G12;G19;G24;G25;G32,"{""PRODUCT-GPS-C1"": [""G11""], ""PRODUCT-GPS-C2"": [""G06"", ""G12"", ""G19"", ""G24"", ""G25"", ""G32""]}",2,5,5,G06;G12;G19;G25;G32,5,4
r48u_20260914_DYNG_UDUC_ils_shadow_fix1,DYNG,UDUC,ils_shadow,2024-07-17T00:24:30,7,7,G06;G11;G12;G19;G24;G25;G32,"{""PRODUCT-GPS-C1"": [""G11""], ""PRODUCT-GPS-C2"": [""G06"", ""G12"", ""G19"", ""G24"", ""G25"", ""G32""]}",2,5,5,G06;G12;G19;G25;G32,5,4
r48u_20260914_DYNG_UDUC_ils_shadow_fix1,DYNG,UDUC,ils_shadow,2024-07-17T00:25:00,7,7,G06;G11;G12;G19;G24;G25;G32,"{""PRODUCT-GPS-C1"": [""G11""], ""PRODUCT-GPS-C2"": [""G06"", ""G12"", ""G19"", ""G24"", ""G25"", ""G32""]}",2,5,5,G06;G12;G19;G25;G32,5,4
r48u_20260914_DYNG_UDUC_ils_shadow_fix1,DYNG,UDUC,ils_shadow,2024-07-17T00:25:30,7,1,G11,"{""PRODUCT-GPS-C0"": [""G11""]}",1,0,0,,0,0
r48u_20260914_DYNG_UDUC_ils_shadow_fix1,DYNG,UDUC,ils_shadow,2024-07-17T00:26:00,7,6,G06;G12;G19;G24;G25;G32,"{""PRODUCT-GPS-C0"": [""G06"", ""G12"", ""G19"", ""G24"", ""G25"", ""G32""]}",1,5,5,G06;G12;G19;G25;G32,5,4
r48u_20260914_DYNG_UDUC_ils_shadow_fix1,DYNG,UDUC,ils_shadow,2024-07-17T00:26:30,7,7,G06;G11;G12;G19;G24;G25;G32,"{""PRODUCT-GPS-C0"": [""G11""], ""PRODUCT-GPS-C1"": [""G06"", ""G12"", ""G19"", ""G24"", ""G25"", ""G32""]}",2,5,5,G06;G12;G19;G25;G32,5,4
r48u_20260914_DYNG_UDUC_ils_shadow_fix1,DYNG,UDUC,ils_shadow,2024-07-17T00:27:00,7,7,G06;G11;G12;G19;G24;G25;G32,"{""PRODUCT-GPS-C0"": [""G06"", ""G11"", ""G12"", ""G19"", ""G24"", ""G25"", ""G32""]}",1,6,6,G06;G11;G12;G19;G25;G32,6,5
r48u_20260914_DYNG_UDUC_ils_shadow_fix1,DYNG,UDUC,ils_shadow,2024-07-17T00:27:30,7,7,G06;G11;G12;G19;G24;G25;G32,"{""PRODUCT-GPS-C0"": [""G06"", ""G11"", ""G12"", ""G19"", ""G24"", ""G25"", ""G32""]}",1,6,6,G06;G11;G12;G19;G25;G32,6,5
r48u_20260914_DYNG_UDUC_ils_shadow_fix1,DYNG,UDUC,ils_shadow,2024-07-17T00:28:00,7,7,G06;G11;G12;G19;G24;G25;G32,"{""PRODUCT-GPS-C0"": [""G06"", ""G11"", ""G12"", ""G19"", ""G24"", ""G25"", ""G32""]}",1,6,6,G06;G11;G12;G19;G25;G32,6,5
r48u_20260914_DYNG_UDUC_ils_shadow_fix1,DYNG,UDUC,ils_shadow,2024-07-17T00:28:30,7,7,G06;G11;G12;G19;G24;G25;G32,"{""PRODUCT-GPS-C0"": [""G06"", ""G11"", ""G12"", ""G19"", ""G24"", ""G25"", ""G32""]}",1,6,6,G06;G11;G12;G19;G25;G32,6,5
r48u_20260914_DYNG_UDUC_ils_shadow_fix1,DYNG,UDUC,ils_shadow,2024-07-17T00:29:00,7,7,G06;G11;G12;G19;G24;G25;G32,"{""PRODUCT-GPS-C0"": [""G06"", ""G11"", ""G12"", ""G19"", ""G24"", ""G25"", ""G32""]}",1,6,6,G06;G11;G12;G19;G25;G32,6,5
r48u_20260914_DYNG_UDUC_ils_shadow_fix1,DYNG,UDUC,ils_shadow,2024-07-17T00:29:30,7,7,G06;G11;G12;G19;G24;G25;G32,"{""PRODUCT-GPS-C0"": [""G06"", ""G11"", ""G12"", ""G19"", ""G24"", ""G25"", ""G32""]}",1,6,6,G06;G11;G12;G19;G25;G32,6,5
r48u_20260914_DYNG_UDUC_ils_shadow_fix1,DYNG,UDUC,ils_shadow,2024-07-17T00:30:00,7,7,G06;G11;G12;G19;G24;G25;G32,"{""PRODUCT-GPS-C0"": [""G06"", ""G11"", ""G12"", ""G19"", ""G24"", ""G25"", ""G32""]}",1,6,6,G06;G11;G12;G19;G25;G32,6,5
r48u_20260914_DYNG_UDUC_ils_feedback_fix1,DYNG,UDUC,ils_feedback,2024-07-17T00:03:00,8,0,,{},0,0,0,,0,0
r48u_20260914_DYNG_UDUC_ils_feedback_fix1,DYNG,UDUC,ils_feedback,2024-07-17T00:03:30,7,0,,{},0,0,0,,0,0
r48u_20260914_DYNG_UDUC_ils_feedback_fix1,DYNG,UDUC,ils_feedback,2024-07-17T00:04:00,6,0,,{},0,0,0,,0,0
r48u_20260914_DYNG_UDUC_ils_feedback_fix1,DYNG,UDUC,ils_feedback,2024-07-17T00:04:30,7,0,,{},0,0,0,,0,0
r48u_20260914_DYNG_UDUC_ils_feedback_fix1,DYNG,UDUC,ils_feedback,2024-07-17T00:05:00,7,0,,{},0,0,0,,0,0
r48u_20260914_DYNG_UDUC_ils_feedback_fix1,DYNG,UDUC,ils_feedback,2024-07-17T00:05:30,7,0,,{},0,0,0,,0,0
r48u_20260914_DYNG_UDUC_ils_feedback_fix1,DYNG,UDUC,ils_feedback,2024-07-17T00:06:00,7,0,,{},0,0,0,,0,0
r48u_20260914_DYNG_UDUC_ils_feedback_fix1,DYNG,UDUC,ils_feedback,2024-07-17T00:06:30,6,0,,{},0,0,0,,0,0
r48u_20260914_DYNG_UDUC_ils_feedback_fix1,DYNG,UDUC,ils_feedback,2024-07-17T00:07:00,7,0,,{},0,0,0,,0,0
r48u_20260914_DYNG_UDUC_ils_feedback_fix1,DYNG,UDUC,ils_feedback,2024-07-17T00:07:30,7,0,,{},0,0,0,,0,0
r48u_20260914_DYNG_UDUC_ils_feedback_fix1,DYNG,UDUC,ils_feedback,2024-07-17T00:08:00,6,0,,{},0,0,0,,0,0
r48u_20260914_DYNG_UDUC_ils_feedback_fix1,DYNG,UDUC,ils_feedback,2024-07-17T00:08:30,7,0,,{},0,0,0,,0,0
r48u_20260914_DYNG_UDUC_ils_feedback_fix1,DYNG,UDUC,ils_feedback,2024-07-17T00:09:00,7,0,,{},0,0,0,,0,0
r48u_20260914_DYNG_UDUC_ils_feedback_fix1,DYNG,UDUC,ils_feedback,2024-07-17T00:09:30,7,0,,{},0,0,0,,0,0
r48u_20260914_DYNG_UDUC_ils_feedback_fix1,DYNG,UDUC,ils_feedback,2024-07-17T00:10:00,7,0,,{},0,0,0,,0,0
r48u_20260914_DYNG_UDUC_ils_feedback_fix1,DYNG,UDUC,ils_feedback,2024-07-17T00:10:30,7,6,G06;G12;G19;G24;G25;G32,"{""PRODUCT-GPS-C1"": [""G06"", ""G12"", ""G19"", ""G24"", ""G25"", ""G32""]}",1,5,5,G06;G12;G19;G25;G32,5,4
r48u_20260914_DYNG_UDUC_ils_feedback_fix1,DYNG,UDUC,ils_feedback,2024-07-17T00:11:00,7,0,,{},0,0,0,,0,0
r48u_20260914_DYNG_UDUC_ils_feedback_fix1,DYNG,UDUC,ils_feedback,2024-07-17T00:11:30,7,1,G11,"{""PRODUCT-GPS-C0"": [""G11""]}",1,0,0,,0,0
r48u_20260914_DYNG_UDUC_ils_feedback_fix1,DYNG,UDUC,ils_feedback,2024-07-17T00:12:00,7,1,G11,"{""PRODUCT-GPS-C0"": [""G11""]}",1,0,0,,0,0
r48u_20260914_DYNG_UDUC_ils_feedback_fix1,DYNG,UDUC,ils_feedback,2024-07-17T00:12:30,6,0,,{},0,0,0,,0,0
r48u_20260914_DYNG_UDUC_ils_feedback_fix1,DYNG,UDUC,ils_feedback,2024-07-17T00:13:00,7,1,G11,"{""PRODUCT-GPS-C0"": [""G11""]}",1,0,0,,0,0
r48u_20260914_DYNG_UDUC_ils_feedback_fix1,DYNG,UDUC,ils_feedback,2024-07-17T00:13:30,7,1,G11,"{""PRODUCT-GPS-C0"": [""G11""]}",1,0,0,,0,0
r48u_20260914_DYNG_UDUC_ils_feedback_fix1,DYNG,UDUC,ils_feedback,2024-07-17T00:14:00,7,1,G11,"{""PRODUCT-GPS-C0"": [""G11""]}",1,0,0,,0,0
r48u_20260914_DYNG_UDUC_ils_feedback_fix1,DYNG,UDUC,ils_feedback,2024-07-17T00:14:30,7,1,G11,"{""PRODUCT-GPS-C0"": [""G11""]}",1,0,0,,0,0
r48u_20260914_DYNG_UDUC_ils_feedback_fix1,DYNG,UDUC,ils_feedback,2024-07-17T00:15:00,7,1,G11,"{""PRODUCT-GPS-C0"": [""G11""]}",1,0,0,,0,0
r48u_20260914_DYNG_UDUC_ils_feedback_fix1,DYNG,UDUC,ils_feedback,2024-07-17T00:15:30,7,1,G11,"{""PRODUCT-GPS-C0"": [""G11""]}",1,0,0,,0,0
r48u_20260914_DYNG_UDUC_ils_feedback_fix1,DYNG,UDUC,ils_feedback,2024-07-17T00:16:00,7,1,G11,"{""PRODUCT-GPS-C0"": [""G11""]}",1,0,0,,0,0
r48u_20260914_DYNG_UDUC_ils_feedback_fix1,DYNG,UDUC,ils_feedback,2024-07-17T00:16:30,7,1,G11,"{""PRODUCT-GPS-C0"": [""G11""]}",1,0,0,,0,0
r48u_20260914_DYNG_UDUC_ils_feedback_fix1,DYNG,UDUC,ils_feedback,2024-07-17T00:17:00,7,7,G06;G11;G12;G19;G24;G25;G32,"{""PRODUCT-GPS-C1"": [""G11""], ""PRODUCT-GPS-C2"": [""G06"", ""G12"", ""G19"", ""G24"", ""G25"", ""G32""]}",2,5,5,G06;G12;G19;G25;G32,5,4
r48u_20260914_DYNG_UDUC_ils_feedback_fix1,DYNG,UDUC,ils_feedback,2024-07-17T00:17:30,7,7,G06;G11;G12;G19;G24;G25;G32,"{""PRODUCT-GPS-C1"": [""G11""], ""PRODUCT-GPS-C2"": [""G06"", ""G12"", ""G19"", ""G24"", ""G25"", ""G32""]}",2,5,5,G06;G12;G19;G25;G32,5,4
r48u_20260914_DYNG_UDUC_ils_feedback_fix1,DYNG,UDUC,ils_feedback,2024-07-17T00:18:00,7,7,G06;G11;G12;G19;G24;G25;G32,"{""PRODUCT-GPS-C1"": [""G11""], ""PRODUCT-GPS-C2"": [""G06"", ""G12"", ""G19"", ""G24"", ""G25"", ""G32""]}",2,5,5,G06;G12;G19;G25;G32,5,4
r48u_20260914_DYNG_UDUC_ils_feedback_fix1,DYNG,UDUC,ils_feedback,2024-07-17T00:18:30,7,7,G06;G11;G12;G19;G24;G25;G32,"{""PRODUCT-GPS-C1"": [""G11""], ""PRODUCT-GPS-C2"": [""G06"", ""G12"", ""G19"", ""G24"", ""G25"", ""G32""]}",2,5,5,G06;G12;G19;G25;G32,5,4
r48u_20260914_DYNG_UDUC_ils_feedback_fix1,DYNG,UDUC,ils_feedback,2024-07-17T00:19:00,7,7,G06;G11;G12;G19;G24;G25;G32,"{""PRODUCT-GPS-C1"": [""G11""], ""PRODUCT-GPS-C2"": [""G06"", ""G12"", ""G19"", ""G24"", ""G25"", ""G32""]}",2,5,5,G06;G12;G19;G25;G32,5,4
r48u_20260914_DYNG_UDUC_ils_feedback_fix1,DYNG,UDUC,ils_feedback,2024-07-17T00:19:30,7,7,G06;G11;G12;G19;G24;G25;G32,"{""PRODUCT-GPS-C1"": [""G11""], ""PRODUCT-GPS-C2"": [""G06"", ""G12"", ""G19"", ""G24"", ""G25"", ""G32""]}",2,5,5,G06;G12;G19;G25;G32,5,4
r48u_20260914_DYNG_UDUC_ils_feedback_fix1,DYNG,UDUC,ils_feedback,2024-07-17T00:20:00,7,7,G06;G11;G12;G19;G24;G25;G32,"{""PRODUCT-GPS-C0"": [""G11""], ""PRODUCT-GPS-C1"": [""G06"", ""G12"", ""G19"", ""G24"", ""G25"", ""G32""]}",2,5,5,G06;G12;G19;G25;G32,5,4
r48u_20260914_DYNG_UDUC_ils_feedback_fix1,DYNG,UDUC,ils_feedback,2024-07-17T00:20:30,7,7,G06;G11;G12;G19;G24;G25;G32,"{""PRODUCT-GPS-C1"": [""G06"", ""G11"", ""G12"", ""G19"", ""G24"", ""G25"", ""G32""]}",1,6,6,G06;G11;G12;G19;G25;G32,6,5
r48u_20260914_DYNG_UDUC_ils_feedback_fix1,DYNG,UDUC,ils_feedback,2024-07-17T00:21:00,7,7,G06;G11;G12;G19;G24;G25;G32,"{""PRODUCT-GPS-C0"": [""G11""], ""PRODUCT-GPS-C1"": [""G06"", ""G12"", ""G19"", ""G24"", ""G25"", ""G32""]}",2,5,5,G06;G12;G19;G25;G32,5,4
r48u_20260914_DYNG_UDUC_ils_feedback_fix1,DYNG,UDUC,ils_feedback,2024-07-17T00:21:30,7,7,G06;G11;G12;G19;G24;G25;G32,"{""PRODUCT-GPS-C1"": [""G06"", ""G11"", ""G12"", ""G19"", ""G24"", ""G25"", ""G32""]}",1,6,6,G06;G11;G12;G19;G25;G32,6,5
r48u_20260914_DYNG_UDUC_ils_feedback_fix1,DYNG,UDUC,ils_feedback,2024-07-17T00:22:00,7,7,G06;G11;G12;G19;G24;G25;G32,"{""PRODUCT-GPS-C1"": [""G06"", ""G11"", ""G12"", ""G19"", ""G24"", ""G25"", ""G32""]}",1,6,6,G06;G11;G12;G19;G25;G32,6,5
r48u_20260914_DYNG_UDUC_ils_feedback_fix1,DYNG,UDUC,ils_feedback,2024-07-17T00:22:30,7,7,G06;G11;G12;G19;G24;G25;G32,"{""PRODUCT-GPS-C1"": [""G06"", ""G11"", ""G12"", ""G19"", ""G24"", ""G25"", ""G32""]}",1,6,6,G06;G11;G12;G19;G25;G32,6,5
r48u_20260914_DYNG_UDUC_ils_feedback_fix1,DYNG,UDUC,ils_feedback,2024-07-17T00:23:00,7,7,G06;G11;G12;G19;G24;G25;G32,"{""PRODUCT-GPS-C1"": [""G06"", ""G11"", ""G12"", ""G19"", ""G24"", ""G25"", ""G32""]}",1,6,6,G06;G11;G12;G19;G25;G32,6,5
r48u_20260914_DYNG_UDUC_ils_feedback_fix1,DYNG,UDUC,ils_feedback,2024-07-17T00:23:30,7,7,G06;G11;G12;G19;G24;G25;G32,"{""PRODUCT-GPS-C1"": [""G11""], ""PRODUCT-GPS-C2"": [""G06"", ""G12"", ""G19"", ""G24"", ""G25"", ""G32""]}",2,5,5,G06;G12;G19;G25;G32,5,4
r48u_20260914_DYNG_UDUC_ils_feedback_fix1,DYNG,UDUC,ils_feedback,2024-07-17T00:24:00,7,7,G06;G11;G12;G19;G24;G25;G32,"{""PRODUCT-GPS-C1"": [""G11""], ""PRODUCT-GPS-C2"": [""G06"", ""G12"", ""G19"", ""G24"", ""G25"", ""G32""]}",2,5,5,G06;G12;G19;G25;G32,5,4
r48u_20260914_DYNG_UDUC_ils_feedback_fix1,DYNG,UDUC,ils_feedback,2024-07-17T00:24:30,7,7,G06;G11;G12;G19;G24;G25;G32,"{""PRODUCT-GPS-C1"": [""G11""], ""PRODUCT-GPS-C2"": [""G06"", ""G12"", ""G19"", ""G24"", ""G25"", ""G32""]}",2,5,5,G06;G12;G19;G25;G32,5,4
r48u_20260914_DYNG_UDUC_ils_feedback_fix1,DYNG,UDUC,ils_feedback,2024-07-17T00:25:00,7,7,G06;G11;G12;G19;G24;G25;G32,"{""PRODUCT-GPS-C1"": [""G11""], ""PRODUCT-GPS-C2"": [""G06"", ""G12"", ""G19"", ""G24"", ""G25"", ""G32""]}",2,5,5,G06;G12;G19;G25;G32,5,4
r48u_20260914_DYNG_UDUC_ils_feedback_fix1,DYNG,UDUC,ils_feedback,2024-07-17T00:25:30,7,1,G11,"{""PRODUCT-GPS-C0"": [""G11""]}",1,0,0,,0,0
r48u_20260914_DYNG_UDUC_ils_feedback_fix1,DYNG,UDUC,ils_feedback,2024-07-17T00:26:00,7,6,G06;G12;G19;G24;G25;G32,"{""PRODUCT-GPS-C0"": [""G06"", ""G12"", ""G19"", ""G24"", ""G25"", ""G32""]}",1,5,5,G06;G12;G19;G25;G32,5,4
r48u_20260914_DYNG_UDUC_ils_feedback_fix1,DYNG,UDUC,ils_feedback,2024-07-17T00:26:30,7,7,G06;G11;G12;G19;G24;G25;G32,"{""PRODUCT-GPS-C0"": [""G11""], ""PRODUCT-GPS-C1"": [""G06"", ""G12"", ""G19"", ""G24"", ""G25"", ""G32""]}",2,5,5,G06;G12;G19;G25;G32,5,4
r48u_20260914_DYNG_UDUC_ils_feedback_fix1,DYNG,UDUC,ils_feedback,2024-07-17T00:27:00,7,7,G06;G11;G12;G19;G24;G25;G32,"{""PRODUCT-GPS-C0"": [""G06"", ""G11"", ""G12"", ""G19"", ""G24"", ""G25"", ""G32""]}",1,6,6,G06;G11;G12;G19;G25;G32,6,5
r48u_20260914_DYNG_UDUC_ils_feedback_fix1,DYNG,UDUC,ils_feedback,2024-07-17T00:27:30,7,7,G06;G11;G12;G19;G24;G25;G32,"{""PRODUCT-GPS-C0"": [""G06"", ""G11"", ""G12"", ""G19"", ""G24"", ""G25"", ""G32""]}",1,6,6,G06;G11;G12;G19;G25;G32,6,5
r48u_20260914_DYNG_UDUC_ils_feedback_fix1,DYNG,UDUC,ils_feedback,2024-07-17T00:28:00,7,7,G06;G11;G12;G19;G24;G25;G32,"{""PRODUCT-GPS-C0"": [""G06"", ""G11"", ""G12"", ""G19"", ""G24"", ""G25"", ""G32""]}",1,6,6,G06;G11;G12;G19;G25;G32,6,5
r48u_20260914_DYNG_UDUC_ils_feedback_fix1,DYNG,UDUC,ils_feedback,2024-07-17T00:28:30,7,7,G06;G11;G12;G19;G24;G25;G32,"{""PRODUCT-GPS-C0"": [""G06"", ""G11"", ""G12"", ""G19"", ""G24"", ""G25"", ""G32""]}",1,6,6,G06;G11;G12;G19;G25;G32,6,5
r48u_20260914_DYNG_UDUC_ils_feedback_fix1,DYNG,UDUC,ils_feedback,2024-07-17T00:29:00,7,7,G06;G11;G12;G19;G24;G25;G32,"{""PRODUCT-GPS-C0"": [""G06"", ""G11"", ""G12"", ""G19"", ""G24"", ""G25"", ""G32""]}",1,6,6,G06;G11;G12;G19;G25;G32,6,5
r48u_20260914_DYNG_UDUC_ils_feedback_fix1,DYNG,UDUC,ils_feedback,2024-07-17T00:29:30,7,7,G06;G11;G12;G19;G24;G25;G32,"{""PRODUCT-GPS-C0"": [""G06"", ""G11"", ""G12"", ""G19"", ""G24"", ""G25"", ""G32""]}",1,6,6,G06;G11;G12;G19;G25;G32,6,5
r48u_20260914_DYNG_UDUC_ils_feedback_fix1,DYNG,UDUC,ils_feedback,2024-07-17T00:30:00,7,7,G06;G11;G12;G19;G24;G25;G32,"{""PRODUCT-GPS-C0"": [""G06"", ""G11"", ""G12"", ""G19"", ""G24"", ""G25"", ""G32""]}",1,6,6,G06;G11;G12;G19;G25;G32,6,5
r48u_20260914_NICO_UDUC_float_fix1,NICO,UDUC,float,2024-07-17T00:03:00,9,0,,{},0,0,0,,0,0
r48u_20260914_NICO_UDUC_float_fix1,NICO,UDUC,float,2024-07-17T00:03:30,8,0,,{},0,0,0,,0,0
r48u_20260914_NICO_UDUC_float_fix1,NICO,UDUC,float,2024-07-17T00:04:00,8,0,,{},0,0,0,,0,0
r48u_20260914_NICO_UDUC_float_fix1,NICO,UDUC,float,2024-07-17T00:04:30,8,0,,{},0,0,0,,0,0
r48u_20260914_NICO_UDUC_float_fix1,NICO,UDUC,float,2024-07-17T00:05:00,8,0,,{},0,0,0,,0,0
r48u_20260914_NICO_UDUC_float_fix1,NICO,UDUC,float,2024-07-17T00:05:30,8,0,,{},0,0,0,,0,0
r48u_20260914_NICO_UDUC_float_fix1,NICO,UDUC,float,2024-07-17T00:06:00,8,0,,{},0,0,0,,0,0
r48u_20260914_NICO_UDUC_float_fix1,NICO,UDUC,float,2024-07-17T00:06:30,8,0,,{},0,0,0,,0,0
r48u_20260914_NICO_UDUC_float_fix1,NICO,UDUC,float,2024-07-17T00:07:00,8,0,,{},0,0,0,,0,0
r48u_20260914_NICO_UDUC_float_fix1,NICO,UDUC,float,2024-07-17T00:07:30,8,0,,{},0,0,0,,0,0
r48u_20260914_NICO_UDUC_float_fix1,NICO,UDUC,float,2024-07-17T00:08:00,8,0,,{},0,0,0,,0,0
r48u_20260914_NICO_UDUC_float_fix1,NICO,UDUC,float,2024-07-17T00:08:30,9,0,,{},0,0,0,,0,0
r48u_20260914_NICO_UDUC_float_fix1,NICO,UDUC,float,2024-07-17T00:09:00,8,0,,{},0,0,0,,0,0
r48u_20260914_NICO_UDUC_float_fix1,NICO,UDUC,float,2024-07-17T00:09:30,8,0,,{},0,0,0,,0,0
r48u_20260914_NICO_UDUC_float_fix1,NICO,UDUC,float,2024-07-17T00:10:00,8,0,,{},0,0,0,,0,0
r48u_20260914_NICO_UDUC_float_fix1,NICO,UDUC,float,2024-07-17T00:10:30,8,7,G06;G12;G19;G22;G24;G25;G32,"{""PRODUCT-GPS-C1"": [""G06"", ""G12"", ""G19"", ""G22"", ""G24"", ""G25"", ""G32""]}",1,6,6,G06;G12;G19;G22;G25;G32,0,0
r48u_20260914_NICO_UDUC_float_fix1,NICO,UDUC,float,2024-07-17T00:11:00,8,0,,{},0,0,0,,0,0
r48u_20260914_NICO_UDUC_float_fix1,NICO,UDUC,float,2024-07-17T00:11:30,9,2,G11;G15,"{""PRODUCT-GPS-C0"": [""G11""], ""PRODUCT-GPS-C2"": [""G15""]}",2,0,0,,0,0
r48u_20260914_NICO_UDUC_float_fix1,NICO,UDUC,float,2024-07-17T00:12:00,9,2,G11;G15,"{""PRODUCT-GPS-C0"": [""G11""], ""PRODUCT-GPS-C2"": [""G15""]}",2,0,0,,0,0
r48u_20260914_NICO_UDUC_float_fix1,NICO,UDUC,float,2024-07-17T00:12:30,9,2,G11;G15,"{""PRODUCT-GPS-C0"": [""G11""], ""PRODUCT-GPS-C2"": [""G15""]}",2,0,0,,0,0
r48u_20260914_NICO_UDUC_float_fix1,NICO,UDUC,float,2024-07-17T00:13:00,8,2,G11;G15,"{""PRODUCT-GPS-C0"": [""G11""], ""PRODUCT-GPS-C2"": [""G15""]}",2,0,0,,0,0
r48u_20260914_NICO_UDUC_float_fix1,NICO,UDUC,float,2024-07-17T00:13:30,8,2,G11;G15,"{""PRODUCT-GPS-C0"": [""G11""], ""PRODUCT-GPS-C2"": [""G15""]}",2,0,0,,0,0
r48u_20260914_NICO_UDUC_float_fix1,NICO,UDUC,float,2024-07-17T00:14:00,8,2,G11;G15,"{""PRODUCT-GPS-C0"": [""G11""], ""PRODUCT-GPS-C2"": [""G15""]}",2,0,0,,0,0
r48u_20260914_NICO_UDUC_float_fix1,NICO,UDUC,float,2024-07-17T00:14:30,7,1,G11,"{""PRODUCT-GPS-C0"": [""G11""]}",1,0,0,,0,0
r48u_20260914_NICO_UDUC_float_fix1,NICO,UDUC,float,2024-07-17T00:15:00,7,1,G11,"{""PRODUCT-GPS-C0"": [""G11""]}",1,0,0,,0,0
r48u_20260914_NICO_UDUC_float_fix1,NICO,UDUC,float,2024-07-17T00:15:30,7,1,G11,"{""PRODUCT-GPS-C0"": [""G11""]}",1,0,0,,0,0
r48u_20260914_NICO_UDUC_float_fix1,NICO,UDUC,float,2024-07-17T00:16:00,7,1,G11,"{""PRODUCT-GPS-C0"": [""G11""]}",1,0,0,,0,0
r48u_20260914_NICO_UDUC_float_fix1,NICO,UDUC,float,2024-07-17T00:16:30,7,1,G11,"{""PRODUCT-GPS-C0"": [""G11""]}",1,0,0,,0,0
r48u_20260914_NICO_UDUC_float_fix1,NICO,UDUC,float,2024-07-17T00:17:00,7,7,G06;G11;G12;G19;G24;G25;G32,"{""PRODUCT-GPS-C1"": [""G11""], ""PRODUCT-GPS-C2"": [""G06"", ""G12"", ""G19"", ""G24"", ""G25"", ""G32""]}",2,5,5,G06;G12;G19;G25;G32,0,0
r48u_20260914_NICO_UDUC_float_fix1,NICO,UDUC,float,2024-07-17T00:17:30,7,7,G06;G11;G12;G19;G24;G25;G32,"{""PRODUCT-GPS-C1"": [""G11""], ""PRODUCT-GPS-C2"": [""G06"", ""G12"", ""G19"", ""G24"", ""G25"", ""G32""]}",2,5,5,G06;G12;G19;G25;G32,0,0
r48u_20260914_NICO_UDUC_float_fix1,NICO,UDUC,float,2024-07-17T00:18:00,7,7,G06;G11;G12;G19;G24;G25;G32,"{""PRODUCT-GPS-C1"": [""G11""], ""PRODUCT-GPS-C2"": [""G06"", ""G12"", ""G19"", ""G24"", ""G25"", ""G32""]}",2,5,5,G06;G12;G19;G25;G32,0,0
r48u_20260914_NICO_UDUC_float_fix1,NICO,UDUC,float,2024-07-17T00:18:30,7,7,G06;G11;G12;G19;G24;G25;G32,"{""PRODUCT-GPS-C1"": [""G11""], ""PRODUCT-GPS-C2"": [""G06"", ""G12"", ""G19"", ""G24"", ""G25"", ""G32""]}",2,5,5,G06;G12;G19;G25;G32,0,0
r48u_20260914_NICO_UDUC_float_fix1,NICO,UDUC,float,2024-07-17T00:19:00,7,7,G06;G11;G12;G19;G24;G25;G32,"{""PRODUCT-GPS-C1"": [""G11""], ""PRODUCT-GPS-C2"": [""G06"", ""G12"", ""G19"", ""G24"", ""G25"", ""G32""]}",2,5,6,G06;G12;G19;G22;G25;G32,0,0
r48u_20260914_NICO_UDUC_float_fix1,NICO,UDUC,float,2024-07-17T00:19:30,7,7,G06;G11;G12;G19;G24;G25;G32,"{""PRODUCT-GPS-C1"": [""G11""], ""PRODUCT-GPS-C2"": [""G06"", ""G12"", ""G19"", ""G24"", ""G25"", ""G32""]}",2,5,6,G06;G12;G19;G22;G25;G32,0,0
r48u_20260914_NICO_UDUC_float_fix1,NICO,UDUC,float,2024-07-17T00:20:00,7,7,G06;G11;G12;G19;G24;G25;G32,"{""PRODUCT-GPS-C0"": [""G11""], ""PRODUCT-GPS-C1"": [""G06"", ""G12"", ""G19"", ""G24"", ""G25"", ""G32""]}",2,5,5,G06;G12;G19;G25;G32,0,0
r48u_20260914_NICO_UDUC_float_fix1,NICO,UDUC,float,2024-07-17T00:20:30,7,7,G06;G11;G12;G19;G24;G25;G32,"{""PRODUCT-GPS-C1"": [""G06"", ""G11"", ""G12"", ""G19"", ""G24"", ""G25"", ""G32""]}",1,6,8,G06;G11;G12;G17;G19;G22;G25;G32,0,0
r48u_20260914_NICO_UDUC_float_fix1,NICO,UDUC,float,2024-07-17T00:21:00,7,7,G06;G11;G12;G19;G24;G25;G32,"{""PRODUCT-GPS-C0"": [""G11""], ""PRODUCT-GPS-C1"": [""G06"", ""G12"", ""G19"", ""G24"", ""G25"", ""G32""]}",2,5,5,G06;G12;G19;G25;G32,0,0
r48u_20260914_NICO_UDUC_float_fix1,NICO,UDUC,float,2024-07-17T00:21:30,7,7,G06;G11;G12;G19;G24;G25;G32,"{""PRODUCT-GPS-C1"": [""G06"", ""G11"", ""G12"", ""G19"", ""G24"", ""G25"", ""G32""]}",1,6,6,G06;G11;G12;G19;G25;G32,0,0
r48u_20260914_NICO_UDUC_float_fix1,NICO,UDUC,float,2024-07-17T00:22:00,7,7,G06;G11;G12;G19;G24;G25;G32,"{""PRODUCT-GPS-C1"": [""G06"", ""G11"", ""G12"", ""G19"", ""G24"", ""G25"", ""G32""]}",1,6,7,G06;G11;G12;G17;G19;G25;G32,0,0
r48u_20260914_NICO_UDUC_float_fix1,NICO,UDUC,float,2024-07-17T00:22:30,7,7,G06;G11;G12;G19;G24;G25;G32,"{""PRODUCT-GPS-C1"": [""G06"", ""G11"", ""G12"", ""G19"", ""G24"", ""G25"", ""G32""]}",1,6,7,G06;G11;G12;G17;G19;G25;G32,0,0
r48u_20260914_NICO_UDUC_float_fix1,NICO,UDUC,float,2024-07-17T00:23:00,7,7,G06;G11;G12;G19;G24;G25;G32,"{""PRODUCT-GPS-C1"": [""G06"", ""G11"", ""G12"", ""G19"", ""G24"", ""G25"", ""G32""]}",1,6,7,G06;G11;G12;G17;G19;G25;G32,0,0
r48u_20260914_NICO_UDUC_float_fix1,NICO,UDUC,float,2024-07-17T00:23:30,7,7,G06;G11;G12;G19;G24;G25;G32,"{""PRODUCT-GPS-C1"": [""G11""], ""PRODUCT-GPS-C2"": [""G06"", ""G12"", ""G19"", ""G24"", ""G25"", ""G32""]}",2,5,6,G06;G12;G19;G22;G25;G32,0,0
r48u_20260914_NICO_UDUC_float_fix1,NICO,UDUC,float,2024-07-17T00:24:00,7,7,G06;G11;G12;G19;G24;G25;G32,"{""PRODUCT-GPS-C1"": [""G11""], ""PRODUCT-GPS-C2"": [""G06"", ""G12"", ""G19"", ""G24"", ""G25"", ""G32""]}",2,5,6,G06;G12;G19;G22;G25;G32,0,0
r48u_20260914_NICO_UDUC_float_fix1,NICO,UDUC,float,2024-07-17T00:24:30,7,7,G06;G11;G12;G19;G24;G25;G32,"{""PRODUCT-GPS-C1"": [""G11""], ""PRODUCT-GPS-C2"": [""G06"", ""G12"", ""G19"", ""G24"", ""G25"", ""G32""]}",2,5,6,G06;G12;G19;G22;G25;G32,0,0
r48u_20260914_NICO_UDUC_float_fix1,NICO,UDUC,float,2024-07-17T00:25:00,7,7,G06;G11;G12;G19;G24;G25;G32,"{""PRODUCT-GPS-C1"": [""G11""], ""PRODUCT-GPS-C2"": [""G06"", ""G12"", ""G19"", ""G24"", ""G25"", ""G32""]}",2,5,6,G06;G12;G19;G22;G25;G32,0,0
r48u_20260914_NICO_UDUC_float_fix1,NICO,UDUC,float,2024-07-17T00:25:30,7,1,G11,"{""PRODUCT-GPS-C0"": [""G11""]}",1,0,0,,0,0
r48u_20260914_NICO_UDUC_float_fix1,NICO,UDUC,float,2024-07-17T00:26:00,7,6,G06;G12;G19;G24;G25;G32,"{""PRODUCT-GPS-C0"": [""G06"", ""G12"", ""G19"", ""G24"", ""G25"", ""G32""]}",1,5,5,G06;G12;G19;G25;G32,0,0
r48u_20260914_NICO_UDUC_float_fix1,NICO,UDUC,float,2024-07-17T00:26:30,7,7,G06;G11;G12;G19;G24;G25;G32,"{""PRODUCT-GPS-C0"": [""G11""], ""PRODUCT-GPS-C1"": [""G06"", ""G12"", ""G19"", ""G24"", ""G25"", ""G32""]}",2,5,5,G06;G12;G19;G25;G32,0,0
r48u_20260914_NICO_UDUC_float_fix1,NICO,UDUC,float,2024-07-17T00:27:00,7,7,G06;G11;G12;G19;G24;G25;G32,"{""PRODUCT-GPS-C0"": [""G06"", ""G11"", ""G12"", ""G19"", ""G24"", ""G25"", ""G32""]}",1,6,7,G06;G11;G12;G19;G22;G25;G32,0,0
r48u_20260914_NICO_UDUC_float_fix1,NICO,UDUC,float,2024-07-17T00:27:30,7,7,G06;G11;G12;G19;G24;G25;G32,"{""PRODUCT-GPS-C0"": [""G06"", ""G11"", ""G12"", ""G19"", ""G24"", ""G25"", ""G32""]}",1,6,7,G06;G11;G12;G19;G22;G25;G32,0,0
r48u_20260914_NICO_UDUC_float_fix1,NICO,UDUC,float,2024-07-17T00:28:00,7,7,G06;G11;G12;G19;G24;G25;G32,"{""PRODUCT-GPS-C0"": [""G06"", ""G11"", ""G12"", ""G19"", ""G24"", ""G25"", ""G32""]}",1,6,6,G06;G11;G12;G19;G25;G32,0,0
r48u_20260914_NICO_UDUC_float_fix1,NICO,UDUC,float,2024-07-17T00:28:30,7,7,G06;G11;G12;G19;G24;G25;G32,"{""PRODUCT-GPS-C0"": [""G06"", ""G11"", ""G12"", ""G19"", ""G24"", ""G25"", ""G32""]}",1,6,6,G06;G11;G12;G19;G25;G32,0,0
r48u_20260914_NICO_UDUC_float_fix1,NICO,UDUC,float,2024-07-17T00:29:00,7,7,G06;G11;G12;G19;G24;G25;G32,"{""PRODUCT-GPS-C0"": [""G06"", ""G11"", ""G12"", ""G19"", ""G24"", ""G25"", ""G32""]}",1,6,6,G06;G11;G12;G19;G25;G32,0,0
r48u_20260914_NICO_UDUC_float_fix1,NICO,UDUC,float,2024-07-17T00:29:30,7,7,G06;G11;G12;G19;G24;G25;G32,"{""PRODUCT-GPS-C0"": [""G06"", ""G11"", ""G12"", ""G19"", ""G24"", ""G25"", ""G32""]}",1,6,6,G06;G11;G12;G19;G25;G32,0,0
r48u_20260914_NICO_UDUC_float_fix1,NICO,UDUC,float,2024-07-17T00:30:00,7,7,G06;G11;G12;G19;G24;G25;G32,"{""PRODUCT-GPS-C0"": [""G06"", ""G11"", ""G12"", ""G19"", ""G24"", ""G25"", ""G32""]}",1,6,6,G06;G11;G12;G19;G25;G32,0,0
r48u_20260914_NICO_UDUC_round_shadow_fix1,NICO,UDUC,round_shadow,2024-07-17T00:03:00,9,0,,{},0,0,0,,0,0
r48u_20260914_NICO_UDUC_round_shadow_fix1,NICO,UDUC,round_shadow,2024-07-17T00:03:30,8,0,,{},0,0,0,,0,0
r48u_20260914_NICO_UDUC_round_shadow_fix1,NICO,UDUC,round_shadow,2024-07-17T00:04:00,8,0,,{},0,0,0,,0,0
r48u_20260914_NICO_UDUC_round_shadow_fix1,NICO,UDUC,round_shadow,2024-07-17T00:04:30,8,0,,{},0,0,0,,0,0
r48u_20260914_NICO_UDUC_round_shadow_fix1,NICO,UDUC,round_shadow,2024-07-17T00:05:00,8,0,,{},0,0,0,,0,0
r48u_20260914_NICO_UDUC_round_shadow_fix1,NICO,UDUC,round_shadow,2024-07-17T00:05:30,8,0,,{},0,0,0,,0,0
r48u_20260914_NICO_UDUC_round_shadow_fix1,NICO,UDUC,round_shadow,2024-07-17T00:06:00,8,0,,{},0,0,0,,0,0
r48u_20260914_NICO_UDUC_round_shadow_fix1,NICO,UDUC,round_shadow,2024-07-17T00:06:30,8,0,,{},0,0,0,,0,0
r48u_20260914_NICO_UDUC_round_shadow_fix1,NICO,UDUC,round_shadow,2024-07-17T00:07:00,8,0,,{},0,0,0,,0,0
r48u_20260914_NICO_UDUC_round_shadow_fix1,NICO,UDUC,round_shadow,2024-07-17T00:07:30,8,0,,{},0,0,0,,0,0
r48u_20260914_NICO_UDUC_round_shadow_fix1,NICO,UDUC,round_shadow,2024-07-17T00:08:00,8,0,,{},0,0,0,,0,0
r48u_20260914_NICO_UDUC_round_shadow_fix1,NICO,UDUC,round_shadow,2024-07-17T00:08:30,9,0,,{},0,0,0,,0,0
r48u_20260914_NICO_UDUC_round_shadow_fix1,NICO,UDUC,round_shadow,2024-07-17T00:09:00,8,0,,{},0,0,0,,0,0
r48u_20260914_NICO_UDUC_round_shadow_fix1,NICO,UDUC,round_shadow,2024-07-17T00:09:30,8,0,,{},0,0,0,,0,0
r48u_20260914_NICO_UDUC_round_shadow_fix1,NICO,UDUC,round_shadow,2024-07-17T00:10:00,8,0,,{},0,0,0,,0,0
r48u_20260914_NICO_UDUC_round_shadow_fix1,NICO,UDUC,round_shadow,2024-07-17T00:10:30,8,7,G06;G12;G19;G22;G24;G25;G32,"{""PRODUCT-GPS-C1"": [""G06"", ""G12"", ""G19"", ""G22"", ""G24"", ""G25"", ""G32""]}",1,6,6,G06;G12;G19;G22;G25;G32,6,5
r48u_20260914_NICO_UDUC_round_shadow_fix1,NICO,UDUC,round_shadow,2024-07-17T00:11:00,8,0,,{},0,0,0,,0,0
r48u_20260914_NICO_UDUC_round_shadow_fix1,NICO,UDUC,round_shadow,2024-07-17T00:11:30,9,2,G11;G15,"{""PRODUCT-GPS-C0"": [""G11""], ""PRODUCT-GPS-C2"": [""G15""]}",2,0,0,,0,0
r48u_20260914_NICO_UDUC_round_shadow_fix1,NICO,UDUC,round_shadow,2024-07-17T00:12:00,9,2,G11;G15,"{""PRODUCT-GPS-C0"": [""G11""], ""PRODUCT-GPS-C2"": [""G15""]}",2,0,0,,0,0
r48u_20260914_NICO_UDUC_round_shadow_fix1,NICO,UDUC,round_shadow,2024-07-17T00:12:30,9,2,G11;G15,"{""PRODUCT-GPS-C0"": [""G11""], ""PRODUCT-GPS-C2"": [""G15""]}",2,0,0,,0,0
r48u_20260914_NICO_UDUC_round_shadow_fix1,NICO,UDUC,round_shadow,2024-07-17T00:13:00,8,2,G11;G15,"{""PRODUCT-GPS-C0"": [""G11""], ""PRODUCT-GPS-C2"": [""G15""]}",2,0,0,,0,0
r48u_20260914_NICO_UDUC_round_shadow_fix1,NICO,UDUC,round_shadow,2024-07-17T00:13:30,8,2,G11;G15,"{""PRODUCT-GPS-C0"": [""G11""], ""PRODUCT-GPS-C2"": [""G15""]}",2,0,0,,0,0
r48u_20260914_NICO_UDUC_round_shadow_fix1,NICO,UDUC,round_shadow,2024-07-17T00:14:00,8,2,G11;G15,"{""PRODUCT-GPS-C0"": [""G11""], ""PRODUCT-GPS-C2"": [""G15""]}",2,0,0,,0,0
r48u_20260914_NICO_UDUC_round_shadow_fix1,NICO,UDUC,round_shadow,2024-07-17T00:14:30,7,1,G11,"{""PRODUCT-GPS-C0"": [""G11""]}",1,0,0,,0,0
r48u_20260914_NICO_UDUC_round_shadow_fix1,NICO,UDUC,round_shadow,2024-07-17T00:15:00,7,1,G11,"{""PRODUCT-GPS-C0"": [""G11""]}",1,0,0,,0,0
r48u_20260914_NICO_UDUC_round_shadow_fix1,NICO,UDUC,round_shadow,2024-07-17T00:15:30,7,1,G11,"{""PRODUCT-GPS-C0"": [""G11""]}",1,0,0,,0,0
r48u_20260914_NICO_UDUC_round_shadow_fix1,NICO,UDUC,round_shadow,2024-07-17T00:16:00,7,1,G11,"{""PRODUCT-GPS-C0"": [""G11""]}",1,0,0,,0,0
r48u_20260914_NICO_UDUC_round_shadow_fix1,NICO,UDUC,round_shadow,2024-07-17T00:16:30,7,1,G11,"{""PRODUCT-GPS-C0"": [""G11""]}",1,0,0,,0,0
r48u_20260914_NICO_UDUC_round_shadow_fix1,NICO,UDUC,round_shadow,2024-07-17T00:17:00,7,7,G06;G11;G12;G19;G24;G25;G32,"{""PRODUCT-GPS-C1"": [""G11""], ""PRODUCT-GPS-C2"": [""G06"", ""G12"", ""G19"", ""G24"", ""G25"", ""G32""]}",2,5,5,G06;G12;G19;G25;G32,5,4
r48u_20260914_NICO_UDUC_round_shadow_fix1,NICO,UDUC,round_shadow,2024-07-17T00:17:30,7,7,G06;G11;G12;G19;G24;G25;G32,"{""PRODUCT-GPS-C1"": [""G11""], ""PRODUCT-GPS-C2"": [""G06"", ""G12"", ""G19"", ""G24"", ""G25"", ""G32""]}",2,5,5,G06;G12;G19;G25;G32,5,4
r48u_20260914_NICO_UDUC_round_shadow_fix1,NICO,UDUC,round_shadow,2024-07-17T00:18:00,7,7,G06;G11;G12;G19;G24;G25;G32,"{""PRODUCT-GPS-C1"": [""G11""], ""PRODUCT-GPS-C2"": [""G06"", ""G12"", ""G19"", ""G24"", ""G25"", ""G32""]}",2,5,5,G06;G12;G19;G25;G32,5,4
r48u_20260914_NICO_UDUC_round_shadow_fix1,NICO,UDUC,round_shadow,2024-07-17T00:18:30,7,7,G06;G11;G12;G19;G24;G25;G32,"{""PRODUCT-GPS-C1"": [""G11""], ""PRODUCT-GPS-C2"": [""G06"", ""G12"", ""G19"", ""G24"", ""G25"", ""G32""]}",2,5,5,G06;G12;G19;G25;G32,5,4
r48u_20260914_NICO_UDUC_round_shadow_fix1,NICO,UDUC,round_shadow,2024-07-17T00:19:00,7,7,G06;G11;G12;G19;G24;G25;G32,"{""PRODUCT-GPS-C1"": [""G11""], ""PRODUCT-GPS-C2"": [""G06"", ""G12"", ""G19"", ""G24"", ""G25"", ""G32""]}",2,5,6,G06;G12;G19;G22;G25;G32,6,5
r48u_20260914_NICO_UDUC_round_shadow_fix1,NICO,UDUC,round_shadow,2024-07-17T00:19:30,7,7,G06;G11;G12;G19;G24;G25;G32,"{""PRODUCT-GPS-C1"": [""G11""], ""PRODUCT-GPS-C2"": [""G06"", ""G12"", ""G19"", ""G24"", ""G25"", ""G32""]}",2,5,6,G06;G12;G19;G22;G25;G32,6,5
r48u_20260914_NICO_UDUC_round_shadow_fix1,NICO,UDUC,round_shadow,2024-07-17T00:20:00,7,7,G06;G11;G12;G19;G24;G25;G32,"{""PRODUCT-GPS-C0"": [""G11""], ""PRODUCT-GPS-C1"": [""G06"", ""G12"", ""G19"", ""G24"", ""G25"", ""G32""]}",2,5,5,G06;G12;G19;G25;G32,5,4
r48u_20260914_NICO_UDUC_round_shadow_fix1,NICO,UDUC,round_shadow,2024-07-17T00:20:30,7,7,G06;G11;G12;G19;G24;G25;G32,"{""PRODUCT-GPS-C1"": [""G06"", ""G11"", ""G12"", ""G19"", ""G24"", ""G25"", ""G32""]}",1,6,8,G06;G11;G12;G17;G19;G22;G25;G32,8,7
r48u_20260914_NICO_UDUC_round_shadow_fix1,NICO,UDUC,round_shadow,2024-07-17T00:21:00,7,7,G06;G11;G12;G19;G24;G25;G32,"{""PRODUCT-GPS-C0"": [""G11""], ""PRODUCT-GPS-C1"": [""G06"", ""G12"", ""G19"", ""G24"", ""G25"", ""G32""]}",2,5,5,G06;G12;G19;G25;G32,5,4
r48u_20260914_NICO_UDUC_round_shadow_fix1,NICO,UDUC,round_shadow,2024-07-17T00:21:30,7,7,G06;G11;G12;G19;G24;G25;G32,"{""PRODUCT-GPS-C1"": [""G06"", ""G11"", ""G12"", ""G19"", ""G24"", ""G25"", ""G32""]}",1,6,6,G06;G11;G12;G19;G25;G32,6,5
r48u_20260914_NICO_UDUC_round_shadow_fix1,NICO,UDUC,round_shadow,2024-07-17T00:22:00,7,7,G06;G11;G12;G19;G24;G25;G32,"{""PRODUCT-GPS-C1"": [""G06"", ""G11"", ""G12"", ""G19"", ""G24"", ""G25"", ""G32""]}",1,6,7,G06;G11;G12;G17;G19;G25;G32,7,6
r48u_20260914_NICO_UDUC_round_shadow_fix1,NICO,UDUC,round_shadow,2024-07-17T00:22:30,7,7,G06;G11;G12;G19;G24;G25;G32,"{""PRODUCT-GPS-C1"": [""G06"", ""G11"", ""G12"", ""G19"", ""G24"", ""G25"", ""G32""]}",1,6,7,G06;G11;G12;G17;G19;G25;G32,7,6
r48u_20260914_NICO_UDUC_round_shadow_fix1,NICO,UDUC,round_shadow,2024-07-17T00:23:00,7,7,G06;G11;G12;G19;G24;G25;G32,"{""PRODUCT-GPS-C1"": [""G06"", ""G11"", ""G12"", ""G19"", ""G24"", ""G25"", ""G32""]}",1,6,7,G06;G11;G12;G17;G19;G25;G32,7,6
r48u_20260914_NICO_UDUC_round_shadow_fix1,NICO,UDUC,round_shadow,2024-07-17T00:23:30,7,7,G06;G11;G12;G19;G24;G25;G32,"{""PRODUCT-GPS-C1"": [""G11""], ""PRODUCT-GPS-C2"": [""G06"", ""G12"", ""G19"", ""G24"", ""G25"", ""G32""]}",2,5,6,G06;G12;G19;G22;G25;G32,6,5
r48u_20260914_NICO_UDUC_round_shadow_fix1,NICO,UDUC,round_shadow,2024-07-17T00:24:00,7,7,G06;G11;G12;G19;G24;G25;G32,"{""PRODUCT-GPS-C1"": [""G11""], ""PRODUCT-GPS-C2"": [""G06"", ""G12"", ""G19"", ""G24"", ""G25"", ""G32""]}",2,5,6,G06;G12;G19;G22;G25;G32,6,5
r48u_20260914_NICO_UDUC_round_shadow_fix1,NICO,UDUC,round_shadow,2024-07-17T00:24:30,7,7,G06;G11;G12;G19;G24;G25;G32,"{""PRODUCT-GPS-C1"": [""G11""], ""PRODUCT-GPS-C2"": [""G06"", ""G12"", ""G19"", ""G24"", ""G25"", ""G32""]}",2,5,6,G06;G12;G19;G22;G25;G32,6,5
r48u_20260914_NICO_UDUC_round_shadow_fix1,NICO,UDUC,round_shadow,2024-07-17T00:25:00,7,7,G06;G11;G12;G19;G24;G25;G32,"{""PRODUCT-GPS-C1"": [""G11""], ""PRODUCT-GPS-C2"": [""G06"", ""G12"", ""G19"", ""G24"", ""G25"", ""G32""]}",2,5,6,G06;G12;G19;G22;G25;G32,6,5
r48u_20260914_NICO_UDUC_round_shadow_fix1,NICO,UDUC,round_shadow,2024-07-17T00:25:30,7,1,G11,"{""PRODUCT-GPS-C0"": [""G11""]}",1,0,0,,0,0
r48u_20260914_NICO_UDUC_round_shadow_fix1,NICO,UDUC,round_shadow,2024-07-17T00:26:00,7,6,G06;G12;G19;G24;G25;G32,"{""PRODUCT-GPS-C0"": [""G06"", ""G12"", ""G19"", ""G24"", ""G25"", ""G32""]}",1,5,5,G06;G12;G19;G25;G32,5,4
r48u_20260914_NICO_UDUC_round_shadow_fix1,NICO,UDUC,round_shadow,2024-07-17T00:26:30,7,7,G06;G11;G12;G19;G24;G25;G32,"{""PRODUCT-GPS-C0"": [""G11""], ""PRODUCT-GPS-C1"": [""G06"", ""G12"", ""G19"", ""G24"", ""G25"", ""G32""]}",2,5,5,G06;G12;G19;G25;G32,5,4
r48u_20260914_NICO_UDUC_round_shadow_fix1,NICO,UDUC,round_shadow,2024-07-17T00:27:00,7,7,G06;G11;G12;G19;G24;G25;G32,"{""PRODUCT-GPS-C0"": [""G06"", ""G11"", ""G12"", ""G19"", ""G24"", ""G25"", ""G32""]}",1,6,7,G06;G11;G12;G19;G22;G25;G32,7,6
r48u_20260914_NICO_UDUC_round_shadow_fix1,NICO,UDUC,round_shadow,2024-07-17T00:27:30,7,7,G06;G11;G12;G19;G24;G25;G32,"{""PRODUCT-GPS-C0"": [""G06"", ""G11"", ""G12"", ""G19"", ""G24"", ""G25"", ""G32""]}",1,6,7,G06;G11;G12;G19;G22;G25;G32,7,6
r48u_20260914_NICO_UDUC_round_shadow_fix1,NICO,UDUC,round_shadow,2024-07-17T00:28:00,7,7,G06;G11;G12;G19;G24;G25;G32,"{""PRODUCT-GPS-C0"": [""G06"", ""G11"", ""G12"", ""G19"", ""G24"", ""G25"", ""G32""]}",1,6,6,G06;G11;G12;G19;G25;G32,6,5
r48u_20260914_NICO_UDUC_round_shadow_fix1,NICO,UDUC,round_shadow,2024-07-17T00:28:30,7,7,G06;G11;G12;G19;G24;G25;G32,"{""PRODUCT-GPS-C0"": [""G06"", ""G11"", ""G12"", ""G19"", ""G24"", ""G25"", ""G32""]}",1,6,6,G06;G11;G12;G19;G25;G32,6,5
r48u_20260914_NICO_UDUC_round_shadow_fix1,NICO,UDUC,round_shadow,2024-07-17T00:29:00,7,7,G06;G11;G12;G19;G24;G25;G32,"{""PRODUCT-GPS-C0"": [""G06"", ""G11"", ""G12"", ""G19"", ""G24"", ""G25"", ""G32""]}",1,6,6,G06;G11;G12;G19;G25;G32,6,5
r48u_20260914_NICO_UDUC_round_shadow_fix1,NICO,UDUC,round_shadow,2024-07-17T00:29:30,7,7,G06;G11;G12;G19;G24;G25;G32,"{""PRODUCT-GPS-C0"": [""G06"", ""G11"", ""G12"", ""G19"", ""G24"", ""G25"", ""G32""]}",1,6,6,G06;G11;G12;G19;G25;G32,6,5
r48u_20260914_NICO_UDUC_round_shadow_fix1,NICO,UDUC,round_shadow,2024-07-17T00:30:00,7,7,G06;G11;G12;G19;G24;G25;G32,"{""PRODUCT-GPS-C0"": [""G06"", ""G11"", ""G12"", ""G19"", ""G24"", ""G25"", ""G32""]}",1,6,6,G06;G11;G12;G19;G25;G32,6,5
r48u_20260914_NICO_UDUC_round_feedback_fix1,NICO,UDUC,round_feedback,2024-07-17T00:03:00,9,0,,{},0,0,0,,0,0
r48u_20260914_NICO_UDUC_round_feedback_fix1,NICO,UDUC,round_feedback,2024-07-17T00:03:30,8,0,,{},0,0,0,,0,0
r48u_20260914_NICO_UDUC_round_feedback_fix1,NICO,UDUC,round_feedback,2024-07-17T00:04:00,8,0,,{},0,0,0,,0,0
r48u_20260914_NICO_UDUC_round_feedback_fix1,NICO,UDUC,round_feedback,2024-07-17T00:04:30,8,0,,{},0,0,0,,0,0
r48u_20260914_NICO_UDUC_round_feedback_fix1,NICO,UDUC,round_feedback,2024-07-17T00:05:00,8,0,,{},0,0,0,,0,0
r48u_20260914_NICO_UDUC_round_feedback_fix1,NICO,UDUC,round_feedback,2024-07-17T00:05:30,8,0,,{},0,0,0,,0,0
r48u_20260914_NICO_UDUC_round_feedback_fix1,NICO,UDUC,round_feedback,2024-07-17T00:06:00,8,0,,{},0,0,0,,0,0
r48u_20260914_NICO_UDUC_round_feedback_fix1,NICO,UDUC,round_feedback,2024-07-17T00:06:30,8,0,,{},0,0,0,,0,0
r48u_20260914_NICO_UDUC_round_feedback_fix1,NICO,UDUC,round_feedback,2024-07-17T00:07:00,8,0,,{},0,0,0,,0,0
r48u_20260914_NICO_UDUC_round_feedback_fix1,NICO,UDUC,round_feedback,2024-07-17T00:07:30,8,0,,{},0,0,0,,0,0
r48u_20260914_NICO_UDUC_round_feedback_fix1,NICO,UDUC,round_feedback,2024-07-17T00:08:00,8,0,,{},0,0,0,,0,0
r48u_20260914_NICO_UDUC_round_feedback_fix1,NICO,UDUC,round_feedback,2024-07-17T00:08:30,9,0,,{},0,0,0,,0,0
r48u_20260914_NICO_UDUC_round_feedback_fix1,NICO,UDUC,round_feedback,2024-07-17T00:09:00,8,0,,{},0,0,0,,0,0
r48u_20260914_NICO_UDUC_round_feedback_fix1,NICO,UDUC,round_feedback,2024-07-17T00:09:30,8,0,,{},0,0,0,,0,0
r48u_20260914_NICO_UDUC_round_feedback_fix1,NICO,UDUC,round_feedback,2024-07-17T00:10:00,8,0,,{},0,0,0,,0,0
r48u_20260914_NICO_UDUC_round_feedback_fix1,NICO,UDUC,round_feedback,2024-07-17T00:10:30,8,7,G06;G12;G19;G22;G24;G25;G32,"{""PRODUCT-GPS-C1"": [""G06"", ""G12"", ""G19"", ""G22"", ""G24"", ""G25"", ""G32""]}",1,6,6,G06;G12;G19;G22;G25;G32,6,5
r48u_20260914_NICO_UDUC_round_feedback_fix1,NICO,UDUC,round_feedback,2024-07-17T00:11:00,8,0,,{},0,0,0,,0,0
r48u_20260914_NICO_UDUC_round_feedback_fix1,NICO,UDUC,round_feedback,2024-07-17T00:11:30,9,2,G11;G15,"{""PRODUCT-GPS-C0"": [""G11""], ""PRODUCT-GPS-C2"": [""G15""]}",2,0,0,,0,0
r48u_20260914_NICO_UDUC_round_feedback_fix1,NICO,UDUC,round_feedback,2024-07-17T00:12:00,9,2,G11;G15,"{""PRODUCT-GPS-C0"": [""G11""], ""PRODUCT-GPS-C2"": [""G15""]}",2,0,0,,0,0
r48u_20260914_NICO_UDUC_round_feedback_fix1,NICO,UDUC,round_feedback,2024-07-17T00:12:30,9,2,G11;G15,"{""PRODUCT-GPS-C0"": [""G11""], ""PRODUCT-GPS-C2"": [""G15""]}",2,0,0,,0,0
r48u_20260914_NICO_UDUC_round_feedback_fix1,NICO,UDUC,round_feedback,2024-07-17T00:13:00,8,2,G11;G15,"{""PRODUCT-GPS-C0"": [""G11""], ""PRODUCT-GPS-C2"": [""G15""]}",2,0,0,,0,0
r48u_20260914_NICO_UDUC_round_feedback_fix1,NICO,UDUC,round_feedback,2024-07-17T00:13:30,8,2,G11;G15,"{""PRODUCT-GPS-C0"": [""G11""], ""PRODUCT-GPS-C2"": [""G15""]}",2,0,0,,0,0
r48u_20260914_NICO_UDUC_round_feedback_fix1,NICO,UDUC,round_feedback,2024-07-17T00:14:00,8,2,G11;G15,"{""PRODUCT-GPS-C0"": [""G11""], ""PRODUCT-GPS-C2"": [""G15""]}",2,0,0,,0,0
r48u_20260914_NICO_UDUC_round_feedback_fix1,NICO,UDUC,round_feedback,2024-07-17T00:14:30,7,1,G11,"{""PRODUCT-GPS-C0"": [""G11""]}",1,0,0,,0,0
r48u_20260914_NICO_UDUC_round_feedback_fix1,NICO,UDUC,round_feedback,2024-07-17T00:15:00,7,1,G11,"{""PRODUCT-GPS-C0"": [""G11""]}",1,0,0,,0,0
r48u_20260914_NICO_UDUC_round_feedback_fix1,NICO,UDUC,round_feedback,2024-07-17T00:15:30,7,1,G11,"{""PRODUCT-GPS-C0"": [""G11""]}",1,0,0,,0,0
r48u_20260914_NICO_UDUC_round_feedback_fix1,NICO,UDUC,round_feedback,2024-07-17T00:16:00,7,1,G11,"{""PRODUCT-GPS-C0"": [""G11""]}",1,0,0,,0,0
r48u_20260914_NICO_UDUC_round_feedback_fix1,NICO,UDUC,round_feedback,2024-07-17T00:16:30,7,1,G11,"{""PRODUCT-GPS-C0"": [""G11""]}",1,0,0,,0,0
r48u_20260914_NICO_UDUC_round_feedback_fix1,NICO,UDUC,round_feedback,2024-07-17T00:17:00,7,7,G06;G11;G12;G19;G24;G25;G32,"{""PRODUCT-GPS-C1"": [""G11""], ""PRODUCT-GPS-C2"": [""G06"", ""G12"", ""G19"", ""G24"", ""G25"", ""G32""]}",2,5,5,G06;G12;G19;G25;G32,5,4
r48u_20260914_NICO_UDUC_round_feedback_fix1,NICO,UDUC,round_feedback,2024-07-17T00:17:30,7,7,G06;G11;G12;G19;G24;G25;G32,"{""PRODUCT-GPS-C1"": [""G11""], ""PRODUCT-GPS-C2"": [""G06"", ""G12"", ""G19"", ""G24"", ""G25"", ""G32""]}",2,5,5,G06;G12;G19;G25;G32,5,4
r48u_20260914_NICO_UDUC_round_feedback_fix1,NICO,UDUC,round_feedback,2024-07-17T00:18:00,7,7,G06;G11;G12;G19;G24;G25;G32,"{""PRODUCT-GPS-C1"": [""G11""], ""PRODUCT-GPS-C2"": [""G06"", ""G12"", ""G19"", ""G24"", ""G25"", ""G32""]}",2,5,5,G06;G12;G19;G25;G32,5,4
r48u_20260914_NICO_UDUC_round_feedback_fix1,NICO,UDUC,round_feedback,2024-07-17T00:18:30,7,7,G06;G11;G12;G19;G24;G25;G32,"{""PRODUCT-GPS-C1"": [""G11""], ""PRODUCT-GPS-C2"": [""G06"", ""G12"", ""G19"", ""G24"", ""G25"", ""G32""]}",2,5,5,G06;G12;G19;G25;G32,5,4
r48u_20260914_NICO_UDUC_round_feedback_fix1,NICO,UDUC,round_feedback,2024-07-17T00:19:00,7,7,G06;G11;G12;G19;G24;G25;G32,"{""PRODUCT-GPS-C1"": [""G11""], ""PRODUCT-GPS-C2"": [""G06"", ""G12"", ""G19"", ""G24"", ""G25"", ""G32""]}",2,5,6,G06;G12;G19;G22;G25;G32,6,5
r48u_20260914_NICO_UDUC_round_feedback_fix1,NICO,UDUC,round_feedback,2024-07-17T00:19:30,7,7,G06;G11;G12;G19;G24;G25;G32,"{""PRODUCT-GPS-C1"": [""G11""], ""PRODUCT-GPS-C2"": [""G06"", ""G12"", ""G19"", ""G24"", ""G25"", ""G32""]}",2,5,6,G06;G12;G19;G22;G25;G32,6,5
r48u_20260914_NICO_UDUC_round_feedback_fix1,NICO,UDUC,round_feedback,2024-07-17T00:20:00,7,7,G06;G11;G12;G19;G24;G25;G32,"{""PRODUCT-GPS-C0"": [""G11""], ""PRODUCT-GPS-C1"": [""G06"", ""G12"", ""G19"", ""G24"", ""G25"", ""G32""]}",2,5,5,G06;G12;G19;G25;G32,5,4
r48u_20260914_NICO_UDUC_round_feedback_fix1,NICO,UDUC,round_feedback,2024-07-17T00:20:30,7,7,G06;G11;G12;G19;G24;G25;G32,"{""PRODUCT-GPS-C1"": [""G06"", ""G11"", ""G12"", ""G19"", ""G24"", ""G25"", ""G32""]}",1,6,8,G06;G11;G12;G17;G19;G22;G25;G32,8,7
r48u_20260914_NICO_UDUC_round_feedback_fix1,NICO,UDUC,round_feedback,2024-07-17T00:21:00,7,7,G06;G11;G12;G19;G24;G25;G32,"{""PRODUCT-GPS-C0"": [""G11""], ""PRODUCT-GPS-C1"": [""G06"", ""G12"", ""G19"", ""G24"", ""G25"", ""G32""]}",2,5,5,G06;G12;G19;G25;G32,5,4
r48u_20260914_NICO_UDUC_round_feedback_fix1,NICO,UDUC,round_feedback,2024-07-17T00:21:30,7,7,G06;G11;G12;G19;G24;G25;G32,"{""PRODUCT-GPS-C1"": [""G06"", ""G11"", ""G12"", ""G19"", ""G24"", ""G25"", ""G32""]}",1,6,6,G06;G11;G12;G19;G25;G32,6,5
r48u_20260914_NICO_UDUC_round_feedback_fix1,NICO,UDUC,round_feedback,2024-07-17T00:22:00,7,7,G06;G11;G12;G19;G24;G25;G32,"{""PRODUCT-GPS-C1"": [""G06"", ""G11"", ""G12"", ""G19"", ""G24"", ""G25"", ""G32""]}",1,6,7,G06;G11;G12;G17;G19;G25;G32,7,6
r48u_20260914_NICO_UDUC_round_feedback_fix1,NICO,UDUC,round_feedback,2024-07-17T00:22:30,7,7,G06;G11;G12;G19;G24;G25;G32,"{""PRODUCT-GPS-C1"": [""G06"", ""G11"", ""G12"", ""G19"", ""G24"", ""G25"", ""G32""]}",1,6,7,G06;G11;G12;G17;G19;G25;G32,7,6
r48u_20260914_NICO_UDUC_round_feedback_fix1,NICO,UDUC,round_feedback,2024-07-17T00:23:00,7,7,G06;G11;G12;G19;G24;G25;G32,"{""PRODUCT-GPS-C1"": [""G06"", ""G11"", ""G12"", ""G19"", ""G24"", ""G25"", ""G32""]}",1,6,7,G06;G11;G12;G17;G19;G25;G32,7,6
r48u_20260914_NICO_UDUC_round_feedback_fix1,NICO,UDUC,round_feedback,2024-07-17T00:23:30,7,7,G06;G11;G12;G19;G24;G25;G32,"{""PRODUCT-GPS-C1"": [""G11""], ""PRODUCT-GPS-C2"": [""G06"", ""G12"", ""G19"", ""G24"", ""G25"", ""G32""]}",2,5,6,G06;G12;G19;G22;G25;G32,6,5
r48u_20260914_NICO_UDUC_round_feedback_fix1,NICO,UDUC,round_feedback,2024-07-17T00:24:00,7,7,G06;G11;G12;G19;G24;G25;G32,"{""PRODUCT-GPS-C1"": [""G11""], ""PRODUCT-GPS-C2"": [""G06"", ""G12"", ""G19"", ""G24"", ""G25"", ""G32""]}",2,5,6,G06;G12;G19;G22;G25;G32,6,5
r48u_20260914_NICO_UDUC_round_feedback_fix1,NICO,UDUC,round_feedback,2024-07-17T00:24:30,7,7,G06;G11;G12;G19;G24;G25;G32,"{""PRODUCT-GPS-C1"": [""G11""], ""PRODUCT-GPS-C2"": [""G06"", ""G12"", ""G19"", ""G24"", ""G25"", ""G32""]}",2,5,6,G06;G12;G19;G22;G25;G32,6,5
r48u_20260914_NICO_UDUC_round_feedback_fix1,NICO,UDUC,round_feedback,2024-07-17T00:25:00,7,7,G06;G11;G12;G19;G24;G25;G32,"{""PRODUCT-GPS-C1"": [""G11""], ""PRODUCT-GPS-C2"": [""G06"", ""G12"", ""G19"", ""G24"", ""G25"", ""G32""]}",2,5,6,G06;G12;G19;G22;G25;G32,6,5
r48u_20260914_NICO_UDUC_round_feedback_fix1,NICO,UDUC,round_feedback,2024-07-17T00:25:30,7,1,G11,"{""PRODUCT-GPS-C0"": [""G11""]}",1,0,0,,0,0
r48u_20260914_NICO_UDUC_round_feedback_fix1,NICO,UDUC,round_feedback,2024-07-17T00:26:00,7,6,G06;G12;G19;G24;G25;G32,"{""PRODUCT-GPS-C0"": [""G06"", ""G12"", ""G19"", ""G24"", ""G25"", ""G32""]}",1,5,5,G06;G12;G19;G25;G32,5,4
r48u_20260914_NICO_UDUC_round_feedback_fix1,NICO,UDUC,round_feedback,2024-07-17T00:26:30,7,7,G06;G11;G12;G19;G24;G25;G32,"{""PRODUCT-GPS-C0"": [""G11""], ""PRODUCT-GPS-C1"": [""G06"", ""G12"", ""G19"", ""G24"", ""G25"", ""G32""]}",2,5,5,G06;G12;G19;G25;G32,5,4
r48u_20260914_NICO_UDUC_round_feedback_fix1,NICO,UDUC,round_feedback,2024-07-17T00:27:00,7,7,G06;G11;G12;G19;G24;G25;G32,"{""PRODUCT-GPS-C0"": [""G06"", ""G11"", ""G12"", ""G19"", ""G24"", ""G25"", ""G32""]}",1,6,7,G06;G11;G12;G19;G22;G25;G32,7,6
r48u_20260914_NICO_UDUC_round_feedback_fix1,NICO,UDUC,round_feedback,2024-07-17T00:27:30,7,7,G06;G11;G12;G19;G24;G25;G32,"{""PRODUCT-GPS-C0"": [""G06"", ""G11"", ""G12"", ""G19"", ""G24"", ""G25"", ""G32""]}",1,6,7,G06;G11;G12;G19;G22;G25;G32,7,6
r48u_20260914_NICO_UDUC_round_feedback_fix1,NICO,UDUC,round_feedback,2024-07-17T00:28:00,7,7,G06;G11;G12;G19;G24;G25;G32,"{""PRODUCT-GPS-C0"": [""G06"", ""G11"", ""G12"", ""G19"", ""G24"", ""G25"", ""G32""]}",1,6,6,G06;G11;G12;G19;G25;G32,6,5
r48u_20260914_NICO_UDUC_round_feedback_fix1,NICO,UDUC,round_feedback,2024-07-17T00:28:30,7,7,G06;G11;G12;G19;G24;G25;G32,"{""PRODUCT-GPS-C0"": [""G06"", ""G11"", ""G12"", ""G19"", ""G24"", ""G25"", ""G32""]}",1,6,6,G06;G11;G12;G19;G25;G32,6,5
r48u_20260914_NICO_UDUC_round_feedback_fix1,NICO,UDUC,round_feedback,2024-07-17T00:29:00,7,7,G06;G11;G12;G19;G24;G25;G32,"{""PRODUCT-GPS-C0"": [""G06"", ""G11"", ""G12"", ""G19"", ""G24"", ""G25"", ""G32""]}",1,6,6,G06;G11;G12;G19;G25;G32,6,5
r48u_20260914_NICO_UDUC_round_feedback_fix1,NICO,UDUC,round_feedback,2024-07-17T00:29:30,7,7,G06;G11;G12;G19;G24;G25;G32,"{""PRODUCT-GPS-C0"": [""G06"", ""G11"", ""G12"", ""G19"", ""G24"", ""G25"", ""G32""]}",1,6,6,G06;G11;G12;G19;G25;G32,6,5
r48u_20260914_NICO_UDUC_round_feedback_fix1,NICO,UDUC,round_feedback,2024-07-17T00:30:00,7,7,G06;G11;G12;G19;G24;G25;G32,"{""PRODUCT-GPS-C0"": [""G06"", ""G11"", ""G12"", ""G19"", ""G24"", ""G25"", ""G32""]}",1,6,6,G06;G11;G12;G19;G25;G32,6,5
r48u_20260914_NICO_UDUC_ils_shadow_fix1,NICO,UDUC,ils_shadow,2024-07-17T00:03:00,9,0,,{},0,0,0,,0,0
r48u_20260914_NICO_UDUC_ils_shadow_fix1,NICO,UDUC,ils_shadow,2024-07-17T00:03:30,8,0,,{},0,0,0,,0,0
r48u_20260914_NICO_UDUC_ils_shadow_fix1,NICO,UDUC,ils_shadow,2024-07-17T00:04:00,8,0,,{},0,0,0,,0,0
r48u_20260914_NICO_UDUC_ils_shadow_fix1,NICO,UDUC,ils_shadow,2024-07-17T00:04:30,8,0,,{},0,0,0,,0,0
r48u_20260914_NICO_UDUC_ils_shadow_fix1,NICO,UDUC,ils_shadow,2024-07-17T00:05:00,8,0,,{},0,0,0,,0,0
r48u_20260914_NICO_UDUC_ils_shadow_fix1,NICO,UDUC,ils_shadow,2024-07-17T00:05:30,8,0,,{},0,0,0,,0,0
r48u_20260914_NICO_UDUC_ils_shadow_fix1,NICO,UDUC,ils_shadow,2024-07-17T00:06:00,8,0,,{},0,0,0,,0,0
r48u_20260914_NICO_UDUC_ils_shadow_fix1,NICO,UDUC,ils_shadow,2024-07-17T00:06:30,8,0,,{},0,0,0,,0,0
r48u_20260914_NICO_UDUC_ils_shadow_fix1,NICO,UDUC,ils_shadow,2024-07-17T00:07:00,8,0,,{},0,0,0,,0,0
r48u_20260914_NICO_UDUC_ils_shadow_fix1,NICO,UDUC,ils_shadow,2024-07-17T00:07:30,8,0,,{},0,0,0,,0,0
r48u_20260914_NICO_UDUC_ils_shadow_fix1,NICO,UDUC,ils_shadow,2024-07-17T00:08:00,8,0,,{},0,0,0,,0,0
r48u_20260914_NICO_UDUC_ils_shadow_fix1,NICO,UDUC,ils_shadow,2024-07-17T00:08:30,9,0,,{},0,0,0,,0,0
r48u_20260914_NICO_UDUC_ils_shadow_fix1,NICO,UDUC,ils_shadow,2024-07-17T00:09:00,8,0,,{},0,0,0,,0,0
r48u_20260914_NICO_UDUC_ils_shadow_fix1,NICO,UDUC,ils_shadow,2024-07-17T00:09:30,8,0,,{},0,0,0,,0,0
r48u_20260914_NICO_UDUC_ils_shadow_fix1,NICO,UDUC,ils_shadow,2024-07-17T00:10:00,8,0,,{},0,0,0,,0,0
r48u_20260914_NICO_UDUC_ils_shadow_fix1,NICO,UDUC,ils_shadow,2024-07-17T00:10:30,8,7,G06;G12;G19;G22;G24;G25;G32,"{""PRODUCT-GPS-C1"": [""G06"", ""G12"", ""G19"", ""G22"", ""G24"", ""G25"", ""G32""]}",1,6,6,G06;G12;G19;G22;G25;G32,6,5
r48u_20260914_NICO_UDUC_ils_shadow_fix1,NICO,UDUC,ils_shadow,2024-07-17T00:11:00,8,0,,{},0,0,0,,0,0
r48u_20260914_NICO_UDUC_ils_shadow_fix1,NICO,UDUC,ils_shadow,2024-07-17T00:11:30,9,2,G11;G15,"{""PRODUCT-GPS-C0"": [""G11""], ""PRODUCT-GPS-C2"": [""G15""]}",2,0,0,,0,0
r48u_20260914_NICO_UDUC_ils_shadow_fix1,NICO,UDUC,ils_shadow,2024-07-17T00:12:00,9,2,G11;G15,"{""PRODUCT-GPS-C0"": [""G11""], ""PRODUCT-GPS-C2"": [""G15""]}",2,0,0,,0,0
r48u_20260914_NICO_UDUC_ils_shadow_fix1,NICO,UDUC,ils_shadow,2024-07-17T00:12:30,9,2,G11;G15,"{""PRODUCT-GPS-C0"": [""G11""], ""PRODUCT-GPS-C2"": [""G15""]}",2,0,0,,0,0
r48u_20260914_NICO_UDUC_ils_shadow_fix1,NICO,UDUC,ils_shadow,2024-07-17T00:13:00,8,2,G11;G15,"{""PRODUCT-GPS-C0"": [""G11""], ""PRODUCT-GPS-C2"": [""G15""]}",2,0,0,,0,0
r48u_20260914_NICO_UDUC_ils_shadow_fix1,NICO,UDUC,ils_shadow,2024-07-17T00:13:30,8,2,G11;G15,"{""PRODUCT-GPS-C0"": [""G11""], ""PRODUCT-GPS-C2"": [""G15""]}",2,0,0,,0,0
r48u_20260914_NICO_UDUC_ils_shadow_fix1,NICO,UDUC,ils_shadow,2024-07-17T00:14:00,8,2,G11;G15,"{""PRODUCT-GPS-C0"": [""G11""], ""PRODUCT-GPS-C2"": [""G15""]}",2,0,0,,0,0
r48u_20260914_NICO_UDUC_ils_shadow_fix1,NICO,UDUC,ils_shadow,2024-07-17T00:14:30,7,1,G11,"{""PRODUCT-GPS-C0"": [""G11""]}",1,0,0,,0,0
r48u_20260914_NICO_UDUC_ils_shadow_fix1,NICO,UDUC,ils_shadow,2024-07-17T00:15:00,7,1,G11,"{""PRODUCT-GPS-C0"": [""G11""]}",1,0,0,,0,0
r48u_20260914_NICO_UDUC_ils_shadow_fix1,NICO,UDUC,ils_shadow,2024-07-17T00:15:30,7,1,G11,"{""PRODUCT-GPS-C0"": [""G11""]}",1,0,0,,0,0
r48u_20260914_NICO_UDUC_ils_shadow_fix1,NICO,UDUC,ils_shadow,2024-07-17T00:16:00,7,1,G11,"{""PRODUCT-GPS-C0"": [""G11""]}",1,0,0,,0,0
r48u_20260914_NICO_UDUC_ils_shadow_fix1,NICO,UDUC,ils_shadow,2024-07-17T00:16:30,7,1,G11,"{""PRODUCT-GPS-C0"": [""G11""]}",1,0,0,,0,0
r48u_20260914_NICO_UDUC_ils_shadow_fix1,NICO,UDUC,ils_shadow,2024-07-17T00:17:00,7,7,G06;G11;G12;G19;G24;G25;G32,"{""PRODUCT-GPS-C1"": [""G11""], ""PRODUCT-GPS-C2"": [""G06"", ""G12"", ""G19"", ""G24"", ""G25"", ""G32""]}",2,5,5,G06;G12;G19;G25;G32,5,4
r48u_20260914_NICO_UDUC_ils_shadow_fix1,NICO,UDUC,ils_shadow,2024-07-17T00:17:30,7,7,G06;G11;G12;G19;G24;G25;G32,"{""PRODUCT-GPS-C1"": [""G11""], ""PRODUCT-GPS-C2"": [""G06"", ""G12"", ""G19"", ""G24"", ""G25"", ""G32""]}",2,5,5,G06;G12;G19;G25;G32,5,4
r48u_20260914_NICO_UDUC_ils_shadow_fix1,NICO,UDUC,ils_shadow,2024-07-17T00:18:00,7,7,G06;G11;G12;G19;G24;G25;G32,"{""PRODUCT-GPS-C1"": [""G11""], ""PRODUCT-GPS-C2"": [""G06"", ""G12"", ""G19"", ""G24"", ""G25"", ""G32""]}",2,5,5,G06;G12;G19;G25;G32,5,4
r48u_20260914_NICO_UDUC_ils_shadow_fix1,NICO,UDUC,ils_shadow,2024-07-17T00:18:30,7,7,G06;G11;G12;G19;G24;G25;G32,"{""PRODUCT-GPS-C1"": [""G11""], ""PRODUCT-GPS-C2"": [""G06"", ""G12"", ""G19"", ""G24"", ""G25"", ""G32""]}",2,5,5,G06;G12;G19;G25;G32,5,4
r48u_20260914_NICO_UDUC_ils_shadow_fix1,NICO,UDUC,ils_shadow,2024-07-17T00:19:00,7,7,G06;G11;G12;G19;G24;G25;G32,"{""PRODUCT-GPS-C1"": [""G11""], ""PRODUCT-GPS-C2"": [""G06"", ""G12"", ""G19"", ""G24"", ""G25"", ""G32""]}",2,5,6,G06;G12;G19;G22;G25;G32,6,5
r48u_20260914_NICO_UDUC_ils_shadow_fix1,NICO,UDUC,ils_shadow,2024-07-17T00:19:30,7,7,G06;G11;G12;G19;G24;G25;G32,"{""PRODUCT-GPS-C1"": [""G11""], ""PRODUCT-GPS-C2"": [""G06"", ""G12"", ""G19"", ""G24"", ""G25"", ""G32""]}",2,5,6,G06;G12;G19;G22;G25;G32,6,5
r48u_20260914_NICO_UDUC_ils_shadow_fix1,NICO,UDUC,ils_shadow,2024-07-17T00:20:00,7,7,G06;G11;G12;G19;G24;G25;G32,"{""PRODUCT-GPS-C0"": [""G11""], ""PRODUCT-GPS-C1"": [""G06"", ""G12"", ""G19"", ""G24"", ""G25"", ""G32""]}",2,5,5,G06;G12;G19;G25;G32,5,4
r48u_20260914_NICO_UDUC_ils_shadow_fix1,NICO,UDUC,ils_shadow,2024-07-17T00:20:30,7,7,G06;G11;G12;G19;G24;G25;G32,"{""PRODUCT-GPS-C1"": [""G06"", ""G11"", ""G12"", ""G19"", ""G24"", ""G25"", ""G32""]}",1,6,8,G06;G11;G12;G17;G19;G22;G25;G32,8,7
r48u_20260914_NICO_UDUC_ils_shadow_fix1,NICO,UDUC,ils_shadow,2024-07-17T00:21:00,7,7,G06;G11;G12;G19;G24;G25;G32,"{""PRODUCT-GPS-C0"": [""G11""], ""PRODUCT-GPS-C1"": [""G06"", ""G12"", ""G19"", ""G24"", ""G25"", ""G32""]}",2,5,5,G06;G12;G19;G25;G32,5,4
r48u_20260914_NICO_UDUC_ils_shadow_fix1,NICO,UDUC,ils_shadow,2024-07-17T00:21:30,7,7,G06;G11;G12;G19;G24;G25;G32,"{""PRODUCT-GPS-C1"": [""G06"", ""G11"", ""G12"", ""G19"", ""G24"", ""G25"", ""G32""]}",1,6,6,G06;G11;G12;G19;G25;G32,6,5
r48u_20260914_NICO_UDUC_ils_shadow_fix1,NICO,UDUC,ils_shadow,2024-07-17T00:22:00,7,7,G06;G11;G12;G19;G24;G25;G32,"{""PRODUCT-GPS-C1"": [""G06"", ""G11"", ""G12"", ""G19"", ""G24"", ""G25"", ""G32""]}",1,6,7,G06;G11;G12;G17;G19;G25;G32,7,6
r48u_20260914_NICO_UDUC_ils_shadow_fix1,NICO,UDUC,ils_shadow,2024-07-17T00:22:30,7,7,G06;G11;G12;G19;G24;G25;G32,"{""PRODUCT-GPS-C1"": [""G06"", ""G11"", ""G12"", ""G19"", ""G24"", ""G25"", ""G32""]}",1,6,7,G06;G11;G12;G17;G19;G25;G32,7,6
r48u_20260914_NICO_UDUC_ils_shadow_fix1,NICO,UDUC,ils_shadow,2024-07-17T00:23:00,7,7,G06;G11;G12;G19;G24;G25;G32,"{""PRODUCT-GPS-C1"": [""G06"", ""G11"", ""G12"", ""G19"", ""G24"", ""G25"", ""G32""]}",1,6,7,G06;G11;G12;G17;G19;G25;G32,7,6
r48u_20260914_NICO_UDUC_ils_shadow_fix1,NICO,UDUC,ils_shadow,2024-07-17T00:23:30,7,7,G06;G11;G12;G19;G24;G25;G32,"{""PRODUCT-GPS-C1"": [""G11""], ""PRODUCT-GPS-C2"": [""G06"", ""G12"", ""G19"", ""G24"", ""G25"", ""G32""]}",2,5,6,G06;G12;G19;G22;G25;G32,6,5
r48u_20260914_NICO_UDUC_ils_shadow_fix1,NICO,UDUC,ils_shadow,2024-07-17T00:24:00,7,7,G06;G11;G12;G19;G24;G25;G32,"{""PRODUCT-GPS-C1"": [""G11""], ""PRODUCT-GPS-C2"": [""G06"", ""G12"", ""G19"", ""G24"", ""G25"", ""G32""]}",2,5,6,G06;G12;G19;G22;G25;G32,6,5
r48u_20260914_NICO_UDUC_ils_shadow_fix1,NICO,UDUC,ils_shadow,2024-07-17T00:24:30,7,7,G06;G11;G12;G19;G24;G25;G32,"{""PRODUCT-GPS-C1"": [""G11""], ""PRODUCT-GPS-C2"": [""G06"", ""G12"", ""G19"", ""G24"", ""G25"", ""G32""]}",2,5,6,G06;G12;G19;G22;G25;G32,6,5
r48u_20260914_NICO_UDUC_ils_shadow_fix1,NICO,UDUC,ils_shadow,2024-07-17T00:25:00,7,7,G06;G11;G12;G19;G24;G25;G32,"{""PRODUCT-GPS-C1"": [""G11""], ""PRODUCT-GPS-C2"": [""G06"", ""G12"", ""G19"", ""G24"", ""G25"", ""G32""]}",2,5,6,G06;G12;G19;G22;G25;G32,6,5
r48u_20260914_NICO_UDUC_ils_shadow_fix1,NICO,UDUC,ils_shadow,2024-07-17T00:25:30,7,1,G11,"{""PRODUCT-GPS-C0"": [""G11""]}",1,0,0,,0,0
r48u_20260914_NICO_UDUC_ils_shadow_fix1,NICO,UDUC,ils_shadow,2024-07-17T00:26:00,7,6,G06;G12;G19;G24;G25;G32,"{""PRODUCT-GPS-C0"": [""G06"", ""G12"", ""G19"", ""G24"", ""G25"", ""G32""]}",1,5,5,G06;G12;G19;G25;G32,5,4
r48u_20260914_NICO_UDUC_ils_shadow_fix1,NICO,UDUC,ils_shadow,2024-07-17T00:26:30,7,7,G06;G11;G12;G19;G24;G25;G32,"{""PRODUCT-GPS-C0"": [""G11""], ""PRODUCT-GPS-C1"": [""G06"", ""G12"", ""G19"", ""G24"", ""G25"", ""G32""]}",2,5,5,G06;G12;G19;G25;G32,5,4
r48u_20260914_NICO_UDUC_ils_shadow_fix1,NICO,UDUC,ils_shadow,2024-07-17T00:27:00,7,7,G06;G11;G12;G19;G24;G25;G32,"{""PRODUCT-GPS-C0"": [""G06"", ""G11"", ""G12"", ""G19"", ""G24"", ""G25"", ""G32""]}",1,6,7,G06;G11;G12;G19;G22;G25;G32,7,6
r48u_20260914_NICO_UDUC_ils_shadow_fix1,NICO,UDUC,ils_shadow,2024-07-17T00:27:30,7,7,G06;G11;G12;G19;G24;G25;G32,"{""PRODUCT-GPS-C0"": [""G06"", ""G11"", ""G12"", ""G19"", ""G24"", ""G25"", ""G32""]}",1,6,7,G06;G11;G12;G19;G22;G25;G32,7,6
r48u_20260914_NICO_UDUC_ils_shadow_fix1,NICO,UDUC,ils_shadow,2024-07-17T00:28:00,7,7,G06;G11;G12;G19;G24;G25;G32,"{""PRODUCT-GPS-C0"": [""G06"", ""G11"", ""G12"", ""G19"", ""G24"", ""G25"", ""G32""]}",1,6,6,G06;G11;G12;G19;G25;G32,6,5
r48u_20260914_NICO_UDUC_ils_shadow_fix1,NICO,UDUC,ils_shadow,2024-07-17T00:28:30,7,7,G06;G11;G12;G19;G24;G25;G32,"{""PRODUCT-GPS-C0"": [""G06"", ""G11"", ""G12"", ""G19"", ""G24"", ""G25"", ""G32""]}",1,6,6,G06;G11;G12;G19;G25;G32,6,5
r48u_20260914_NICO_UDUC_ils_shadow_fix1,NICO,UDUC,ils_shadow,2024-07-17T00:29:00,7,7,G06;G11;G12;G19;G24;G25;G32,"{""PRODUCT-GPS-C0"": [""G06"", ""G11"", ""G12"", ""G19"", ""G24"", ""G25"", ""G32""]}",1,6,6,G06;G11;G12;G19;G25;G32,6,5
r48u_20260914_NICO_UDUC_ils_shadow_fix1,NICO,UDUC,ils_shadow,2024-07-17T00:29:30,7,7,G06;G11;G12;G19;G24;G25;G32,"{""PRODUCT-GPS-C0"": [""G06"", ""G11"", ""G12"", ""G19"", ""G24"", ""G25"", ""G32""]}",1,6,6,G06;G11;G12;G19;G25;G32,6,5
r48u_20260914_NICO_UDUC_ils_shadow_fix1,NICO,UDUC,ils_shadow,2024-07-17T00:30:00,7,7,G06;G11;G12;G19;G24;G25;G32,"{""PRODUCT-GPS-C0"": [""G06"", ""G11"", ""G12"", ""G19"", ""G24"", ""G25"", ""G32""]}",1,6,6,G06;G11;G12;G19;G25;G32,6,5
r48u_20260914_NICO_UDUC_ils_feedback_fix1,NICO,UDUC,ils_feedback,2024-07-17T00:03:00,9,0,,{},0,0,0,,0,0
r48u_20260914_NICO_UDUC_ils_feedback_fix1,NICO,UDUC,ils_feedback,2024-07-17T00:03:30,8,0,,{},0,0,0,,0,0
r48u_20260914_NICO_UDUC_ils_feedback_fix1,NICO,UDUC,ils_feedback,2024-07-17T00:04:00,8,0,,{},0,0,0,,0,0
r48u_20260914_NICO_UDUC_ils_feedback_fix1,NICO,UDUC,ils_feedback,2024-07-17T00:04:30,8,0,,{},0,0,0,,0,0
r48u_20260914_NICO_UDUC_ils_feedback_fix1,NICO,UDUC,ils_feedback,2024-07-17T00:05:00,8,0,,{},0,0,0,,0,0
r48u_20260914_NICO_UDUC_ils_feedback_fix1,NICO,UDUC,ils_feedback,2024-07-17T00:05:30,8,0,,{},0,0,0,,0,0
r48u_20260914_NICO_UDUC_ils_feedback_fix1,NICO,UDUC,ils_feedback,2024-07-17T00:06:00,8,0,,{},0,0,0,,0,0
r48u_20260914_NICO_UDUC_ils_feedback_fix1,NICO,UDUC,ils_feedback,2024-07-17T00:06:30,8,0,,{},0,0,0,,0,0
r48u_20260914_NICO_UDUC_ils_feedback_fix1,NICO,UDUC,ils_feedback,2024-07-17T00:07:00,8,0,,{},0,0,0,,0,0
r48u_20260914_NICO_UDUC_ils_feedback_fix1,NICO,UDUC,ils_feedback,2024-07-17T00:07:30,8,0,,{},0,0,0,,0,0
r48u_20260914_NICO_UDUC_ils_feedback_fix1,NICO,UDUC,ils_feedback,2024-07-17T00:08:00,8,0,,{},0,0,0,,0,0
r48u_20260914_NICO_UDUC_ils_feedback_fix1,NICO,UDUC,ils_feedback,2024-07-17T00:08:30,9,0,,{},0,0,0,,0,0
r48u_20260914_NICO_UDUC_ils_feedback_fix1,NICO,UDUC,ils_feedback,2024-07-17T00:09:00,8,0,,{},0,0,0,,0,0
r48u_20260914_NICO_UDUC_ils_feedback_fix1,NICO,UDUC,ils_feedback,2024-07-17T00:09:30,8,0,,{},0,0,0,,0,0
r48u_20260914_NICO_UDUC_ils_feedback_fix1,NICO,UDUC,ils_feedback,2024-07-17T00:10:00,8,0,,{},0,0,0,,0,0
r48u_20260914_NICO_UDUC_ils_feedback_fix1,NICO,UDUC,ils_feedback,2024-07-17T00:10:30,8,7,G06;G12;G19;G22;G24;G25;G32,"{""PRODUCT-GPS-C1"": [""G06"", ""G12"", ""G19"", ""G22"", ""G24"", ""G25"", ""G32""]}",1,6,6,G06;G12;G19;G22;G25;G32,6,5
r48u_20260914_NICO_UDUC_ils_feedback_fix1,NICO,UDUC,ils_feedback,2024-07-17T00:11:00,8,0,,{},0,0,0,,0,0
r48u_20260914_NICO_UDUC_ils_feedback_fix1,NICO,UDUC,ils_feedback,2024-07-17T00:11:30,9,2,G11;G15,"{""PRODUCT-GPS-C0"": [""G11""], ""PRODUCT-GPS-C2"": [""G15""]}",2,0,0,,0,0
r48u_20260914_NICO_UDUC_ils_feedback_fix1,NICO,UDUC,ils_feedback,2024-07-17T00:12:00,9,2,G11;G15,"{""PRODUCT-GPS-C0"": [""G11""], ""PRODUCT-GPS-C2"": [""G15""]}",2,0,0,,0,0
r48u_20260914_NICO_UDUC_ils_feedback_fix1,NICO,UDUC,ils_feedback,2024-07-17T00:12:30,9,2,G11;G15,"{""PRODUCT-GPS-C0"": [""G11""], ""PRODUCT-GPS-C2"": [""G15""]}",2,0,0,,0,0
r48u_20260914_NICO_UDUC_ils_feedback_fix1,NICO,UDUC,ils_feedback,2024-07-17T00:13:00,8,2,G11;G15,"{""PRODUCT-GPS-C0"": [""G11""], ""PRODUCT-GPS-C2"": [""G15""]}",2,0,0,,0,0
r48u_20260914_NICO_UDUC_ils_feedback_fix1,NICO,UDUC,ils_feedback,2024-07-17T00:13:30,8,2,G11;G15,"{""PRODUCT-GPS-C0"": [""G11""], ""PRODUCT-GPS-C2"": [""G15""]}",2,0,0,,0,0
r48u_20260914_NICO_UDUC_ils_feedback_fix1,NICO,UDUC,ils_feedback,2024-07-17T00:14:00,8,2,G11;G15,"{""PRODUCT-GPS-C0"": [""G11""], ""PRODUCT-GPS-C2"": [""G15""]}",2,0,0,,0,0
r48u_20260914_NICO_UDUC_ils_feedback_fix1,NICO,UDUC,ils_feedback,2024-07-17T00:14:30,7,1,G11,"{""PRODUCT-GPS-C0"": [""G11""]}",1,0,0,,0,0
r48u_20260914_NICO_UDUC_ils_feedback_fix1,NICO,UDUC,ils_feedback,2024-07-17T00:15:00,7,1,G11,"{""PRODUCT-GPS-C0"": [""G11""]}",1,0,0,,0,0
r48u_20260914_NICO_UDUC_ils_feedback_fix1,NICO,UDUC,ils_feedback,2024-07-17T00:15:30,7,1,G11,"{""PRODUCT-GPS-C0"": [""G11""]}",1,0,0,,0,0
r48u_20260914_NICO_UDUC_ils_feedback_fix1,NICO,UDUC,ils_feedback,2024-07-17T00:16:00,7,1,G11,"{""PRODUCT-GPS-C0"": [""G11""]}",1,0,0,,0,0
r48u_20260914_NICO_UDUC_ils_feedback_fix1,NICO,UDUC,ils_feedback,2024-07-17T00:16:30,7,1,G11,"{""PRODUCT-GPS-C0"": [""G11""]}",1,0,0,,0,0
r48u_20260914_NICO_UDUC_ils_feedback_fix1,NICO,UDUC,ils_feedback,2024-07-17T00:17:00,7,7,G06;G11;G12;G19;G24;G25;G32,"{""PRODUCT-GPS-C1"": [""G11""], ""PRODUCT-GPS-C2"": [""G06"", ""G12"", ""G19"", ""G24"", ""G25"", ""G32""]}",2,5,5,G06;G12;G19;G25;G32,5,4
r48u_20260914_NICO_UDUC_ils_feedback_fix1,NICO,UDUC,ils_feedback,2024-07-17T00:17:30,7,7,G06;G11;G12;G19;G24;G25;G32,"{""PRODUCT-GPS-C1"": [""G11""], ""PRODUCT-GPS-C2"": [""G06"", ""G12"", ""G19"", ""G24"", ""G25"", ""G32""]}",2,5,5,G06;G12;G19;G25;G32,5,4
r48u_20260914_NICO_UDUC_ils_feedback_fix1,NICO,UDUC,ils_feedback,2024-07-17T00:18:00,7,7,G06;G11;G12;G19;G24;G25;G32,"{""PRODUCT-GPS-C1"": [""G11""], ""PRODUCT-GPS-C2"": [""G06"", ""G12"", ""G19"", ""G24"", ""G25"", ""G32""]}",2,5,5,G06;G12;G19;G25;G32,5,4
r48u_20260914_NICO_UDUC_ils_feedback_fix1,NICO,UDUC,ils_feedback,2024-07-17T00:18:30,7,7,G06;G11;G12;G19;G24;G25;G32,"{""PRODUCT-GPS-C1"": [""G11""], ""PRODUCT-GPS-C2"": [""G06"", ""G12"", ""G19"", ""G24"", ""G25"", ""G32""]}",2,5,5,G06;G12;G19;G25;G32,5,4
r48u_20260914_NICO_UDUC_ils_feedback_fix1,NICO,UDUC,ils_feedback,2024-07-17T00:19:00,7,7,G06;G11;G12;G19;G24;G25;G32,"{""PRODUCT-GPS-C1"": [""G11""], ""PRODUCT-GPS-C2"": [""G06"", ""G12"", ""G19"", ""G24"", ""G25"", ""G32""]}",2,5,6,G06;G12;G19;G22;G25;G32,6,5
r48u_20260914_NICO_UDUC_ils_feedback_fix1,NICO,UDUC,ils_feedback,2024-07-17T00:19:30,7,7,G06;G11;G12;G19;G24;G25;G32,"{""PRODUCT-GPS-C1"": [""G11""], ""PRODUCT-GPS-C2"": [""G06"", ""G12"", ""G19"", ""G24"", ""G25"", ""G32""]}",2,5,6,G06;G12;G19;G22;G25;G32,6,5
r48u_20260914_NICO_UDUC_ils_feedback_fix1,NICO,UDUC,ils_feedback,2024-07-17T00:20:00,7,7,G06;G11;G12;G19;G24;G25;G32,"{""PRODUCT-GPS-C0"": [""G11""], ""PRODUCT-GPS-C1"": [""G06"", ""G12"", ""G19"", ""G24"", ""G25"", ""G32""]}",2,5,5,G06;G12;G19;G25;G32,5,4
r48u_20260914_NICO_UDUC_ils_feedback_fix1,NICO,UDUC,ils_feedback,2024-07-17T00:20:30,7,7,G06;G11;G12;G19;G24;G25;G32,"{""PRODUCT-GPS-C1"": [""G06"", ""G11"", ""G12"", ""G19"", ""G24"", ""G25"", ""G32""]}",1,6,8,G06;G11;G12;G17;G19;G22;G25;G32,8,7
r48u_20260914_NICO_UDUC_ils_feedback_fix1,NICO,UDUC,ils_feedback,2024-07-17T00:21:00,7,7,G06;G11;G12;G19;G24;G25;G32,"{""PRODUCT-GPS-C0"": [""G11""], ""PRODUCT-GPS-C1"": [""G06"", ""G12"", ""G19"", ""G24"", ""G25"", ""G32""]}",2,5,5,G06;G12;G19;G25;G32,5,4
r48u_20260914_NICO_UDUC_ils_feedback_fix1,NICO,UDUC,ils_feedback,2024-07-17T00:21:30,7,7,G06;G11;G12;G19;G24;G25;G32,"{""PRODUCT-GPS-C1"": [""G06"", ""G11"", ""G12"", ""G19"", ""G24"", ""G25"", ""G32""]}",1,6,6,G06;G11;G12;G19;G25;G32,6,5
r48u_20260914_NICO_UDUC_ils_feedback_fix1,NICO,UDUC,ils_feedback,2024-07-17T00:22:00,7,7,G06;G11;G12;G19;G24;G25;G32,"{""PRODUCT-GPS-C1"": [""G06"", ""G11"", ""G12"", ""G19"", ""G24"", ""G25"", ""G32""]}",1,6,7,G06;G11;G12;G17;G19;G25;G32,7,6
r48u_20260914_NICO_UDUC_ils_feedback_fix1,NICO,UDUC,ils_feedback,2024-07-17T00:22:30,7,7,G06;G11;G12;G19;G24;G25;G32,"{""PRODUCT-GPS-C1"": [""G06"", ""G11"", ""G12"", ""G19"", ""G24"", ""G25"", ""G32""]}",1,6,7,G06;G11;G12;G17;G19;G25;G32,7,6
r48u_20260914_NICO_UDUC_ils_feedback_fix1,NICO,UDUC,ils_feedback,2024-07-17T00:23:00,7,7,G06;G11;G12;G19;G24;G25;G32,"{""PRODUCT-GPS-C1"": [""G06"", ""G11"", ""G12"", ""G19"", ""G24"", ""G25"", ""G32""]}",1,6,7,G06;G11;G12;G17;G19;G25;G32,7,6
r48u_20260914_NICO_UDUC_ils_feedback_fix1,NICO,UDUC,ils_feedback,2024-07-17T00:23:30,7,7,G06;G11;G12;G19;G24;G25;G32,"{""PRODUCT-GPS-C1"": [""G11""], ""PRODUCT-GPS-C2"": [""G06"", ""G12"", ""G19"", ""G24"", ""G25"", ""G32""]}",2,5,6,G06;G12;G19;G22;G25;G32,6,5
r48u_20260914_NICO_UDUC_ils_feedback_fix1,NICO,UDUC,ils_feedback,2024-07-17T00:24:00,7,7,G06;G11;G12;G19;G24;G25;G32,"{""PRODUCT-GPS-C1"": [""G11""], ""PRODUCT-GPS-C2"": [""G06"", ""G12"", ""G19"", ""G24"", ""G25"", ""G32""]}",2,5,6,G06;G12;G19;G22;G25;G32,6,5
r48u_20260914_NICO_UDUC_ils_feedback_fix1,NICO,UDUC,ils_feedback,2024-07-17T00:24:30,7,7,G06;G11;G12;G19;G24;G25;G32,"{""PRODUCT-GPS-C1"": [""G11""], ""PRODUCT-GPS-C2"": [""G06"", ""G12"", ""G19"", ""G24"", ""G25"", ""G32""]}",2,5,6,G06;G12;G19;G22;G25;G32,6,5
r48u_20260914_NICO_UDUC_ils_feedback_fix1,NICO,UDUC,ils_feedback,2024-07-17T00:25:00,7,7,G06;G11;G12;G19;G24;G25;G32,"{""PRODUCT-GPS-C1"": [""G11""], ""PRODUCT-GPS-C2"": [""G06"", ""G12"", ""G19"", ""G24"", ""G25"", ""G32""]}",2,5,6,G06;G12;G19;G22;G25;G32,6,5
r48u_20260914_NICO_UDUC_ils_feedback_fix1,NICO,UDUC,ils_feedback,2024-07-17T00:25:30,7,1,G11,"{""PRODUCT-GPS-C0"": [""G11""]}",1,0,0,,0,0
r48u_20260914_NICO_UDUC_ils_feedback_fix1,NICO,UDUC,ils_feedback,2024-07-17T00:26:00,7,6,G06;G12;G19;G24;G25;G32,"{""PRODUCT-GPS-C0"": [""G06"", ""G12"", ""G19"", ""G24"", ""G25"", ""G32""]}",1,5,5,G06;G12;G19;G25;G32,5,4
r48u_20260914_NICO_UDUC_ils_feedback_fix1,NICO,UDUC,ils_feedback,2024-07-17T00:26:30,7,7,G06;G11;G12;G19;G24;G25;G32,"{""PRODUCT-GPS-C0"": [""G11""], ""PRODUCT-GPS-C1"": [""G06"", ""G12"", ""G19"", ""G24"", ""G25"", ""G32""]}",2,5,5,G06;G12;G19;G25;G32,5,4
r48u_20260914_NICO_UDUC_ils_feedback_fix1,NICO,UDUC,ils_feedback,2024-07-17T00:27:00,7,7,G06;G11;G12;G19;G24;G25;G32,"{""PRODUCT-GPS-C0"": [""G06"", ""G11"", ""G12"", ""G19"", ""G24"", ""G25"", ""G32""]}",1,6,7,G06;G11;G12;G19;G22;G25;G32,7,6
r48u_20260914_NICO_UDUC_ils_feedback_fix1,NICO,UDUC,ils_feedback,2024-07-17T00:27:30,7,7,G06;G11;G12;G19;G24;G25;G32,"{""PRODUCT-GPS-C0"": [""G06"", ""G11"", ""G12"", ""G19"", ""G24"", ""G25"", ""G32""]}",1,6,7,G06;G11;G12;G19;G22;G25;G32,7,6
r48u_20260914_NICO_UDUC_ils_feedback_fix1,NICO,UDUC,ils_feedback,2024-07-17T00:28:00,7,7,G06;G11;G12;G19;G24;G25;G32,"{""PRODUCT-GPS-C0"": [""G06"", ""G11"", ""G12"", ""G19"", ""G24"", ""G25"", ""G32""]}",1,6,6,G06;G11;G12;G19;G25;G32,6,5
r48u_20260914_NICO_UDUC_ils_feedback_fix1,NICO,UDUC,ils_feedback,2024-07-17T00:28:30,7,7,G06;G11;G12;G19;G24;G25;G32,"{""PRODUCT-GPS-C0"": [""G06"", ""G11"", ""G12"", ""G19"", ""G24"", ""G25"", ""G32""]}",1,6,6,G06;G11;G12;G19;G25;G32,6,5
r48u_20260914_NICO_UDUC_ils_feedback_fix1,NICO,UDUC,ils_feedback,2024-07-17T00:29:00,7,7,G06;G11;G12;G19;G24;G25;G32,"{""PRODUCT-GPS-C0"": [""G06"", ""G11"", ""G12"", ""G19"", ""G24"", ""G25"", ""G32""]}",1,6,6,G06;G11;G12;G19;G25;G32,6,5
r48u_20260914_NICO_UDUC_ils_feedback_fix1,NICO,UDUC,ils_feedback,2024-07-17T00:29:30,7,7,G06;G11;G12;G19;G24;G25;G32,"{""PRODUCT-GPS-C0"": [""G06"", ""G11"", ""G12"", ""G19"", ""G24"", ""G25"", ""G32""]}",1,6,6,G06;G11;G12;G19;G25;G32,6,5
r48u_20260914_NICO_UDUC_ils_feedback_fix1,NICO,UDUC,ils_feedback,2024-07-17T00:30:00,7,7,G06;G11;G12;G19;G24;G25;G32,"{""PRODUCT-GPS-C0"": [""G06"", ""G11"", ""G12"", ""G19"", ""G24"", ""G25"", ""G32""]}",1,6,6,G06;G11;G12;G19;G25;G32,6,5
r48u_20260914_BREW_UDUC_float_fix1,BREW,UDUC,float,2024-07-17T00:03:00,9,0,,{},0,0,0,,0,0
r48u_20260914_BREW_UDUC_float_fix1,BREW,UDUC,float,2024-07-17T00:03:30,9,0,,{},0,0,0,,0,0
r48u_20260914_BREW_UDUC_float_fix1,BREW,UDUC,float,2024-07-17T00:04:00,9,0,,{},0,0,0,,0,0
r48u_20260914_BREW_UDUC_float_fix1,BREW,UDUC,float,2024-07-17T00:04:30,9,0,,{},0,0,0,,0,0
r48u_20260914_BREW_UDUC_float_fix1,BREW,UDUC,float,2024-07-17T00:05:00,9,0,,{},0,0,0,,0,0
r48u_20260914_BREW_UDUC_float_fix1,BREW,UDUC,float,2024-07-17T00:05:30,9,0,,{},0,0,0,,0,0
r48u_20260914_BREW_UDUC_float_fix1,BREW,UDUC,float,2024-07-17T00:06:00,9,0,,{},0,0,0,,0,0
r48u_20260914_BREW_UDUC_float_fix1,BREW,UDUC,float,2024-07-17T00:06:30,9,0,,{},0,0,0,,0,0
r48u_20260914_BREW_UDUC_float_fix1,BREW,UDUC,float,2024-07-17T00:07:00,9,0,,{},0,0,0,,0,0
r48u_20260914_BREW_UDUC_float_fix1,BREW,UDUC,float,2024-07-17T00:07:30,9,0,,{},0,0,0,,0,0
r48u_20260914_BREW_UDUC_float_fix1,BREW,UDUC,float,2024-07-17T00:08:00,9,0,,{},0,0,0,,0,0
r48u_20260914_BREW_UDUC_float_fix1,BREW,UDUC,float,2024-07-17T00:08:30,9,0,,{},0,0,0,,0,0
r48u_20260914_BREW_UDUC_float_fix1,BREW,UDUC,float,2024-07-17T00:09:00,9,0,,{},0,0,0,,0,0
r48u_20260914_BREW_UDUC_float_fix1,BREW,UDUC,float,2024-07-17T00:09:30,9,0,,{},0,0,0,,0,0
r48u_20260914_BREW_UDUC_float_fix1,BREW,UDUC,float,2024-07-17T00:10:00,9,2,G02;G21,"{""PRODUCT-GPS-C1"": [""G02"", ""G21""]}",1,1,0,,0,0
r48u_20260914_BREW_UDUC_float_fix1,BREW,UDUC,float,2024-07-17T00:10:30,9,4,G03;G17;G25;G32,"{""PRODUCT-GPS-C0"": [""G03"", ""G17""], ""PRODUCT-GPS-C1"": [""G25"", ""G32""]}",2,2,0,,0,0
r48u_20260914_BREW_UDUC_float_fix1,BREW,UDUC,float,2024-07-17T00:11:00,9,2,G02;G21,"{""PRODUCT-GPS-C1"": [""G02"", ""G21""]}",1,1,0,,0,0
r48u_20260914_BREW_UDUC_float_fix1,BREW,UDUC,float,2024-07-17T00:11:30,9,5,G02;G10;G21;G28;G31,"{""PRODUCT-GPS-C3"": [""G02"", ""G21""], ""PRODUCT-GPS-C4"": [""G10"", ""G28"", ""G31""]}",2,3,2,G10;G31,0,0
r48u_20260914_BREW_UDUC_float_fix1,BREW,UDUC,float,2024-07-17T00:12:00,9,5,G02;G10;G21;G28;G31,"{""PRODUCT-GPS-C3"": [""G02"", ""G21""], ""PRODUCT-GPS-C4"": [""G10"", ""G28"", ""G31""]}",2,3,2,G10;G31,0,0
r48u_20260914_BREW_UDUC_float_fix1,BREW,UDUC,float,2024-07-17T00:12:30,9,5,G02;G10;G21;G28;G31,"{""PRODUCT-GPS-C3"": [""G02"", ""G21""], ""PRODUCT-GPS-C4"": [""G10"", ""G28"", ""G31""]}",2,3,2,G10;G31,0,0
r48u_20260914_BREW_UDUC_float_fix1,BREW,UDUC,float,2024-07-17T00:13:00,9,5,G02;G10;G21;G28;G31,"{""PRODUCT-GPS-C3"": [""G02"", ""G21""], ""PRODUCT-GPS-C4"": [""G10"", ""G28"", ""G31""]}",2,3,2,G10;G31,0,0
r48u_20260914_BREW_UDUC_float_fix1,BREW,UDUC,float,2024-07-17T00:13:30,9,5,G02;G10;G21;G28;G31,"{""PRODUCT-GPS-C3"": [""G02"", ""G21""], ""PRODUCT-GPS-C4"": [""G10"", ""G28"", ""G31""]}",2,3,2,G10;G31,0,0
r48u_20260914_BREW_UDUC_float_fix1,BREW,UDUC,float,2024-07-17T00:14:00,9,5,G02;G10;G21;G28;G31,"{""PRODUCT-GPS-C3"": [""G02"", ""G21""], ""PRODUCT-GPS-C4"": [""G10"", ""G28"", ""G31""]}",2,3,2,G10;G31,0,0
r48u_20260914_BREW_UDUC_float_fix1,BREW,UDUC,float,2024-07-17T00:14:30,9,5,G02;G10;G21;G28;G31,"{""PRODUCT-GPS-C3"": [""G02"", ""G21""], ""PRODUCT-GPS-C4"": [""G10"", ""G28"", ""G31""]}",2,3,2,G10;G31,0,0
r48u_20260914_BREW_UDUC_float_fix1,BREW,UDUC,float,2024-07-17T00:15:00,9,5,G02;G10;G21;G28;G31,"{""PRODUCT-GPS-C3"": [""G02"", ""G21""], ""PRODUCT-GPS-C4"": [""G10"", ""G28"", ""G31""]}",2,3,2,G10;G31,0,0
r48u_20260914_BREW_UDUC_float_fix1,BREW,UDUC,float,2024-07-17T00:15:30,9,5,G02;G10;G21;G28;G31,"{""PRODUCT-GPS-C3"": [""G02"", ""G21""], ""PRODUCT-GPS-C4"": [""G10"", ""G28"", ""G31""]}",2,3,2,G10;G31,0,0
r48u_20260914_BREW_UDUC_float_fix1,BREW,UDUC,float,2024-07-17T00:16:00,9,5,G02;G10;G21;G28;G31,"{""PRODUCT-GPS-C3"": [""G02"", ""G21""], ""PRODUCT-GPS-C4"": [""G10"", ""G28"", ""G31""]}",2,3,2,G10;G31,0,0
r48u_20260914_BREW_UDUC_float_fix1,BREW,UDUC,float,2024-07-17T00:16:30,9,5,G02;G10;G21;G28;G31,"{""PRODUCT-GPS-C3"": [""G02"", ""G21""], ""PRODUCT-GPS-C4"": [""G10"", ""G28"", ""G31""]}",2,3,2,G10;G31,0,0
r48u_20260914_BREW_UDUC_float_fix1,BREW,UDUC,float,2024-07-17T00:17:00,9,8,G02;G03;G10;G21;G25;G28;G31;G32,"{""PRODUCT-GPS-C0"": [""G02"", ""G03"", ""G21""], ""PRODUCT-GPS-C2"": [""G10"", ""G25"", ""G28"", ""G31"", ""G32""]}",2,6,4,G10;G25;G31;G32,0,0
r48u_20260914_BREW_UDUC_float_fix1,BREW,UDUC,float,2024-07-17T00:17:30,9,8,G02;G03;G10;G21;G25;G28;G31;G32,"{""PRODUCT-GPS-C0"": [""G02"", ""G03"", ""G21""], ""PRODUCT-GPS-C2"": [""G10"", ""G25"", ""G28"", ""G31"", ""G32""]}",2,6,4,G10;G25;G31;G32,0,0
r48u_20260914_BREW_UDUC_float_fix1,BREW,UDUC,float,2024-07-17T00:18:00,9,8,G02;G03;G10;G21;G25;G28;G31;G32,"{""PRODUCT-GPS-C0"": [""G02"", ""G03"", ""G21""], ""PRODUCT-GPS-C2"": [""G10"", ""G25"", ""G28"", ""G31"", ""G32""]}",2,6,4,G10;G25;G31;G32,0,0
r48u_20260914_BREW_UDUC_float_fix1,BREW,UDUC,float,2024-07-17T00:18:30,9,8,G02;G03;G10;G21;G25;G28;G31;G32,"{""PRODUCT-GPS-C0"": [""G02"", ""G03"", ""G21""], ""PRODUCT-GPS-C2"": [""G10"", ""G25"", ""G28"", ""G31"", ""G32""]}",2,6,4,G10;G25;G31;G32,0,0
r48u_20260914_BREW_UDUC_float_fix1,BREW,UDUC,float,2024-07-17T00:19:00,9,8,G02;G03;G10;G21;G25;G28;G31;G32,"{""PRODUCT-GPS-C0"": [""G02"", ""G03"", ""G21""], ""PRODUCT-GPS-C2"": [""G10"", ""G25"", ""G28"", ""G31"", ""G32""]}",2,6,4,G10;G25;G31;G32,0,0
r48u_20260914_BREW_UDUC_float_fix1,BREW,UDUC,float,2024-07-17T00:19:30,9,8,G02;G03;G10;G21;G25;G28;G31;G32,"{""PRODUCT-GPS-C0"": [""G02"", ""G03"", ""G21""], ""PRODUCT-GPS-C2"": [""G10"", ""G25"", ""G28"", ""G31"", ""G32""]}",2,6,4,G10;G25;G31;G32,0,0
r48u_20260914_BREW_UDUC_float_fix1,BREW,UDUC,float,2024-07-17T00:20:00,9,7,G02;G10;G21;G25;G28;G31;G32,"{""PRODUCT-GPS-C1"": [""G10"", ""G25"", ""G28"", ""G31"", ""G32""], ""PRODUCT-GPS-C4"": [""G02"", ""G21""]}",2,5,4,G10;G25;G31;G32,0,0
r48u_20260914_BREW_UDUC_float_fix1,BREW,UDUC,float,2024-07-17T00:20:30,9,9,G02;G03;G10;G17;G21;G25;G28;G31;G32,"{""PRODUCT-GPS-C0"": [""G02"", ""G03"", ""G21""], ""PRODUCT-GPS-C1"": [""G10"", ""G17"", ""G25"", ""G28"", ""G31"", ""G32""]}",2,7,5,G10;G17;G25;G31;G32,0,0
r48u_20260914_BREW_UDUC_float_fix1,BREW,UDUC,float,2024-07-17T00:21:00,9,7,G02;G10;G21;G25;G28;G31;G32,"{""PRODUCT-GPS-C1"": [""G10"", ""G25"", ""G28"", ""G31"", ""G32""], ""PRODUCT-GPS-C4"": [""G02"", ""G21""]}",2,5,4,G10;G25;G31;G32,0,0
r48u_20260914_BREW_UDUC_float_fix1,BREW,UDUC,float,2024-07-17T00:21:30,9,8,G02;G03;G10;G21;G25;G28;G31;G32,"{""PRODUCT-GPS-C0"": [""G02"", ""G03"", ""G21""], ""PRODUCT-GPS-C1"": [""G10"", ""G25"", ""G28"", ""G31"", ""G32""]}",2,6,4,G10;G25;G31;G32,0,0
r48u_20260914_BREW_UDUC_float_fix1,BREW,UDUC,float,2024-07-17T00:22:00,9,9,G02;G03;G10;G17;G21;G25;G28;G31;G32,"{""PRODUCT-GPS-C0"": [""G02"", ""G03"", ""G21""], ""PRODUCT-GPS-C1"": [""G10"", ""G17"", ""G25"", ""G28"", ""G31"", ""G32""]}",2,7,5,G10;G17;G25;G31;G32,0,0
r48u_20260914_BREW_UDUC_float_fix1,BREW,UDUC,float,2024-07-17T00:22:30,9,9,G02;G03;G10;G17;G21;G25;G28;G31;G32,"{""PRODUCT-GPS-C0"": [""G02"", ""G03"", ""G21""], ""PRODUCT-GPS-C1"": [""G10"", ""G17"", ""G25"", ""G28"", ""G31"", ""G32""]}",2,7,5,G10;G17;G25;G31;G32,0,0
r48u_20260914_BREW_UDUC_float_fix1,BREW,UDUC,float,2024-07-17T00:23:00,9,9,G02;G03;G10;G17;G21;G25;G28;G31;G32,"{""PRODUCT-GPS-C0"": [""G02"", ""G03"", ""G21""], ""PRODUCT-GPS-C1"": [""G10"", ""G17"", ""G25"", ""G28"", ""G31"", ""G32""]}",2,7,5,G10;G17;G25;G31;G32,0,0
r48u_20260914_BREW_UDUC_float_fix1,BREW,UDUC,float,2024-07-17T00:23:30,9,8,G02;G03;G10;G21;G25;G28;G31;G32,"{""PRODUCT-GPS-C0"": [""G02"", ""G03"", ""G21""], ""PRODUCT-GPS-C2"": [""G10"", ""G25"", ""G28"", ""G31"", ""G32""]}",2,6,4,G10;G25;G31;G32,0,0
r48u_20260914_BREW_UDUC_float_fix1,BREW,UDUC,float,2024-07-17T00:24:00,9,9,G02;G03;G10;G17;G21;G25;G28;G31;G32,"{""PRODUCT-GPS-C0"": [""G02"", ""G03"", ""G21""], ""PRODUCT-GPS-C2"": [""G10"", ""G17"", ""G25"", ""G28"", ""G31"", ""G32""]}",2,7,5,G10;G17;G25;G31;G32,0,0
r48u_20260914_BREW_UDUC_float_fix1,BREW,UDUC,float,2024-07-17T00:24:30,9,9,G02;G03;G10;G17;G21;G25;G28;G31;G32,"{""PRODUCT-GPS-C0"": [""G02"", ""G03"", ""G21""], ""PRODUCT-GPS-C2"": [""G10"", ""G17"", ""G25"", ""G28"", ""G31"", ""G32""]}",2,7,5,G10;G17;G25;G31;G32,0,0
r48u_20260914_BREW_UDUC_float_fix1,BREW,UDUC,float,2024-07-17T00:25:00,9,9,G02;G03;G10;G17;G21;G25;G28;G31;G32,"{""PRODUCT-GPS-C0"": [""G02"", ""G03"", ""G21""], ""PRODUCT-GPS-C2"": [""G10"", ""G17"", ""G25"", ""G28"", ""G31"", ""G32""]}",2,7,5,G10;G17;G25;G31;G32,0,0
r48u_20260914_BREW_UDUC_float_fix1,BREW,UDUC,float,2024-07-17T00:25:30,9,5,G02;G10;G21;G28;G31,"{""PRODUCT-GPS-C0"": [""G10"", ""G28"", ""G31""], ""PRODUCT-GPS-C1"": [""G02"", ""G21""]}",2,3,2,G10;G31,0,0
r48u_20260914_BREW_UDUC_float_fix1,BREW,UDUC,float,2024-07-17T00:26:00,9,7,G02;G10;G21;G25;G28;G31;G32,"{""PRODUCT-GPS-C0"": [""G10"", ""G25"", ""G28"", ""G31"", ""G32""], ""PRODUCT-GPS-C1"": [""G02"", ""G21""]}",2,5,4,G10;G25;G31;G32,0,0
r48u_20260914_BREW_UDUC_float_fix1,BREW,UDUC,float,2024-07-17T00:26:30,9,7,G02;G10;G21;G25;G28;G31;G32,"{""PRODUCT-GPS-C1"": [""G10"", ""G25"", ""G28"", ""G31"", ""G32""], ""PRODUCT-GPS-C4"": [""G02"", ""G21""]}",2,5,4,G10;G25;G31;G32,0,0
r48u_20260914_BREW_UDUC_float_fix1,BREW,UDUC,float,2024-07-17T00:27:00,9,6,G02;G10;G21;G25;G28;G32,"{""PRODUCT-GPS-C0"": [""G10"", ""G25"", ""G28"", ""G32""], ""PRODUCT-GPS-C1"": [""G02"", ""G21""]}",2,4,3,G10;G25;G32,0,0
r48u_20260914_BREW_UDUC_float_fix1,BREW,UDUC,float,2024-07-17T00:27:30,9,6,G02;G10;G21;G25;G28;G32,"{""PRODUCT-GPS-C0"": [""G10"", ""G25"", ""G28"", ""G32""], ""PRODUCT-GPS-C1"": [""G02"", ""G21""]}",2,4,3,G10;G25;G32,0,0
r48u_20260914_BREW_UDUC_float_fix1,BREW,UDUC,float,2024-07-17T00:28:00,9,6,G02;G10;G21;G25;G28;G32,"{""PRODUCT-GPS-C0"": [""G10"", ""G25"", ""G28"", ""G32""], ""PRODUCT-GPS-C1"": [""G02"", ""G21""]}",2,4,3,G10;G25;G32,0,0
r48u_20260914_BREW_UDUC_float_fix1,BREW,UDUC,float,2024-07-17T00:28:30,9,7,G02;G10;G21;G25;G28;G31;G32,"{""PRODUCT-GPS-C0"": [""G10"", ""G25"", ""G28"", ""G31"", ""G32""], ""PRODUCT-GPS-C3"": [""G02"", ""G21""]}",2,5,4,G10;G25;G31;G32,0,0
r48u_20260914_BREW_UDUC_float_fix1,BREW,UDUC,float,2024-07-17T00:29:00,9,7,G02;G10;G21;G25;G28;G31;G32,"{""PRODUCT-GPS-C0"": [""G10"", ""G25"", ""G28"", ""G31"", ""G32""], ""PRODUCT-GPS-C3"": [""G02"", ""G21""]}",2,5,4,G10;G25;G31;G32,0,0
r48u_20260914_BREW_UDUC_float_fix1,BREW,UDUC,float,2024-07-17T00:29:30,9,7,G02;G10;G21;G25;G28;G31;G32,"{""PRODUCT-GPS-C0"": [""G10"", ""G25"", ""G28"", ""G31"", ""G32""], ""PRODUCT-GPS-C1"": [""G02"", ""G21""]}",2,5,4,G10;G25;G31;G32,0,0
r48u_20260914_BREW_UDUC_float_fix1,BREW,UDUC,float,2024-07-17T00:30:00,9,7,G02;G10;G21;G25;G28;G31;G32,"{""PRODUCT-GPS-C0"": [""G10"", ""G25"", ""G28"", ""G31"", ""G32""], ""PRODUCT-GPS-C1"": [""G02"", ""G21""]}",2,5,4,G10;G25;G31;G32,0,0
r48u_20260914_BREW_UDUC_round_shadow_fix1,BREW,UDUC,round_shadow,2024-07-17T00:03:00,9,0,,{},0,0,0,,0,0
r48u_20260914_BREW_UDUC_round_shadow_fix1,BREW,UDUC,round_shadow,2024-07-17T00:03:30,9,0,,{},0,0,0,,0,0
r48u_20260914_BREW_UDUC_round_shadow_fix1,BREW,UDUC,round_shadow,2024-07-17T00:04:00,9,0,,{},0,0,0,,0,0
r48u_20260914_BREW_UDUC_round_shadow_fix1,BREW,UDUC,round_shadow,2024-07-17T00:04:30,9,0,,{},0,0,0,,0,0
r48u_20260914_BREW_UDUC_round_shadow_fix1,BREW,UDUC,round_shadow,2024-07-17T00:05:00,9,0,,{},0,0,0,,0,0
r48u_20260914_BREW_UDUC_round_shadow_fix1,BREW,UDUC,round_shadow,2024-07-17T00:05:30,9,0,,{},0,0,0,,0,0
r48u_20260914_BREW_UDUC_round_shadow_fix1,BREW,UDUC,round_shadow,2024-07-17T00:06:00,9,0,,{},0,0,0,,0,0
r48u_20260914_BREW_UDUC_round_shadow_fix1,BREW,UDUC,round_shadow,2024-07-17T00:06:30,9,0,,{},0,0,0,,0,0
r48u_20260914_BREW_UDUC_round_shadow_fix1,BREW,UDUC,round_shadow,2024-07-17T00:07:00,9,0,,{},0,0,0,,0,0
r48u_20260914_BREW_UDUC_round_shadow_fix1,BREW,UDUC,round_shadow,2024-07-17T00:07:30,9,0,,{},0,0,0,,0,0
r48u_20260914_BREW_UDUC_round_shadow_fix1,BREW,UDUC,round_shadow,2024-07-17T00:08:00,9,0,,{},0,0,0,,0,0
r48u_20260914_BREW_UDUC_round_shadow_fix1,BREW,UDUC,round_shadow,2024-07-17T00:08:30,9,0,,{},0,0,0,,0,0
r48u_20260914_BREW_UDUC_round_shadow_fix1,BREW,UDUC,round_shadow,2024-07-17T00:09:00,9,0,,{},0,0,0,,0,0
r48u_20260914_BREW_UDUC_round_shadow_fix1,BREW,UDUC,round_shadow,2024-07-17T00:09:30,9,0,,{},0,0,0,,0,0
r48u_20260914_BREW_UDUC_round_shadow_fix1,BREW,UDUC,round_shadow,2024-07-17T00:10:00,9,2,G02;G21,"{""PRODUCT-GPS-C1"": [""G02"", ""G21""]}",1,1,0,,0,0
r48u_20260914_BREW_UDUC_round_shadow_fix1,BREW,UDUC,round_shadow,2024-07-17T00:10:30,9,4,G03;G17;G25;G32,"{""PRODUCT-GPS-C0"": [""G03"", ""G17""], ""PRODUCT-GPS-C1"": [""G25"", ""G32""]}",2,2,0,,0,0
r48u_20260914_BREW_UDUC_round_shadow_fix1,BREW,UDUC,round_shadow,2024-07-17T00:11:00,9,2,G02;G21,"{""PRODUCT-GPS-C1"": [""G02"", ""G21""]}",1,1,0,,0,0
r48u_20260914_BREW_UDUC_round_shadow_fix1,BREW,UDUC,round_shadow,2024-07-17T00:11:30,9,5,G02;G10;G21;G28;G31,"{""PRODUCT-GPS-C3"": [""G02"", ""G21""], ""PRODUCT-GPS-C4"": [""G10"", ""G28"", ""G31""]}",2,3,2,G10;G31,2,1
r48u_20260914_BREW_UDUC_round_shadow_fix1,BREW,UDUC,round_shadow,2024-07-17T00:12:00,9,5,G02;G10;G21;G28;G31,"{""PRODUCT-GPS-C3"": [""G02"", ""G21""], ""PRODUCT-GPS-C4"": [""G10"", ""G28"", ""G31""]}",2,3,2,G10;G31,2,1
r48u_20260914_BREW_UDUC_round_shadow_fix1,BREW,UDUC,round_shadow,2024-07-17T00:12:30,9,5,G02;G10;G21;G28;G31,"{""PRODUCT-GPS-C3"": [""G02"", ""G21""], ""PRODUCT-GPS-C4"": [""G10"", ""G28"", ""G31""]}",2,3,2,G10;G31,2,1
r48u_20260914_BREW_UDUC_round_shadow_fix1,BREW,UDUC,round_shadow,2024-07-17T00:13:00,9,5,G02;G10;G21;G28;G31,"{""PRODUCT-GPS-C3"": [""G02"", ""G21""], ""PRODUCT-GPS-C4"": [""G10"", ""G28"", ""G31""]}",2,3,2,G10;G31,2,1
r48u_20260914_BREW_UDUC_round_shadow_fix1,BREW,UDUC,round_shadow,2024-07-17T00:13:30,9,5,G02;G10;G21;G28;G31,"{""PRODUCT-GPS-C3"": [""G02"", ""G21""], ""PRODUCT-GPS-C4"": [""G10"", ""G28"", ""G31""]}",2,3,2,G10;G31,2,1
r48u_20260914_BREW_UDUC_round_shadow_fix1,BREW,UDUC,round_shadow,2024-07-17T00:14:00,9,5,G02;G10;G21;G28;G31,"{""PRODUCT-GPS-C3"": [""G02"", ""G21""], ""PRODUCT-GPS-C4"": [""G10"", ""G28"", ""G31""]}",2,3,2,G10;G31,2,1
r48u_20260914_BREW_UDUC_round_shadow_fix1,BREW,UDUC,round_shadow,2024-07-17T00:14:30,9,5,G02;G10;G21;G28;G31,"{""PRODUCT-GPS-C3"": [""G02"", ""G21""], ""PRODUCT-GPS-C4"": [""G10"", ""G28"", ""G31""]}",2,3,2,G10;G31,2,1
r48u_20260914_BREW_UDUC_round_shadow_fix1,BREW,UDUC,round_shadow,2024-07-17T00:15:00,9,5,G02;G10;G21;G28;G31,"{""PRODUCT-GPS-C3"": [""G02"", ""G21""], ""PRODUCT-GPS-C4"": [""G10"", ""G28"", ""G31""]}",2,3,2,G10;G31,2,1
r48u_20260914_BREW_UDUC_round_shadow_fix1,BREW,UDUC,round_shadow,2024-07-17T00:15:30,9,5,G02;G10;G21;G28;G31,"{""PRODUCT-GPS-C3"": [""G02"", ""G21""], ""PRODUCT-GPS-C4"": [""G10"", ""G28"", ""G31""]}",2,3,2,G10;G31,2,1
r48u_20260914_BREW_UDUC_round_shadow_fix1,BREW,UDUC,round_shadow,2024-07-17T00:16:00,9,5,G02;G10;G21;G28;G31,"{""PRODUCT-GPS-C3"": [""G02"", ""G21""], ""PRODUCT-GPS-C4"": [""G10"", ""G28"", ""G31""]}",2,3,2,G10;G31,2,1
r48u_20260914_BREW_UDUC_round_shadow_fix1,BREW,UDUC,round_shadow,2024-07-17T00:16:30,9,5,G02;G10;G21;G28;G31,"{""PRODUCT-GPS-C3"": [""G02"", ""G21""], ""PRODUCT-GPS-C4"": [""G10"", ""G28"", ""G31""]}",2,3,2,G10;G31,2,1
r48u_20260914_BREW_UDUC_round_shadow_fix1,BREW,UDUC,round_shadow,2024-07-17T00:17:00,9,8,G02;G03;G10;G21;G25;G28;G31;G32,"{""PRODUCT-GPS-C0"": [""G02"", ""G03"", ""G21""], ""PRODUCT-GPS-C2"": [""G10"", ""G25"", ""G28"", ""G31"", ""G32""]}",2,6,4,G10;G25;G31;G32,4,3
r48u_20260914_BREW_UDUC_round_shadow_fix1,BREW,UDUC,round_shadow,2024-07-17T00:17:30,9,8,G02;G03;G10;G21;G25;G28;G31;G32,"{""PRODUCT-GPS-C0"": [""G02"", ""G03"", ""G21""], ""PRODUCT-GPS-C2"": [""G10"", ""G25"", ""G28"", ""G31"", ""G32""]}",2,6,4,G10;G25;G31;G32,4,3
r48u_20260914_BREW_UDUC_round_shadow_fix1,BREW,UDUC,round_shadow,2024-07-17T00:18:00,9,8,G02;G03;G10;G21;G25;G28;G31;G32,"{""PRODUCT-GPS-C0"": [""G02"", ""G03"", ""G21""], ""PRODUCT-GPS-C2"": [""G10"", ""G25"", ""G28"", ""G31"", ""G32""]}",2,6,4,G10;G25;G31;G32,4,3
r48u_20260914_BREW_UDUC_round_shadow_fix1,BREW,UDUC,round_shadow,2024-07-17T00:18:30,9,8,G02;G03;G10;G21;G25;G28;G31;G32,"{""PRODUCT-GPS-C0"": [""G02"", ""G03"", ""G21""], ""PRODUCT-GPS-C2"": [""G10"", ""G25"", ""G28"", ""G31"", ""G32""]}",2,6,4,G10;G25;G31;G32,4,3
r48u_20260914_BREW_UDUC_round_shadow_fix1,BREW,UDUC,round_shadow,2024-07-17T00:19:00,9,8,G02;G03;G10;G21;G25;G28;G31;G32,"{""PRODUCT-GPS-C0"": [""G02"", ""G03"", ""G21""], ""PRODUCT-GPS-C2"": [""G10"", ""G25"", ""G28"", ""G31"", ""G32""]}",2,6,4,G10;G25;G31;G32,4,3
r48u_20260914_BREW_UDUC_round_shadow_fix1,BREW,UDUC,round_shadow,2024-07-17T00:19:30,9,8,G02;G03;G10;G21;G25;G28;G31;G32,"{""PRODUCT-GPS-C0"": [""G02"", ""G03"", ""G21""], ""PRODUCT-GPS-C2"": [""G10"", ""G25"", ""G28"", ""G31"", ""G32""]}",2,6,4,G10;G25;G31;G32,4,3
r48u_20260914_BREW_UDUC_round_shadow_fix1,BREW,UDUC,round_shadow,2024-07-17T00:20:00,9,7,G02;G10;G21;G25;G28;G31;G32,"{""PRODUCT-GPS-C1"": [""G10"", ""G25"", ""G28"", ""G31"", ""G32""], ""PRODUCT-GPS-C4"": [""G02"", ""G21""]}",2,5,4,G10;G25;G31;G32,4,3
r48u_20260914_BREW_UDUC_round_shadow_fix1,BREW,UDUC,round_shadow,2024-07-17T00:20:30,9,9,G02;G03;G10;G17;G21;G25;G28;G31;G32,"{""PRODUCT-GPS-C0"": [""G02"", ""G03"", ""G21""], ""PRODUCT-GPS-C1"": [""G10"", ""G17"", ""G25"", ""G28"", ""G31"", ""G32""]}",2,7,5,G10;G17;G25;G31;G32,5,4
r48u_20260914_BREW_UDUC_round_shadow_fix1,BREW,UDUC,round_shadow,2024-07-17T00:21:00,9,7,G02;G10;G21;G25;G28;G31;G32,"{""PRODUCT-GPS-C1"": [""G10"", ""G25"", ""G28"", ""G31"", ""G32""], ""PRODUCT-GPS-C4"": [""G02"", ""G21""]}",2,5,4,G10;G25;G31;G32,4,3
r48u_20260914_BREW_UDUC_round_shadow_fix1,BREW,UDUC,round_shadow,2024-07-17T00:21:30,9,8,G02;G03;G10;G21;G25;G28;G31;G32,"{""PRODUCT-GPS-C0"": [""G02"", ""G03"", ""G21""], ""PRODUCT-GPS-C1"": [""G10"", ""G25"", ""G28"", ""G31"", ""G32""]}",2,6,4,G10;G25;G31;G32,4,3
r48u_20260914_BREW_UDUC_round_shadow_fix1,BREW,UDUC,round_shadow,2024-07-17T00:22:00,9,9,G02;G03;G10;G17;G21;G25;G28;G31;G32,"{""PRODUCT-GPS-C0"": [""G02"", ""G03"", ""G21""], ""PRODUCT-GPS-C1"": [""G10"", ""G17"", ""G25"", ""G28"", ""G31"", ""G32""]}",2,7,5,G10;G17;G25;G31;G32,5,4
r48u_20260914_BREW_UDUC_round_shadow_fix1,BREW,UDUC,round_shadow,2024-07-17T00:22:30,9,9,G02;G03;G10;G17;G21;G25;G28;G31;G32,"{""PRODUCT-GPS-C0"": [""G02"", ""G03"", ""G21""], ""PRODUCT-GPS-C1"": [""G10"", ""G17"", ""G25"", ""G28"", ""G31"", ""G32""]}",2,7,5,G10;G17;G25;G31;G32,5,4
r48u_20260914_BREW_UDUC_round_shadow_fix1,BREW,UDUC,round_shadow,2024-07-17T00:23:00,9,9,G02;G03;G10;G17;G21;G25;G28;G31;G32,"{""PRODUCT-GPS-C0"": [""G02"", ""G03"", ""G21""], ""PRODUCT-GPS-C1"": [""G10"", ""G17"", ""G25"", ""G28"", ""G31"", ""G32""]}",2,7,5,G10;G17;G25;G31;G32,5,4
r48u_20260914_BREW_UDUC_round_shadow_fix1,BREW,UDUC,round_shadow,2024-07-17T00:23:30,9,8,G02;G03;G10;G21;G25;G28;G31;G32,"{""PRODUCT-GPS-C0"": [""G02"", ""G03"", ""G21""], ""PRODUCT-GPS-C2"": [""G10"", ""G25"", ""G28"", ""G31"", ""G32""]}",2,6,4,G10;G25;G31;G32,4,3
r48u_20260914_BREW_UDUC_round_shadow_fix1,BREW,UDUC,round_shadow,2024-07-17T00:24:00,9,9,G02;G03;G10;G17;G21;G25;G28;G31;G32,"{""PRODUCT-GPS-C0"": [""G02"", ""G03"", ""G21""], ""PRODUCT-GPS-C2"": [""G10"", ""G17"", ""G25"", ""G28"", ""G31"", ""G32""]}",2,7,5,G10;G17;G25;G31;G32,5,4
r48u_20260914_BREW_UDUC_round_shadow_fix1,BREW,UDUC,round_shadow,2024-07-17T00:24:30,9,9,G02;G03;G10;G17;G21;G25;G28;G31;G32,"{""PRODUCT-GPS-C0"": [""G02"", ""G03"", ""G21""], ""PRODUCT-GPS-C2"": [""G10"", ""G17"", ""G25"", ""G28"", ""G31"", ""G32""]}",2,7,5,G10;G17;G25;G31;G32,5,4
r48u_20260914_BREW_UDUC_round_shadow_fix1,BREW,UDUC,round_shadow,2024-07-17T00:25:00,9,9,G02;G03;G10;G17;G21;G25;G28;G31;G32,"{""PRODUCT-GPS-C0"": [""G02"", ""G03"", ""G21""], ""PRODUCT-GPS-C2"": [""G10"", ""G17"", ""G25"", ""G28"", ""G31"", ""G32""]}",2,7,5,G10;G17;G25;G31;G32,5,4
r48u_20260914_BREW_UDUC_round_shadow_fix1,BREW,UDUC,round_shadow,2024-07-17T00:25:30,9,5,G02;G10;G21;G28;G31,"{""PRODUCT-GPS-C0"": [""G10"", ""G28"", ""G31""], ""PRODUCT-GPS-C1"": [""G02"", ""G21""]}",2,3,2,G10;G31,2,1
r48u_20260914_BREW_UDUC_round_shadow_fix1,BREW,UDUC,round_shadow,2024-07-17T00:26:00,9,7,G02;G10;G21;G25;G28;G31;G32,"{""PRODUCT-GPS-C0"": [""G10"", ""G25"", ""G28"", ""G31"", ""G32""], ""PRODUCT-GPS-C1"": [""G02"", ""G21""]}",2,5,4,G10;G25;G31;G32,4,3
r48u_20260914_BREW_UDUC_round_shadow_fix1,BREW,UDUC,round_shadow,2024-07-17T00:26:30,9,7,G02;G10;G21;G25;G28;G31;G32,"{""PRODUCT-GPS-C1"": [""G10"", ""G25"", ""G28"", ""G31"", ""G32""], ""PRODUCT-GPS-C4"": [""G02"", ""G21""]}",2,5,4,G10;G25;G31;G32,4,3
r48u_20260914_BREW_UDUC_round_shadow_fix1,BREW,UDUC,round_shadow,2024-07-17T00:27:00,9,6,G02;G10;G21;G25;G28;G32,"{""PRODUCT-GPS-C0"": [""G10"", ""G25"", ""G28"", ""G32""], ""PRODUCT-GPS-C1"": [""G02"", ""G21""]}",2,4,3,G10;G25;G32,3,2
r48u_20260914_BREW_UDUC_round_shadow_fix1,BREW,UDUC,round_shadow,2024-07-17T00:27:30,9,6,G02;G10;G21;G25;G28;G32,"{""PRODUCT-GPS-C0"": [""G10"", ""G25"", ""G28"", ""G32""], ""PRODUCT-GPS-C1"": [""G02"", ""G21""]}",2,4,3,G10;G25;G32,3,2
r48u_20260914_BREW_UDUC_round_shadow_fix1,BREW,UDUC,round_shadow,2024-07-17T00:28:00,9,6,G02;G10;G21;G25;G28;G32,"{""PRODUCT-GPS-C0"": [""G10"", ""G25"", ""G28"", ""G32""], ""PRODUCT-GPS-C1"": [""G02"", ""G21""]}",2,4,3,G10;G25;G32,3,2
r48u_20260914_BREW_UDUC_round_shadow_fix1,BREW,UDUC,round_shadow,2024-07-17T00:28:30,9,7,G02;G10;G21;G25;G28;G31;G32,"{""PRODUCT-GPS-C0"": [""G10"", ""G25"", ""G28"", ""G31"", ""G32""], ""PRODUCT-GPS-C3"": [""G02"", ""G21""]}",2,5,4,G10;G25;G31;G32,4,3
r48u_20260914_BREW_UDUC_round_shadow_fix1,BREW,UDUC,round_shadow,2024-07-17T00:29:00,9,7,G02;G10;G21;G25;G28;G31;G32,"{""PRODUCT-GPS-C0"": [""G10"", ""G25"", ""G28"", ""G31"", ""G32""], ""PRODUCT-GPS-C3"": [""G02"", ""G21""]}",2,5,4,G10;G25;G31;G32,4,3
r48u_20260914_BREW_UDUC_round_shadow_fix1,BREW,UDUC,round_shadow,2024-07-17T00:29:30,9,7,G02;G10;G21;G25;G28;G31;G32,"{""PRODUCT-GPS-C0"": [""G10"", ""G25"", ""G28"", ""G31"", ""G32""], ""PRODUCT-GPS-C1"": [""G02"", ""G21""]}",2,5,4,G10;G25;G31;G32,4,3
r48u_20260914_BREW_UDUC_round_shadow_fix1,BREW,UDUC,round_shadow,2024-07-17T00:30:00,9,7,G02;G10;G21;G25;G28;G31;G32,"{""PRODUCT-GPS-C0"": [""G10"", ""G25"", ""G28"", ""G31"", ""G32""], ""PRODUCT-GPS-C1"": [""G02"", ""G21""]}",2,5,4,G10;G25;G31;G32,4,3
r48u_20260914_BREW_UDUC_round_feedback_fix1,BREW,UDUC,round_feedback,2024-07-17T00:03:00,9,0,,{},0,0,0,,0,0
r48u_20260914_BREW_UDUC_round_feedback_fix1,BREW,UDUC,round_feedback,2024-07-17T00:03:30,9,0,,{},0,0,0,,0,0
r48u_20260914_BREW_UDUC_round_feedback_fix1,BREW,UDUC,round_feedback,2024-07-17T00:04:00,9,0,,{},0,0,0,,0,0
r48u_20260914_BREW_UDUC_round_feedback_fix1,BREW,UDUC,round_feedback,2024-07-17T00:04:30,9,0,,{},0,0,0,,0,0
r48u_20260914_BREW_UDUC_round_feedback_fix1,BREW,UDUC,round_feedback,2024-07-17T00:05:00,9,0,,{},0,0,0,,0,0
r48u_20260914_BREW_UDUC_round_feedback_fix1,BREW,UDUC,round_feedback,2024-07-17T00:05:30,9,0,,{},0,0,0,,0,0
r48u_20260914_BREW_UDUC_round_feedback_fix1,BREW,UDUC,round_feedback,2024-07-17T00:06:00,9,0,,{},0,0,0,,0,0
r48u_20260914_BREW_UDUC_round_feedback_fix1,BREW,UDUC,round_feedback,2024-07-17T00:06:30,9,0,,{},0,0,0,,0,0
r48u_20260914_BREW_UDUC_round_feedback_fix1,BREW,UDUC,round_feedback,2024-07-17T00:07:00,9,0,,{},0,0,0,,0,0
r48u_20260914_BREW_UDUC_round_feedback_fix1,BREW,UDUC,round_feedback,2024-07-17T00:07:30,9,0,,{},0,0,0,,0,0
r48u_20260914_BREW_UDUC_round_feedback_fix1,BREW,UDUC,round_feedback,2024-07-17T00:08:00,9,0,,{},0,0,0,,0,0
r48u_20260914_BREW_UDUC_round_feedback_fix1,BREW,UDUC,round_feedback,2024-07-17T00:08:30,9,0,,{},0,0,0,,0,0
r48u_20260914_BREW_UDUC_round_feedback_fix1,BREW,UDUC,round_feedback,2024-07-17T00:09:00,9,0,,{},0,0,0,,0,0
r48u_20260914_BREW_UDUC_round_feedback_fix1,BREW,UDUC,round_feedback,2024-07-17T00:09:30,9,0,,{},0,0,0,,0,0
r48u_20260914_BREW_UDUC_round_feedback_fix1,BREW,UDUC,round_feedback,2024-07-17T00:10:00,9,2,G02;G21,"{""PRODUCT-GPS-C1"": [""G02"", ""G21""]}",1,1,0,,0,0
r48u_20260914_BREW_UDUC_round_feedback_fix1,BREW,UDUC,round_feedback,2024-07-17T00:10:30,9,4,G03;G17;G25;G32,"{""PRODUCT-GPS-C0"": [""G03"", ""G17""], ""PRODUCT-GPS-C1"": [""G25"", ""G32""]}",2,2,0,,0,0
r48u_20260914_BREW_UDUC_round_feedback_fix1,BREW,UDUC,round_feedback,2024-07-17T00:11:00,9,2,G02;G21,"{""PRODUCT-GPS-C1"": [""G02"", ""G21""]}",1,1,0,,0,0
r48u_20260914_BREW_UDUC_round_feedback_fix1,BREW,UDUC,round_feedback,2024-07-17T00:11:30,9,5,G02;G10;G21;G28;G31,"{""PRODUCT-GPS-C3"": [""G02"", ""G21""], ""PRODUCT-GPS-C4"": [""G10"", ""G28"", ""G31""]}",2,3,2,G10;G31,2,1
r48u_20260914_BREW_UDUC_round_feedback_fix1,BREW,UDUC,round_feedback,2024-07-17T00:12:00,9,5,G02;G10;G21;G28;G31,"{""PRODUCT-GPS-C3"": [""G02"", ""G21""], ""PRODUCT-GPS-C4"": [""G10"", ""G28"", ""G31""]}",2,3,2,G10;G31,2,1
r48u_20260914_BREW_UDUC_round_feedback_fix1,BREW,UDUC,round_feedback,2024-07-17T00:12:30,9,5,G02;G10;G21;G28;G31,"{""PRODUCT-GPS-C3"": [""G02"", ""G21""], ""PRODUCT-GPS-C4"": [""G10"", ""G28"", ""G31""]}",2,3,2,G10;G31,2,1
r48u_20260914_BREW_UDUC_round_feedback_fix1,BREW,UDUC,round_feedback,2024-07-17T00:13:00,9,5,G02;G10;G21;G28;G31,"{""PRODUCT-GPS-C3"": [""G02"", ""G21""], ""PRODUCT-GPS-C4"": [""G10"", ""G28"", ""G31""]}",2,3,2,G10;G31,2,1
r48u_20260914_BREW_UDUC_round_feedback_fix1,BREW,UDUC,round_feedback,2024-07-17T00:13:30,9,5,G02;G10;G21;G28;G31,"{""PRODUCT-GPS-C3"": [""G02"", ""G21""], ""PRODUCT-GPS-C4"": [""G10"", ""G28"", ""G31""]}",2,3,2,G10;G31,2,1
r48u_20260914_BREW_UDUC_round_feedback_fix1,BREW,UDUC,round_feedback,2024-07-17T00:14:00,9,5,G02;G10;G21;G28;G31,"{""PRODUCT-GPS-C3"": [""G02"", ""G21""], ""PRODUCT-GPS-C4"": [""G10"", ""G28"", ""G31""]}",2,3,2,G10;G31,2,1
r48u_20260914_BREW_UDUC_round_feedback_fix1,BREW,UDUC,round_feedback,2024-07-17T00:14:30,9,5,G02;G10;G21;G28;G31,"{""PRODUCT-GPS-C3"": [""G02"", ""G21""], ""PRODUCT-GPS-C4"": [""G10"", ""G28"", ""G31""]}",2,3,2,G10;G31,2,1
r48u_20260914_BREW_UDUC_round_feedback_fix1,BREW,UDUC,round_feedback,2024-07-17T00:15:00,9,5,G02;G10;G21;G28;G31,"{""PRODUCT-GPS-C3"": [""G02"", ""G21""], ""PRODUCT-GPS-C4"": [""G10"", ""G28"", ""G31""]}",2,3,2,G10;G31,2,1
r48u_20260914_BREW_UDUC_round_feedback_fix1,BREW,UDUC,round_feedback,2024-07-17T00:15:30,9,5,G02;G10;G21;G28;G31,"{""PRODUCT-GPS-C3"": [""G02"", ""G21""], ""PRODUCT-GPS-C4"": [""G10"", ""G28"", ""G31""]}",2,3,2,G10;G31,2,1
r48u_20260914_BREW_UDUC_round_feedback_fix1,BREW,UDUC,round_feedback,2024-07-17T00:16:00,9,5,G02;G10;G21;G28;G31,"{""PRODUCT-GPS-C3"": [""G02"", ""G21""], ""PRODUCT-GPS-C4"": [""G10"", ""G28"", ""G31""]}",2,3,2,G10;G31,2,1
r48u_20260914_BREW_UDUC_round_feedback_fix1,BREW,UDUC,round_feedback,2024-07-17T00:16:30,9,5,G02;G10;G21;G28;G31,"{""PRODUCT-GPS-C3"": [""G02"", ""G21""], ""PRODUCT-GPS-C4"": [""G10"", ""G28"", ""G31""]}",2,3,2,G10;G31,2,1
r48u_20260914_BREW_UDUC_round_feedback_fix1,BREW,UDUC,round_feedback,2024-07-17T00:17:00,9,8,G02;G03;G10;G21;G25;G28;G31;G32,"{""PRODUCT-GPS-C0"": [""G02"", ""G03"", ""G21""], ""PRODUCT-GPS-C2"": [""G10"", ""G25"", ""G28"", ""G31"", ""G32""]}",2,6,4,G10;G25;G31;G32,4,3
r48u_20260914_BREW_UDUC_round_feedback_fix1,BREW,UDUC,round_feedback,2024-07-17T00:17:30,9,8,G02;G03;G10;G21;G25;G28;G31;G32,"{""PRODUCT-GPS-C0"": [""G02"", ""G03"", ""G21""], ""PRODUCT-GPS-C2"": [""G10"", ""G25"", ""G28"", ""G31"", ""G32""]}",2,6,4,G10;G25;G31;G32,4,3
r48u_20260914_BREW_UDUC_round_feedback_fix1,BREW,UDUC,round_feedback,2024-07-17T00:18:00,9,8,G02;G03;G10;G21;G25;G28;G31;G32,"{""PRODUCT-GPS-C0"": [""G02"", ""G03"", ""G21""], ""PRODUCT-GPS-C2"": [""G10"", ""G25"", ""G28"", ""G31"", ""G32""]}",2,6,4,G10;G25;G31;G32,4,3
r48u_20260914_BREW_UDUC_round_feedback_fix1,BREW,UDUC,round_feedback,2024-07-17T00:18:30,9,8,G02;G03;G10;G21;G25;G28;G31;G32,"{""PRODUCT-GPS-C0"": [""G02"", ""G03"", ""G21""], ""PRODUCT-GPS-C2"": [""G10"", ""G25"", ""G28"", ""G31"", ""G32""]}",2,6,4,G10;G25;G31;G32,4,3
r48u_20260914_BREW_UDUC_round_feedback_fix1,BREW,UDUC,round_feedback,2024-07-17T00:19:00,9,8,G02;G03;G10;G21;G25;G28;G31;G32,"{""PRODUCT-GPS-C0"": [""G02"", ""G03"", ""G21""], ""PRODUCT-GPS-C2"": [""G10"", ""G25"", ""G28"", ""G31"", ""G32""]}",2,6,4,G10;G25;G31;G32,4,3
r48u_20260914_BREW_UDUC_round_feedback_fix1,BREW,UDUC,round_feedback,2024-07-17T00:19:30,9,8,G02;G03;G10;G21;G25;G28;G31;G32,"{""PRODUCT-GPS-C0"": [""G02"", ""G03"", ""G21""], ""PRODUCT-GPS-C2"": [""G10"", ""G25"", ""G28"", ""G31"", ""G32""]}",2,6,4,G10;G25;G31;G32,4,3
r48u_20260914_BREW_UDUC_round_feedback_fix1,BREW,UDUC,round_feedback,2024-07-17T00:20:00,9,7,G02;G10;G21;G25;G28;G31;G32,"{""PRODUCT-GPS-C1"": [""G10"", ""G25"", ""G28"", ""G31"", ""G32""], ""PRODUCT-GPS-C4"": [""G02"", ""G21""]}",2,5,4,G10;G25;G31;G32,4,3
r48u_20260914_BREW_UDUC_round_feedback_fix1,BREW,UDUC,round_feedback,2024-07-17T00:20:30,9,9,G02;G03;G10;G17;G21;G25;G28;G31;G32,"{""PRODUCT-GPS-C0"": [""G02"", ""G03"", ""G21""], ""PRODUCT-GPS-C1"": [""G10"", ""G17"", ""G25"", ""G28"", ""G31"", ""G32""]}",2,7,5,G10;G17;G25;G31;G32,5,4
r48u_20260914_BREW_UDUC_round_feedback_fix1,BREW,UDUC,round_feedback,2024-07-17T00:21:00,9,7,G02;G10;G21;G25;G28;G31;G32,"{""PRODUCT-GPS-C1"": [""G10"", ""G25"", ""G28"", ""G31"", ""G32""], ""PRODUCT-GPS-C4"": [""G02"", ""G21""]}",2,5,4,G10;G25;G31;G32,4,3
r48u_20260914_BREW_UDUC_round_feedback_fix1,BREW,UDUC,round_feedback,2024-07-17T00:21:30,9,8,G02;G03;G10;G21;G25;G28;G31;G32,"{""PRODUCT-GPS-C0"": [""G02"", ""G03"", ""G21""], ""PRODUCT-GPS-C1"": [""G10"", ""G25"", ""G28"", ""G31"", ""G32""]}",2,6,4,G10;G25;G31;G32,4,3
r48u_20260914_BREW_UDUC_round_feedback_fix1,BREW,UDUC,round_feedback,2024-07-17T00:22:00,9,9,G02;G03;G10;G17;G21;G25;G28;G31;G32,"{""PRODUCT-GPS-C0"": [""G02"", ""G03"", ""G21""], ""PRODUCT-GPS-C1"": [""G10"", ""G17"", ""G25"", ""G28"", ""G31"", ""G32""]}",2,7,5,G10;G17;G25;G31;G32,5,4
r48u_20260914_BREW_UDUC_round_feedback_fix1,BREW,UDUC,round_feedback,2024-07-17T00:22:30,9,9,G02;G03;G10;G17;G21;G25;G28;G31;G32,"{""PRODUCT-GPS-C0"": [""G02"", ""G03"", ""G21""], ""PRODUCT-GPS-C1"": [""G10"", ""G17"", ""G25"", ""G28"", ""G31"", ""G32""]}",2,7,5,G10;G17;G25;G31;G32,5,4
r48u_20260914_BREW_UDUC_round_feedback_fix1,BREW,UDUC,round_feedback,2024-07-17T00:23:00,9,9,G02;G03;G10;G17;G21;G25;G28;G31;G32,"{""PRODUCT-GPS-C0"": [""G02"", ""G03"", ""G21""], ""PRODUCT-GPS-C1"": [""G10"", ""G17"", ""G25"", ""G28"", ""G31"", ""G32""]}",2,7,5,G10;G17;G25;G31;G32,5,4
r48u_20260914_BREW_UDUC_round_feedback_fix1,BREW,UDUC,round_feedback,2024-07-17T00:23:30,9,8,G02;G03;G10;G21;G25;G28;G31;G32,"{""PRODUCT-GPS-C0"": [""G02"", ""G03"", ""G21""], ""PRODUCT-GPS-C2"": [""G10"", ""G25"", ""G28"", ""G31"", ""G32""]}",2,6,4,G10;G25;G31;G32,4,3
r48u_20260914_BREW_UDUC_round_feedback_fix1,BREW,UDUC,round_feedback,2024-07-17T00:24:00,9,9,G02;G03;G10;G17;G21;G25;G28;G31;G32,"{""PRODUCT-GPS-C0"": [""G02"", ""G03"", ""G21""], ""PRODUCT-GPS-C2"": [""G10"", ""G17"", ""G25"", ""G28"", ""G31"", ""G32""]}",2,7,5,G10;G17;G25;G31;G32,5,4
r48u_20260914_BREW_UDUC_round_feedback_fix1,BREW,UDUC,round_feedback,2024-07-17T00:24:30,9,9,G02;G03;G10;G17;G21;G25;G28;G31;G32,"{""PRODUCT-GPS-C0"": [""G02"", ""G03"", ""G21""], ""PRODUCT-GPS-C2"": [""G10"", ""G17"", ""G25"", ""G28"", ""G31"", ""G32""]}",2,7,5,G10;G17;G25;G31;G32,5,4
r48u_20260914_BREW_UDUC_round_feedback_fix1,BREW,UDUC,round_feedback,2024-07-17T00:25:00,9,9,G02;G03;G10;G17;G21;G25;G28;G31;G32,"{""PRODUCT-GPS-C0"": [""G02"", ""G03"", ""G21""], ""PRODUCT-GPS-C2"": [""G10"", ""G17"", ""G25"", ""G28"", ""G31"", ""G32""]}",2,7,5,G10;G17;G25;G31;G32,5,4
r48u_20260914_BREW_UDUC_round_feedback_fix1,BREW,UDUC,round_feedback,2024-07-17T00:25:30,9,5,G02;G10;G21;G28;G31,"{""PRODUCT-GPS-C0"": [""G10"", ""G28"", ""G31""], ""PRODUCT-GPS-C1"": [""G02"", ""G21""]}",2,3,2,G10;G31,2,1
r48u_20260914_BREW_UDUC_round_feedback_fix1,BREW,UDUC,round_feedback,2024-07-17T00:26:00,9,7,G02;G10;G21;G25;G28;G31;G32,"{""PRODUCT-GPS-C0"": [""G10"", ""G25"", ""G28"", ""G31"", ""G32""], ""PRODUCT-GPS-C1"": [""G02"", ""G21""]}",2,5,4,G10;G25;G31;G32,4,3
r48u_20260914_BREW_UDUC_round_feedback_fix1,BREW,UDUC,round_feedback,2024-07-17T00:26:30,9,7,G02;G10;G21;G25;G28;G31;G32,"{""PRODUCT-GPS-C1"": [""G10"", ""G25"", ""G28"", ""G31"", ""G32""], ""PRODUCT-GPS-C4"": [""G02"", ""G21""]}",2,5,4,G10;G25;G31;G32,4,3
r48u_20260914_BREW_UDUC_round_feedback_fix1,BREW,UDUC,round_feedback,2024-07-17T00:27:00,9,6,G02;G10;G21;G25;G28;G32,"{""PRODUCT-GPS-C0"": [""G10"", ""G25"", ""G28"", ""G32""], ""PRODUCT-GPS-C1"": [""G02"", ""G21""]}",2,4,3,G10;G25;G32,3,2
r48u_20260914_BREW_UDUC_round_feedback_fix1,BREW,UDUC,round_feedback,2024-07-17T00:27:30,9,6,G02;G10;G21;G25;G28;G32,"{""PRODUCT-GPS-C0"": [""G10"", ""G25"", ""G28"", ""G32""], ""PRODUCT-GPS-C1"": [""G02"", ""G21""]}",2,4,3,G10;G25;G32,3,2
r48u_20260914_BREW_UDUC_round_feedback_fix1,BREW,UDUC,round_feedback,2024-07-17T00:28:00,9,6,G02;G10;G21;G25;G28;G32,"{""PRODUCT-GPS-C0"": [""G10"", ""G25"", ""G28"", ""G32""], ""PRODUCT-GPS-C1"": [""G02"", ""G21""]}",2,4,3,G10;G25;G32,3,2
r48u_20260914_BREW_UDUC_round_feedback_fix1,BREW,UDUC,round_feedback,2024-07-17T00:28:30,9,7,G02;G10;G21;G25;G28;G31;G32,"{""PRODUCT-GPS-C0"": [""G10"", ""G25"", ""G28"", ""G31"", ""G32""], ""PRODUCT-GPS-C3"": [""G02"", ""G21""]}",2,5,4,G10;G25;G31;G32,4,3
r48u_20260914_BREW_UDUC_round_feedback_fix1,BREW,UDUC,round_feedback,2024-07-17T00:29:00,9,7,G02;G10;G21;G25;G28;G31;G32,"{""PRODUCT-GPS-C0"": [""G10"", ""G25"", ""G28"", ""G31"", ""G32""], ""PRODUCT-GPS-C3"": [""G02"", ""G21""]}",2,5,4,G10;G25;G31;G32,4,3
r48u_20260914_BREW_UDUC_round_feedback_fix1,BREW,UDUC,round_feedback,2024-07-17T00:29:30,9,7,G02;G10;G21;G25;G28;G31;G32,"{""PRODUCT-GPS-C0"": [""G10"", ""G25"", ""G28"", ""G31"", ""G32""], ""PRODUCT-GPS-C1"": [""G02"", ""G21""]}",2,5,4,G10;G25;G31;G32,4,3
r48u_20260914_BREW_UDUC_round_feedback_fix1,BREW,UDUC,round_feedback,2024-07-17T00:30:00,9,7,G02;G10;G21;G25;G28;G31;G32,"{""PRODUCT-GPS-C0"": [""G10"", ""G25"", ""G28"", ""G31"", ""G32""], ""PRODUCT-GPS-C1"": [""G02"", ""G21""]}",2,5,4,G10;G25;G31;G32,4,3
r48u_20260914_BREW_UDUC_ils_shadow_fix1,BREW,UDUC,ils_shadow,2024-07-17T00:03:00,9,0,,{},0,0,0,,0,0
r48u_20260914_BREW_UDUC_ils_shadow_fix1,BREW,UDUC,ils_shadow,2024-07-17T00:03:30,9,0,,{},0,0,0,,0,0
r48u_20260914_BREW_UDUC_ils_shadow_fix1,BREW,UDUC,ils_shadow,2024-07-17T00:04:00,9,0,,{},0,0,0,,0,0
r48u_20260914_BREW_UDUC_ils_shadow_fix1,BREW,UDUC,ils_shadow,2024-07-17T00:04:30,9,0,,{},0,0,0,,0,0
r48u_20260914_BREW_UDUC_ils_shadow_fix1,BREW,UDUC,ils_shadow,2024-07-17T00:05:00,9,0,,{},0,0,0,,0,0
r48u_20260914_BREW_UDUC_ils_shadow_fix1,BREW,UDUC,ils_shadow,2024-07-17T00:05:30,9,0,,{},0,0,0,,0,0
r48u_20260914_BREW_UDUC_ils_shadow_fix1,BREW,UDUC,ils_shadow,2024-07-17T00:06:00,9,0,,{},0,0,0,,0,0
r48u_20260914_BREW_UDUC_ils_shadow_fix1,BREW,UDUC,ils_shadow,2024-07-17T00:06:30,9,0,,{},0,0,0,,0,0
r48u_20260914_BREW_UDUC_ils_shadow_fix1,BREW,UDUC,ils_shadow,2024-07-17T00:07:00,9,0,,{},0,0,0,,0,0
r48u_20260914_BREW_UDUC_ils_shadow_fix1,BREW,UDUC,ils_shadow,2024-07-17T00:07:30,9,0,,{},0,0,0,,0,0
r48u_20260914_BREW_UDUC_ils_shadow_fix1,BREW,UDUC,ils_shadow,2024-07-17T00:08:00,9,0,,{},0,0,0,,0,0
r48u_20260914_BREW_UDUC_ils_shadow_fix1,BREW,UDUC,ils_shadow,2024-07-17T00:08:30,9,0,,{},0,0,0,,0,0
r48u_20260914_BREW_UDUC_ils_shadow_fix1,BREW,UDUC,ils_shadow,2024-07-17T00:09:00,9,0,,{},0,0,0,,0,0
r48u_20260914_BREW_UDUC_ils_shadow_fix1,BREW,UDUC,ils_shadow,2024-07-17T00:09:30,9,0,,{},0,0,0,,0,0
r48u_20260914_BREW_UDUC_ils_shadow_fix1,BREW,UDUC,ils_shadow,2024-07-17T00:10:00,9,2,G02;G21,"{""PRODUCT-GPS-C1"": [""G02"", ""G21""]}",1,1,0,,0,0
r48u_20260914_BREW_UDUC_ils_shadow_fix1,BREW,UDUC,ils_shadow,2024-07-17T00:10:30,9,4,G03;G17;G25;G32,"{""PRODUCT-GPS-C0"": [""G03"", ""G17""], ""PRODUCT-GPS-C1"": [""G25"", ""G32""]}",2,2,0,,0,0
r48u_20260914_BREW_UDUC_ils_shadow_fix1,BREW,UDUC,ils_shadow,2024-07-17T00:11:00,9,2,G02;G21,"{""PRODUCT-GPS-C1"": [""G02"", ""G21""]}",1,1,0,,0,0
r48u_20260914_BREW_UDUC_ils_shadow_fix1,BREW,UDUC,ils_shadow,2024-07-17T00:11:30,9,5,G02;G10;G21;G28;G31,"{""PRODUCT-GPS-C3"": [""G02"", ""G21""], ""PRODUCT-GPS-C4"": [""G10"", ""G28"", ""G31""]}",2,3,2,G10;G31,2,1
r48u_20260914_BREW_UDUC_ils_shadow_fix1,BREW,UDUC,ils_shadow,2024-07-17T00:12:00,9,5,G02;G10;G21;G28;G31,"{""PRODUCT-GPS-C3"": [""G02"", ""G21""], ""PRODUCT-GPS-C4"": [""G10"", ""G28"", ""G31""]}",2,3,2,G10;G31,2,1
r48u_20260914_BREW_UDUC_ils_shadow_fix1,BREW,UDUC,ils_shadow,2024-07-17T00:12:30,9,5,G02;G10;G21;G28;G31,"{""PRODUCT-GPS-C3"": [""G02"", ""G21""], ""PRODUCT-GPS-C4"": [""G10"", ""G28"", ""G31""]}",2,3,2,G10;G31,2,1
r48u_20260914_BREW_UDUC_ils_shadow_fix1,BREW,UDUC,ils_shadow,2024-07-17T00:13:00,9,5,G02;G10;G21;G28;G31,"{""PRODUCT-GPS-C3"": [""G02"", ""G21""], ""PRODUCT-GPS-C4"": [""G10"", ""G28"", ""G31""]}",2,3,2,G10;G31,2,1
r48u_20260914_BREW_UDUC_ils_shadow_fix1,BREW,UDUC,ils_shadow,2024-07-17T00:13:30,9,5,G02;G10;G21;G28;G31,"{""PRODUCT-GPS-C3"": [""G02"", ""G21""], ""PRODUCT-GPS-C4"": [""G10"", ""G28"", ""G31""]}",2,3,2,G10;G31,2,1
r48u_20260914_BREW_UDUC_ils_shadow_fix1,BREW,UDUC,ils_shadow,2024-07-17T00:14:00,9,5,G02;G10;G21;G28;G31,"{""PRODUCT-GPS-C3"": [""G02"", ""G21""], ""PRODUCT-GPS-C4"": [""G10"", ""G28"", ""G31""]}",2,3,2,G10;G31,2,1
r48u_20260914_BREW_UDUC_ils_shadow_fix1,BREW,UDUC,ils_shadow,2024-07-17T00:14:30,9,5,G02;G10;G21;G28;G31,"{""PRODUCT-GPS-C3"": [""G02"", ""G21""], ""PRODUCT-GPS-C4"": [""G10"", ""G28"", ""G31""]}",2,3,2,G10;G31,2,1
r48u_20260914_BREW_UDUC_ils_shadow_fix1,BREW,UDUC,ils_shadow,2024-07-17T00:15:00,9,5,G02;G10;G21;G28;G31,"{""PRODUCT-GPS-C3"": [""G02"", ""G21""], ""PRODUCT-GPS-C4"": [""G10"", ""G28"", ""G31""]}",2,3,2,G10;G31,2,1
r48u_20260914_BREW_UDUC_ils_shadow_fix1,BREW,UDUC,ils_shadow,2024-07-17T00:15:30,9,5,G02;G10;G21;G28;G31,"{""PRODUCT-GPS-C3"": [""G02"", ""G21""], ""PRODUCT-GPS-C4"": [""G10"", ""G28"", ""G31""]}",2,3,2,G10;G31,2,1
r48u_20260914_BREW_UDUC_ils_shadow_fix1,BREW,UDUC,ils_shadow,2024-07-17T00:16:00,9,5,G02;G10;G21;G28;G31,"{""PRODUCT-GPS-C3"": [""G02"", ""G21""], ""PRODUCT-GPS-C4"": [""G10"", ""G28"", ""G31""]}",2,3,2,G10;G31,2,1
r48u_20260914_BREW_UDUC_ils_shadow_fix1,BREW,UDUC,ils_shadow,2024-07-17T00:16:30,9,5,G02;G10;G21;G28;G31,"{""PRODUCT-GPS-C3"": [""G02"", ""G21""], ""PRODUCT-GPS-C4"": [""G10"", ""G28"", ""G31""]}",2,3,2,G10;G31,2,1
r48u_20260914_BREW_UDUC_ils_shadow_fix1,BREW,UDUC,ils_shadow,2024-07-17T00:17:00,9,8,G02;G03;G10;G21;G25;G28;G31;G32,"{""PRODUCT-GPS-C0"": [""G02"", ""G03"", ""G21""], ""PRODUCT-GPS-C2"": [""G10"", ""G25"", ""G28"", ""G31"", ""G32""]}",2,6,4,G10;G25;G31;G32,4,3
r48u_20260914_BREW_UDUC_ils_shadow_fix1,BREW,UDUC,ils_shadow,2024-07-17T00:17:30,9,8,G02;G03;G10;G21;G25;G28;G31;G32,"{""PRODUCT-GPS-C0"": [""G02"", ""G03"", ""G21""], ""PRODUCT-GPS-C2"": [""G10"", ""G25"", ""G28"", ""G31"", ""G32""]}",2,6,4,G10;G25;G31;G32,4,3
r48u_20260914_BREW_UDUC_ils_shadow_fix1,BREW,UDUC,ils_shadow,2024-07-17T00:18:00,9,8,G02;G03;G10;G21;G25;G28;G31;G32,"{""PRODUCT-GPS-C0"": [""G02"", ""G03"", ""G21""], ""PRODUCT-GPS-C2"": [""G10"", ""G25"", ""G28"", ""G31"", ""G32""]}",2,6,4,G10;G25;G31;G32,4,3
r48u_20260914_BREW_UDUC_ils_shadow_fix1,BREW,UDUC,ils_shadow,2024-07-17T00:18:30,9,8,G02;G03;G10;G21;G25;G28;G31;G32,"{""PRODUCT-GPS-C0"": [""G02"", ""G03"", ""G21""], ""PRODUCT-GPS-C2"": [""G10"", ""G25"", ""G28"", ""G31"", ""G32""]}",2,6,4,G10;G25;G31;G32,4,3
r48u_20260914_BREW_UDUC_ils_shadow_fix1,BREW,UDUC,ils_shadow,2024-07-17T00:19:00,9,8,G02;G03;G10;G21;G25;G28;G31;G32,"{""PRODUCT-GPS-C0"": [""G02"", ""G03"", ""G21""], ""PRODUCT-GPS-C2"": [""G10"", ""G25"", ""G28"", ""G31"", ""G32""]}",2,6,4,G10;G25;G31;G32,4,3
r48u_20260914_BREW_UDUC_ils_shadow_fix1,BREW,UDUC,ils_shadow,2024-07-17T00:19:30,9,8,G02;G03;G10;G21;G25;G28;G31;G32,"{""PRODUCT-GPS-C0"": [""G02"", ""G03"", ""G21""], ""PRODUCT-GPS-C2"": [""G10"", ""G25"", ""G28"", ""G31"", ""G32""]}",2,6,4,G10;G25;G31;G32,4,3
r48u_20260914_BREW_UDUC_ils_shadow_fix1,BREW,UDUC,ils_shadow,2024-07-17T00:20:00,9,7,G02;G10;G21;G25;G28;G31;G32,"{""PRODUCT-GPS-C1"": [""G10"", ""G25"", ""G28"", ""G31"", ""G32""], ""PRODUCT-GPS-C4"": [""G02"", ""G21""]}",2,5,4,G10;G25;G31;G32,4,3
r48u_20260914_BREW_UDUC_ils_shadow_fix1,BREW,UDUC,ils_shadow,2024-07-17T00:20:30,9,9,G02;G03;G10;G17;G21;G25;G28;G31;G32,"{""PRODUCT-GPS-C0"": [""G02"", ""G03"", ""G21""], ""PRODUCT-GPS-C1"": [""G10"", ""G17"", ""G25"", ""G28"", ""G31"", ""G32""]}",2,7,5,G10;G17;G25;G31;G32,5,4
r48u_20260914_BREW_UDUC_ils_shadow_fix1,BREW,UDUC,ils_shadow,2024-07-17T00:21:00,9,7,G02;G10;G21;G25;G28;G31;G32,"{""PRODUCT-GPS-C1"": [""G10"", ""G25"", ""G28"", ""G31"", ""G32""], ""PRODUCT-GPS-C4"": [""G02"", ""G21""]}",2,5,4,G10;G25;G31;G32,4,3
r48u_20260914_BREW_UDUC_ils_shadow_fix1,BREW,UDUC,ils_shadow,2024-07-17T00:21:30,9,8,G02;G03;G10;G21;G25;G28;G31;G32,"{""PRODUCT-GPS-C0"": [""G02"", ""G03"", ""G21""], ""PRODUCT-GPS-C1"": [""G10"", ""G25"", ""G28"", ""G31"", ""G32""]}",2,6,4,G10;G25;G31;G32,4,3
r48u_20260914_BREW_UDUC_ils_shadow_fix1,BREW,UDUC,ils_shadow,2024-07-17T00:22:00,9,9,G02;G03;G10;G17;G21;G25;G28;G31;G32,"{""PRODUCT-GPS-C0"": [""G02"", ""G03"", ""G21""], ""PRODUCT-GPS-C1"": [""G10"", ""G17"", ""G25"", ""G28"", ""G31"", ""G32""]}",2,7,5,G10;G17;G25;G31;G32,5,4
r48u_20260914_BREW_UDUC_ils_shadow_fix1,BREW,UDUC,ils_shadow,2024-07-17T00:22:30,9,9,G02;G03;G10;G17;G21;G25;G28;G31;G32,"{""PRODUCT-GPS-C0"": [""G02"", ""G03"", ""G21""], ""PRODUCT-GPS-C1"": [""G10"", ""G17"", ""G25"", ""G28"", ""G31"", ""G32""]}",2,7,5,G10;G17;G25;G31;G32,5,4
r48u_20260914_BREW_UDUC_ils_shadow_fix1,BREW,UDUC,ils_shadow,2024-07-17T00:23:00,9,9,G02;G03;G10;G17;G21;G25;G28;G31;G32,"{""PRODUCT-GPS-C0"": [""G02"", ""G03"", ""G21""], ""PRODUCT-GPS-C1"": [""G10"", ""G17"", ""G25"", ""G28"", ""G31"", ""G32""]}",2,7,5,G10;G17;G25;G31;G32,5,4
r48u_20260914_BREW_UDUC_ils_shadow_fix1,BREW,UDUC,ils_shadow,2024-07-17T00:23:30,9,8,G02;G03;G10;G21;G25;G28;G31;G32,"{""PRODUCT-GPS-C0"": [""G02"", ""G03"", ""G21""], ""PRODUCT-GPS-C2"": [""G10"", ""G25"", ""G28"", ""G31"", ""G32""]}",2,6,4,G10;G25;G31;G32,4,3
r48u_20260914_BREW_UDUC_ils_shadow_fix1,BREW,UDUC,ils_shadow,2024-07-17T00:24:00,9,9,G02;G03;G10;G17;G21;G25;G28;G31;G32,"{""PRODUCT-GPS-C0"": [""G02"", ""G03"", ""G21""], ""PRODUCT-GPS-C2"": [""G10"", ""G17"", ""G25"", ""G28"", ""G31"", ""G32""]}",2,7,5,G10;G17;G25;G31;G32,5,4
r48u_20260914_BREW_UDUC_ils_shadow_fix1,BREW,UDUC,ils_shadow,2024-07-17T00:24:30,9,9,G02;G03;G10;G17;G21;G25;G28;G31;G32,"{""PRODUCT-GPS-C0"": [""G02"", ""G03"", ""G21""], ""PRODUCT-GPS-C2"": [""G10"", ""G17"", ""G25"", ""G28"", ""G31"", ""G32""]}",2,7,5,G10;G17;G25;G31;G32,5,4
r48u_20260914_BREW_UDUC_ils_shadow_fix1,BREW,UDUC,ils_shadow,2024-07-17T00:25:00,9,9,G02;G03;G10;G17;G21;G25;G28;G31;G32,"{""PRODUCT-GPS-C0"": [""G02"", ""G03"", ""G21""], ""PRODUCT-GPS-C2"": [""G10"", ""G17"", ""G25"", ""G28"", ""G31"", ""G32""]}",2,7,5,G10;G17;G25;G31;G32,5,4
r48u_20260914_BREW_UDUC_ils_shadow_fix1,BREW,UDUC,ils_shadow,2024-07-17T00:25:30,9,5,G02;G10;G21;G28;G31,"{""PRODUCT-GPS-C0"": [""G10"", ""G28"", ""G31""], ""PRODUCT-GPS-C1"": [""G02"", ""G21""]}",2,3,2,G10;G31,2,1
r48u_20260914_BREW_UDUC_ils_shadow_fix1,BREW,UDUC,ils_shadow,2024-07-17T00:26:00,9,7,G02;G10;G21;G25;G28;G31;G32,"{""PRODUCT-GPS-C0"": [""G10"", ""G25"", ""G28"", ""G31"", ""G32""], ""PRODUCT-GPS-C1"": [""G02"", ""G21""]}",2,5,4,G10;G25;G31;G32,4,3
r48u_20260914_BREW_UDUC_ils_shadow_fix1,BREW,UDUC,ils_shadow,2024-07-17T00:26:30,9,7,G02;G10;G21;G25;G28;G31;G32,"{""PRODUCT-GPS-C1"": [""G10"", ""G25"", ""G28"", ""G31"", ""G32""], ""PRODUCT-GPS-C4"": [""G02"", ""G21""]}",2,5,4,G10;G25;G31;G32,4,3
r48u_20260914_BREW_UDUC_ils_shadow_fix1,BREW,UDUC,ils_shadow,2024-07-17T00:27:00,9,6,G02;G10;G21;G25;G28;G32,"{""PRODUCT-GPS-C0"": [""G10"", ""G25"", ""G28"", ""G32""], ""PRODUCT-GPS-C1"": [""G02"", ""G21""]}",2,4,3,G10;G25;G32,3,2
r48u_20260914_BREW_UDUC_ils_shadow_fix1,BREW,UDUC,ils_shadow,2024-07-17T00:27:30,9,6,G02;G10;G21;G25;G28;G32,"{""PRODUCT-GPS-C0"": [""G10"", ""G25"", ""G28"", ""G32""], ""PRODUCT-GPS-C1"": [""G02"", ""G21""]}",2,4,3,G10;G25;G32,3,2
r48u_20260914_BREW_UDUC_ils_shadow_fix1,BREW,UDUC,ils_shadow,2024-07-17T00:28:00,9,6,G02;G10;G21;G25;G28;G32,"{""PRODUCT-GPS-C0"": [""G10"", ""G25"", ""G28"", ""G32""], ""PRODUCT-GPS-C1"": [""G02"", ""G21""]}",2,4,3,G10;G25;G32,3,2
r48u_20260914_BREW_UDUC_ils_shadow_fix1,BREW,UDUC,ils_shadow,2024-07-17T00:28:30,9,7,G02;G10;G21;G25;G28;G31;G32,"{""PRODUCT-GPS-C0"": [""G10"", ""G25"", ""G28"", ""G31"", ""G32""], ""PRODUCT-GPS-C3"": [""G02"", ""G21""]}",2,5,4,G10;G25;G31;G32,4,3
r48u_20260914_BREW_UDUC_ils_shadow_fix1,BREW,UDUC,ils_shadow,2024-07-17T00:29:00,9,7,G02;G10;G21;G25;G28;G31;G32,"{""PRODUCT-GPS-C0"": [""G10"", ""G25"", ""G28"", ""G31"", ""G32""], ""PRODUCT-GPS-C3"": [""G02"", ""G21""]}",2,5,4,G10;G25;G31;G32,4,3
r48u_20260914_BREW_UDUC_ils_shadow_fix1,BREW,UDUC,ils_shadow,2024-07-17T00:29:30,9,7,G02;G10;G21;G25;G28;G31;G32,"{""PRODUCT-GPS-C0"": [""G10"", ""G25"", ""G28"", ""G31"", ""G32""], ""PRODUCT-GPS-C1"": [""G02"", ""G21""]}",2,5,4,G10;G25;G31;G32,4,3
r48u_20260914_BREW_UDUC_ils_shadow_fix1,BREW,UDUC,ils_shadow,2024-07-17T00:30:00,9,7,G02;G10;G21;G25;G28;G31;G32,"{""PRODUCT-GPS-C0"": [""G10"", ""G25"", ""G28"", ""G31"", ""G32""], ""PRODUCT-GPS-C1"": [""G02"", ""G21""]}",2,5,4,G10;G25;G31;G32,4,3
r48u_20260914_BREW_UDUC_ils_feedback_fix1,BREW,UDUC,ils_feedback,2024-07-17T00:03:00,9,0,,{},0,0,0,,0,0
r48u_20260914_BREW_UDUC_ils_feedback_fix1,BREW,UDUC,ils_feedback,2024-07-17T00:03:30,9,0,,{},0,0,0,,0,0
r48u_20260914_BREW_UDUC_ils_feedback_fix1,BREW,UDUC,ils_feedback,2024-07-17T00:04:00,9,0,,{},0,0,0,,0,0
r48u_20260914_BREW_UDUC_ils_feedback_fix1,BREW,UDUC,ils_feedback,2024-07-17T00:04:30,9,0,,{},0,0,0,,0,0
r48u_20260914_BREW_UDUC_ils_feedback_fix1,BREW,UDUC,ils_feedback,2024-07-17T00:05:00,9,0,,{},0,0,0,,0,0
r48u_20260914_BREW_UDUC_ils_feedback_fix1,BREW,UDUC,ils_feedback,2024-07-17T00:05:30,9,0,,{},0,0,0,,0,0
r48u_20260914_BREW_UDUC_ils_feedback_fix1,BREW,UDUC,ils_feedback,2024-07-17T00:06:00,9,0,,{},0,0,0,,0,0
r48u_20260914_BREW_UDUC_ils_feedback_fix1,BREW,UDUC,ils_feedback,2024-07-17T00:06:30,9,0,,{},0,0,0,,0,0
r48u_20260914_BREW_UDUC_ils_feedback_fix1,BREW,UDUC,ils_feedback,2024-07-17T00:07:00,9,0,,{},0,0,0,,0,0
r48u_20260914_BREW_UDUC_ils_feedback_fix1,BREW,UDUC,ils_feedback,2024-07-17T00:07:30,9,0,,{},0,0,0,,0,0
r48u_20260914_BREW_UDUC_ils_feedback_fix1,BREW,UDUC,ils_feedback,2024-07-17T00:08:00,9,0,,{},0,0,0,,0,0
r48u_20260914_BREW_UDUC_ils_feedback_fix1,BREW,UDUC,ils_feedback,2024-07-17T00:08:30,9,0,,{},0,0,0,,0,0
r48u_20260914_BREW_UDUC_ils_feedback_fix1,BREW,UDUC,ils_feedback,2024-07-17T00:09:00,9,0,,{},0,0,0,,0,0
r48u_20260914_BREW_UDUC_ils_feedback_fix1,BREW,UDUC,ils_feedback,2024-07-17T00:09:30,9,0,,{},0,0,0,,0,0
r48u_20260914_BREW_UDUC_ils_feedback_fix1,BREW,UDUC,ils_feedback,2024-07-17T00:10:00,9,2,G02;G21,"{""PRODUCT-GPS-C1"": [""G02"", ""G21""]}",1,1,0,,0,0
r48u_20260914_BREW_UDUC_ils_feedback_fix1,BREW,UDUC,ils_feedback,2024-07-17T00:10:30,9,4,G03;G17;G25;G32,"{""PRODUCT-GPS-C0"": [""G03"", ""G17""], ""PRODUCT-GPS-C1"": [""G25"", ""G32""]}",2,2,0,,0,0
r48u_20260914_BREW_UDUC_ils_feedback_fix1,BREW,UDUC,ils_feedback,2024-07-17T00:11:00,9,2,G02;G21,"{""PRODUCT-GPS-C1"": [""G02"", ""G21""]}",1,1,0,,0,0
r48u_20260914_BREW_UDUC_ils_feedback_fix1,BREW,UDUC,ils_feedback,2024-07-17T00:11:30,9,5,G02;G10;G21;G28;G31,"{""PRODUCT-GPS-C3"": [""G02"", ""G21""], ""PRODUCT-GPS-C4"": [""G10"", ""G28"", ""G31""]}",2,3,2,G10;G31,2,1
r48u_20260914_BREW_UDUC_ils_feedback_fix1,BREW,UDUC,ils_feedback,2024-07-17T00:12:00,9,5,G02;G10;G21;G28;G31,"{""PRODUCT-GPS-C3"": [""G02"", ""G21""], ""PRODUCT-GPS-C4"": [""G10"", ""G28"", ""G31""]}",2,3,2,G10;G31,2,1
r48u_20260914_BREW_UDUC_ils_feedback_fix1,BREW,UDUC,ils_feedback,2024-07-17T00:12:30,9,5,G02;G10;G21;G28;G31,"{""PRODUCT-GPS-C3"": [""G02"", ""G21""], ""PRODUCT-GPS-C4"": [""G10"", ""G28"", ""G31""]}",2,3,2,G10;G31,2,1
r48u_20260914_BREW_UDUC_ils_feedback_fix1,BREW,UDUC,ils_feedback,2024-07-17T00:13:00,9,5,G02;G10;G21;G28;G31,"{""PRODUCT-GPS-C3"": [""G02"", ""G21""], ""PRODUCT-GPS-C4"": [""G10"", ""G28"", ""G31""]}",2,3,2,G10;G31,2,1
r48u_20260914_BREW_UDUC_ils_feedback_fix1,BREW,UDUC,ils_feedback,2024-07-17T00:13:30,9,5,G02;G10;G21;G28;G31,"{""PRODUCT-GPS-C3"": [""G02"", ""G21""], ""PRODUCT-GPS-C4"": [""G10"", ""G28"", ""G31""]}",2,3,2,G10;G31,2,1
r48u_20260914_BREW_UDUC_ils_feedback_fix1,BREW,UDUC,ils_feedback,2024-07-17T00:14:00,9,5,G02;G10;G21;G28;G31,"{""PRODUCT-GPS-C3"": [""G02"", ""G21""], ""PRODUCT-GPS-C4"": [""G10"", ""G28"", ""G31""]}",2,3,2,G10;G31,2,1
r48u_20260914_BREW_UDUC_ils_feedback_fix1,BREW,UDUC,ils_feedback,2024-07-17T00:14:30,9,5,G02;G10;G21;G28;G31,"{""PRODUCT-GPS-C3"": [""G02"", ""G21""], ""PRODUCT-GPS-C4"": [""G10"", ""G28"", ""G31""]}",2,3,2,G10;G31,2,1
r48u_20260914_BREW_UDUC_ils_feedback_fix1,BREW,UDUC,ils_feedback,2024-07-17T00:15:00,9,5,G02;G10;G21;G28;G31,"{""PRODUCT-GPS-C3"": [""G02"", ""G21""], ""PRODUCT-GPS-C4"": [""G10"", ""G28"", ""G31""]}",2,3,2,G10;G31,2,1
r48u_20260914_BREW_UDUC_ils_feedback_fix1,BREW,UDUC,ils_feedback,2024-07-17T00:15:30,9,5,G02;G10;G21;G28;G31,"{""PRODUCT-GPS-C3"": [""G02"", ""G21""], ""PRODUCT-GPS-C4"": [""G10"", ""G28"", ""G31""]}",2,3,2,G10;G31,2,1
r48u_20260914_BREW_UDUC_ils_feedback_fix1,BREW,UDUC,ils_feedback,2024-07-17T00:16:00,9,5,G02;G10;G21;G28;G31,"{""PRODUCT-GPS-C3"": [""G02"", ""G21""], ""PRODUCT-GPS-C4"": [""G10"", ""G28"", ""G31""]}",2,3,2,G10;G31,2,1
r48u_20260914_BREW_UDUC_ils_feedback_fix1,BREW,UDUC,ils_feedback,2024-07-17T00:16:30,9,5,G02;G10;G21;G28;G31,"{""PRODUCT-GPS-C3"": [""G02"", ""G21""], ""PRODUCT-GPS-C4"": [""G10"", ""G28"", ""G31""]}",2,3,2,G10;G31,2,1
r48u_20260914_BREW_UDUC_ils_feedback_fix1,BREW,UDUC,ils_feedback,2024-07-17T00:17:00,9,8,G02;G03;G10;G21;G25;G28;G31;G32,"{""PRODUCT-GPS-C0"": [""G02"", ""G03"", ""G21""], ""PRODUCT-GPS-C2"": [""G10"", ""G25"", ""G28"", ""G31"", ""G32""]}",2,6,4,G10;G25;G31;G32,4,3
r48u_20260914_BREW_UDUC_ils_feedback_fix1,BREW,UDUC,ils_feedback,2024-07-17T00:17:30,9,8,G02;G03;G10;G21;G25;G28;G31;G32,"{""PRODUCT-GPS-C0"": [""G02"", ""G03"", ""G21""], ""PRODUCT-GPS-C2"": [""G10"", ""G25"", ""G28"", ""G31"", ""G32""]}",2,6,4,G10;G25;G31;G32,4,3
r48u_20260914_BREW_UDUC_ils_feedback_fix1,BREW,UDUC,ils_feedback,2024-07-17T00:18:00,9,8,G02;G03;G10;G21;G25;G28;G31;G32,"{""PRODUCT-GPS-C0"": [""G02"", ""G03"", ""G21""], ""PRODUCT-GPS-C2"": [""G10"", ""G25"", ""G28"", ""G31"", ""G32""]}",2,6,4,G10;G25;G31;G32,4,3
r48u_20260914_BREW_UDUC_ils_feedback_fix1,BREW,UDUC,ils_feedback,2024-07-17T00:18:30,9,8,G02;G03;G10;G21;G25;G28;G31;G32,"{""PRODUCT-GPS-C0"": [""G02"", ""G03"", ""G21""], ""PRODUCT-GPS-C2"": [""G10"", ""G25"", ""G28"", ""G31"", ""G32""]}",2,6,4,G10;G25;G31;G32,4,3
r48u_20260914_BREW_UDUC_ils_feedback_fix1,BREW,UDUC,ils_feedback,2024-07-17T00:19:00,9,8,G02;G03;G10;G21;G25;G28;G31;G32,"{""PRODUCT-GPS-C0"": [""G02"", ""G03"", ""G21""], ""PRODUCT-GPS-C2"": [""G10"", ""G25"", ""G28"", ""G31"", ""G32""]}",2,6,4,G10;G25;G31;G32,4,3
r48u_20260914_BREW_UDUC_ils_feedback_fix1,BREW,UDUC,ils_feedback,2024-07-17T00:19:30,9,8,G02;G03;G10;G21;G25;G28;G31;G32,"{""PRODUCT-GPS-C0"": [""G02"", ""G03"", ""G21""], ""PRODUCT-GPS-C2"": [""G10"", ""G25"", ""G28"", ""G31"", ""G32""]}",2,6,4,G10;G25;G31;G32,4,3
r48u_20260914_BREW_UDUC_ils_feedback_fix1,BREW,UDUC,ils_feedback,2024-07-17T00:20:00,9,7,G02;G10;G21;G25;G28;G31;G32,"{""PRODUCT-GPS-C1"": [""G10"", ""G25"", ""G28"", ""G31"", ""G32""], ""PRODUCT-GPS-C4"": [""G02"", ""G21""]}",2,5,4,G10;G25;G31;G32,4,3
r48u_20260914_BREW_UDUC_ils_feedback_fix1,BREW,UDUC,ils_feedback,2024-07-17T00:20:30,9,9,G02;G03;G10;G17;G21;G25;G28;G31;G32,"{""PRODUCT-GPS-C0"": [""G02"", ""G03"", ""G21""], ""PRODUCT-GPS-C1"": [""G10"", ""G17"", ""G25"", ""G28"", ""G31"", ""G32""]}",2,7,5,G10;G17;G25;G31;G32,5,4
r48u_20260914_BREW_UDUC_ils_feedback_fix1,BREW,UDUC,ils_feedback,2024-07-17T00:21:00,9,7,G02;G10;G21;G25;G28;G31;G32,"{""PRODUCT-GPS-C1"": [""G10"", ""G25"", ""G28"", ""G31"", ""G32""], ""PRODUCT-GPS-C4"": [""G02"", ""G21""]}",2,5,4,G10;G25;G31;G32,4,3
r48u_20260914_BREW_UDUC_ils_feedback_fix1,BREW,UDUC,ils_feedback,2024-07-17T00:21:30,9,8,G02;G03;G10;G21;G25;G28;G31;G32,"{""PRODUCT-GPS-C0"": [""G02"", ""G03"", ""G21""], ""PRODUCT-GPS-C1"": [""G10"", ""G25"", ""G28"", ""G31"", ""G32""]}",2,6,4,G10;G25;G31;G32,4,3
r48u_20260914_BREW_UDUC_ils_feedback_fix1,BREW,UDUC,ils_feedback,2024-07-17T00:22:00,9,9,G02;G03;G10;G17;G21;G25;G28;G31;G32,"{""PRODUCT-GPS-C0"": [""G02"", ""G03"", ""G21""], ""PRODUCT-GPS-C1"": [""G10"", ""G17"", ""G25"", ""G28"", ""G31"", ""G32""]}",2,7,5,G10;G17;G25;G31;G32,5,4
r48u_20260914_BREW_UDUC_ils_feedback_fix1,BREW,UDUC,ils_feedback,2024-07-17T00:22:30,9,9,G02;G03;G10;G17;G21;G25;G28;G31;G32,"{""PRODUCT-GPS-C0"": [""G02"", ""G03"", ""G21""], ""PRODUCT-GPS-C1"": [""G10"", ""G17"", ""G25"", ""G28"", ""G31"", ""G32""]}",2,7,5,G10;G17;G25;G31;G32,5,4
r48u_20260914_BREW_UDUC_ils_feedback_fix1,BREW,UDUC,ils_feedback,2024-07-17T00:23:00,9,9,G02;G03;G10;G17;G21;G25;G28;G31;G32,"{""PRODUCT-GPS-C0"": [""G02"", ""G03"", ""G21""], ""PRODUCT-GPS-C1"": [""G10"", ""G17"", ""G25"", ""G28"", ""G31"", ""G32""]}",2,7,5,G10;G17;G25;G31;G32,5,4
r48u_20260914_BREW_UDUC_ils_feedback_fix1,BREW,UDUC,ils_feedback,2024-07-17T00:23:30,9,8,G02;G03;G10;G21;G25;G28;G31;G32,"{""PRODUCT-GPS-C0"": [""G02"", ""G03"", ""G21""], ""PRODUCT-GPS-C2"": [""G10"", ""G25"", ""G28"", ""G31"", ""G32""]}",2,6,4,G10;G25;G31;G32,4,3
r48u_20260914_BREW_UDUC_ils_feedback_fix1,BREW,UDUC,ils_feedback,2024-07-17T00:24:00,9,9,G02;G03;G10;G17;G21;G25;G28;G31;G32,"{""PRODUCT-GPS-C0"": [""G02"", ""G03"", ""G21""], ""PRODUCT-GPS-C2"": [""G10"", ""G17"", ""G25"", ""G28"", ""G31"", ""G32""]}",2,7,5,G10;G17;G25;G31;G32,5,4
r48u_20260914_BREW_UDUC_ils_feedback_fix1,BREW,UDUC,ils_feedback,2024-07-17T00:24:30,9,9,G02;G03;G10;G17;G21;G25;G28;G31;G32,"{""PRODUCT-GPS-C0"": [""G02"", ""G03"", ""G21""], ""PRODUCT-GPS-C2"": [""G10"", ""G17"", ""G25"", ""G28"", ""G31"", ""G32""]}",2,7,5,G10;G17;G25;G31;G32,5,4
r48u_20260914_BREW_UDUC_ils_feedback_fix1,BREW,UDUC,ils_feedback,2024-07-17T00:25:00,9,9,G02;G03;G10;G17;G21;G25;G28;G31;G32,"{""PRODUCT-GPS-C0"": [""G02"", ""G03"", ""G21""], ""PRODUCT-GPS-C2"": [""G10"", ""G17"", ""G25"", ""G28"", ""G31"", ""G32""]}",2,7,5,G10;G17;G25;G31;G32,5,4
r48u_20260914_BREW_UDUC_ils_feedback_fix1,BREW,UDUC,ils_feedback,2024-07-17T00:25:30,9,5,G02;G10;G21;G28;G31,"{""PRODUCT-GPS-C0"": [""G10"", ""G28"", ""G31""], ""PRODUCT-GPS-C1"": [""G02"", ""G21""]}",2,3,2,G10;G31,2,1
r48u_20260914_BREW_UDUC_ils_feedback_fix1,BREW,UDUC,ils_feedback,2024-07-17T00:26:00,9,7,G02;G10;G21;G25;G28;G31;G32,"{""PRODUCT-GPS-C0"": [""G10"", ""G25"", ""G28"", ""G31"", ""G32""], ""PRODUCT-GPS-C1"": [""G02"", ""G21""]}",2,5,4,G10;G25;G31;G32,4,3
r48u_20260914_BREW_UDUC_ils_feedback_fix1,BREW,UDUC,ils_feedback,2024-07-17T00:26:30,9,7,G02;G10;G21;G25;G28;G31;G32,"{""PRODUCT-GPS-C1"": [""G10"", ""G25"", ""G28"", ""G31"", ""G32""], ""PRODUCT-GPS-C4"": [""G02"", ""G21""]}",2,5,4,G10;G25;G31;G32,4,3
r48u_20260914_BREW_UDUC_ils_feedback_fix1,BREW,UDUC,ils_feedback,2024-07-17T00:27:00,9,6,G02;G10;G21;G25;G28;G32,"{""PRODUCT-GPS-C0"": [""G10"", ""G25"", ""G28"", ""G32""], ""PRODUCT-GPS-C1"": [""G02"", ""G21""]}",2,4,3,G10;G25;G32,3,2
r48u_20260914_BREW_UDUC_ils_feedback_fix1,BREW,UDUC,ils_feedback,2024-07-17T00:27:30,9,6,G02;G10;G21;G25;G28;G32,"{""PRODUCT-GPS-C0"": [""G10"", ""G25"", ""G28"", ""G32""], ""PRODUCT-GPS-C1"": [""G02"", ""G21""]}",2,4,3,G10;G25;G32,3,2
r48u_20260914_BREW_UDUC_ils_feedback_fix1,BREW,UDUC,ils_feedback,2024-07-17T00:28:00,9,6,G02;G10;G21;G25;G28;G32,"{""PRODUCT-GPS-C0"": [""G10"", ""G25"", ""G28"", ""G32""], ""PRODUCT-GPS-C1"": [""G02"", ""G21""]}",2,4,3,G10;G25;G32,3,2
r48u_20260914_BREW_UDUC_ils_feedback_fix1,BREW,UDUC,ils_feedback,2024-07-17T00:28:30,9,7,G02;G10;G21;G25;G28;G31;G32,"{""PRODUCT-GPS-C0"": [""G10"", ""G25"", ""G28"", ""G31"", ""G32""], ""PRODUCT-GPS-C3"": [""G02"", ""G21""]}",2,5,4,G10;G25;G31;G32,4,3
r48u_20260914_BREW_UDUC_ils_feedback_fix1,BREW,UDUC,ils_feedback,2024-07-17T00:29:00,9,7,G02;G10;G21;G25;G28;G31;G32,"{""PRODUCT-GPS-C0"": [""G10"", ""G25"", ""G28"", ""G31"", ""G32""], ""PRODUCT-GPS-C3"": [""G02"", ""G21""]}",2,5,4,G10;G25;G31;G32,4,3
r48u_20260914_BREW_UDUC_ils_feedback_fix1,BREW,UDUC,ils_feedback,2024-07-17T00:29:30,9,7,G02;G10;G21;G25;G28;G31;G32,"{""PRODUCT-GPS-C0"": [""G10"", ""G25"", ""G28"", ""G31"", ""G32""], ""PRODUCT-GPS-C1"": [""G02"", ""G21""]}",2,5,4,G10;G25;G31;G32,4,3
r48u_20260914_BREW_UDUC_ils_feedback_fix1,BREW,UDUC,ils_feedback,2024-07-17T00:30:00,9,7,G02;G10;G21;G25;G28;G31;G32,"{""PRODUCT-GPS-C0"": [""G10"", ""G25"", ""G28"", ""G31"", ""G32""], ""PRODUCT-GPS-C1"": [""G02"", ""G21""]}",2,5,4,G10;G25;G31;G32,4,3
r48u_20260914_MARS_UDUC_float_fix1,MARS,UDUC,float,2024-07-17T00:03:00,8,0,,{},0,0,0,,0,0
r48u_20260914_MARS_UDUC_float_fix1,MARS,UDUC,float,2024-07-17T00:03:30,8,0,,{},0,0,0,,0,0
r48u_20260914_MARS_UDUC_float_fix1,MARS,UDUC,float,2024-07-17T00:04:00,8,0,,{},0,0,0,,0,0
r48u_20260914_MARS_UDUC_float_fix1,MARS,UDUC,float,2024-07-17T00:04:30,7,0,,{},0,0,0,,0,0
r48u_20260914_MARS_UDUC_float_fix1,MARS,UDUC,float,2024-07-17T00:05:00,8,0,,{},0,0,0,,0,0
r48u_20260914_MARS_UDUC_float_fix1,MARS,UDUC,float,2024-07-17T00:05:30,7,0,,{},0,0,0,,0,0
r48u_20260914_MARS_UDUC_float_fix1,MARS,UDUC,float,2024-07-17T00:06:00,7,0,,{},0,0,0,,0,0
r48u_20260914_MARS_UDUC_float_fix1,MARS,UDUC,float,2024-07-17T00:06:30,7,0,,{},0,0,0,,0,0
r48u_20260914_MARS_UDUC_float_fix1,MARS,UDUC,float,2024-07-17T00:07:00,7,0,,{},0,0,0,,0,0
r48u_20260914_MARS_UDUC_float_fix1,MARS,UDUC,float,2024-07-17T00:07:30,7,0,,{},0,0,0,,0,0
r48u_20260914_MARS_UDUC_float_fix1,MARS,UDUC,float,2024-07-17T00:08:00,7,0,,{},0,0,0,,0,0
r48u_20260914_MARS_UDUC_float_fix1,MARS,UDUC,float,2024-07-17T00:08:30,7,0,,{},0,0,0,,0,0
r48u_20260914_MARS_UDUC_float_fix1,MARS,UDUC,float,2024-07-17T00:09:00,7,0,,{},0,0,0,,0,0
r48u_20260914_MARS_UDUC_float_fix1,MARS,UDUC,float,2024-07-17T00:09:30,7,0,,{},0,0,0,,0,0
r48u_20260914_MARS_UDUC_float_fix1,MARS,UDUC,float,2024-07-17T00:10:00,7,0,,{},0,0,0,,0,0
r48u_20260914_MARS_UDUC_float_fix1,MARS,UDUC,float,2024-07-17T00:10:30,7,6,G06;G12;G19;G24;G25;G32,"{""PRODUCT-GPS-C1"": [""G06"", ""G12"", ""G19"", ""G24"", ""G25"", ""G32""]}",1,5,5,G06;G19;G24;G25;G32,0,0
r48u_20260914_MARS_UDUC_float_fix1,MARS,UDUC,float,2024-07-17T00:11:00,7,0,,{},0,0,0,,0,0
r48u_20260914_MARS_UDUC_float_fix1,MARS,UDUC,float,2024-07-17T00:11:30,7,0,,{},0,0,0,,0,0
r48u_20260914_MARS_UDUC_float_fix1,MARS,UDUC,float,2024-07-17T00:12:00,8,1,G11,"{""PRODUCT-GPS-C0"": [""G11""]}",1,0,0,,0,0
r48u_20260914_MARS_UDUC_float_fix1,MARS,UDUC,float,2024-07-17T00:12:30,8,1,G11,"{""PRODUCT-GPS-C0"": [""G11""]}",1,0,0,,0,0
r48u_20260914_MARS_UDUC_float_fix1,MARS,UDUC,float,2024-07-17T00:13:00,8,1,G11,"{""PRODUCT-GPS-C0"": [""G11""]}",1,0,0,,0,0
r48u_20260914_MARS_UDUC_float_fix1,MARS,UDUC,float,2024-07-17T00:13:30,8,1,G11,"{""PRODUCT-GPS-C0"": [""G11""]}",1,0,0,,0,0
r48u_20260914_MARS_UDUC_float_fix1,MARS,UDUC,float,2024-07-17T00:14:00,8,1,G11,"{""PRODUCT-GPS-C0"": [""G11""]}",1,0,0,,0,0
r48u_20260914_MARS_UDUC_float_fix1,MARS,UDUC,float,2024-07-17T00:14:30,8,1,G11,"{""PRODUCT-GPS-C0"": [""G11""]}",1,0,0,,0,0
r48u_20260914_MARS_UDUC_float_fix1,MARS,UDUC,float,2024-07-17T00:15:00,8,1,G11,"{""PRODUCT-GPS-C0"": [""G11""]}",1,0,0,,0,0
r48u_20260914_MARS_UDUC_float_fix1,MARS,UDUC,float,2024-07-17T00:15:30,8,1,G11,"{""PRODUCT-GPS-C0"": [""G11""]}",1,0,0,,0,0
r48u_20260914_MARS_UDUC_float_fix1,MARS,UDUC,float,2024-07-17T00:16:00,8,1,G11,"{""PRODUCT-GPS-C0"": [""G11""]}",1,0,0,,0,0
r48u_20260914_MARS_UDUC_float_fix1,MARS,UDUC,float,2024-07-17T00:16:30,7,1,G11,"{""PRODUCT-GPS-C0"": [""G11""]}",1,0,0,,0,0
r48u_20260914_MARS_UDUC_float_fix1,MARS,UDUC,float,2024-07-17T00:17:00,7,7,G06;G11;G12;G19;G24;G25;G32,"{""PRODUCT-GPS-C1"": [""G11""], ""PRODUCT-GPS-C2"": [""G06"", ""G12"", ""G19"", ""G24"", ""G25"", ""G32""]}",2,5,5,G06;G19;G24;G25;G32,0,0
r48u_20260914_MARS_UDUC_float_fix1,MARS,UDUC,float,2024-07-17T00:17:30,7,7,G06;G11;G12;G19;G24;G25;G32,"{""PRODUCT-GPS-C1"": [""G11""], ""PRODUCT-GPS-C2"": [""G06"", ""G12"", ""G19"", ""G24"", ""G25"", ""G32""]}",2,5,5,G06;G19;G24;G25;G32,0,0
r48u_20260914_MARS_UDUC_float_fix1,MARS,UDUC,float,2024-07-17T00:18:00,8,8,G06;G11;G12;G19;G24;G25;G29;G32,"{""PRODUCT-GPS-C1"": [""G11""], ""PRODUCT-GPS-C2"": [""G06"", ""G12"", ""G19"", ""G24"", ""G25"", ""G32""], ""PRODUCT-GPS-C3"": [""G29""]}",3,5,5,G06;G19;G24;G25;G32,0,0
r48u_20260914_MARS_UDUC_float_fix1,MARS,UDUC,float,2024-07-17T00:18:30,8,8,G06;G11;G12;G19;G24;G25;G29;G32,"{""PRODUCT-GPS-C1"": [""G11""], ""PRODUCT-GPS-C2"": [""G06"", ""G12"", ""G19"", ""G24"", ""G25"", ""G32""], ""PRODUCT-GPS-C3"": [""G29""]}",3,5,5,G06;G19;G24;G25;G32,0,0
r48u_20260914_MARS_UDUC_float_fix1,MARS,UDUC,float,2024-07-17T00:19:00,7,7,G06;G11;G12;G19;G24;G25;G32,"{""PRODUCT-GPS-C1"": [""G11""], ""PRODUCT-GPS-C2"": [""G06"", ""G12"", ""G19"", ""G24"", ""G25"", ""G32""]}",2,5,5,G06;G19;G24;G25;G32,0,0
r48u_20260914_MARS_UDUC_float_fix1,MARS,UDUC,float,2024-07-17T00:19:30,7,7,G06;G11;G12;G19;G24;G25;G32,"{""PRODUCT-GPS-C1"": [""G11""], ""PRODUCT-GPS-C2"": [""G06"", ""G12"", ""G19"", ""G24"", ""G25"", ""G32""]}",2,5,5,G06;G19;G24;G25;G32,0,0
r48u_20260914_MARS_UDUC_float_fix1,MARS,UDUC,float,2024-07-17T00:20:00,8,7,G06;G11;G12;G19;G24;G25;G32,"{""PRODUCT-GPS-C0"": [""G11""], ""PRODUCT-GPS-C1"": [""G06"", ""G12"", ""G19"", ""G24"", ""G25"", ""G32""]}",2,5,5,G06;G19;G24;G25;G32,0,0
r48u_20260914_MARS_UDUC_float_fix1,MARS,UDUC,float,2024-07-17T00:20:30,7,7,G06;G11;G12;G19;G24;G25;G32,"{""PRODUCT-GPS-C1"": [""G06"", ""G11"", ""G12"", ""G19"", ""G24"", ""G25"", ""G32""]}",1,6,6,G06;G11;G19;G24;G25;G32,0,0
r48u_20260914_MARS_UDUC_float_fix1,MARS,UDUC,float,2024-07-17T00:21:00,8,8,G06;G11;G12;G19;G24;G25;G29;G32,"{""PRODUCT-GPS-C0"": [""G11""], ""PRODUCT-GPS-C1"": [""G06"", ""G12"", ""G19"", ""G24"", ""G25"", ""G32""], ""PRODUCT-GPS-C3"": [""G29""]}",3,5,5,G06;G19;G24;G25;G32,0,0
r48u_20260914_MARS_UDUC_float_fix1,MARS,UDUC,float,2024-07-17T00:21:30,8,8,G06;G11;G12;G19;G24;G25;G29;G32,"{""PRODUCT-GPS-C1"": [""G06"", ""G11"", ""G12"", ""G19"", ""G24"", ""G25"", ""G32""], ""PRODUCT-GPS-C2"": [""G29""]}",2,6,6,G06;G11;G19;G24;G25;G32,0,0
r48u_20260914_MARS_UDUC_float_fix1,MARS,UDUC,float,2024-07-17T00:22:00,7,7,G06;G11;G12;G19;G24;G25;G32,"{""PRODUCT-GPS-C1"": [""G06"", ""G11"", ""G12"", ""G19"", ""G24"", ""G25"", ""G32""]}",1,6,6,G06;G11;G19;G24;G25;G32,0,0
r48u_20260914_MARS_UDUC_float_fix1,MARS,UDUC,float,2024-07-17T00:22:30,7,7,G06;G11;G12;G19;G24;G25;G32,"{""PRODUCT-GPS-C1"": [""G06"", ""G11"", ""G12"", ""G19"", ""G24"", ""G25"", ""G32""]}",1,6,6,G06;G11;G19;G24;G25;G32,0,0
r48u_20260914_MARS_UDUC_float_fix1,MARS,UDUC,float,2024-07-17T00:23:00,8,8,G06;G11;G12;G19;G24;G25;G29;G32,"{""PRODUCT-GPS-C1"": [""G06"", ""G11"", ""G12"", ""G19"", ""G24"", ""G25"", ""G32""], ""PRODUCT-GPS-C2"": [""G29""]}",2,6,6,G06;G11;G19;G24;G25;G32,0,0
r48u_20260914_MARS_UDUC_float_fix1,MARS,UDUC,float,2024-07-17T00:23:30,7,7,G06;G11;G12;G19;G24;G25;G32,"{""PRODUCT-GPS-C1"": [""G11""], ""PRODUCT-GPS-C2"": [""G06"", ""G12"", ""G19"", ""G24"", ""G25"", ""G32""]}",2,5,5,G06;G19;G24;G25;G32,0,0
r48u_20260914_MARS_UDUC_float_fix1,MARS,UDUC,float,2024-07-17T00:24:00,8,8,G06;G11;G12;G19;G24;G25;G29;G32,"{""PRODUCT-GPS-C1"": [""G11""], ""PRODUCT-GPS-C2"": [""G06"", ""G12"", ""G19"", ""G24"", ""G25"", ""G32""], ""PRODUCT-GPS-C3"": [""G29""]}",3,5,5,G06;G19;G24;G25;G32,0,0
r48u_20260914_MARS_UDUC_float_fix1,MARS,UDUC,float,2024-07-17T00:24:30,7,7,G06;G11;G12;G19;G24;G25;G32,"{""PRODUCT-GPS-C1"": [""G11""], ""PRODUCT-GPS-C2"": [""G06"", ""G12"", ""G19"", ""G24"", ""G25"", ""G32""]}",2,5,5,G06;G19;G24;G25;G32,0,0
r48u_20260914_MARS_UDUC_float_fix1,MARS,UDUC,float,2024-07-17T00:25:00,7,7,G06;G11;G12;G19;G24;G25;G32,"{""PRODUCT-GPS-C1"": [""G11""], ""PRODUCT-GPS-C2"": [""G06"", ""G12"", ""G19"", ""G24"", ""G25"", ""G32""]}",2,5,5,G06;G19;G24;G25;G32,0,0
r48u_20260914_MARS_UDUC_float_fix1,MARS,UDUC,float,2024-07-17T00:25:30,8,1,G11,"{""PRODUCT-GPS-C0"": [""G11""]}",1,0,0,,0,0
r48u_20260914_MARS_UDUC_float_fix1,MARS,UDUC,float,2024-07-17T00:26:00,7,6,G06;G12;G19;G24;G25;G32,"{""PRODUCT-GPS-C0"": [""G06"", ""G12"", ""G19"", ""G24"", ""G25"", ""G32""]}",1,5,5,G06;G19;G24;G25;G32,0,0
r48u_20260914_MARS_UDUC_float_fix1,MARS,UDUC,float,2024-07-17T00:26:30,8,7,G06;G11;G12;G19;G24;G25;G32,"{""PRODUCT-GPS-C0"": [""G11""], ""PRODUCT-GPS-C1"": [""G06"", ""G12"", ""G19"", ""G24"", ""G25"", ""G32""]}",2,5,5,G06;G19;G24;G25;G32,0,0
r48u_20260914_MARS_UDUC_float_fix1,MARS,UDUC,float,2024-07-17T00:27:00,7,7,G06;G11;G12;G19;G24;G25;G32,"{""PRODUCT-GPS-C0"": [""G06"", ""G11"", ""G12"", ""G19"", ""G24"", ""G25"", ""G32""]}",1,6,6,G06;G11;G19;G24;G25;G32,0,0
r48u_20260914_MARS_UDUC_float_fix1,MARS,UDUC,float,2024-07-17T00:27:30,8,8,G06;G11;G12;G19;G24;G25;G29;G32,"{""PRODUCT-GPS-C0"": [""G06"", ""G11"", ""G12"", ""G19"", ""G24"", ""G25"", ""G32""], ""PRODUCT-GPS-C2"": [""G29""]}",2,6,6,G06;G11;G19;G24;G25;G32,0,0
r48u_20260914_MARS_UDUC_float_fix1,MARS,UDUC,float,2024-07-17T00:28:00,8,8,G06;G11;G12;G19;G24;G25;G29;G32,"{""PRODUCT-GPS-C0"": [""G06"", ""G11"", ""G12"", ""G19"", ""G24"", ""G25"", ""G32""], ""PRODUCT-GPS-C2"": [""G29""]}",2,6,6,G06;G11;G19;G24;G25;G32,0,0
r48u_20260914_MARS_UDUC_float_fix1,MARS,UDUC,float,2024-07-17T00:28:30,8,8,G06;G11;G12;G19;G24;G25;G29;G32,"{""PRODUCT-GPS-C0"": [""G06"", ""G11"", ""G12"", ""G19"", ""G24"", ""G25"", ""G32""], ""PRODUCT-GPS-C2"": [""G29""]}",2,6,6,G06;G11;G19;G24;G25;G32,0,0
r48u_20260914_MARS_UDUC_float_fix1,MARS,UDUC,float,2024-07-17T00:29:00,8,8,G06;G11;G12;G19;G24;G25;G29;G32,"{""PRODUCT-GPS-C0"": [""G06"", ""G11"", ""G12"", ""G19"", ""G24"", ""G25"", ""G32""], ""PRODUCT-GPS-C2"": [""G29""]}",2,6,6,G06;G11;G19;G24;G25;G32,0,0
r48u_20260914_MARS_UDUC_float_fix1,MARS,UDUC,float,2024-07-17T00:29:30,9,8,G06;G11;G12;G19;G24;G25;G28;G32,"{""PRODUCT-GPS-C0"": [""G06"", ""G11"", ""G12"", ""G19"", ""G24"", ""G25"", ""G28"", ""G32""]}",1,7,7,G06;G11;G19;G24;G25;G28;G32,0,0
r48u_20260914_MARS_UDUC_float_fix1,MARS,UDUC,float,2024-07-17T00:30:00,9,8,G06;G11;G12;G19;G24;G25;G28;G32,"{""PRODUCT-GPS-C0"": [""G06"", ""G11"", ""G12"", ""G19"", ""G24"", ""G25"", ""G28"", ""G32""]}",1,7,7,G06;G11;G19;G24;G25;G28;G32,0,0
r48u_20260914_MARS_UDUC_round_shadow_fix1,MARS,UDUC,round_shadow,2024-07-17T00:03:00,8,0,,{},0,0,0,,0,0
r48u_20260914_MARS_UDUC_round_shadow_fix1,MARS,UDUC,round_shadow,2024-07-17T00:03:30,8,0,,{},0,0,0,,0,0
r48u_20260914_MARS_UDUC_round_shadow_fix1,MARS,UDUC,round_shadow,2024-07-17T00:04:00,8,0,,{},0,0,0,,0,0
r48u_20260914_MARS_UDUC_round_shadow_fix1,MARS,UDUC,round_shadow,2024-07-17T00:04:30,7,0,,{},0,0,0,,0,0
r48u_20260914_MARS_UDUC_round_shadow_fix1,MARS,UDUC,round_shadow,2024-07-17T00:05:00,8,0,,{},0,0,0,,0,0
r48u_20260914_MARS_UDUC_round_shadow_fix1,MARS,UDUC,round_shadow,2024-07-17T00:05:30,7,0,,{},0,0,0,,0,0
r48u_20260914_MARS_UDUC_round_shadow_fix1,MARS,UDUC,round_shadow,2024-07-17T00:06:00,7,0,,{},0,0,0,,0,0
r48u_20260914_MARS_UDUC_round_shadow_fix1,MARS,UDUC,round_shadow,2024-07-17T00:06:30,7,0,,{},0,0,0,,0,0
r48u_20260914_MARS_UDUC_round_shadow_fix1,MARS,UDUC,round_shadow,2024-07-17T00:07:00,7,0,,{},0,0,0,,0,0
r48u_20260914_MARS_UDUC_round_shadow_fix1,MARS,UDUC,round_shadow,2024-07-17T00:07:30,7,0,,{},0,0,0,,0,0
r48u_20260914_MARS_UDUC_round_shadow_fix1,MARS,UDUC,round_shadow,2024-07-17T00:08:00,7,0,,{},0,0,0,,0,0
r48u_20260914_MARS_UDUC_round_shadow_fix1,MARS,UDUC,round_shadow,2024-07-17T00:08:30,7,0,,{},0,0,0,,0,0
r48u_20260914_MARS_UDUC_round_shadow_fix1,MARS,UDUC,round_shadow,2024-07-17T00:09:00,7,0,,{},0,0,0,,0,0
r48u_20260914_MARS_UDUC_round_shadow_fix1,MARS,UDUC,round_shadow,2024-07-17T00:09:30,7,0,,{},0,0,0,,0,0
r48u_20260914_MARS_UDUC_round_shadow_fix1,MARS,UDUC,round_shadow,2024-07-17T00:10:00,7,0,,{},0,0,0,,0,0
r48u_20260914_MARS_UDUC_round_shadow_fix1,MARS,UDUC,round_shadow,2024-07-17T00:10:30,7,6,G06;G12;G19;G24;G25;G32,"{""PRODUCT-GPS-C1"": [""G06"", ""G12"", ""G19"", ""G24"", ""G25"", ""G32""]}",1,5,5,G06;G19;G24;G25;G32,5,4
r48u_20260914_MARS_UDUC_round_shadow_fix1,MARS,UDUC,round_shadow,2024-07-17T00:11:00,7,0,,{},0,0,0,,0,0
r48u_20260914_MARS_UDUC_round_shadow_fix1,MARS,UDUC,round_shadow,2024-07-17T00:11:30,7,0,,{},0,0,0,,0,0
r48u_20260914_MARS_UDUC_round_shadow_fix1,MARS,UDUC,round_shadow,2024-07-17T00:12:00,8,1,G11,"{""PRODUCT-GPS-C0"": [""G11""]}",1,0,0,,0,0
r48u_20260914_MARS_UDUC_round_shadow_fix1,MARS,UDUC,round_shadow,2024-07-17T00:12:30,8,1,G11,"{""PRODUCT-GPS-C0"": [""G11""]}",1,0,0,,0,0
r48u_20260914_MARS_UDUC_round_shadow_fix1,MARS,UDUC,round_shadow,2024-07-17T00:13:00,8,1,G11,"{""PRODUCT-GPS-C0"": [""G11""]}",1,0,0,,0,0
r48u_20260914_MARS_UDUC_round_shadow_fix1,MARS,UDUC,round_shadow,2024-07-17T00:13:30,8,1,G11,"{""PRODUCT-GPS-C0"": [""G11""]}",1,0,0,,0,0
r48u_20260914_MARS_UDUC_round_shadow_fix1,MARS,UDUC,round_shadow,2024-07-17T00:14:00,8,1,G11,"{""PRODUCT-GPS-C0"": [""G11""]}",1,0,0,,0,0
r48u_20260914_MARS_UDUC_round_shadow_fix1,MARS,UDUC,round_shadow,2024-07-17T00:14:30,8,1,G11,"{""PRODUCT-GPS-C0"": [""G11""]}",1,0,0,,0,0
r48u_20260914_MARS_UDUC_round_shadow_fix1,MARS,UDUC,round_shadow,2024-07-17T00:15:00,8,1,G11,"{""PRODUCT-GPS-C0"": [""G11""]}",1,0,0,,0,0
r48u_20260914_MARS_UDUC_round_shadow_fix1,MARS,UDUC,round_shadow,2024-07-17T00:15:30,8,1,G11,"{""PRODUCT-GPS-C0"": [""G11""]}",1,0,0,,0,0
r48u_20260914_MARS_UDUC_round_shadow_fix1,MARS,UDUC,round_shadow,2024-07-17T00:16:00,8,1,G11,"{""PRODUCT-GPS-C0"": [""G11""]}",1,0,0,,0,0
r48u_20260914_MARS_UDUC_round_shadow_fix1,MARS,UDUC,round_shadow,2024-07-17T00:16:30,7,1,G11,"{""PRODUCT-GPS-C0"": [""G11""]}",1,0,0,,0,0
r48u_20260914_MARS_UDUC_round_shadow_fix1,MARS,UDUC,round_shadow,2024-07-17T00:17:00,7,7,G06;G11;G12;G19;G24;G25;G32,"{""PRODUCT-GPS-C1"": [""G11""], ""PRODUCT-GPS-C2"": [""G06"", ""G12"", ""G19"", ""G24"", ""G25"", ""G32""]}",2,5,5,G06;G19;G24;G25;G32,5,4
r48u_20260914_MARS_UDUC_round_shadow_fix1,MARS,UDUC,round_shadow,2024-07-17T00:17:30,7,7,G06;G11;G12;G19;G24;G25;G32,"{""PRODUCT-GPS-C1"": [""G11""], ""PRODUCT-GPS-C2"": [""G06"", ""G12"", ""G19"", ""G24"", ""G25"", ""G32""]}",2,5,5,G06;G19;G24;G25;G32,5,4
r48u_20260914_MARS_UDUC_round_shadow_fix1,MARS,UDUC,round_shadow,2024-07-17T00:18:00,8,8,G06;G11;G12;G19;G24;G25;G29;G32,"{""PRODUCT-GPS-C1"": [""G11""], ""PRODUCT-GPS-C2"": [""G06"", ""G12"", ""G19"", ""G24"", ""G25"", ""G32""], ""PRODUCT-GPS-C3"": [""G29""]}",3,5,5,G06;G19;G24;G25;G32,5,4
r48u_20260914_MARS_UDUC_round_shadow_fix1,MARS,UDUC,round_shadow,2024-07-17T00:18:30,8,8,G06;G11;G12;G19;G24;G25;G29;G32,"{""PRODUCT-GPS-C1"": [""G11""], ""PRODUCT-GPS-C2"": [""G06"", ""G12"", ""G19"", ""G24"", ""G25"", ""G32""], ""PRODUCT-GPS-C3"": [""G29""]}",3,5,5,G06;G19;G24;G25;G32,5,4
r48u_20260914_MARS_UDUC_round_shadow_fix1,MARS,UDUC,round_shadow,2024-07-17T00:19:00,7,7,G06;G11;G12;G19;G24;G25;G32,"{""PRODUCT-GPS-C1"": [""G11""], ""PRODUCT-GPS-C2"": [""G06"", ""G12"", ""G19"", ""G24"", ""G25"", ""G32""]}",2,5,5,G06;G19;G24;G25;G32,5,4
r48u_20260914_MARS_UDUC_round_shadow_fix1,MARS,UDUC,round_shadow,2024-07-17T00:19:30,7,7,G06;G11;G12;G19;G24;G25;G32,"{""PRODUCT-GPS-C1"": [""G11""], ""PRODUCT-GPS-C2"": [""G06"", ""G12"", ""G19"", ""G24"", ""G25"", ""G32""]}",2,5,5,G06;G19;G24;G25;G32,5,4
r48u_20260914_MARS_UDUC_round_shadow_fix1,MARS,UDUC,round_shadow,2024-07-17T00:20:00,8,7,G06;G11;G12;G19;G24;G25;G32,"{""PRODUCT-GPS-C0"": [""G11""], ""PRODUCT-GPS-C1"": [""G06"", ""G12"", ""G19"", ""G24"", ""G25"", ""G32""]}",2,5,5,G06;G19;G24;G25;G32,5,4
r48u_20260914_MARS_UDUC_round_shadow_fix1,MARS,UDUC,round_shadow,2024-07-17T00:20:30,7,7,G06;G11;G12;G19;G24;G25;G32,"{""PRODUCT-GPS-C1"": [""G06"", ""G11"", ""G12"", ""G19"", ""G24"", ""G25"", ""G32""]}",1,6,6,G06;G11;G19;G24;G25;G32,6,5
r48u_20260914_MARS_UDUC_round_shadow_fix1,MARS,UDUC,round_shadow,2024-07-17T00:21:00,8,8,G06;G11;G12;G19;G24;G25;G29;G32,"{""PRODUCT-GPS-C0"": [""G11""], ""PRODUCT-GPS-C1"": [""G06"", ""G12"", ""G19"", ""G24"", ""G25"", ""G32""], ""PRODUCT-GPS-C3"": [""G29""]}",3,5,5,G06;G19;G24;G25;G32,5,4
r48u_20260914_MARS_UDUC_round_shadow_fix1,MARS,UDUC,round_shadow,2024-07-17T00:21:30,8,8,G06;G11;G12;G19;G24;G25;G29;G32,"{""PRODUCT-GPS-C1"": [""G06"", ""G11"", ""G12"", ""G19"", ""G24"", ""G25"", ""G32""], ""PRODUCT-GPS-C2"": [""G29""]}",2,6,6,G06;G11;G19;G24;G25;G32,6,5
r48u_20260914_MARS_UDUC_round_shadow_fix1,MARS,UDUC,round_shadow,2024-07-17T00:22:00,7,7,G06;G11;G12;G19;G24;G25;G32,"{""PRODUCT-GPS-C1"": [""G06"", ""G11"", ""G12"", ""G19"", ""G24"", ""G25"", ""G32""]}",1,6,6,G06;G11;G19;G24;G25;G32,6,5
r48u_20260914_MARS_UDUC_round_shadow_fix1,MARS,UDUC,round_shadow,2024-07-17T00:22:30,7,7,G06;G11;G12;G19;G24;G25;G32,"{""PRODUCT-GPS-C1"": [""G06"", ""G11"", ""G12"", ""G19"", ""G24"", ""G25"", ""G32""]}",1,6,6,G06;G11;G19;G24;G25;G32,6,5
r48u_20260914_MARS_UDUC_round_shadow_fix1,MARS,UDUC,round_shadow,2024-07-17T00:23:00,8,8,G06;G11;G12;G19;G24;G25;G29;G32,"{""PRODUCT-GPS-C1"": [""G06"", ""G11"", ""G12"", ""G19"", ""G24"", ""G25"", ""G32""], ""PRODUCT-GPS-C2"": [""G29""]}",2,6,6,G06;G11;G19;G24;G25;G32,6,5
r48u_20260914_MARS_UDUC_round_shadow_fix1,MARS,UDUC,round_shadow,2024-07-17T00:23:30,7,7,G06;G11;G12;G19;G24;G25;G32,"{""PRODUCT-GPS-C1"": [""G11""], ""PRODUCT-GPS-C2"": [""G06"", ""G12"", ""G19"", ""G24"", ""G25"", ""G32""]}",2,5,5,G06;G19;G24;G25;G32,5,4
r48u_20260914_MARS_UDUC_round_shadow_fix1,MARS,UDUC,round_shadow,2024-07-17T00:24:00,8,8,G06;G11;G12;G19;G24;G25;G29;G32,"{""PRODUCT-GPS-C1"": [""G11""], ""PRODUCT-GPS-C2"": [""G06"", ""G12"", ""G19"", ""G24"", ""G25"", ""G32""], ""PRODUCT-GPS-C3"": [""G29""]}",3,5,5,G06;G19;G24;G25;G32,5,4
r48u_20260914_MARS_UDUC_round_shadow_fix1,MARS,UDUC,round_shadow,2024-07-17T00:24:30,7,7,G06;G11;G12;G19;G24;G25;G32,"{""PRODUCT-GPS-C1"": [""G11""], ""PRODUCT-GPS-C2"": [""G06"", ""G12"", ""G19"", ""G24"", ""G25"", ""G32""]}",2,5,5,G06;G19;G24;G25;G32,5,4
r48u_20260914_MARS_UDUC_round_shadow_fix1,MARS,UDUC,round_shadow,2024-07-17T00:25:00,7,7,G06;G11;G12;G19;G24;G25;G32,"{""PRODUCT-GPS-C1"": [""G11""], ""PRODUCT-GPS-C2"": [""G06"", ""G12"", ""G19"", ""G24"", ""G25"", ""G32""]}",2,5,5,G06;G19;G24;G25;G32,5,4
r48u_20260914_MARS_UDUC_round_shadow_fix1,MARS,UDUC,round_shadow,2024-07-17T00:25:30,8,1,G11,"{""PRODUCT-GPS-C0"": [""G11""]}",1,0,0,,0,0
r48u_20260914_MARS_UDUC_round_shadow_fix1,MARS,UDUC,round_shadow,2024-07-17T00:26:00,7,6,G06;G12;G19;G24;G25;G32,"{""PRODUCT-GPS-C0"": [""G06"", ""G12"", ""G19"", ""G24"", ""G25"", ""G32""]}",1,5,5,G06;G19;G24;G25;G32,5,4
r48u_20260914_MARS_UDUC_round_shadow_fix1,MARS,UDUC,round_shadow,2024-07-17T00:26:30,8,7,G06;G11;G12;G19;G24;G25;G32,"{""PRODUCT-GPS-C0"": [""G11""], ""PRODUCT-GPS-C1"": [""G06"", ""G12"", ""G19"", ""G24"", ""G25"", ""G32""]}",2,5,5,G06;G19;G24;G25;G32,5,4
r48u_20260914_MARS_UDUC_round_shadow_fix1,MARS,UDUC,round_shadow,2024-07-17T00:27:00,7,7,G06;G11;G12;G19;G24;G25;G32,"{""PRODUCT-GPS-C0"": [""G06"", ""G11"", ""G12"", ""G19"", ""G24"", ""G25"", ""G32""]}",1,6,6,G06;G11;G19;G24;G25;G32,6,5
r48u_20260914_MARS_UDUC_round_shadow_fix1,MARS,UDUC,round_shadow,2024-07-17T00:27:30,8,8,G06;G11;G12;G19;G24;G25;G29;G32,"{""PRODUCT-GPS-C0"": [""G06"", ""G11"", ""G12"", ""G19"", ""G24"", ""G25"", ""G32""], ""PRODUCT-GPS-C2"": [""G29""]}",2,6,6,G06;G11;G19;G24;G25;G32,6,5
r48u_20260914_MARS_UDUC_round_shadow_fix1,MARS,UDUC,round_shadow,2024-07-17T00:28:00,8,8,G06;G11;G12;G19;G24;G25;G29;G32,"{""PRODUCT-GPS-C0"": [""G06"", ""G11"", ""G12"", ""G19"", ""G24"", ""G25"", ""G32""], ""PRODUCT-GPS-C2"": [""G29""]}",2,6,6,G06;G11;G19;G24;G25;G32,6,5
r48u_20260914_MARS_UDUC_round_shadow_fix1,MARS,UDUC,round_shadow,2024-07-17T00:28:30,8,8,G06;G11;G12;G19;G24;G25;G29;G32,"{""PRODUCT-GPS-C0"": [""G06"", ""G11"", ""G12"", ""G19"", ""G24"", ""G25"", ""G32""], ""PRODUCT-GPS-C2"": [""G29""]}",2,6,6,G06;G11;G19;G24;G25;G32,6,5
r48u_20260914_MARS_UDUC_round_shadow_fix1,MARS,UDUC,round_shadow,2024-07-17T00:29:00,8,8,G06;G11;G12;G19;G24;G25;G29;G32,"{""PRODUCT-GPS-C0"": [""G06"", ""G11"", ""G12"", ""G19"", ""G24"", ""G25"", ""G32""], ""PRODUCT-GPS-C2"": [""G29""]}",2,6,6,G06;G11;G19;G24;G25;G32,6,5
r48u_20260914_MARS_UDUC_round_shadow_fix1,MARS,UDUC,round_shadow,2024-07-17T00:29:30,9,8,G06;G11;G12;G19;G24;G25;G28;G32,"{""PRODUCT-GPS-C0"": [""G06"", ""G11"", ""G12"", ""G19"", ""G24"", ""G25"", ""G28"", ""G32""]}",1,7,7,G06;G11;G19;G24;G25;G28;G32,7,6
r48u_20260914_MARS_UDUC_round_shadow_fix1,MARS,UDUC,round_shadow,2024-07-17T00:30:00,9,8,G06;G11;G12;G19;G24;G25;G28;G32,"{""PRODUCT-GPS-C0"": [""G06"", ""G11"", ""G12"", ""G19"", ""G24"", ""G25"", ""G28"", ""G32""]}",1,7,7,G06;G11;G19;G24;G25;G28;G32,7,6
r48u_20260914_MARS_UDUC_round_feedback_fix1,MARS,UDUC,round_feedback,2024-07-17T00:03:00,8,0,,{},0,0,0,,0,0
r48u_20260914_MARS_UDUC_round_feedback_fix1,MARS,UDUC,round_feedback,2024-07-17T00:03:30,8,0,,{},0,0,0,,0,0
r48u_20260914_MARS_UDUC_round_feedback_fix1,MARS,UDUC,round_feedback,2024-07-17T00:04:00,8,0,,{},0,0,0,,0,0
r48u_20260914_MARS_UDUC_round_feedback_fix1,MARS,UDUC,round_feedback,2024-07-17T00:04:30,7,0,,{},0,0,0,,0,0
r48u_20260914_MARS_UDUC_round_feedback_fix1,MARS,UDUC,round_feedback,2024-07-17T00:05:00,8,0,,{},0,0,0,,0,0
r48u_20260914_MARS_UDUC_round_feedback_fix1,MARS,UDUC,round_feedback,2024-07-17T00:05:30,7,0,,{},0,0,0,,0,0
r48u_20260914_MARS_UDUC_round_feedback_fix1,MARS,UDUC,round_feedback,2024-07-17T00:06:00,7,0,,{},0,0,0,,0,0
r48u_20260914_MARS_UDUC_round_feedback_fix1,MARS,UDUC,round_feedback,2024-07-17T00:06:30,7,0,,{},0,0,0,,0,0
r48u_20260914_MARS_UDUC_round_feedback_fix1,MARS,UDUC,round_feedback,2024-07-17T00:07:00,7,0,,{},0,0,0,,0,0
r48u_20260914_MARS_UDUC_round_feedback_fix1,MARS,UDUC,round_feedback,2024-07-17T00:07:30,7,0,,{},0,0,0,,0,0
r48u_20260914_MARS_UDUC_round_feedback_fix1,MARS,UDUC,round_feedback,2024-07-17T00:08:00,7,0,,{},0,0,0,,0,0
r48u_20260914_MARS_UDUC_round_feedback_fix1,MARS,UDUC,round_feedback,2024-07-17T00:08:30,7,0,,{},0,0,0,,0,0
r48u_20260914_MARS_UDUC_round_feedback_fix1,MARS,UDUC,round_feedback,2024-07-17T00:09:00,7,0,,{},0,0,0,,0,0
r48u_20260914_MARS_UDUC_round_feedback_fix1,MARS,UDUC,round_feedback,2024-07-17T00:09:30,7,0,,{},0,0,0,,0,0
r48u_20260914_MARS_UDUC_round_feedback_fix1,MARS,UDUC,round_feedback,2024-07-17T00:10:00,7,0,,{},0,0,0,,0,0
r48u_20260914_MARS_UDUC_round_feedback_fix1,MARS,UDUC,round_feedback,2024-07-17T00:10:30,7,6,G06;G12;G19;G24;G25;G32,"{""PRODUCT-GPS-C1"": [""G06"", ""G12"", ""G19"", ""G24"", ""G25"", ""G32""]}",1,5,5,G06;G19;G24;G25;G32,5,4
r48u_20260914_MARS_UDUC_round_feedback_fix1,MARS,UDUC,round_feedback,2024-07-17T00:11:00,7,0,,{},0,0,0,,0,0
r48u_20260914_MARS_UDUC_round_feedback_fix1,MARS,UDUC,round_feedback,2024-07-17T00:11:30,7,0,,{},0,0,0,,0,0
r48u_20260914_MARS_UDUC_round_feedback_fix1,MARS,UDUC,round_feedback,2024-07-17T00:12:00,8,1,G11,"{""PRODUCT-GPS-C0"": [""G11""]}",1,0,0,,0,0
r48u_20260914_MARS_UDUC_round_feedback_fix1,MARS,UDUC,round_feedback,2024-07-17T00:12:30,8,1,G11,"{""PRODUCT-GPS-C0"": [""G11""]}",1,0,0,,0,0
r48u_20260914_MARS_UDUC_round_feedback_fix1,MARS,UDUC,round_feedback,2024-07-17T00:13:00,8,1,G11,"{""PRODUCT-GPS-C0"": [""G11""]}",1,0,0,,0,0
r48u_20260914_MARS_UDUC_round_feedback_fix1,MARS,UDUC,round_feedback,2024-07-17T00:13:30,8,1,G11,"{""PRODUCT-GPS-C0"": [""G11""]}",1,0,0,,0,0
r48u_20260914_MARS_UDUC_round_feedback_fix1,MARS,UDUC,round_feedback,2024-07-17T00:14:00,8,1,G11,"{""PRODUCT-GPS-C0"": [""G11""]}",1,0,0,,0,0
r48u_20260914_MARS_UDUC_round_feedback_fix1,MARS,UDUC,round_feedback,2024-07-17T00:14:30,8,1,G11,"{""PRODUCT-GPS-C0"": [""G11""]}",1,0,0,,0,0
r48u_20260914_MARS_UDUC_round_feedback_fix1,MARS,UDUC,round_feedback,2024-07-17T00:15:00,8,1,G11,"{""PRODUCT-GPS-C0"": [""G11""]}",1,0,0,,0,0
r48u_20260914_MARS_UDUC_round_feedback_fix1,MARS,UDUC,round_feedback,2024-07-17T00:15:30,8,1,G11,"{""PRODUCT-GPS-C0"": [""G11""]}",1,0,0,,0,0
r48u_20260914_MARS_UDUC_round_feedback_fix1,MARS,UDUC,round_feedback,2024-07-17T00:16:00,8,1,G11,"{""PRODUCT-GPS-C0"": [""G11""]}",1,0,0,,0,0
r48u_20260914_MARS_UDUC_round_feedback_fix1,MARS,UDUC,round_feedback,2024-07-17T00:16:30,7,1,G11,"{""PRODUCT-GPS-C0"": [""G11""]}",1,0,0,,0,0
r48u_20260914_MARS_UDUC_round_feedback_fix1,MARS,UDUC,round_feedback,2024-07-17T00:17:00,7,7,G06;G11;G12;G19;G24;G25;G32,"{""PRODUCT-GPS-C1"": [""G11""], ""PRODUCT-GPS-C2"": [""G06"", ""G12"", ""G19"", ""G24"", ""G25"", ""G32""]}",2,5,5,G06;G19;G24;G25;G32,5,4
r48u_20260914_MARS_UDUC_round_feedback_fix1,MARS,UDUC,round_feedback,2024-07-17T00:17:30,7,7,G06;G11;G12;G19;G24;G25;G32,"{""PRODUCT-GPS-C1"": [""G11""], ""PRODUCT-GPS-C2"": [""G06"", ""G12"", ""G19"", ""G24"", ""G25"", ""G32""]}",2,5,5,G06;G19;G24;G25;G32,5,4
r48u_20260914_MARS_UDUC_round_feedback_fix1,MARS,UDUC,round_feedback,2024-07-17T00:18:00,8,8,G06;G11;G12;G19;G24;G25;G29;G32,"{""PRODUCT-GPS-C1"": [""G11""], ""PRODUCT-GPS-C2"": [""G06"", ""G12"", ""G19"", ""G24"", ""G25"", ""G32""], ""PRODUCT-GPS-C3"": [""G29""]}",3,5,5,G06;G19;G24;G25;G32,5,4
r48u_20260914_MARS_UDUC_round_feedback_fix1,MARS,UDUC,round_feedback,2024-07-17T00:18:30,8,8,G06;G11;G12;G19;G24;G25;G29;G32,"{""PRODUCT-GPS-C1"": [""G11""], ""PRODUCT-GPS-C2"": [""G06"", ""G12"", ""G19"", ""G24"", ""G25"", ""G32""], ""PRODUCT-GPS-C3"": [""G29""]}",3,5,5,G06;G19;G24;G25;G32,5,4
r48u_20260914_MARS_UDUC_round_feedback_fix1,MARS,UDUC,round_feedback,2024-07-17T00:19:00,7,7,G06;G11;G12;G19;G24;G25;G32,"{""PRODUCT-GPS-C1"": [""G11""], ""PRODUCT-GPS-C2"": [""G06"", ""G12"", ""G19"", ""G24"", ""G25"", ""G32""]}",2,5,5,G06;G19;G24;G25;G32,5,4
r48u_20260914_MARS_UDUC_round_feedback_fix1,MARS,UDUC,round_feedback,2024-07-17T00:19:30,7,7,G06;G11;G12;G19;G24;G25;G32,"{""PRODUCT-GPS-C1"": [""G11""], ""PRODUCT-GPS-C2"": [""G06"", ""G12"", ""G19"", ""G24"", ""G25"", ""G32""]}",2,5,5,G06;G19;G24;G25;G32,5,4
r48u_20260914_MARS_UDUC_round_feedback_fix1,MARS,UDUC,round_feedback,2024-07-17T00:20:00,8,7,G06;G11;G12;G19;G24;G25;G32,"{""PRODUCT-GPS-C0"": [""G11""], ""PRODUCT-GPS-C1"": [""G06"", ""G12"", ""G19"", ""G24"", ""G25"", ""G32""]}",2,5,5,G06;G19;G24;G25;G32,5,4
r48u_20260914_MARS_UDUC_round_feedback_fix1,MARS,UDUC,round_feedback,2024-07-17T00:20:30,7,7,G06;G11;G12;G19;G24;G25;G32,"{""PRODUCT-GPS-C1"": [""G06"", ""G11"", ""G12"", ""G19"", ""G24"", ""G25"", ""G32""]}",1,6,6,G06;G11;G19;G24;G25;G32,6,5
r48u_20260914_MARS_UDUC_round_feedback_fix1,MARS,UDUC,round_feedback,2024-07-17T00:21:00,8,8,G06;G11;G12;G19;G24;G25;G29;G32,"{""PRODUCT-GPS-C0"": [""G11""], ""PRODUCT-GPS-C1"": [""G06"", ""G12"", ""G19"", ""G24"", ""G25"", ""G32""], ""PRODUCT-GPS-C3"": [""G29""]}",3,5,5,G06;G19;G24;G25;G32,5,4
r48u_20260914_MARS_UDUC_round_feedback_fix1,MARS,UDUC,round_feedback,2024-07-17T00:21:30,8,8,G06;G11;G12;G19;G24;G25;G29;G32,"{""PRODUCT-GPS-C1"": [""G06"", ""G11"", ""G12"", ""G19"", ""G24"", ""G25"", ""G32""], ""PRODUCT-GPS-C2"": [""G29""]}",2,6,6,G06;G11;G19;G24;G25;G32,6,5
r48u_20260914_MARS_UDUC_round_feedback_fix1,MARS,UDUC,round_feedback,2024-07-17T00:22:00,7,7,G06;G11;G12;G19;G24;G25;G32,"{""PRODUCT-GPS-C1"": [""G06"", ""G11"", ""G12"", ""G19"", ""G24"", ""G25"", ""G32""]}",1,6,6,G06;G11;G19;G24;G25;G32,6,5
r48u_20260914_MARS_UDUC_round_feedback_fix1,MARS,UDUC,round_feedback,2024-07-17T00:22:30,7,7,G06;G11;G12;G19;G24;G25;G32,"{""PRODUCT-GPS-C1"": [""G06"", ""G11"", ""G12"", ""G19"", ""G24"", ""G25"", ""G32""]}",1,6,6,G06;G11;G19;G24;G25;G32,6,5
r48u_20260914_MARS_UDUC_round_feedback_fix1,MARS,UDUC,round_feedback,2024-07-17T00:23:00,8,8,G06;G11;G12;G19;G24;G25;G29;G32,"{""PRODUCT-GPS-C1"": [""G06"", ""G11"", ""G12"", ""G19"", ""G24"", ""G25"", ""G32""], ""PRODUCT-GPS-C2"": [""G29""]}",2,6,6,G06;G11;G19;G24;G25;G32,6,5
r48u_20260914_MARS_UDUC_round_feedback_fix1,MARS,UDUC,round_feedback,2024-07-17T00:23:30,7,7,G06;G11;G12;G19;G24;G25;G32,"{""PRODUCT-GPS-C1"": [""G11""], ""PRODUCT-GPS-C2"": [""G06"", ""G12"", ""G19"", ""G24"", ""G25"", ""G32""]}",2,5,5,G06;G19;G24;G25;G32,5,4
r48u_20260914_MARS_UDUC_round_feedback_fix1,MARS,UDUC,round_feedback,2024-07-17T00:24:00,8,8,G06;G11;G12;G19;G24;G25;G29;G32,"{""PRODUCT-GPS-C1"": [""G11""], ""PRODUCT-GPS-C2"": [""G06"", ""G12"", ""G19"", ""G24"", ""G25"", ""G32""], ""PRODUCT-GPS-C3"": [""G29""]}",3,5,5,G06;G19;G24;G25;G32,5,4
r48u_20260914_MARS_UDUC_round_feedback_fix1,MARS,UDUC,round_feedback,2024-07-17T00:24:30,7,7,G06;G11;G12;G19;G24;G25;G32,"{""PRODUCT-GPS-C1"": [""G11""], ""PRODUCT-GPS-C2"": [""G06"", ""G12"", ""G19"", ""G24"", ""G25"", ""G32""]}",2,5,5,G06;G19;G24;G25;G32,5,4
r48u_20260914_MARS_UDUC_round_feedback_fix1,MARS,UDUC,round_feedback,2024-07-17T00:25:00,7,7,G06;G11;G12;G19;G24;G25;G32,"{""PRODUCT-GPS-C1"": [""G11""], ""PRODUCT-GPS-C2"": [""G06"", ""G12"", ""G19"", ""G24"", ""G25"", ""G32""]}",2,5,5,G06;G19;G24;G25;G32,5,4
r48u_20260914_MARS_UDUC_round_feedback_fix1,MARS,UDUC,round_feedback,2024-07-17T00:25:30,8,1,G11,"{""PRODUCT-GPS-C0"": [""G11""]}",1,0,0,,0,0
r48u_20260914_MARS_UDUC_round_feedback_fix1,MARS,UDUC,round_feedback,2024-07-17T00:26:00,7,6,G06;G12;G19;G24;G25;G32,"{""PRODUCT-GPS-C0"": [""G06"", ""G12"", ""G19"", ""G24"", ""G25"", ""G32""]}",1,5,5,G06;G19;G24;G25;G32,5,4
r48u_20260914_MARS_UDUC_round_feedback_fix1,MARS,UDUC,round_feedback,2024-07-17T00:26:30,8,7,G06;G11;G12;G19;G24;G25;G32,"{""PRODUCT-GPS-C0"": [""G11""], ""PRODUCT-GPS-C1"": [""G06"", ""G12"", ""G19"", ""G24"", ""G25"", ""G32""]}",2,5,5,G06;G19;G24;G25;G32,5,4
r48u_20260914_MARS_UDUC_round_feedback_fix1,MARS,UDUC,round_feedback,2024-07-17T00:27:00,7,7,G06;G11;G12;G19;G24;G25;G32,"{""PRODUCT-GPS-C0"": [""G06"", ""G11"", ""G12"", ""G19"", ""G24"", ""G25"", ""G32""]}",1,6,6,G06;G11;G19;G24;G25;G32,6,5
r48u_20260914_MARS_UDUC_round_feedback_fix1,MARS,UDUC,round_feedback,2024-07-17T00:27:30,8,8,G06;G11;G12;G19;G24;G25;G29;G32,"{""PRODUCT-GPS-C0"": [""G06"", ""G11"", ""G12"", ""G19"", ""G24"", ""G25"", ""G32""], ""PRODUCT-GPS-C2"": [""G29""]}",2,6,6,G06;G11;G19;G24;G25;G32,6,5
r48u_20260914_MARS_UDUC_round_feedback_fix1,MARS,UDUC,round_feedback,2024-07-17T00:28:00,8,8,G06;G11;G12;G19;G24;G25;G29;G32,"{""PRODUCT-GPS-C0"": [""G06"", ""G11"", ""G12"", ""G19"", ""G24"", ""G25"", ""G32""], ""PRODUCT-GPS-C2"": [""G29""]}",2,6,6,G06;G11;G19;G24;G25;G32,6,5
r48u_20260914_MARS_UDUC_round_feedback_fix1,MARS,UDUC,round_feedback,2024-07-17T00:28:30,8,8,G06;G11;G12;G19;G24;G25;G29;G32,"{""PRODUCT-GPS-C0"": [""G06"", ""G11"", ""G12"", ""G19"", ""G24"", ""G25"", ""G32""], ""PRODUCT-GPS-C2"": [""G29""]}",2,6,6,G06;G11;G19;G24;G25;G32,6,5
r48u_20260914_MARS_UDUC_round_feedback_fix1,MARS,UDUC,round_feedback,2024-07-17T00:29:00,8,8,G06;G11;G12;G19;G24;G25;G29;G32,"{""PRODUCT-GPS-C0"": [""G06"", ""G11"", ""G12"", ""G19"", ""G24"", ""G25"", ""G32""], ""PRODUCT-GPS-C2"": [""G29""]}",2,6,6,G06;G11;G19;G24;G25;G32,6,5
r48u_20260914_MARS_UDUC_round_feedback_fix1,MARS,UDUC,round_feedback,2024-07-17T00:29:30,9,8,G06;G11;G12;G19;G24;G25;G28;G32,"{""PRODUCT-GPS-C0"": [""G06"", ""G11"", ""G12"", ""G19"", ""G24"", ""G25"", ""G28"", ""G32""]}",1,7,7,G06;G11;G19;G24;G25;G28;G32,7,6
r48u_20260914_MARS_UDUC_round_feedback_fix1,MARS,UDUC,round_feedback,2024-07-17T00:30:00,9,8,G06;G11;G12;G19;G24;G25;G28;G32,"{""PRODUCT-GPS-C0"": [""G06"", ""G11"", ""G12"", ""G19"", ""G24"", ""G25"", ""G28"", ""G32""]}",1,7,7,G06;G11;G19;G24;G25;G28;G32,7,6
r48u_20260914_MARS_UDUC_ils_shadow_fix1,MARS,UDUC,ils_shadow,2024-07-17T00:03:00,8,0,,{},0,0,0,,0,0
r48u_20260914_MARS_UDUC_ils_shadow_fix1,MARS,UDUC,ils_shadow,2024-07-17T00:03:30,8,0,,{},0,0,0,,0,0
r48u_20260914_MARS_UDUC_ils_shadow_fix1,MARS,UDUC,ils_shadow,2024-07-17T00:04:00,8,0,,{},0,0,0,,0,0
r48u_20260914_MARS_UDUC_ils_shadow_fix1,MARS,UDUC,ils_shadow,2024-07-17T00:04:30,7,0,,{},0,0,0,,0,0
r48u_20260914_MARS_UDUC_ils_shadow_fix1,MARS,UDUC,ils_shadow,2024-07-17T00:05:00,8,0,,{},0,0,0,,0,0
r48u_20260914_MARS_UDUC_ils_shadow_fix1,MARS,UDUC,ils_shadow,2024-07-17T00:05:30,7,0,,{},0,0,0,,0,0
r48u_20260914_MARS_UDUC_ils_shadow_fix1,MARS,UDUC,ils_shadow,2024-07-17T00:06:00,7,0,,{},0,0,0,,0,0
r48u_20260914_MARS_UDUC_ils_shadow_fix1,MARS,UDUC,ils_shadow,2024-07-17T00:06:30,7,0,,{},0,0,0,,0,0
r48u_20260914_MARS_UDUC_ils_shadow_fix1,MARS,UDUC,ils_shadow,2024-07-17T00:07:00,7,0,,{},0,0,0,,0,0
r48u_20260914_MARS_UDUC_ils_shadow_fix1,MARS,UDUC,ils_shadow,2024-07-17T00:07:30,7,0,,{},0,0,0,,0,0
r48u_20260914_MARS_UDUC_ils_shadow_fix1,MARS,UDUC,ils_shadow,2024-07-17T00:08:00,7,0,,{},0,0,0,,0,0
r48u_20260914_MARS_UDUC_ils_shadow_fix1,MARS,UDUC,ils_shadow,2024-07-17T00:08:30,7,0,,{},0,0,0,,0,0
r48u_20260914_MARS_UDUC_ils_shadow_fix1,MARS,UDUC,ils_shadow,2024-07-17T00:09:00,7,0,,{},0,0,0,,0,0
r48u_20260914_MARS_UDUC_ils_shadow_fix1,MARS,UDUC,ils_shadow,2024-07-17T00:09:30,7,0,,{},0,0,0,,0,0
r48u_20260914_MARS_UDUC_ils_shadow_fix1,MARS,UDUC,ils_shadow,2024-07-17T00:10:00,7,0,,{},0,0,0,,0,0
r48u_20260914_MARS_UDUC_ils_shadow_fix1,MARS,UDUC,ils_shadow,2024-07-17T00:10:30,7,6,G06;G12;G19;G24;G25;G32,"{""PRODUCT-GPS-C1"": [""G06"", ""G12"", ""G19"", ""G24"", ""G25"", ""G32""]}",1,5,5,G06;G19;G24;G25;G32,5,4
r48u_20260914_MARS_UDUC_ils_shadow_fix1,MARS,UDUC,ils_shadow,2024-07-17T00:11:00,7,0,,{},0,0,0,,0,0
r48u_20260914_MARS_UDUC_ils_shadow_fix1,MARS,UDUC,ils_shadow,2024-07-17T00:11:30,7,0,,{},0,0,0,,0,0
r48u_20260914_MARS_UDUC_ils_shadow_fix1,MARS,UDUC,ils_shadow,2024-07-17T00:12:00,8,1,G11,"{""PRODUCT-GPS-C0"": [""G11""]}",1,0,0,,0,0
r48u_20260914_MARS_UDUC_ils_shadow_fix1,MARS,UDUC,ils_shadow,2024-07-17T00:12:30,8,1,G11,"{""PRODUCT-GPS-C0"": [""G11""]}",1,0,0,,0,0
r48u_20260914_MARS_UDUC_ils_shadow_fix1,MARS,UDUC,ils_shadow,2024-07-17T00:13:00,8,1,G11,"{""PRODUCT-GPS-C0"": [""G11""]}",1,0,0,,0,0
r48u_20260914_MARS_UDUC_ils_shadow_fix1,MARS,UDUC,ils_shadow,2024-07-17T00:13:30,8,1,G11,"{""PRODUCT-GPS-C0"": [""G11""]}",1,0,0,,0,0
r48u_20260914_MARS_UDUC_ils_shadow_fix1,MARS,UDUC,ils_shadow,2024-07-17T00:14:00,8,1,G11,"{""PRODUCT-GPS-C0"": [""G11""]}",1,0,0,,0,0
r48u_20260914_MARS_UDUC_ils_shadow_fix1,MARS,UDUC,ils_shadow,2024-07-17T00:14:30,8,1,G11,"{""PRODUCT-GPS-C0"": [""G11""]}",1,0,0,,0,0
r48u_20260914_MARS_UDUC_ils_shadow_fix1,MARS,UDUC,ils_shadow,2024-07-17T00:15:00,8,1,G11,"{""PRODUCT-GPS-C0"": [""G11""]}",1,0,0,,0,0
r48u_20260914_MARS_UDUC_ils_shadow_fix1,MARS,UDUC,ils_shadow,2024-07-17T00:15:30,8,1,G11,"{""PRODUCT-GPS-C0"": [""G11""]}",1,0,0,,0,0
r48u_20260914_MARS_UDUC_ils_shadow_fix1,MARS,UDUC,ils_shadow,2024-07-17T00:16:00,8,1,G11,"{""PRODUCT-GPS-C0"": [""G11""]}",1,0,0,,0,0
r48u_20260914_MARS_UDUC_ils_shadow_fix1,MARS,UDUC,ils_shadow,2024-07-17T00:16:30,7,1,G11,"{""PRODUCT-GPS-C0"": [""G11""]}",1,0,0,,0,0
r48u_20260914_MARS_UDUC_ils_shadow_fix1,MARS,UDUC,ils_shadow,2024-07-17T00:17:00,7,7,G06;G11;G12;G19;G24;G25;G32,"{""PRODUCT-GPS-C1"": [""G11""], ""PRODUCT-GPS-C2"": [""G06"", ""G12"", ""G19"", ""G24"", ""G25"", ""G32""]}",2,5,5,G06;G19;G24;G25;G32,5,4
r48u_20260914_MARS_UDUC_ils_shadow_fix1,MARS,UDUC,ils_shadow,2024-07-17T00:17:30,7,7,G06;G11;G12;G19;G24;G25;G32,"{""PRODUCT-GPS-C1"": [""G11""], ""PRODUCT-GPS-C2"": [""G06"", ""G12"", ""G19"", ""G24"", ""G25"", ""G32""]}",2,5,5,G06;G19;G24;G25;G32,5,4
r48u_20260914_MARS_UDUC_ils_shadow_fix1,MARS,UDUC,ils_shadow,2024-07-17T00:18:00,8,8,G06;G11;G12;G19;G24;G25;G29;G32,"{""PRODUCT-GPS-C1"": [""G11""], ""PRODUCT-GPS-C2"": [""G06"", ""G12"", ""G19"", ""G24"", ""G25"", ""G32""], ""PRODUCT-GPS-C3"": [""G29""]}",3,5,5,G06;G19;G24;G25;G32,5,4
r48u_20260914_MARS_UDUC_ils_shadow_fix1,MARS,UDUC,ils_shadow,2024-07-17T00:18:30,8,8,G06;G11;G12;G19;G24;G25;G29;G32,"{""PRODUCT-GPS-C1"": [""G11""], ""PRODUCT-GPS-C2"": [""G06"", ""G12"", ""G19"", ""G24"", ""G25"", ""G32""], ""PRODUCT-GPS-C3"": [""G29""]}",3,5,5,G06;G19;G24;G25;G32,5,4
r48u_20260914_MARS_UDUC_ils_shadow_fix1,MARS,UDUC,ils_shadow,2024-07-17T00:19:00,7,7,G06;G11;G12;G19;G24;G25;G32,"{""PRODUCT-GPS-C1"": [""G11""], ""PRODUCT-GPS-C2"": [""G06"", ""G12"", ""G19"", ""G24"", ""G25"", ""G32""]}",2,5,5,G06;G19;G24;G25;G32,5,4
r48u_20260914_MARS_UDUC_ils_shadow_fix1,MARS,UDUC,ils_shadow,2024-07-17T00:19:30,7,7,G06;G11;G12;G19;G24;G25;G32,"{""PRODUCT-GPS-C1"": [""G11""], ""PRODUCT-GPS-C2"": [""G06"", ""G12"", ""G19"", ""G24"", ""G25"", ""G32""]}",2,5,5,G06;G19;G24;G25;G32,5,4
r48u_20260914_MARS_UDUC_ils_shadow_fix1,MARS,UDUC,ils_shadow,2024-07-17T00:20:00,8,7,G06;G11;G12;G19;G24;G25;G32,"{""PRODUCT-GPS-C0"": [""G11""], ""PRODUCT-GPS-C1"": [""G06"", ""G12"", ""G19"", ""G24"", ""G25"", ""G32""]}",2,5,5,G06;G19;G24;G25;G32,5,4
r48u_20260914_MARS_UDUC_ils_shadow_fix1,MARS,UDUC,ils_shadow,2024-07-17T00:20:30,7,7,G06;G11;G12;G19;G24;G25;G32,"{""PRODUCT-GPS-C1"": [""G06"", ""G11"", ""G12"", ""G19"", ""G24"", ""G25"", ""G32""]}",1,6,6,G06;G11;G19;G24;G25;G32,6,5
r48u_20260914_MARS_UDUC_ils_shadow_fix1,MARS,UDUC,ils_shadow,2024-07-17T00:21:00,8,8,G06;G11;G12;G19;G24;G25;G29;G32,"{""PRODUCT-GPS-C0"": [""G11""], ""PRODUCT-GPS-C1"": [""G06"", ""G12"", ""G19"", ""G24"", ""G25"", ""G32""], ""PRODUCT-GPS-C3"": [""G29""]}",3,5,5,G06;G19;G24;G25;G32,5,4
r48u_20260914_MARS_UDUC_ils_shadow_fix1,MARS,UDUC,ils_shadow,2024-07-17T00:21:30,8,8,G06;G11;G12;G19;G24;G25;G29;G32,"{""PRODUCT-GPS-C1"": [""G06"", ""G11"", ""G12"", ""G19"", ""G24"", ""G25"", ""G32""], ""PRODUCT-GPS-C2"": [""G29""]}",2,6,6,G06;G11;G19;G24;G25;G32,6,5
r48u_20260914_MARS_UDUC_ils_shadow_fix1,MARS,UDUC,ils_shadow,2024-07-17T00:22:00,7,7,G06;G11;G12;G19;G24;G25;G32,"{""PRODUCT-GPS-C1"": [""G06"", ""G11"", ""G12"", ""G19"", ""G24"", ""G25"", ""G32""]}",1,6,6,G06;G11;G19;G24;G25;G32,6,5
r48u_20260914_MARS_UDUC_ils_shadow_fix1,MARS,UDUC,ils_shadow,2024-07-17T00:22:30,7,7,G06;G11;G12;G19;G24;G25;G32,"{""PRODUCT-GPS-C1"": [""G06"", ""G11"", ""G12"", ""G19"", ""G24"", ""G25"", ""G32""]}",1,6,6,G06;G11;G19;G24;G25;G32,6,5
r48u_20260914_MARS_UDUC_ils_shadow_fix1,MARS,UDUC,ils_shadow,2024-07-17T00:23:00,8,8,G06;G11;G12;G19;G24;G25;G29;G32,"{""PRODUCT-GPS-C1"": [""G06"", ""G11"", ""G12"", ""G19"", ""G24"", ""G25"", ""G32""], ""PRODUCT-GPS-C2"": [""G29""]}",2,6,6,G06;G11;G19;G24;G25;G32,6,5
r48u_20260914_MARS_UDUC_ils_shadow_fix1,MARS,UDUC,ils_shadow,2024-07-17T00:23:30,7,7,G06;G11;G12;G19;G24;G25;G32,"{""PRODUCT-GPS-C1"": [""G11""], ""PRODUCT-GPS-C2"": [""G06"", ""G12"", ""G19"", ""G24"", ""G25"", ""G32""]}",2,5,5,G06;G19;G24;G25;G32,5,4
r48u_20260914_MARS_UDUC_ils_shadow_fix1,MARS,UDUC,ils_shadow,2024-07-17T00:24:00,8,8,G06;G11;G12;G19;G24;G25;G29;G32,"{""PRODUCT-GPS-C1"": [""G11""], ""PRODUCT-GPS-C2"": [""G06"", ""G12"", ""G19"", ""G24"", ""G25"", ""G32""], ""PRODUCT-GPS-C3"": [""G29""]}",3,5,5,G06;G19;G24;G25;G32,5,4
r48u_20260914_MARS_UDUC_ils_shadow_fix1,MARS,UDUC,ils_shadow,2024-07-17T00:24:30,7,7,G06;G11;G12;G19;G24;G25;G32,"{""PRODUCT-GPS-C1"": [""G11""], ""PRODUCT-GPS-C2"": [""G06"", ""G12"", ""G19"", ""G24"", ""G25"", ""G32""]}",2,5,5,G06;G19;G24;G25;G32,5,4
r48u_20260914_MARS_UDUC_ils_shadow_fix1,MARS,UDUC,ils_shadow,2024-07-17T00:25:00,7,7,G06;G11;G12;G19;G24;G25;G32,"{""PRODUCT-GPS-C1"": [""G11""], ""PRODUCT-GPS-C2"": [""G06"", ""G12"", ""G19"", ""G24"", ""G25"", ""G32""]}",2,5,5,G06;G19;G24;G25;G32,5,4
r48u_20260914_MARS_UDUC_ils_shadow_fix1,MARS,UDUC,ils_shadow,2024-07-17T00:25:30,8,1,G11,"{""PRODUCT-GPS-C0"": [""G11""]}",1,0,0,,0,0
r48u_20260914_MARS_UDUC_ils_shadow_fix1,MARS,UDUC,ils_shadow,2024-07-17T00:26:00,7,6,G06;G12;G19;G24;G25;G32,"{""PRODUCT-GPS-C0"": [""G06"", ""G12"", ""G19"", ""G24"", ""G25"", ""G32""]}",1,5,5,G06;G19;G24;G25;G32,5,4
r48u_20260914_MARS_UDUC_ils_shadow_fix1,MARS,UDUC,ils_shadow,2024-07-17T00:26:30,8,7,G06;G11;G12;G19;G24;G25;G32,"{""PRODUCT-GPS-C0"": [""G11""], ""PRODUCT-GPS-C1"": [""G06"", ""G12"", ""G19"", ""G24"", ""G25"", ""G32""]}",2,5,5,G06;G19;G24;G25;G32,5,4
r48u_20260914_MARS_UDUC_ils_shadow_fix1,MARS,UDUC,ils_shadow,2024-07-17T00:27:00,7,7,G06;G11;G12;G19;G24;G25;G32,"{""PRODUCT-GPS-C0"": [""G06"", ""G11"", ""G12"", ""G19"", ""G24"", ""G25"", ""G32""]}",1,6,6,G06;G11;G19;G24;G25;G32,6,5
r48u_20260914_MARS_UDUC_ils_shadow_fix1,MARS,UDUC,ils_shadow,2024-07-17T00:27:30,8,8,G06;G11;G12;G19;G24;G25;G29;G32,"{""PRODUCT-GPS-C0"": [""G06"", ""G11"", ""G12"", ""G19"", ""G24"", ""G25"", ""G32""], ""PRODUCT-GPS-C2"": [""G29""]}",2,6,6,G06;G11;G19;G24;G25;G32,6,5
r48u_20260914_MARS_UDUC_ils_shadow_fix1,MARS,UDUC,ils_shadow,2024-07-17T00:28:00,8,8,G06;G11;G12;G19;G24;G25;G29;G32,"{""PRODUCT-GPS-C0"": [""G06"", ""G11"", ""G12"", ""G19"", ""G24"", ""G25"", ""G32""], ""PRODUCT-GPS-C2"": [""G29""]}",2,6,6,G06;G11;G19;G24;G25;G32,6,5
r48u_20260914_MARS_UDUC_ils_shadow_fix1,MARS,UDUC,ils_shadow,2024-07-17T00:28:30,8,8,G06;G11;G12;G19;G24;G25;G29;G32,"{""PRODUCT-GPS-C0"": [""G06"", ""G11"", ""G12"", ""G19"", ""G24"", ""G25"", ""G32""], ""PRODUCT-GPS-C2"": [""G29""]}",2,6,6,G06;G11;G19;G24;G25;G32,6,5
r48u_20260914_MARS_UDUC_ils_shadow_fix1,MARS,UDUC,ils_shadow,2024-07-17T00:29:00,8,8,G06;G11;G12;G19;G24;G25;G29;G32,"{""PRODUCT-GPS-C0"": [""G06"", ""G11"", ""G12"", ""G19"", ""G24"", ""G25"", ""G32""], ""PRODUCT-GPS-C2"": [""G29""]}",2,6,6,G06;G11;G19;G24;G25;G32,6,5
r48u_20260914_MARS_UDUC_ils_shadow_fix1,MARS,UDUC,ils_shadow,2024-07-17T00:29:30,9,8,G06;G11;G12;G19;G24;G25;G28;G32,"{""PRODUCT-GPS-C0"": [""G06"", ""G11"", ""G12"", ""G19"", ""G24"", ""G25"", ""G28"", ""G32""]}",1,7,7,G06;G11;G19;G24;G25;G28;G32,7,6
r48u_20260914_MARS_UDUC_ils_shadow_fix1,MARS,UDUC,ils_shadow,2024-07-17T00:30:00,9,8,G06;G11;G12;G19;G24;G25;G28;G32,"{""PRODUCT-GPS-C0"": [""G06"", ""G11"", ""G12"", ""G19"", ""G24"", ""G25"", ""G28"", ""G32""]}",1,7,7,G06;G11;G19;G24;G25;G28;G32,7,6
r48u_20260914_MARS_UDUC_ils_feedback_fix1,MARS,UDUC,ils_feedback,2024-07-17T00:03:00,8,0,,{},0,0,0,,0,0
r48u_20260914_MARS_UDUC_ils_feedback_fix1,MARS,UDUC,ils_feedback,2024-07-17T00:03:30,8,0,,{},0,0,0,,0,0
r48u_20260914_MARS_UDUC_ils_feedback_fix1,MARS,UDUC,ils_feedback,2024-07-17T00:04:00,8,0,,{},0,0,0,,0,0
r48u_20260914_MARS_UDUC_ils_feedback_fix1,MARS,UDUC,ils_feedback,2024-07-17T00:04:30,7,0,,{},0,0,0,,0,0
r48u_20260914_MARS_UDUC_ils_feedback_fix1,MARS,UDUC,ils_feedback,2024-07-17T00:05:00,8,0,,{},0,0,0,,0,0
r48u_20260914_MARS_UDUC_ils_feedback_fix1,MARS,UDUC,ils_feedback,2024-07-17T00:05:30,7,0,,{},0,0,0,,0,0
r48u_20260914_MARS_UDUC_ils_feedback_fix1,MARS,UDUC,ils_feedback,2024-07-17T00:06:00,7,0,,{},0,0,0,,0,0
r48u_20260914_MARS_UDUC_ils_feedback_fix1,MARS,UDUC,ils_feedback,2024-07-17T00:06:30,7,0,,{},0,0,0,,0,0
r48u_20260914_MARS_UDUC_ils_feedback_fix1,MARS,UDUC,ils_feedback,2024-07-17T00:07:00,7,0,,{},0,0,0,,0,0
r48u_20260914_MARS_UDUC_ils_feedback_fix1,MARS,UDUC,ils_feedback,2024-07-17T00:07:30,7,0,,{},0,0,0,,0,0
r48u_20260914_MARS_UDUC_ils_feedback_fix1,MARS,UDUC,ils_feedback,2024-07-17T00:08:00,7,0,,{},0,0,0,,0,0
r48u_20260914_MARS_UDUC_ils_feedback_fix1,MARS,UDUC,ils_feedback,2024-07-17T00:08:30,7,0,,{},0,0,0,,0,0
r48u_20260914_MARS_UDUC_ils_feedback_fix1,MARS,UDUC,ils_feedback,2024-07-17T00:09:00,7,0,,{},0,0,0,,0,0
r48u_20260914_MARS_UDUC_ils_feedback_fix1,MARS,UDUC,ils_feedback,2024-07-17T00:09:30,7,0,,{},0,0,0,,0,0
r48u_20260914_MARS_UDUC_ils_feedback_fix1,MARS,UDUC,ils_feedback,2024-07-17T00:10:00,7,0,,{},0,0,0,,0,0
r48u_20260914_MARS_UDUC_ils_feedback_fix1,MARS,UDUC,ils_feedback,2024-07-17T00:10:30,7,6,G06;G12;G19;G24;G25;G32,"{""PRODUCT-GPS-C1"": [""G06"", ""G12"", ""G19"", ""G24"", ""G25"", ""G32""]}",1,5,5,G06;G19;G24;G25;G32,5,4
r48u_20260914_MARS_UDUC_ils_feedback_fix1,MARS,UDUC,ils_feedback,2024-07-17T00:11:00,7,0,,{},0,0,0,,0,0
r48u_20260914_MARS_UDUC_ils_feedback_fix1,MARS,UDUC,ils_feedback,2024-07-17T00:11:30,7,0,,{},0,0,0,,0,0
r48u_20260914_MARS_UDUC_ils_feedback_fix1,MARS,UDUC,ils_feedback,2024-07-17T00:12:00,8,1,G11,"{""PRODUCT-GPS-C0"": [""G11""]}",1,0,0,,0,0
r48u_20260914_MARS_UDUC_ils_feedback_fix1,MARS,UDUC,ils_feedback,2024-07-17T00:12:30,8,1,G11,"{""PRODUCT-GPS-C0"": [""G11""]}",1,0,0,,0,0
r48u_20260914_MARS_UDUC_ils_feedback_fix1,MARS,UDUC,ils_feedback,2024-07-17T00:13:00,8,1,G11,"{""PRODUCT-GPS-C0"": [""G11""]}",1,0,0,,0,0
r48u_20260914_MARS_UDUC_ils_feedback_fix1,MARS,UDUC,ils_feedback,2024-07-17T00:13:30,8,1,G11,"{""PRODUCT-GPS-C0"": [""G11""]}",1,0,0,,0,0
r48u_20260914_MARS_UDUC_ils_feedback_fix1,MARS,UDUC,ils_feedback,2024-07-17T00:14:00,8,1,G11,"{""PRODUCT-GPS-C0"": [""G11""]}",1,0,0,,0,0
r48u_20260914_MARS_UDUC_ils_feedback_fix1,MARS,UDUC,ils_feedback,2024-07-17T00:14:30,8,1,G11,"{""PRODUCT-GPS-C0"": [""G11""]}",1,0,0,,0,0
r48u_20260914_MARS_UDUC_ils_feedback_fix1,MARS,UDUC,ils_feedback,2024-07-17T00:15:00,8,1,G11,"{""PRODUCT-GPS-C0"": [""G11""]}",1,0,0,,0,0
r48u_20260914_MARS_UDUC_ils_feedback_fix1,MARS,UDUC,ils_feedback,2024-07-17T00:15:30,8,1,G11,"{""PRODUCT-GPS-C0"": [""G11""]}",1,0,0,,0,0
r48u_20260914_MARS_UDUC_ils_feedback_fix1,MARS,UDUC,ils_feedback,2024-07-17T00:16:00,8,1,G11,"{""PRODUCT-GPS-C0"": [""G11""]}",1,0,0,,0,0
r48u_20260914_MARS_UDUC_ils_feedback_fix1,MARS,UDUC,ils_feedback,2024-07-17T00:16:30,7,1,G11,"{""PRODUCT-GPS-C0"": [""G11""]}",1,0,0,,0,0
r48u_20260914_MARS_UDUC_ils_feedback_fix1,MARS,UDUC,ils_feedback,2024-07-17T00:17:00,7,7,G06;G11;G12;G19;G24;G25;G32,"{""PRODUCT-GPS-C1"": [""G11""], ""PRODUCT-GPS-C2"": [""G06"", ""G12"", ""G19"", ""G24"", ""G25"", ""G32""]}",2,5,5,G06;G19;G24;G25;G32,5,4
r48u_20260914_MARS_UDUC_ils_feedback_fix1,MARS,UDUC,ils_feedback,2024-07-17T00:17:30,7,7,G06;G11;G12;G19;G24;G25;G32,"{""PRODUCT-GPS-C1"": [""G11""], ""PRODUCT-GPS-C2"": [""G06"", ""G12"", ""G19"", ""G24"", ""G25"", ""G32""]}",2,5,5,G06;G19;G24;G25;G32,5,4
r48u_20260914_MARS_UDUC_ils_feedback_fix1,MARS,UDUC,ils_feedback,2024-07-17T00:18:00,8,8,G06;G11;G12;G19;G24;G25;G29;G32,"{""PRODUCT-GPS-C1"": [""G11""], ""PRODUCT-GPS-C2"": [""G06"", ""G12"", ""G19"", ""G24"", ""G25"", ""G32""], ""PRODUCT-GPS-C3"": [""G29""]}",3,5,5,G06;G19;G24;G25;G32,5,4
r48u_20260914_MARS_UDUC_ils_feedback_fix1,MARS,UDUC,ils_feedback,2024-07-17T00:18:30,8,8,G06;G11;G12;G19;G24;G25;G29;G32,"{""PRODUCT-GPS-C1"": [""G11""], ""PRODUCT-GPS-C2"": [""G06"", ""G12"", ""G19"", ""G24"", ""G25"", ""G32""], ""PRODUCT-GPS-C3"": [""G29""]}",3,5,5,G06;G19;G24;G25;G32,5,4
r48u_20260914_MARS_UDUC_ils_feedback_fix1,MARS,UDUC,ils_feedback,2024-07-17T00:19:00,7,7,G06;G11;G12;G19;G24;G25;G32,"{""PRODUCT-GPS-C1"": [""G11""], ""PRODUCT-GPS-C2"": [""G06"", ""G12"", ""G19"", ""G24"", ""G25"", ""G32""]}",2,5,5,G06;G19;G24;G25;G32,5,4
r48u_20260914_MARS_UDUC_ils_feedback_fix1,MARS,UDUC,ils_feedback,2024-07-17T00:19:30,7,7,G06;G11;G12;G19;G24;G25;G32,"{""PRODUCT-GPS-C1"": [""G11""], ""PRODUCT-GPS-C2"": [""G06"", ""G12"", ""G19"", ""G24"", ""G25"", ""G32""]}",2,5,5,G06;G19;G24;G25;G32,5,4
r48u_20260914_MARS_UDUC_ils_feedback_fix1,MARS,UDUC,ils_feedback,2024-07-17T00:20:00,8,7,G06;G11;G12;G19;G24;G25;G32,"{""PRODUCT-GPS-C0"": [""G11""], ""PRODUCT-GPS-C1"": [""G06"", ""G12"", ""G19"", ""G24"", ""G25"", ""G32""]}",2,5,5,G06;G19;G24;G25;G32,5,4
r48u_20260914_MARS_UDUC_ils_feedback_fix1,MARS,UDUC,ils_feedback,2024-07-17T00:20:30,7,7,G06;G11;G12;G19;G24;G25;G32,"{""PRODUCT-GPS-C1"": [""G06"", ""G11"", ""G12"", ""G19"", ""G24"", ""G25"", ""G32""]}",1,6,6,G06;G11;G19;G24;G25;G32,6,5
r48u_20260914_MARS_UDUC_ils_feedback_fix1,MARS,UDUC,ils_feedback,2024-07-17T00:21:00,8,8,G06;G11;G12;G19;G24;G25;G29;G32,"{""PRODUCT-GPS-C0"": [""G11""], ""PRODUCT-GPS-C1"": [""G06"", ""G12"", ""G19"", ""G24"", ""G25"", ""G32""], ""PRODUCT-GPS-C3"": [""G29""]}",3,5,5,G06;G19;G24;G25;G32,5,4
r48u_20260914_MARS_UDUC_ils_feedback_fix1,MARS,UDUC,ils_feedback,2024-07-17T00:21:30,8,8,G06;G11;G12;G19;G24;G25;G29;G32,"{""PRODUCT-GPS-C1"": [""G06"", ""G11"", ""G12"", ""G19"", ""G24"", ""G25"", ""G32""], ""PRODUCT-GPS-C2"": [""G29""]}",2,6,6,G06;G11;G19;G24;G25;G32,6,5
r48u_20260914_MARS_UDUC_ils_feedback_fix1,MARS,UDUC,ils_feedback,2024-07-17T00:22:00,7,7,G06;G11;G12;G19;G24;G25;G32,"{""PRODUCT-GPS-C1"": [""G06"", ""G11"", ""G12"", ""G19"", ""G24"", ""G25"", ""G32""]}",1,6,6,G06;G11;G19;G24;G25;G32,6,5
r48u_20260914_MARS_UDUC_ils_feedback_fix1,MARS,UDUC,ils_feedback,2024-07-17T00:22:30,7,7,G06;G11;G12;G19;G24;G25;G32,"{""PRODUCT-GPS-C1"": [""G06"", ""G11"", ""G12"", ""G19"", ""G24"", ""G25"", ""G32""]}",1,6,6,G06;G11;G19;G24;G25;G32,6,5
r48u_20260914_MARS_UDUC_ils_feedback_fix1,MARS,UDUC,ils_feedback,2024-07-17T00:23:00,8,8,G06;G11;G12;G19;G24;G25;G29;G32,"{""PRODUCT-GPS-C1"": [""G06"", ""G11"", ""G12"", ""G19"", ""G24"", ""G25"", ""G32""], ""PRODUCT-GPS-C2"": [""G29""]}",2,6,6,G06;G11;G19;G24;G25;G32,6,5
r48u_20260914_MARS_UDUC_ils_feedback_fix1,MARS,UDUC,ils_feedback,2024-07-17T00:23:30,7,7,G06;G11;G12;G19;G24;G25;G32,"{""PRODUCT-GPS-C1"": [""G11""], ""PRODUCT-GPS-C2"": [""G06"", ""G12"", ""G19"", ""G24"", ""G25"", ""G32""]}",2,5,5,G06;G19;G24;G25;G32,5,4
r48u_20260914_MARS_UDUC_ils_feedback_fix1,MARS,UDUC,ils_feedback,2024-07-17T00:24:00,8,8,G06;G11;G12;G19;G24;G25;G29;G32,"{""PRODUCT-GPS-C1"": [""G11""], ""PRODUCT-GPS-C2"": [""G06"", ""G12"", ""G19"", ""G24"", ""G25"", ""G32""], ""PRODUCT-GPS-C3"": [""G29""]}",3,5,5,G06;G19;G24;G25;G32,5,4
r48u_20260914_MARS_UDUC_ils_feedback_fix1,MARS,UDUC,ils_feedback,2024-07-17T00:24:30,7,7,G06;G11;G12;G19;G24;G25;G32,"{""PRODUCT-GPS-C1"": [""G11""], ""PRODUCT-GPS-C2"": [""G06"", ""G12"", ""G19"", ""G24"", ""G25"", ""G32""]}",2,5,5,G06;G19;G24;G25;G32,5,4
r48u_20260914_MARS_UDUC_ils_feedback_fix1,MARS,UDUC,ils_feedback,2024-07-17T00:25:00,7,7,G06;G11;G12;G19;G24;G25;G32,"{""PRODUCT-GPS-C1"": [""G11""], ""PRODUCT-GPS-C2"": [""G06"", ""G12"", ""G19"", ""G24"", ""G25"", ""G32""]}",2,5,5,G06;G19;G24;G25;G32,5,4
r48u_20260914_MARS_UDUC_ils_feedback_fix1,MARS,UDUC,ils_feedback,2024-07-17T00:25:30,8,1,G11,"{""PRODUCT-GPS-C0"": [""G11""]}",1,0,0,,0,0
r48u_20260914_MARS_UDUC_ils_feedback_fix1,MARS,UDUC,ils_feedback,2024-07-17T00:26:00,7,6,G06;G12;G19;G24;G25;G32,"{""PRODUCT-GPS-C0"": [""G06"", ""G12"", ""G19"", ""G24"", ""G25"", ""G32""]}",1,5,5,G06;G19;G24;G25;G32,5,4
r48u_20260914_MARS_UDUC_ils_feedback_fix1,MARS,UDUC,ils_feedback,2024-07-17T00:26:30,8,7,G06;G11;G12;G19;G24;G25;G32,"{""PRODUCT-GPS-C0"": [""G11""], ""PRODUCT-GPS-C1"": [""G06"", ""G12"", ""G19"", ""G24"", ""G25"", ""G32""]}",2,5,5,G06;G19;G24;G25;G32,5,4
r48u_20260914_MARS_UDUC_ils_feedback_fix1,MARS,UDUC,ils_feedback,2024-07-17T00:27:00,7,7,G06;G11;G12;G19;G24;G25;G32,"{""PRODUCT-GPS-C0"": [""G06"", ""G11"", ""G12"", ""G19"", ""G24"", ""G25"", ""G32""]}",1,6,6,G06;G11;G19;G24;G25;G32,6,5
r48u_20260914_MARS_UDUC_ils_feedback_fix1,MARS,UDUC,ils_feedback,2024-07-17T00:27:30,8,8,G06;G11;G12;G19;G24;G25;G29;G32,"{""PRODUCT-GPS-C0"": [""G06"", ""G11"", ""G12"", ""G19"", ""G24"", ""G25"", ""G32""], ""PRODUCT-GPS-C2"": [""G29""]}",2,6,6,G06;G11;G19;G24;G25;G32,6,5
r48u_20260914_MARS_UDUC_ils_feedback_fix1,MARS,UDUC,ils_feedback,2024-07-17T00:28:00,8,8,G06;G11;G12;G19;G24;G25;G29;G32,"{""PRODUCT-GPS-C0"": [""G06"", ""G11"", ""G12"", ""G19"", ""G24"", ""G25"", ""G32""], ""PRODUCT-GPS-C2"": [""G29""]}",2,6,6,G06;G11;G19;G24;G25;G32,6,5
r48u_20260914_MARS_UDUC_ils_feedback_fix1,MARS,UDUC,ils_feedback,2024-07-17T00:28:30,8,8,G06;G11;G12;G19;G24;G25;G29;G32,"{""PRODUCT-GPS-C0"": [""G06"", ""G11"", ""G12"", ""G19"", ""G24"", ""G25"", ""G32""], ""PRODUCT-GPS-C2"": [""G29""]}",2,6,6,G06;G11;G19;G24;G25;G32,6,5
r48u_20260914_MARS_UDUC_ils_feedback_fix1,MARS,UDUC,ils_feedback,2024-07-17T00:29:00,8,8,G06;G11;G12;G19;G24;G25;G29;G32,"{""PRODUCT-GPS-C0"": [""G06"", ""G11"", ""G12"", ""G19"", ""G24"", ""G25"", ""G32""], ""PRODUCT-GPS-C2"": [""G29""]}",2,6,6,G06;G11;G19;G24;G25;G32,6,5
r48u_20260914_MARS_UDUC_ils_feedback_fix1,MARS,UDUC,ils_feedback,2024-07-17T00:29:30,9,8,G06;G11;G12;G19;G24;G25;G28;G32,"{""PRODUCT-GPS-C0"": [""G06"", ""G11"", ""G12"", ""G19"", ""G24"", ""G25"", ""G28"", ""G32""]}",1,7,7,G06;G11;G19;G24;G25;G28;G32,7,6
r48u_20260914_MARS_UDUC_ils_feedback_fix1,MARS,UDUC,ils_feedback,2024-07-17T00:30:00,9,8,G06;G11;G12;G19;G24;G25;G28;G32,"{""PRODUCT-GPS-C0"": [""G06"", ""G11"", ""G12"", ""G19"", ""G24"", ""G25"", ""G28"", ""G32""]}",1,7,7,G06;G11;G19;G24;G25;G28;G32,7,6
r48u_20260914_JPLM_UDUC_float_fix1,JPLM,UDUC,float,2024-07-17T00:03:00,7,0,,{},0,0,0,,0,0
r48u_20260914_JPLM_UDUC_float_fix1,JPLM,UDUC,float,2024-07-17T00:03:30,7,0,,{},0,0,0,,0,0
r48u_20260914_JPLM_UDUC_float_fix1,JPLM,UDUC,float,2024-07-17T00:04:00,7,0,,{},0,0,0,,0,0
r48u_20260914_JPLM_UDUC_float_fix1,JPLM,UDUC,float,2024-07-17T00:04:30,7,0,,{},0,0,0,,0,0
r48u_20260914_JPLM_UDUC_float_fix1,JPLM,UDUC,float,2024-07-17T00:05:00,7,0,,{},0,0,0,,0,0
r48u_20260914_JPLM_UDUC_float_fix1,JPLM,UDUC,float,2024-07-17T00:05:30,7,0,,{},0,0,0,,0,0
r48u_20260914_JPLM_UDUC_float_fix1,JPLM,UDUC,float,2024-07-17T00:06:00,7,0,,{},0,0,0,,0,0
r48u_20260914_JPLM_UDUC_float_fix1,JPLM,UDUC,float,2024-07-17T00:06:30,7,0,,{},0,0,0,,0,0
r48u_20260914_JPLM_UDUC_float_fix1,JPLM,UDUC,float,2024-07-17T00:07:00,7,0,,{},0,0,0,,0,0
r48u_20260914_JPLM_UDUC_float_fix1,JPLM,UDUC,float,2024-07-17T00:07:30,7,0,,{},0,0,0,,0,0
r48u_20260914_JPLM_UDUC_float_fix1,JPLM,UDUC,float,2024-07-17T00:08:00,7,0,,{},0,0,0,,0,0
r48u_20260914_JPLM_UDUC_float_fix1,JPLM,UDUC,float,2024-07-17T00:08:30,7,0,,{},0,0,0,,0,0
r48u_20260914_JPLM_UDUC_float_fix1,JPLM,UDUC,float,2024-07-17T00:09:00,7,0,,{},0,0,0,,0,0
r48u_20260914_JPLM_UDUC_float_fix1,JPLM,UDUC,float,2024-07-17T00:09:30,7,0,,{},0,0,0,,0,0
r48u_20260914_JPLM_UDUC_float_fix1,JPLM,UDUC,float,2024-07-17T00:10:00,7,2,G02;G21,"{""PRODUCT-GPS-C1"": [""G02"", ""G21""]}",1,1,0,,0,0
r48u_20260914_JPLM_UDUC_float_fix1,JPLM,UDUC,float,2024-07-17T00:10:30,7,2,G03;G32,"{""PRODUCT-GPS-C0"": [""G03""], ""PRODUCT-GPS-C1"": [""G32""]}",2,0,0,,0,0
r48u_20260914_JPLM_UDUC_float_fix1,JPLM,UDUC,float,2024-07-17T00:11:00,7,2,G02;G21,"{""PRODUCT-GPS-C1"": [""G02"", ""G21""]}",1,1,0,,0,0
r48u_20260914_JPLM_UDUC_float_fix1,JPLM,UDUC,float,2024-07-17T00:11:30,7,5,G02;G10;G21;G28;G31,"{""PRODUCT-GPS-C3"": [""G02"", ""G21""], ""PRODUCT-GPS-C4"": [""G10"", ""G28"", ""G31""]}",2,3,2,G10;G31,0,0
r48u_20260914_JPLM_UDUC_float_fix1,JPLM,UDUC,float,2024-07-17T00:12:00,7,5,G02;G10;G21;G28;G31,"{""PRODUCT-GPS-C3"": [""G02"", ""G21""], ""PRODUCT-GPS-C4"": [""G10"", ""G28"", ""G31""]}",2,3,2,G10;G31,0,0
r48u_20260914_JPLM_UDUC_float_fix1,JPLM,UDUC,float,2024-07-17T00:12:30,7,5,G02;G10;G21;G28;G31,"{""PRODUCT-GPS-C3"": [""G02"", ""G21""], ""PRODUCT-GPS-C4"": [""G10"", ""G28"", ""G31""]}",2,3,2,G10;G31,0,0
r48u_20260914_JPLM_UDUC_float_fix1,JPLM,UDUC,float,2024-07-17T00:13:00,7,5,G02;G10;G21;G28;G31,"{""PRODUCT-GPS-C3"": [""G02"", ""G21""], ""PRODUCT-GPS-C4"": [""G10"", ""G28"", ""G31""]}",2,3,2,G10;G31,0,0
r48u_20260914_JPLM_UDUC_float_fix1,JPLM,UDUC,float,2024-07-17T00:13:30,7,5,G02;G10;G21;G28;G31,"{""PRODUCT-GPS-C3"": [""G02"", ""G21""], ""PRODUCT-GPS-C4"": [""G10"", ""G28"", ""G31""]}",2,3,2,G10;G31,0,0
r48u_20260914_JPLM_UDUC_float_fix1,JPLM,UDUC,float,2024-07-17T00:14:00,7,5,G02;G10;G21;G28;G31,"{""PRODUCT-GPS-C3"": [""G02"", ""G21""], ""PRODUCT-GPS-C4"": [""G10"", ""G28"", ""G31""]}",2,3,2,G10;G31,0,0
r48u_20260914_JPLM_UDUC_float_fix1,JPLM,UDUC,float,2024-07-17T00:14:30,7,5,G02;G10;G21;G28;G31,"{""PRODUCT-GPS-C3"": [""G02"", ""G21""], ""PRODUCT-GPS-C4"": [""G10"", ""G28"", ""G31""]}",2,3,2,G10;G31,0,0
r48u_20260914_JPLM_UDUC_float_fix1,JPLM,UDUC,float,2024-07-17T00:15:00,7,5,G02;G10;G21;G28;G31,"{""PRODUCT-GPS-C3"": [""G02"", ""G21""], ""PRODUCT-GPS-C4"": [""G10"", ""G28"", ""G31""]}",2,3,2,G10;G31,0,0
r48u_20260914_JPLM_UDUC_float_fix1,JPLM,UDUC,float,2024-07-17T00:15:30,7,5,G02;G10;G21;G28;G31,"{""PRODUCT-GPS-C3"": [""G02"", ""G21""], ""PRODUCT-GPS-C4"": [""G10"", ""G28"", ""G31""]}",2,3,2,G10;G31,0,0
r48u_20260914_JPLM_UDUC_float_fix1,JPLM,UDUC,float,2024-07-17T00:16:00,7,5,G02;G10;G21;G28;G31,"{""PRODUCT-GPS-C3"": [""G02"", ""G21""], ""PRODUCT-GPS-C4"": [""G10"", ""G28"", ""G31""]}",2,3,2,G10;G31,0,0
r48u_20260914_JPLM_UDUC_float_fix1,JPLM,UDUC,float,2024-07-17T00:16:30,7,5,G02;G10;G21;G28;G31,"{""PRODUCT-GPS-C3"": [""G02"", ""G21""], ""PRODUCT-GPS-C4"": [""G10"", ""G28"", ""G31""]}",2,3,2,G10;G31,0,0
r48u_20260914_JPLM_UDUC_float_fix1,JPLM,UDUC,float,2024-07-17T00:17:00,7,7,G02;G03;G10;G21;G28;G31;G32,"{""PRODUCT-GPS-C0"": [""G02"", ""G03"", ""G21""], ""PRODUCT-GPS-C2"": [""G10"", ""G28"", ""G31"", ""G32""]}",2,5,3,G10;G31;G32,0,0
r48u_20260914_JPLM_UDUC_float_fix1,JPLM,UDUC,float,2024-07-17T00:17:30,7,7,G02;G03;G10;G21;G28;G31;G32,"{""PRODUCT-GPS-C0"": [""G02"", ""G03"", ""G21""], ""PRODUCT-GPS-C2"": [""G10"", ""G28"", ""G31"", ""G32""]}",2,5,3,G10;G31;G32,0,0
r48u_20260914_JPLM_UDUC_float_fix1,JPLM,UDUC,float,2024-07-17T00:18:00,7,7,G02;G03;G10;G21;G28;G31;G32,"{""PRODUCT-GPS-C0"": [""G02"", ""G03"", ""G21""], ""PRODUCT-GPS-C2"": [""G10"", ""G28"", ""G31"", ""G32""]}",2,5,3,G10;G31;G32,0,0
r48u_20260914_JPLM_UDUC_float_fix1,JPLM,UDUC,float,2024-07-17T00:18:30,7,7,G02;G03;G10;G21;G28;G31;G32,"{""PRODUCT-GPS-C0"": [""G02"", ""G03"", ""G21""], ""PRODUCT-GPS-C2"": [""G10"", ""G28"", ""G31"", ""G32""]}",2,5,3,G10;G31;G32,0,0
r48u_20260914_JPLM_UDUC_float_fix1,JPLM,UDUC,float,2024-07-17T00:19:00,8,8,G02;G03;G10;G21;G26;G28;G31;G32,"{""PRODUCT-GPS-C0"": [""G02"", ""G03"", ""G21""], ""PRODUCT-GPS-C2"": [""G10"", ""G26"", ""G28"", ""G31"", ""G32""]}",2,6,4,G10;G26;G31;G32,0,0
r48u_20260914_JPLM_UDUC_float_fix1,JPLM,UDUC,float,2024-07-17T00:19:30,8,8,G02;G03;G10;G21;G26;G28;G31;G32,"{""PRODUCT-GPS-C0"": [""G02"", ""G03"", ""G21""], ""PRODUCT-GPS-C2"": [""G10"", ""G26"", ""G28"", ""G31"", ""G32""]}",2,6,4,G10;G26;G31;G32,0,0
r48u_20260914_JPLM_UDUC_float_fix1,JPLM,UDUC,float,2024-07-17T00:20:00,8,7,G02;G10;G21;G26;G28;G31;G32,"{""PRODUCT-GPS-C1"": [""G10"", ""G26"", ""G28"", ""G31"", ""G32""], ""PRODUCT-GPS-C4"": [""G02"", ""G21""]}",2,5,4,G10;G26;G31;G32,0,0
r48u_20260914_JPLM_UDUC_float_fix1,JPLM,UDUC,float,2024-07-17T00:20:30,8,8,G02;G03;G10;G21;G26;G28;G31;G32,"{""PRODUCT-GPS-C0"": [""G02"", ""G03"", ""G21""], ""PRODUCT-GPS-C1"": [""G10"", ""G26"", ""G28"", ""G31"", ""G32""]}",2,6,4,G10;G26;G31;G32,0,0
r48u_20260914_JPLM_UDUC_float_fix1,JPLM,UDUC,float,2024-07-17T00:21:00,8,7,G02;G10;G21;G26;G28;G31;G32,"{""PRODUCT-GPS-C1"": [""G10"", ""G26"", ""G28"", ""G31"", ""G32""], ""PRODUCT-GPS-C4"": [""G02"", ""G21""]}",2,5,4,G10;G26;G31;G32,0,0
r48u_20260914_JPLM_UDUC_float_fix1,JPLM,UDUC,float,2024-07-17T00:21:30,8,8,G02;G03;G10;G21;G26;G28;G31;G32,"{""PRODUCT-GPS-C0"": [""G02"", ""G03"", ""G21""], ""PRODUCT-GPS-C1"": [""G10"", ""G26"", ""G28"", ""G31"", ""G32""]}",2,6,4,G10;G26;G31;G32,0,0
r48u_20260914_JPLM_UDUC_float_fix1,JPLM,UDUC,float,2024-07-17T00:22:00,8,8,G02;G03;G10;G21;G26;G28;G31;G32,"{""PRODUCT-GPS-C0"": [""G02"", ""G03"", ""G21""], ""PRODUCT-GPS-C1"": [""G10"", ""G26"", ""G28"", ""G31"", ""G32""]}",2,6,4,G10;G26;G31;G32,0,0
r48u_20260914_JPLM_UDUC_float_fix1,JPLM,UDUC,float,2024-07-17T00:22:30,8,8,G02;G03;G10;G21;G26;G28;G31;G32,"{""PRODUCT-GPS-C0"": [""G02"", ""G03"", ""G21""], ""PRODUCT-GPS-C1"": [""G10"", ""G26"", ""G28"", ""G31"", ""G32""]}",2,6,4,G10;G26;G31;G32,0,0
r48u_20260914_JPLM_UDUC_float_fix1,JPLM,UDUC,float,2024-07-17T00:23:00,8,8,G02;G03;G10;G21;G26;G28;G31;G32,"{""PRODUCT-GPS-C0"": [""G02"", ""G03"", ""G21""], ""PRODUCT-GPS-C1"": [""G10"", ""G26"", ""G28"", ""G31"", ""G32""]}",2,6,4,G10;G26;G31;G32,0,0
r48u_20260914_JPLM_UDUC_float_fix1,JPLM,UDUC,float,2024-07-17T00:23:30,7,7,G02;G03;G10;G21;G28;G31;G32,"{""PRODUCT-GPS-C0"": [""G02"", ""G03"", ""G21""], ""PRODUCT-GPS-C2"": [""G10"", ""G28"", ""G31"", ""G32""]}",2,5,3,G10;G31;G32,0,0
r48u_20260914_JPLM_UDUC_float_fix1,JPLM,UDUC,float,2024-07-17T00:24:00,8,8,G02;G03;G10;G21;G26;G28;G31;G32,"{""PRODUCT-GPS-C0"": [""G02"", ""G03"", ""G21""], ""PRODUCT-GPS-C2"": [""G10"", ""G26"", ""G28"", ""G31"", ""G32""]}",2,6,4,G10;G26;G31;G32,0,0
r48u_20260914_JPLM_UDUC_float_fix1,JPLM,UDUC,float,2024-07-17T00:24:30,8,8,G02;G03;G10;G21;G26;G28;G31;G32,"{""PRODUCT-GPS-C0"": [""G02"", ""G03"", ""G21""], ""PRODUCT-GPS-C2"": [""G10"", ""G26"", ""G28"", ""G31"", ""G32""]}",2,6,4,G10;G26;G31;G32,0,0
r48u_20260914_JPLM_UDUC_float_fix1,JPLM,UDUC,float,2024-07-17T00:25:00,8,8,G02;G03;G10;G21;G26;G28;G31;G32,"{""PRODUCT-GPS-C0"": [""G02"", ""G03"", ""G21""], ""PRODUCT-GPS-C2"": [""G10"", ""G26"", ""G28"", ""G31"", ""G32""]}",2,6,4,G10;G26;G31;G32,0,0
r48u_20260914_JPLM_UDUC_float_fix1,JPLM,UDUC,float,2024-07-17T00:25:30,8,6,G02;G10;G21;G26;G28;G31,"{""PRODUCT-GPS-C0"": [""G10"", ""G26"", ""G28"", ""G31""], ""PRODUCT-GPS-C1"": [""G02"", ""G21""]}",2,4,3,G10;G26;G31,0,0
r48u_20260914_JPLM_UDUC_float_fix1,JPLM,UDUC,float,2024-07-17T00:26:00,8,7,G02;G10;G21;G26;G28;G31;G32,"{""PRODUCT-GPS-C0"": [""G10"", ""G26"", ""G28"", ""G31"", ""G32""], ""PRODUCT-GPS-C1"": [""G02"", ""G21""]}",2,5,4,G10;G26;G31;G32,0,0
r48u_20260914_JPLM_UDUC_float_fix1,JPLM,UDUC,float,2024-07-17T00:26:30,8,7,G02;G10;G21;G26;G28;G31;G32,"{""PRODUCT-GPS-C1"": [""G10"", ""G26"", ""G28"", ""G31"", ""G32""], ""PRODUCT-GPS-C4"": [""G02"", ""G21""]}",2,5,4,G10;G26;G31;G32,0,0
r48u_20260914_JPLM_UDUC_float_fix1,JPLM,UDUC,float,2024-07-17T00:27:00,8,6,G02;G10;G21;G26;G28;G32,"{""PRODUCT-GPS-C0"": [""G10"", ""G26"", ""G28"", ""G32""], ""PRODUCT-GPS-C1"": [""G02"", ""G21""]}",2,4,3,G10;G26;G32,0,0
r48u_20260914_JPLM_UDUC_float_fix1,JPLM,UDUC,float,2024-07-17T00:27:30,8,6,G02;G10;G21;G26;G28;G32,"{""PRODUCT-GPS-C0"": [""G10"", ""G26"", ""G28"", ""G32""], ""PRODUCT-GPS-C1"": [""G02"", ""G21""]}",2,4,3,G10;G26;G32,0,0
r48u_20260914_JPLM_UDUC_float_fix1,JPLM,UDUC,float,2024-07-17T00:28:00,8,6,G02;G10;G21;G26;G28;G32,"{""PRODUCT-GPS-C0"": [""G10"", ""G26"", ""G28"", ""G32""], ""PRODUCT-GPS-C1"": [""G02"", ""G21""]}",2,4,3,G10;G26;G32,0,0
r48u_20260914_JPLM_UDUC_float_fix1,JPLM,UDUC,float,2024-07-17T00:28:30,8,7,G02;G10;G21;G26;G28;G31;G32,"{""PRODUCT-GPS-C0"": [""G10"", ""G26"", ""G28"", ""G31"", ""G32""], ""PRODUCT-GPS-C3"": [""G02"", ""G21""]}",2,5,4,G10;G26;G31;G32,0,0
r48u_20260914_JPLM_UDUC_float_fix1,JPLM,UDUC,float,2024-07-17T00:29:00,8,7,G02;G10;G21;G26;G28;G31;G32,"{""PRODUCT-GPS-C0"": [""G10"", ""G26"", ""G28"", ""G31"", ""G32""], ""PRODUCT-GPS-C3"": [""G02"", ""G21""]}",2,5,4,G10;G26;G31;G32,0,0
r48u_20260914_JPLM_UDUC_float_fix1,JPLM,UDUC,float,2024-07-17T00:29:30,8,7,G02;G10;G21;G26;G28;G31;G32,"{""PRODUCT-GPS-C0"": [""G10"", ""G26"", ""G28"", ""G31"", ""G32""], ""PRODUCT-GPS-C1"": [""G02"", ""G21""]}",2,5,4,G10;G26;G31;G32,0,0
r48u_20260914_JPLM_UDUC_float_fix1,JPLM,UDUC,float,2024-07-17T00:30:00,8,7,G02;G10;G21;G26;G28;G31;G32,"{""PRODUCT-GPS-C0"": [""G10"", ""G26"", ""G28"", ""G31"", ""G32""], ""PRODUCT-GPS-C1"": [""G02"", ""G21""]}",2,5,4,G10;G26;G31;G32,0,0
r48u_20260914_JPLM_UDUC_round_shadow_fix1,JPLM,UDUC,round_shadow,2024-07-17T00:03:00,7,0,,{},0,0,0,,0,0
r48u_20260914_JPLM_UDUC_round_shadow_fix1,JPLM,UDUC,round_shadow,2024-07-17T00:03:30,7,0,,{},0,0,0,,0,0
r48u_20260914_JPLM_UDUC_round_shadow_fix1,JPLM,UDUC,round_shadow,2024-07-17T00:04:00,7,0,,{},0,0,0,,0,0
r48u_20260914_JPLM_UDUC_round_shadow_fix1,JPLM,UDUC,round_shadow,2024-07-17T00:04:30,7,0,,{},0,0,0,,0,0
r48u_20260914_JPLM_UDUC_round_shadow_fix1,JPLM,UDUC,round_shadow,2024-07-17T00:05:00,7,0,,{},0,0,0,,0,0
r48u_20260914_JPLM_UDUC_round_shadow_fix1,JPLM,UDUC,round_shadow,2024-07-17T00:05:30,7,0,,{},0,0,0,,0,0
r48u_20260914_JPLM_UDUC_round_shadow_fix1,JPLM,UDUC,round_shadow,2024-07-17T00:06:00,7,0,,{},0,0,0,,0,0
r48u_20260914_JPLM_UDUC_round_shadow_fix1,JPLM,UDUC,round_shadow,2024-07-17T00:06:30,7,0,,{},0,0,0,,0,0
r48u_20260914_JPLM_UDUC_round_shadow_fix1,JPLM,UDUC,round_shadow,2024-07-17T00:07:00,7,0,,{},0,0,0,,0,0
r48u_20260914_JPLM_UDUC_round_shadow_fix1,JPLM,UDUC,round_shadow,2024-07-17T00:07:30,7,0,,{},0,0,0,,0,0
r48u_20260914_JPLM_UDUC_round_shadow_fix1,JPLM,UDUC,round_shadow,2024-07-17T00:08:00,7,0,,{},0,0,0,,0,0
r48u_20260914_JPLM_UDUC_round_shadow_fix1,JPLM,UDUC,round_shadow,2024-07-17T00:08:30,7,0,,{},0,0,0,,0,0
r48u_20260914_JPLM_UDUC_round_shadow_fix1,JPLM,UDUC,round_shadow,2024-07-17T00:09:00,7,0,,{},0,0,0,,0,0
r48u_20260914_JPLM_UDUC_round_shadow_fix1,JPLM,UDUC,round_shadow,2024-07-17T00:09:30,7,0,,{},0,0,0,,0,0
r48u_20260914_JPLM_UDUC_round_shadow_fix1,JPLM,UDUC,round_shadow,2024-07-17T00:10:00,7,2,G02;G21,"{""PRODUCT-GPS-C1"": [""G02"", ""G21""]}",1,1,0,,0,0
r48u_20260914_JPLM_UDUC_round_shadow_fix1,JPLM,UDUC,round_shadow,2024-07-17T00:10:30,7,2,G03;G32,"{""PRODUCT-GPS-C0"": [""G03""], ""PRODUCT-GPS-C1"": [""G32""]}",2,0,0,,0,0
r48u_20260914_JPLM_UDUC_round_shadow_fix1,JPLM,UDUC,round_shadow,2024-07-17T00:11:00,7,2,G02;G21,"{""PRODUCT-GPS-C1"": [""G02"", ""G21""]}",1,1,0,,0,0
r48u_20260914_JPLM_UDUC_round_shadow_fix1,JPLM,UDUC,round_shadow,2024-07-17T00:11:30,7,5,G02;G10;G21;G28;G31,"{""PRODUCT-GPS-C3"": [""G02"", ""G21""], ""PRODUCT-GPS-C4"": [""G10"", ""G28"", ""G31""]}",2,3,2,G10;G31,2,1
r48u_20260914_JPLM_UDUC_round_shadow_fix1,JPLM,UDUC,round_shadow,2024-07-17T00:12:00,7,5,G02;G10;G21;G28;G31,"{""PRODUCT-GPS-C3"": [""G02"", ""G21""], ""PRODUCT-GPS-C4"": [""G10"", ""G28"", ""G31""]}",2,3,2,G10;G31,2,1
r48u_20260914_JPLM_UDUC_round_shadow_fix1,JPLM,UDUC,round_shadow,2024-07-17T00:12:30,7,5,G02;G10;G21;G28;G31,"{""PRODUCT-GPS-C3"": [""G02"", ""G21""], ""PRODUCT-GPS-C4"": [""G10"", ""G28"", ""G31""]}",2,3,2,G10;G31,2,1
r48u_20260914_JPLM_UDUC_round_shadow_fix1,JPLM,UDUC,round_shadow,2024-07-17T00:13:00,7,5,G02;G10;G21;G28;G31,"{""PRODUCT-GPS-C3"": [""G02"", ""G21""], ""PRODUCT-GPS-C4"": [""G10"", ""G28"", ""G31""]}",2,3,2,G10;G31,2,1
r48u_20260914_JPLM_UDUC_round_shadow_fix1,JPLM,UDUC,round_shadow,2024-07-17T00:13:30,7,5,G02;G10;G21;G28;G31,"{""PRODUCT-GPS-C3"": [""G02"", ""G21""], ""PRODUCT-GPS-C4"": [""G10"", ""G28"", ""G31""]}",2,3,2,G10;G31,2,1
r48u_20260914_JPLM_UDUC_round_shadow_fix1,JPLM,UDUC,round_shadow,2024-07-17T00:14:00,7,5,G02;G10;G21;G28;G31,"{""PRODUCT-GPS-C3"": [""G02"", ""G21""], ""PRODUCT-GPS-C4"": [""G10"", ""G28"", ""G31""]}",2,3,2,G10;G31,2,1
r48u_20260914_JPLM_UDUC_round_shadow_fix1,JPLM,UDUC,round_shadow,2024-07-17T00:14:30,7,5,G02;G10;G21;G28;G31,"{""PRODUCT-GPS-C3"": [""G02"", ""G21""], ""PRODUCT-GPS-C4"": [""G10"", ""G28"", ""G31""]}",2,3,2,G10;G31,2,1
r48u_20260914_JPLM_UDUC_round_shadow_fix1,JPLM,UDUC,round_shadow,2024-07-17T00:15:00,7,5,G02;G10;G21;G28;G31,"{""PRODUCT-GPS-C3"": [""G02"", ""G21""], ""PRODUCT-GPS-C4"": [""G10"", ""G28"", ""G31""]}",2,3,2,G10;G31,2,1
r48u_20260914_JPLM_UDUC_round_shadow_fix1,JPLM,UDUC,round_shadow,2024-07-17T00:15:30,7,5,G02;G10;G21;G28;G31,"{""PRODUCT-GPS-C3"": [""G02"", ""G21""], ""PRODUCT-GPS-C4"": [""G10"", ""G28"", ""G31""]}",2,3,2,G10;G31,2,1
r48u_20260914_JPLM_UDUC_round_shadow_fix1,JPLM,UDUC,round_shadow,2024-07-17T00:16:00,7,5,G02;G10;G21;G28;G31,"{""PRODUCT-GPS-C3"": [""G02"", ""G21""], ""PRODUCT-GPS-C4"": [""G10"", ""G28"", ""G31""]}",2,3,2,G10;G31,2,1
r48u_20260914_JPLM_UDUC_round_shadow_fix1,JPLM,UDUC,round_shadow,2024-07-17T00:16:30,7,5,G02;G10;G21;G28;G31,"{""PRODUCT-GPS-C3"": [""G02"", ""G21""], ""PRODUCT-GPS-C4"": [""G10"", ""G28"", ""G31""]}",2,3,2,G10;G31,2,1
r48u_20260914_JPLM_UDUC_round_shadow_fix1,JPLM,UDUC,round_shadow,2024-07-17T00:17:00,7,7,G02;G03;G10;G21;G28;G31;G32,"{""PRODUCT-GPS-C0"": [""G02"", ""G03"", ""G21""], ""PRODUCT-GPS-C2"": [""G10"", ""G28"", ""G31"", ""G32""]}",2,5,3,G10;G31;G32,3,2
r48u_20260914_JPLM_UDUC_round_shadow_fix1,JPLM,UDUC,round_shadow,2024-07-17T00:17:30,7,7,G02;G03;G10;G21;G28;G31;G32,"{""PRODUCT-GPS-C0"": [""G02"", ""G03"", ""G21""], ""PRODUCT-GPS-C2"": [""G10"", ""G28"", ""G31"", ""G32""]}",2,5,3,G10;G31;G32,3,2
r48u_20260914_JPLM_UDUC_round_shadow_fix1,JPLM,UDUC,round_shadow,2024-07-17T00:18:00,7,7,G02;G03;G10;G21;G28;G31;G32,"{""PRODUCT-GPS-C0"": [""G02"", ""G03"", ""G21""], ""PRODUCT-GPS-C2"": [""G10"", ""G28"", ""G31"", ""G32""]}",2,5,3,G10;G31;G32,3,2
r48u_20260914_JPLM_UDUC_round_shadow_fix1,JPLM,UDUC,round_shadow,2024-07-17T00:18:30,7,7,G02;G03;G10;G21;G28;G31;G32,"{""PRODUCT-GPS-C0"": [""G02"", ""G03"", ""G21""], ""PRODUCT-GPS-C2"": [""G10"", ""G28"", ""G31"", ""G32""]}",2,5,3,G10;G31;G32,3,2
r48u_20260914_JPLM_UDUC_round_shadow_fix1,JPLM,UDUC,round_shadow,2024-07-17T00:19:00,8,8,G02;G03;G10;G21;G26;G28;G31;G32,"{""PRODUCT-GPS-C0"": [""G02"", ""G03"", ""G21""], ""PRODUCT-GPS-C2"": [""G10"", ""G26"", ""G28"", ""G31"", ""G32""]}",2,6,4,G10;G26;G31;G32,4,3
r48u_20260914_JPLM_UDUC_round_shadow_fix1,JPLM,UDUC,round_shadow,2024-07-17T00:19:30,8,8,G02;G03;G10;G21;G26;G28;G31;G32,"{""PRODUCT-GPS-C0"": [""G02"", ""G03"", ""G21""], ""PRODUCT-GPS-C2"": [""G10"", ""G26"", ""G28"", ""G31"", ""G32""]}",2,6,4,G10;G26;G31;G32,4,3
r48u_20260914_JPLM_UDUC_round_shadow_fix1,JPLM,UDUC,round_shadow,2024-07-17T00:20:00,8,7,G02;G10;G21;G26;G28;G31;G32,"{""PRODUCT-GPS-C1"": [""G10"", ""G26"", ""G28"", ""G31"", ""G32""], ""PRODUCT-GPS-C4"": [""G02"", ""G21""]}",2,5,4,G10;G26;G31;G32,4,3
r48u_20260914_JPLM_UDUC_round_shadow_fix1,JPLM,UDUC,round_shadow,2024-07-17T00:20:30,8,8,G02;G03;G10;G21;G26;G28;G31;G32,"{""PRODUCT-GPS-C0"": [""G02"", ""G03"", ""G21""], ""PRODUCT-GPS-C1"": [""G10"", ""G26"", ""G28"", ""G31"", ""G32""]}",2,6,4,G10;G26;G31;G32,4,3
r48u_20260914_JPLM_UDUC_round_shadow_fix1,JPLM,UDUC,round_shadow,2024-07-17T00:21:00,8,7,G02;G10;G21;G26;G28;G31;G32,"{""PRODUCT-GPS-C1"": [""G10"", ""G26"", ""G28"", ""G31"", ""G32""], ""PRODUCT-GPS-C4"": [""G02"", ""G21""]}",2,5,4,G10;G26;G31;G32,4,3
r48u_20260914_JPLM_UDUC_round_shadow_fix1,JPLM,UDUC,round_shadow,2024-07-17T00:21:30,8,8,G02;G03;G10;G21;G26;G28;G31;G32,"{""PRODUCT-GPS-C0"": [""G02"", ""G03"", ""G21""], ""PRODUCT-GPS-C1"": [""G10"", ""G26"", ""G28"", ""G31"", ""G32""]}",2,6,4,G10;G26;G31;G32,4,3
r48u_20260914_JPLM_UDUC_round_shadow_fix1,JPLM,UDUC,round_shadow,2024-07-17T00:22:00,8,8,G02;G03;G10;G21;G26;G28;G31;G32,"{""PRODUCT-GPS-C0"": [""G02"", ""G03"", ""G21""], ""PRODUCT-GPS-C1"": [""G10"", ""G26"", ""G28"", ""G31"", ""G32""]}",2,6,4,G10;G26;G31;G32,4,3
r48u_20260914_JPLM_UDUC_round_shadow_fix1,JPLM,UDUC,round_shadow,2024-07-17T00:22:30,8,8,G02;G03;G10;G21;G26;G28;G31;G32,"{""PRODUCT-GPS-C0"": [""G02"", ""G03"", ""G21""], ""PRODUCT-GPS-C1"": [""G10"", ""G26"", ""G28"", ""G31"", ""G32""]}",2,6,4,G10;G26;G31;G32,4,3
r48u_20260914_JPLM_UDUC_round_shadow_fix1,JPLM,UDUC,round_shadow,2024-07-17T00:23:00,8,8,G02;G03;G10;G21;G26;G28;G31;G32,"{""PRODUCT-GPS-C0"": [""G02"", ""G03"", ""G21""], ""PRODUCT-GPS-C1"": [""G10"", ""G26"", ""G28"", ""G31"", ""G32""]}",2,6,4,G10;G26;G31;G32,4,3
r48u_20260914_JPLM_UDUC_round_shadow_fix1,JPLM,UDUC,round_shadow,2024-07-17T00:23:30,7,7,G02;G03;G10;G21;G28;G31;G32,"{""PRODUCT-GPS-C0"": [""G02"", ""G03"", ""G21""], ""PRODUCT-GPS-C2"": [""G10"", ""G28"", ""G31"", ""G32""]}",2,5,3,G10;G31;G32,3,2
r48u_20260914_JPLM_UDUC_round_shadow_fix1,JPLM,UDUC,round_shadow,2024-07-17T00:24:00,8,8,G02;G03;G10;G21;G26;G28;G31;G32,"{""PRODUCT-GPS-C0"": [""G02"", ""G03"", ""G21""], ""PRODUCT-GPS-C2"": [""G10"", ""G26"", ""G28"", ""G31"", ""G32""]}",2,6,4,G10;G26;G31;G32,4,3
r48u_20260914_JPLM_UDUC_round_shadow_fix1,JPLM,UDUC,round_shadow,2024-07-17T00:24:30,8,8,G02;G03;G10;G21;G26;G28;G31;G32,"{""PRODUCT-GPS-C0"": [""G02"", ""G03"", ""G21""], ""PRODUCT-GPS-C2"": [""G10"", ""G26"", ""G28"", ""G31"", ""G32""]}",2,6,4,G10;G26;G31;G32,4,3
r48u_20260914_JPLM_UDUC_round_shadow_fix1,JPLM,UDUC,round_shadow,2024-07-17T00:25:00,8,8,G02;G03;G10;G21;G26;G28;G31;G32,"{""PRODUCT-GPS-C0"": [""G02"", ""G03"", ""G21""], ""PRODUCT-GPS-C2"": [""G10"", ""G26"", ""G28"", ""G31"", ""G32""]}",2,6,4,G10;G26;G31;G32,4,3
r48u_20260914_JPLM_UDUC_round_shadow_fix1,JPLM,UDUC,round_shadow,2024-07-17T00:25:30,8,6,G02;G10;G21;G26;G28;G31,"{""PRODUCT-GPS-C0"": [""G10"", ""G26"", ""G28"", ""G31""], ""PRODUCT-GPS-C1"": [""G02"", ""G21""]}",2,4,3,G10;G26;G31,3,2
r48u_20260914_JPLM_UDUC_round_shadow_fix1,JPLM,UDUC,round_shadow,2024-07-17T00:26:00,8,7,G02;G10;G21;G26;G28;G31;G32,"{""PRODUCT-GPS-C0"": [""G10"", ""G26"", ""G28"", ""G31"", ""G32""], ""PRODUCT-GPS-C1"": [""G02"", ""G21""]}",2,5,4,G10;G26;G31;G32,4,3
r48u_20260914_JPLM_UDUC_round_shadow_fix1,JPLM,UDUC,round_shadow,2024-07-17T00:26:30,8,7,G02;G10;G21;G26;G28;G31;G32,"{""PRODUCT-GPS-C1"": [""G10"", ""G26"", ""G28"", ""G31"", ""G32""], ""PRODUCT-GPS-C4"": [""G02"", ""G21""]}",2,5,4,G10;G26;G31;G32,4,3
r48u_20260914_JPLM_UDUC_round_shadow_fix1,JPLM,UDUC,round_shadow,2024-07-17T00:27:00,8,6,G02;G10;G21;G26;G28;G32,"{""PRODUCT-GPS-C0"": [""G10"", ""G26"", ""G28"", ""G32""], ""PRODUCT-GPS-C1"": [""G02"", ""G21""]}",2,4,3,G10;G26;G32,3,2
r48u_20260914_JPLM_UDUC_round_shadow_fix1,JPLM,UDUC,round_shadow,2024-07-17T00:27:30,8,6,G02;G10;G21;G26;G28;G32,"{""PRODUCT-GPS-C0"": [""G10"", ""G26"", ""G28"", ""G32""], ""PRODUCT-GPS-C1"": [""G02"", ""G21""]}",2,4,3,G10;G26;G32,3,2
r48u_20260914_JPLM_UDUC_round_shadow_fix1,JPLM,UDUC,round_shadow,2024-07-17T00:28:00,8,6,G02;G10;G21;G26;G28;G32,"{""PRODUCT-GPS-C0"": [""G10"", ""G26"", ""G28"", ""G32""], ""PRODUCT-GPS-C1"": [""G02"", ""G21""]}",2,4,3,G10;G26;G32,3,2
r48u_20260914_JPLM_UDUC_round_shadow_fix1,JPLM,UDUC,round_shadow,2024-07-17T00:28:30,8,7,G02;G10;G21;G26;G28;G31;G32,"{""PRODUCT-GPS-C0"": [""G10"", ""G26"", ""G28"", ""G31"", ""G32""], ""PRODUCT-GPS-C3"": [""G02"", ""G21""]}",2,5,4,G10;G26;G31;G32,4,3
r48u_20260914_JPLM_UDUC_round_shadow_fix1,JPLM,UDUC,round_shadow,2024-07-17T00:29:00,8,7,G02;G10;G21;G26;G28;G31;G32,"{""PRODUCT-GPS-C0"": [""G10"", ""G26"", ""G28"", ""G31"", ""G32""], ""PRODUCT-GPS-C3"": [""G02"", ""G21""]}",2,5,4,G10;G26;G31;G32,4,3
r48u_20260914_JPLM_UDUC_round_shadow_fix1,JPLM,UDUC,round_shadow,2024-07-17T00:29:30,8,7,G02;G10;G21;G26;G28;G31;G32,"{""PRODUCT-GPS-C0"": [""G10"", ""G26"", ""G28"", ""G31"", ""G32""], ""PRODUCT-GPS-C1"": [""G02"", ""G21""]}",2,5,4,G10;G26;G31;G32,4,3
r48u_20260914_JPLM_UDUC_round_shadow_fix1,JPLM,UDUC,round_shadow,2024-07-17T00:30:00,8,7,G02;G10;G21;G26;G28;G31;G32,"{""PRODUCT-GPS-C0"": [""G10"", ""G26"", ""G28"", ""G31"", ""G32""], ""PRODUCT-GPS-C1"": [""G02"", ""G21""]}",2,5,4,G10;G26;G31;G32,4,3
r48u_20260914_JPLM_UDUC_round_feedback_fix1,JPLM,UDUC,round_feedback,2024-07-17T00:03:00,7,0,,{},0,0,0,,0,0
r48u_20260914_JPLM_UDUC_round_feedback_fix1,JPLM,UDUC,round_feedback,2024-07-17T00:03:30,7,0,,{},0,0,0,,0,0
r48u_20260914_JPLM_UDUC_round_feedback_fix1,JPLM,UDUC,round_feedback,2024-07-17T00:04:00,7,0,,{},0,0,0,,0,0
r48u_20260914_JPLM_UDUC_round_feedback_fix1,JPLM,UDUC,round_feedback,2024-07-17T00:04:30,7,0,,{},0,0,0,,0,0
r48u_20260914_JPLM_UDUC_round_feedback_fix1,JPLM,UDUC,round_feedback,2024-07-17T00:05:00,7,0,,{},0,0,0,,0,0
r48u_20260914_JPLM_UDUC_round_feedback_fix1,JPLM,UDUC,round_feedback,2024-07-17T00:05:30,7,0,,{},0,0,0,,0,0
r48u_20260914_JPLM_UDUC_round_feedback_fix1,JPLM,UDUC,round_feedback,2024-07-17T00:06:00,7,0,,{},0,0,0,,0,0
r48u_20260914_JPLM_UDUC_round_feedback_fix1,JPLM,UDUC,round_feedback,2024-07-17T00:06:30,7,0,,{},0,0,0,,0,0
r48u_20260914_JPLM_UDUC_round_feedback_fix1,JPLM,UDUC,round_feedback,2024-07-17T00:07:00,7,0,,{},0,0,0,,0,0
r48u_20260914_JPLM_UDUC_round_feedback_fix1,JPLM,UDUC,round_feedback,2024-07-17T00:07:30,7,0,,{},0,0,0,,0,0
r48u_20260914_JPLM_UDUC_round_feedback_fix1,JPLM,UDUC,round_feedback,2024-07-17T00:08:00,7,0,,{},0,0,0,,0,0
r48u_20260914_JPLM_UDUC_round_feedback_fix1,JPLM,UDUC,round_feedback,2024-07-17T00:08:30,7,0,,{},0,0,0,,0,0
r48u_20260914_JPLM_UDUC_round_feedback_fix1,JPLM,UDUC,round_feedback,2024-07-17T00:09:00,7,0,,{},0,0,0,,0,0
r48u_20260914_JPLM_UDUC_round_feedback_fix1,JPLM,UDUC,round_feedback,2024-07-17T00:09:30,7,0,,{},0,0,0,,0,0
r48u_20260914_JPLM_UDUC_round_feedback_fix1,JPLM,UDUC,round_feedback,2024-07-17T00:10:00,7,2,G02;G21,"{""PRODUCT-GPS-C1"": [""G02"", ""G21""]}",1,1,0,,0,0
r48u_20260914_JPLM_UDUC_round_feedback_fix1,JPLM,UDUC,round_feedback,2024-07-17T00:10:30,7,2,G03;G32,"{""PRODUCT-GPS-C0"": [""G03""], ""PRODUCT-GPS-C1"": [""G32""]}",2,0,0,,0,0
r48u_20260914_JPLM_UDUC_round_feedback_fix1,JPLM,UDUC,round_feedback,2024-07-17T00:11:00,7,2,G02;G21,"{""PRODUCT-GPS-C1"": [""G02"", ""G21""]}",1,1,0,,0,0
r48u_20260914_JPLM_UDUC_round_feedback_fix1,JPLM,UDUC,round_feedback,2024-07-17T00:11:30,7,5,G02;G10;G21;G28;G31,"{""PRODUCT-GPS-C3"": [""G02"", ""G21""], ""PRODUCT-GPS-C4"": [""G10"", ""G28"", ""G31""]}",2,3,2,G10;G31,2,1
r48u_20260914_JPLM_UDUC_round_feedback_fix1,JPLM,UDUC,round_feedback,2024-07-17T00:12:00,7,5,G02;G10;G21;G28;G31,"{""PRODUCT-GPS-C3"": [""G02"", ""G21""], ""PRODUCT-GPS-C4"": [""G10"", ""G28"", ""G31""]}",2,3,2,G10;G31,2,1
r48u_20260914_JPLM_UDUC_round_feedback_fix1,JPLM,UDUC,round_feedback,2024-07-17T00:12:30,7,5,G02;G10;G21;G28;G31,"{""PRODUCT-GPS-C3"": [""G02"", ""G21""], ""PRODUCT-GPS-C4"": [""G10"", ""G28"", ""G31""]}",2,3,2,G10;G31,2,1
r48u_20260914_JPLM_UDUC_round_feedback_fix1,JPLM,UDUC,round_feedback,2024-07-17T00:13:00,7,5,G02;G10;G21;G28;G31,"{""PRODUCT-GPS-C3"": [""G02"", ""G21""], ""PRODUCT-GPS-C4"": [""G10"", ""G28"", ""G31""]}",2,3,2,G10;G31,2,1
r48u_20260914_JPLM_UDUC_round_feedback_fix1,JPLM,UDUC,round_feedback,2024-07-17T00:13:30,7,5,G02;G10;G21;G28;G31,"{""PRODUCT-GPS-C3"": [""G02"", ""G21""], ""PRODUCT-GPS-C4"": [""G10"", ""G28"", ""G31""]}",2,3,2,G10;G31,2,1
r48u_20260914_JPLM_UDUC_round_feedback_fix1,JPLM,UDUC,round_feedback,2024-07-17T00:14:00,7,5,G02;G10;G21;G28;G31,"{""PRODUCT-GPS-C3"": [""G02"", ""G21""], ""PRODUCT-GPS-C4"": [""G10"", ""G28"", ""G31""]}",2,3,2,G10;G31,2,1
r48u_20260914_JPLM_UDUC_round_feedback_fix1,JPLM,UDUC,round_feedback,2024-07-17T00:14:30,7,5,G02;G10;G21;G28;G31,"{""PRODUCT-GPS-C3"": [""G02"", ""G21""], ""PRODUCT-GPS-C4"": [""G10"", ""G28"", ""G31""]}",2,3,2,G10;G31,2,1
r48u_20260914_JPLM_UDUC_round_feedback_fix1,JPLM,UDUC,round_feedback,2024-07-17T00:15:00,7,5,G02;G10;G21;G28;G31,"{""PRODUCT-GPS-C3"": [""G02"", ""G21""], ""PRODUCT-GPS-C4"": [""G10"", ""G28"", ""G31""]}",2,3,2,G10;G31,2,1
r48u_20260914_JPLM_UDUC_round_feedback_fix1,JPLM,UDUC,round_feedback,2024-07-17T00:15:30,7,5,G02;G10;G21;G28;G31,"{""PRODUCT-GPS-C3"": [""G02"", ""G21""], ""PRODUCT-GPS-C4"": [""G10"", ""G28"", ""G31""]}",2,3,2,G10;G31,2,1
r48u_20260914_JPLM_UDUC_round_feedback_fix1,JPLM,UDUC,round_feedback,2024-07-17T00:16:00,7,5,G02;G10;G21;G28;G31,"{""PRODUCT-GPS-C3"": [""G02"", ""G21""], ""PRODUCT-GPS-C4"": [""G10"", ""G28"", ""G31""]}",2,3,2,G10;G31,2,1
r48u_20260914_JPLM_UDUC_round_feedback_fix1,JPLM,UDUC,round_feedback,2024-07-17T00:16:30,7,5,G02;G10;G21;G28;G31,"{""PRODUCT-GPS-C3"": [""G02"", ""G21""], ""PRODUCT-GPS-C4"": [""G10"", ""G28"", ""G31""]}",2,3,2,G10;G31,2,1
r48u_20260914_JPLM_UDUC_round_feedback_fix1,JPLM,UDUC,round_feedback,2024-07-17T00:17:00,7,7,G02;G03;G10;G21;G28;G31;G32,"{""PRODUCT-GPS-C0"": [""G02"", ""G03"", ""G21""], ""PRODUCT-GPS-C2"": [""G10"", ""G28"", ""G31"", ""G32""]}",2,5,3,G10;G31;G32,3,2
r48u_20260914_JPLM_UDUC_round_feedback_fix1,JPLM,UDUC,round_feedback,2024-07-17T00:17:30,7,7,G02;G03;G10;G21;G28;G31;G32,"{""PRODUCT-GPS-C0"": [""G02"", ""G03"", ""G21""], ""PRODUCT-GPS-C2"": [""G10"", ""G28"", ""G31"", ""G32""]}",2,5,3,G10;G31;G32,3,2
r48u_20260914_JPLM_UDUC_round_feedback_fix1,JPLM,UDUC,round_feedback,2024-07-17T00:18:00,7,7,G02;G03;G10;G21;G28;G31;G32,"{""PRODUCT-GPS-C0"": [""G02"", ""G03"", ""G21""], ""PRODUCT-GPS-C2"": [""G10"", ""G28"", ""G31"", ""G32""]}",2,5,3,G10;G31;G32,3,2
r48u_20260914_JPLM_UDUC_round_feedback_fix1,JPLM,UDUC,round_feedback,2024-07-17T00:18:30,7,7,G02;G03;G10;G21;G28;G31;G32,"{""PRODUCT-GPS-C0"": [""G02"", ""G03"", ""G21""], ""PRODUCT-GPS-C2"": [""G10"", ""G28"", ""G31"", ""G32""]}",2,5,3,G10;G31;G32,3,2
r48u_20260914_JPLM_UDUC_round_feedback_fix1,JPLM,UDUC,round_feedback,2024-07-17T00:19:00,8,8,G02;G03;G10;G21;G26;G28;G31;G32,"{""PRODUCT-GPS-C0"": [""G02"", ""G03"", ""G21""], ""PRODUCT-GPS-C2"": [""G10"", ""G26"", ""G28"", ""G31"", ""G32""]}",2,6,4,G10;G26;G31;G32,4,3
r48u_20260914_JPLM_UDUC_round_feedback_fix1,JPLM,UDUC,round_feedback,2024-07-17T00:19:30,8,8,G02;G03;G10;G21;G26;G28;G31;G32,"{""PRODUCT-GPS-C0"": [""G02"", ""G03"", ""G21""], ""PRODUCT-GPS-C2"": [""G10"", ""G26"", ""G28"", ""G31"", ""G32""]}",2,6,4,G10;G26;G31;G32,4,3
r48u_20260914_JPLM_UDUC_round_feedback_fix1,JPLM,UDUC,round_feedback,2024-07-17T00:20:00,8,7,G02;G10;G21;G26;G28;G31;G32,"{""PRODUCT-GPS-C1"": [""G10"", ""G26"", ""G28"", ""G31"", ""G32""], ""PRODUCT-GPS-C4"": [""G02"", ""G21""]}",2,5,4,G10;G26;G31;G32,4,3
r48u_20260914_JPLM_UDUC_round_feedback_fix1,JPLM,UDUC,round_feedback,2024-07-17T00:20:30,8,8,G02;G03;G10;G21;G26;G28;G31;G32,"{""PRODUCT-GPS-C0"": [""G02"", ""G03"", ""G21""], ""PRODUCT-GPS-C1"": [""G10"", ""G26"", ""G28"", ""G31"", ""G32""]}",2,6,4,G10;G26;G31;G32,4,3
r48u_20260914_JPLM_UDUC_round_feedback_fix1,JPLM,UDUC,round_feedback,2024-07-17T00:21:00,8,7,G02;G10;G21;G26;G28;G31;G32,"{""PRODUCT-GPS-C1"": [""G10"", ""G26"", ""G28"", ""G31"", ""G32""], ""PRODUCT-GPS-C4"": [""G02"", ""G21""]}",2,5,4,G10;G26;G31;G32,4,3
r48u_20260914_JPLM_UDUC_round_feedback_fix1,JPLM,UDUC,round_feedback,2024-07-17T00:21:30,8,8,G02;G03;G10;G21;G26;G28;G31;G32,"{""PRODUCT-GPS-C0"": [""G02"", ""G03"", ""G21""], ""PRODUCT-GPS-C1"": [""G10"", ""G26"", ""G28"", ""G31"", ""G32""]}",2,6,4,G10;G26;G31;G32,4,3
r48u_20260914_JPLM_UDUC_round_feedback_fix1,JPLM,UDUC,round_feedback,2024-07-17T00:22:00,8,8,G02;G03;G10;G21;G26;G28;G31;G32,"{""PRODUCT-GPS-C0"": [""G02"", ""G03"", ""G21""], ""PRODUCT-GPS-C1"": [""G10"", ""G26"", ""G28"", ""G31"", ""G32""]}",2,6,4,G10;G26;G31;G32,4,3
r48u_20260914_JPLM_UDUC_round_feedback_fix1,JPLM,UDUC,round_feedback,2024-07-17T00:22:30,8,8,G02;G03;G10;G21;G26;G28;G31;G32,"{""PRODUCT-GPS-C0"": [""G02"", ""G03"", ""G21""], ""PRODUCT-GPS-C1"": [""G10"", ""G26"", ""G28"", ""G31"", ""G32""]}",2,6,4,G10;G26;G31;G32,4,3
r48u_20260914_JPLM_UDUC_round_feedback_fix1,JPLM,UDUC,round_feedback,2024-07-17T00:23:00,8,8,G02;G03;G10;G21;G26;G28;G31;G32,"{""PRODUCT-GPS-C0"": [""G02"", ""G03"", ""G21""], ""PRODUCT-GPS-C1"": [""G10"", ""G26"", ""G28"", ""G31"", ""G32""]}",2,6,4,G10;G26;G31;G32,4,3
r48u_20260914_JPLM_UDUC_round_feedback_fix1,JPLM,UDUC,round_feedback,2024-07-17T00:23:30,7,7,G02;G03;G10;G21;G28;G31;G32,"{""PRODUCT-GPS-C0"": [""G02"", ""G03"", ""G21""], ""PRODUCT-GPS-C2"": [""G10"", ""G28"", ""G31"", ""G32""]}",2,5,3,G10;G31;G32,3,2
r48u_20260914_JPLM_UDUC_round_feedback_fix1,JPLM,UDUC,round_feedback,2024-07-17T00:24:00,8,8,G02;G03;G10;G21;G26;G28;G31;G32,"{""PRODUCT-GPS-C0"": [""G02"", ""G03"", ""G21""], ""PRODUCT-GPS-C2"": [""G10"", ""G26"", ""G28"", ""G31"", ""G32""]}",2,6,4,G10;G26;G31;G32,4,3
r48u_20260914_JPLM_UDUC_round_feedback_fix1,JPLM,UDUC,round_feedback,2024-07-17T00:24:30,8,8,G02;G03;G10;G21;G26;G28;G31;G32,"{""PRODUCT-GPS-C0"": [""G02"", ""G03"", ""G21""], ""PRODUCT-GPS-C2"": [""G10"", ""G26"", ""G28"", ""G31"", ""G32""]}",2,6,4,G10;G26;G31;G32,4,3
r48u_20260914_JPLM_UDUC_round_feedback_fix1,JPLM,UDUC,round_feedback,2024-07-17T00:25:00,8,8,G02;G03;G10;G21;G26;G28;G31;G32,"{""PRODUCT-GPS-C0"": [""G02"", ""G03"", ""G21""], ""PRODUCT-GPS-C2"": [""G10"", ""G26"", ""G28"", ""G31"", ""G32""]}",2,6,4,G10;G26;G31;G32,4,3
r48u_20260914_JPLM_UDUC_round_feedback_fix1,JPLM,UDUC,round_feedback,2024-07-17T00:25:30,8,6,G02;G10;G21;G26;G28;G31,"{""PRODUCT-GPS-C0"": [""G10"", ""G26"", ""G28"", ""G31""], ""PRODUCT-GPS-C1"": [""G02"", ""G21""]}",2,4,3,G10;G26;G31,3,2
r48u_20260914_JPLM_UDUC_round_feedback_fix1,JPLM,UDUC,round_feedback,2024-07-17T00:26:00,8,7,G02;G10;G21;G26;G28;G31;G32,"{""PRODUCT-GPS-C0"": [""G10"", ""G26"", ""G28"", ""G31"", ""G32""], ""PRODUCT-GPS-C1"": [""G02"", ""G21""]}",2,5,4,G10;G26;G31;G32,4,3
r48u_20260914_JPLM_UDUC_round_feedback_fix1,JPLM,UDUC,round_feedback,2024-07-17T00:26:30,8,7,G02;G10;G21;G26;G28;G31;G32,"{""PRODUCT-GPS-C1"": [""G10"", ""G26"", ""G28"", ""G31"", ""G32""], ""PRODUCT-GPS-C4"": [""G02"", ""G21""]}",2,5,4,G10;G26;G31;G32,4,3
r48u_20260914_JPLM_UDUC_round_feedback_fix1,JPLM,UDUC,round_feedback,2024-07-17T00:27:00,8,6,G02;G10;G21;G26;G28;G32,"{""PRODUCT-GPS-C0"": [""G10"", ""G26"", ""G28"", ""G32""], ""PRODUCT-GPS-C1"": [""G02"", ""G21""]}",2,4,3,G10;G26;G32,3,2
r48u_20260914_JPLM_UDUC_round_feedback_fix1,JPLM,UDUC,round_feedback,2024-07-17T00:27:30,8,6,G02;G10;G21;G26;G28;G32,"{""PRODUCT-GPS-C0"": [""G10"", ""G26"", ""G28"", ""G32""], ""PRODUCT-GPS-C1"": [""G02"", ""G21""]}",2,4,3,G10;G26;G32,3,2
r48u_20260914_JPLM_UDUC_round_feedback_fix1,JPLM,UDUC,round_feedback,2024-07-17T00:28:00,8,6,G02;G10;G21;G26;G28;G32,"{""PRODUCT-GPS-C0"": [""G10"", ""G26"", ""G28"", ""G32""], ""PRODUCT-GPS-C1"": [""G02"", ""G21""]}",2,4,3,G10;G26;G32,3,2
r48u_20260914_JPLM_UDUC_round_feedback_fix1,JPLM,UDUC,round_feedback,2024-07-17T00:28:30,8,7,G02;G10;G21;G26;G28;G31;G32,"{""PRODUCT-GPS-C0"": [""G10"", ""G26"", ""G28"", ""G31"", ""G32""], ""PRODUCT-GPS-C3"": [""G02"", ""G21""]}",2,5,4,G10;G26;G31;G32,4,3
r48u_20260914_JPLM_UDUC_round_feedback_fix1,JPLM,UDUC,round_feedback,2024-07-17T00:29:00,8,7,G02;G10;G21;G26;G28;G31;G32,"{""PRODUCT-GPS-C0"": [""G10"", ""G26"", ""G28"", ""G31"", ""G32""], ""PRODUCT-GPS-C3"": [""G02"", ""G21""]}",2,5,4,G10;G26;G31;G32,4,3
r48u_20260914_JPLM_UDUC_round_feedback_fix1,JPLM,UDUC,round_feedback,2024-07-17T00:29:30,8,7,G02;G10;G21;G26;G28;G31;G32,"{""PRODUCT-GPS-C0"": [""G10"", ""G26"", ""G28"", ""G31"", ""G32""], ""PRODUCT-GPS-C1"": [""G02"", ""G21""]}",2,5,4,G10;G26;G31;G32,4,3
r48u_20260914_JPLM_UDUC_round_feedback_fix1,JPLM,UDUC,round_feedback,2024-07-17T00:30:00,8,7,G02;G10;G21;G26;G28;G31;G32,"{""PRODUCT-GPS-C0"": [""G10"", ""G26"", ""G28"", ""G31"", ""G32""], ""PRODUCT-GPS-C1"": [""G02"", ""G21""]}",2,5,4,G10;G26;G31;G32,4,3
r48u_20260914_JPLM_UDUC_ils_shadow_fix1,JPLM,UDUC,ils_shadow,2024-07-17T00:03:00,7,0,,{},0,0,0,,0,0
r48u_20260914_JPLM_UDUC_ils_shadow_fix1,JPLM,UDUC,ils_shadow,2024-07-17T00:03:30,7,0,,{},0,0,0,,0,0
r48u_20260914_JPLM_UDUC_ils_shadow_fix1,JPLM,UDUC,ils_shadow,2024-07-17T00:04:00,7,0,,{},0,0,0,,0,0
r48u_20260914_JPLM_UDUC_ils_shadow_fix1,JPLM,UDUC,ils_shadow,2024-07-17T00:04:30,7,0,,{},0,0,0,,0,0
r48u_20260914_JPLM_UDUC_ils_shadow_fix1,JPLM,UDUC,ils_shadow,2024-07-17T00:05:00,7,0,,{},0,0,0,,0,0
r48u_20260914_JPLM_UDUC_ils_shadow_fix1,JPLM,UDUC,ils_shadow,2024-07-17T00:05:30,7,0,,{},0,0,0,,0,0
r48u_20260914_JPLM_UDUC_ils_shadow_fix1,JPLM,UDUC,ils_shadow,2024-07-17T00:06:00,7,0,,{},0,0,0,,0,0
r48u_20260914_JPLM_UDUC_ils_shadow_fix1,JPLM,UDUC,ils_shadow,2024-07-17T00:06:30,7,0,,{},0,0,0,,0,0
r48u_20260914_JPLM_UDUC_ils_shadow_fix1,JPLM,UDUC,ils_shadow,2024-07-17T00:07:00,7,0,,{},0,0,0,,0,0
r48u_20260914_JPLM_UDUC_ils_shadow_fix1,JPLM,UDUC,ils_shadow,2024-07-17T00:07:30,7,0,,{},0,0,0,,0,0
r48u_20260914_JPLM_UDUC_ils_shadow_fix1,JPLM,UDUC,ils_shadow,2024-07-17T00:08:00,7,0,,{},0,0,0,,0,0
r48u_20260914_JPLM_UDUC_ils_shadow_fix1,JPLM,UDUC,ils_shadow,2024-07-17T00:08:30,7,0,,{},0,0,0,,0,0
r48u_20260914_JPLM_UDUC_ils_shadow_fix1,JPLM,UDUC,ils_shadow,2024-07-17T00:09:00,7,0,,{},0,0,0,,0,0
r48u_20260914_JPLM_UDUC_ils_shadow_fix1,JPLM,UDUC,ils_shadow,2024-07-17T00:09:30,7,0,,{},0,0,0,,0,0
r48u_20260914_JPLM_UDUC_ils_shadow_fix1,JPLM,UDUC,ils_shadow,2024-07-17T00:10:00,7,2,G02;G21,"{""PRODUCT-GPS-C1"": [""G02"", ""G21""]}",1,1,0,,0,0
r48u_20260914_JPLM_UDUC_ils_shadow_fix1,JPLM,UDUC,ils_shadow,2024-07-17T00:10:30,7,2,G03;G32,"{""PRODUCT-GPS-C0"": [""G03""], ""PRODUCT-GPS-C1"": [""G32""]}",2,0,0,,0,0
r48u_20260914_JPLM_UDUC_ils_shadow_fix1,JPLM,UDUC,ils_shadow,2024-07-17T00:11:00,7,2,G02;G21,"{""PRODUCT-GPS-C1"": [""G02"", ""G21""]}",1,1,0,,0,0
r48u_20260914_JPLM_UDUC_ils_shadow_fix1,JPLM,UDUC,ils_shadow,2024-07-17T00:11:30,7,5,G02;G10;G21;G28;G31,"{""PRODUCT-GPS-C3"": [""G02"", ""G21""], ""PRODUCT-GPS-C4"": [""G10"", ""G28"", ""G31""]}",2,3,2,G10;G31,2,1
r48u_20260914_JPLM_UDUC_ils_shadow_fix1,JPLM,UDUC,ils_shadow,2024-07-17T00:12:00,7,5,G02;G10;G21;G28;G31,"{""PRODUCT-GPS-C3"": [""G02"", ""G21""], ""PRODUCT-GPS-C4"": [""G10"", ""G28"", ""G31""]}",2,3,2,G10;G31,2,1
r48u_20260914_JPLM_UDUC_ils_shadow_fix1,JPLM,UDUC,ils_shadow,2024-07-17T00:12:30,7,5,G02;G10;G21;G28;G31,"{""PRODUCT-GPS-C3"": [""G02"", ""G21""], ""PRODUCT-GPS-C4"": [""G10"", ""G28"", ""G31""]}",2,3,2,G10;G31,2,1
r48u_20260914_JPLM_UDUC_ils_shadow_fix1,JPLM,UDUC,ils_shadow,2024-07-17T00:13:00,7,5,G02;G10;G21;G28;G31,"{""PRODUCT-GPS-C3"": [""G02"", ""G21""], ""PRODUCT-GPS-C4"": [""G10"", ""G28"", ""G31""]}",2,3,2,G10;G31,2,1
r48u_20260914_JPLM_UDUC_ils_shadow_fix1,JPLM,UDUC,ils_shadow,2024-07-17T00:13:30,7,5,G02;G10;G21;G28;G31,"{""PRODUCT-GPS-C3"": [""G02"", ""G21""], ""PRODUCT-GPS-C4"": [""G10"", ""G28"", ""G31""]}",2,3,2,G10;G31,2,1
r48u_20260914_JPLM_UDUC_ils_shadow_fix1,JPLM,UDUC,ils_shadow,2024-07-17T00:14:00,7,5,G02;G10;G21;G28;G31,"{""PRODUCT-GPS-C3"": [""G02"", ""G21""], ""PRODUCT-GPS-C4"": [""G10"", ""G28"", ""G31""]}",2,3,2,G10;G31,2,1
r48u_20260914_JPLM_UDUC_ils_shadow_fix1,JPLM,UDUC,ils_shadow,2024-07-17T00:14:30,7,5,G02;G10;G21;G28;G31,"{""PRODUCT-GPS-C3"": [""G02"", ""G21""], ""PRODUCT-GPS-C4"": [""G10"", ""G28"", ""G31""]}",2,3,2,G10;G31,2,1
r48u_20260914_JPLM_UDUC_ils_shadow_fix1,JPLM,UDUC,ils_shadow,2024-07-17T00:15:00,7,5,G02;G10;G21;G28;G31,"{""PRODUCT-GPS-C3"": [""G02"", ""G21""], ""PRODUCT-GPS-C4"": [""G10"", ""G28"", ""G31""]}",2,3,2,G10;G31,2,1
r48u_20260914_JPLM_UDUC_ils_shadow_fix1,JPLM,UDUC,ils_shadow,2024-07-17T00:15:30,7,5,G02;G10;G21;G28;G31,"{""PRODUCT-GPS-C3"": [""G02"", ""G21""], ""PRODUCT-GPS-C4"": [""G10"", ""G28"", ""G31""]}",2,3,2,G10;G31,2,1
r48u_20260914_JPLM_UDUC_ils_shadow_fix1,JPLM,UDUC,ils_shadow,2024-07-17T00:16:00,7,5,G02;G10;G21;G28;G31,"{""PRODUCT-GPS-C3"": [""G02"", ""G21""], ""PRODUCT-GPS-C4"": [""G10"", ""G28"", ""G31""]}",2,3,2,G10;G31,2,1
r48u_20260914_JPLM_UDUC_ils_shadow_fix1,JPLM,UDUC,ils_shadow,2024-07-17T00:16:30,7,5,G02;G10;G21;G28;G31,"{""PRODUCT-GPS-C3"": [""G02"", ""G21""], ""PRODUCT-GPS-C4"": [""G10"", ""G28"", ""G31""]}",2,3,2,G10;G31,2,1
r48u_20260914_JPLM_UDUC_ils_shadow_fix1,JPLM,UDUC,ils_shadow,2024-07-17T00:17:00,7,7,G02;G03;G10;G21;G28;G31;G32,"{""PRODUCT-GPS-C0"": [""G02"", ""G03"", ""G21""], ""PRODUCT-GPS-C2"": [""G10"", ""G28"", ""G31"", ""G32""]}",2,5,3,G10;G31;G32,3,2
r48u_20260914_JPLM_UDUC_ils_shadow_fix1,JPLM,UDUC,ils_shadow,2024-07-17T00:17:30,7,7,G02;G03;G10;G21;G28;G31;G32,"{""PRODUCT-GPS-C0"": [""G02"", ""G03"", ""G21""], ""PRODUCT-GPS-C2"": [""G10"", ""G28"", ""G31"", ""G32""]}",2,5,3,G10;G31;G32,3,2
r48u_20260914_JPLM_UDUC_ils_shadow_fix1,JPLM,UDUC,ils_shadow,2024-07-17T00:18:00,7,7,G02;G03;G10;G21;G28;G31;G32,"{""PRODUCT-GPS-C0"": [""G02"", ""G03"", ""G21""], ""PRODUCT-GPS-C2"": [""G10"", ""G28"", ""G31"", ""G32""]}",2,5,3,G10;G31;G32,3,2
r48u_20260914_JPLM_UDUC_ils_shadow_fix1,JPLM,UDUC,ils_shadow,2024-07-17T00:18:30,7,7,G02;G03;G10;G21;G28;G31;G32,"{""PRODUCT-GPS-C0"": [""G02"", ""G03"", ""G21""], ""PRODUCT-GPS-C2"": [""G10"", ""G28"", ""G31"", ""G32""]}",2,5,3,G10;G31;G32,3,2
r48u_20260914_JPLM_UDUC_ils_shadow_fix1,JPLM,UDUC,ils_shadow,2024-07-17T00:19:00,8,8,G02;G03;G10;G21;G26;G28;G31;G32,"{""PRODUCT-GPS-C0"": [""G02"", ""G03"", ""G21""], ""PRODUCT-GPS-C2"": [""G10"", ""G26"", ""G28"", ""G31"", ""G32""]}",2,6,4,G10;G26;G31;G32,4,3
r48u_20260914_JPLM_UDUC_ils_shadow_fix1,JPLM,UDUC,ils_shadow,2024-07-17T00:19:30,8,8,G02;G03;G10;G21;G26;G28;G31;G32,"{""PRODUCT-GPS-C0"": [""G02"", ""G03"", ""G21""], ""PRODUCT-GPS-C2"": [""G10"", ""G26"", ""G28"", ""G31"", ""G32""]}",2,6,4,G10;G26;G31;G32,4,3
r48u_20260914_JPLM_UDUC_ils_shadow_fix1,JPLM,UDUC,ils_shadow,2024-07-17T00:20:00,8,7,G02;G10;G21;G26;G28;G31;G32,"{""PRODUCT-GPS-C1"": [""G10"", ""G26"", ""G28"", ""G31"", ""G32""], ""PRODUCT-GPS-C4"": [""G02"", ""G21""]}",2,5,4,G10;G26;G31;G32,4,3
r48u_20260914_JPLM_UDUC_ils_shadow_fix1,JPLM,UDUC,ils_shadow,2024-07-17T00:20:30,8,8,G02;G03;G10;G21;G26;G28;G31;G32,"{""PRODUCT-GPS-C0"": [""G02"", ""G03"", ""G21""], ""PRODUCT-GPS-C1"": [""G10"", ""G26"", ""G28"", ""G31"", ""G32""]}",2,6,4,G10;G26;G31;G32,4,3
r48u_20260914_JPLM_UDUC_ils_shadow_fix1,JPLM,UDUC,ils_shadow,2024-07-17T00:21:00,8,7,G02;G10;G21;G26;G28;G31;G32,"{""PRODUCT-GPS-C1"": [""G10"", ""G26"", ""G28"", ""G31"", ""G32""], ""PRODUCT-GPS-C4"": [""G02"", ""G21""]}",2,5,4,G10;G26;G31;G32,4,3
r48u_20260914_JPLM_UDUC_ils_shadow_fix1,JPLM,UDUC,ils_shadow,2024-07-17T00:21:30,8,8,G02;G03;G10;G21;G26;G28;G31;G32,"{""PRODUCT-GPS-C0"": [""G02"", ""G03"", ""G21""], ""PRODUCT-GPS-C1"": [""G10"", ""G26"", ""G28"", ""G31"", ""G32""]}",2,6,4,G10;G26;G31;G32,4,3
r48u_20260914_JPLM_UDUC_ils_shadow_fix1,JPLM,UDUC,ils_shadow,2024-07-17T00:22:00,8,8,G02;G03;G10;G21;G26;G28;G31;G32,"{""PRODUCT-GPS-C0"": [""G02"", ""G03"", ""G21""], ""PRODUCT-GPS-C1"": [""G10"", ""G26"", ""G28"", ""G31"", ""G32""]}",2,6,4,G10;G26;G31;G32,4,3
r48u_20260914_JPLM_UDUC_ils_shadow_fix1,JPLM,UDUC,ils_shadow,2024-07-17T00:22:30,8,8,G02;G03;G10;G21;G26;G28;G31;G32,"{""PRODUCT-GPS-C0"": [""G02"", ""G03"", ""G21""], ""PRODUCT-GPS-C1"": [""G10"", ""G26"", ""G28"", ""G31"", ""G32""]}",2,6,4,G10;G26;G31;G32,4,3
r48u_20260914_JPLM_UDUC_ils_shadow_fix1,JPLM,UDUC,ils_shadow,2024-07-17T00:23:00,8,8,G02;G03;G10;G21;G26;G28;G31;G32,"{""PRODUCT-GPS-C0"": [""G02"", ""G03"", ""G21""], ""PRODUCT-GPS-C1"": [""G10"", ""G26"", ""G28"", ""G31"", ""G32""]}",2,6,4,G10;G26;G31;G32,4,3
r48u_20260914_JPLM_UDUC_ils_shadow_fix1,JPLM,UDUC,ils_shadow,2024-07-17T00:23:30,7,7,G02;G03;G10;G21;G28;G31;G32,"{""PRODUCT-GPS-C0"": [""G02"", ""G03"", ""G21""], ""PRODUCT-GPS-C2"": [""G10"", ""G28"", ""G31"", ""G32""]}",2,5,3,G10;G31;G32,3,2
r48u_20260914_JPLM_UDUC_ils_shadow_fix1,JPLM,UDUC,ils_shadow,2024-07-17T00:24:00,8,8,G02;G03;G10;G21;G26;G28;G31;G32,"{""PRODUCT-GPS-C0"": [""G02"", ""G03"", ""G21""], ""PRODUCT-GPS-C2"": [""G10"", ""G26"", ""G28"", ""G31"", ""G32""]}",2,6,4,G10;G26;G31;G32,4,3
r48u_20260914_JPLM_UDUC_ils_shadow_fix1,JPLM,UDUC,ils_shadow,2024-07-17T00:24:30,8,8,G02;G03;G10;G21;G26;G28;G31;G32,"{""PRODUCT-GPS-C0"": [""G02"", ""G03"", ""G21""], ""PRODUCT-GPS-C2"": [""G10"", ""G26"", ""G28"", ""G31"", ""G32""]}",2,6,4,G10;G26;G31;G32,4,3
r48u_20260914_JPLM_UDUC_ils_shadow_fix1,JPLM,UDUC,ils_shadow,2024-07-17T00:25:00,8,8,G02;G03;G10;G21;G26;G28;G31;G32,"{""PRODUCT-GPS-C0"": [""G02"", ""G03"", ""G21""], ""PRODUCT-GPS-C2"": [""G10"", ""G26"", ""G28"", ""G31"", ""G32""]}",2,6,4,G10;G26;G31;G32,4,3
r48u_20260914_JPLM_UDUC_ils_shadow_fix1,JPLM,UDUC,ils_shadow,2024-07-17T00:25:30,8,6,G02;G10;G21;G26;G28;G31,"{""PRODUCT-GPS-C0"": [""G10"", ""G26"", ""G28"", ""G31""], ""PRODUCT-GPS-C1"": [""G02"", ""G21""]}",2,4,3,G10;G26;G31,3,2
r48u_20260914_JPLM_UDUC_ils_shadow_fix1,JPLM,UDUC,ils_shadow,2024-07-17T00:26:00,8,7,G02;G10;G21;G26;G28;G31;G32,"{""PRODUCT-GPS-C0"": [""G10"", ""G26"", ""G28"", ""G31"", ""G32""], ""PRODUCT-GPS-C1"": [""G02"", ""G21""]}",2,5,4,G10;G26;G31;G32,4,3
r48u_20260914_JPLM_UDUC_ils_shadow_fix1,JPLM,UDUC,ils_shadow,2024-07-17T00:26:30,8,7,G02;G10;G21;G26;G28;G31;G32,"{""PRODUCT-GPS-C1"": [""G10"", ""G26"", ""G28"", ""G31"", ""G32""], ""PRODUCT-GPS-C4"": [""G02"", ""G21""]}",2,5,4,G10;G26;G31;G32,4,3
r48u_20260914_JPLM_UDUC_ils_shadow_fix1,JPLM,UDUC,ils_shadow,2024-07-17T00:27:00,8,6,G02;G10;G21;G26;G28;G32,"{""PRODUCT-GPS-C0"": [""G10"", ""G26"", ""G28"", ""G32""], ""PRODUCT-GPS-C1"": [""G02"", ""G21""]}",2,4,3,G10;G26;G32,3,2
r48u_20260914_JPLM_UDUC_ils_shadow_fix1,JPLM,UDUC,ils_shadow,2024-07-17T00:27:30,8,6,G02;G10;G21;G26;G28;G32,"{""PRODUCT-GPS-C0"": [""G10"", ""G26"", ""G28"", ""G32""], ""PRODUCT-GPS-C1"": [""G02"", ""G21""]}",2,4,3,G10;G26;G32,3,2
r48u_20260914_JPLM_UDUC_ils_shadow_fix1,JPLM,UDUC,ils_shadow,2024-07-17T00:28:00,8,6,G02;G10;G21;G26;G28;G32,"{""PRODUCT-GPS-C0"": [""G10"", ""G26"", ""G28"", ""G32""], ""PRODUCT-GPS-C1"": [""G02"", ""G21""]}",2,4,3,G10;G26;G32,3,2
r48u_20260914_JPLM_UDUC_ils_shadow_fix1,JPLM,UDUC,ils_shadow,2024-07-17T00:28:30,8,7,G02;G10;G21;G26;G28;G31;G32,"{""PRODUCT-GPS-C0"": [""G10"", ""G26"", ""G28"", ""G31"", ""G32""], ""PRODUCT-GPS-C3"": [""G02"", ""G21""]}",2,5,4,G10;G26;G31;G32,4,3
r48u_20260914_JPLM_UDUC_ils_shadow_fix1,JPLM,UDUC,ils_shadow,2024-07-17T00:29:00,8,7,G02;G10;G21;G26;G28;G31;G32,"{""PRODUCT-GPS-C0"": [""G10"", ""G26"", ""G28"", ""G31"", ""G32""], ""PRODUCT-GPS-C3"": [""G02"", ""G21""]}",2,5,4,G10;G26;G31;G32,4,3
r48u_20260914_JPLM_UDUC_ils_shadow_fix1,JPLM,UDUC,ils_shadow,2024-07-17T00:29:30,8,7,G02;G10;G21;G26;G28;G31;G32,"{""PRODUCT-GPS-C0"": [""G10"", ""G26"", ""G28"", ""G31"", ""G32""], ""PRODUCT-GPS-C1"": [""G02"", ""G21""]}",2,5,4,G10;G26;G31;G32,4,3
r48u_20260914_JPLM_UDUC_ils_shadow_fix1,JPLM,UDUC,ils_shadow,2024-07-17T00:30:00,8,7,G02;G10;G21;G26;G28;G31;G32,"{""PRODUCT-GPS-C0"": [""G10"", ""G26"", ""G28"", ""G31"", ""G32""], ""PRODUCT-GPS-C1"": [""G02"", ""G21""]}",2,5,4,G10;G26;G31;G32,4,3
r48u_20260914_JPLM_UDUC_ils_feedback_fix1,JPLM,UDUC,ils_feedback,2024-07-17T00:03:00,7,0,,{},0,0,0,,0,0
r48u_20260914_JPLM_UDUC_ils_feedback_fix1,JPLM,UDUC,ils_feedback,2024-07-17T00:03:30,7,0,,{},0,0,0,,0,0
r48u_20260914_JPLM_UDUC_ils_feedback_fix1,JPLM,UDUC,ils_feedback,2024-07-17T00:04:00,7,0,,{},0,0,0,,0,0
r48u_20260914_JPLM_UDUC_ils_feedback_fix1,JPLM,UDUC,ils_feedback,2024-07-17T00:04:30,7,0,,{},0,0,0,,0,0
r48u_20260914_JPLM_UDUC_ils_feedback_fix1,JPLM,UDUC,ils_feedback,2024-07-17T00:05:00,7,0,,{},0,0,0,,0,0
r48u_20260914_JPLM_UDUC_ils_feedback_fix1,JPLM,UDUC,ils_feedback,2024-07-17T00:05:30,7,0,,{},0,0,0,,0,0
r48u_20260914_JPLM_UDUC_ils_feedback_fix1,JPLM,UDUC,ils_feedback,2024-07-17T00:06:00,7,0,,{},0,0,0,,0,0
r48u_20260914_JPLM_UDUC_ils_feedback_fix1,JPLM,UDUC,ils_feedback,2024-07-17T00:06:30,7,0,,{},0,0,0,,0,0
r48u_20260914_JPLM_UDUC_ils_feedback_fix1,JPLM,UDUC,ils_feedback,2024-07-17T00:07:00,7,0,,{},0,0,0,,0,0
r48u_20260914_JPLM_UDUC_ils_feedback_fix1,JPLM,UDUC,ils_feedback,2024-07-17T00:07:30,7,0,,{},0,0,0,,0,0
r48u_20260914_JPLM_UDUC_ils_feedback_fix1,JPLM,UDUC,ils_feedback,2024-07-17T00:08:00,7,0,,{},0,0,0,,0,0
r48u_20260914_JPLM_UDUC_ils_feedback_fix1,JPLM,UDUC,ils_feedback,2024-07-17T00:08:30,7,0,,{},0,0,0,,0,0
r48u_20260914_JPLM_UDUC_ils_feedback_fix1,JPLM,UDUC,ils_feedback,2024-07-17T00:09:00,7,0,,{},0,0,0,,0,0
r48u_20260914_JPLM_UDUC_ils_feedback_fix1,JPLM,UDUC,ils_feedback,2024-07-17T00:09:30,7,0,,{},0,0,0,,0,0
r48u_20260914_JPLM_UDUC_ils_feedback_fix1,JPLM,UDUC,ils_feedback,2024-07-17T00:10:00,7,2,G02;G21,"{""PRODUCT-GPS-C1"": [""G02"", ""G21""]}",1,1,0,,0,0
r48u_20260914_JPLM_UDUC_ils_feedback_fix1,JPLM,UDUC,ils_feedback,2024-07-17T00:10:30,7,2,G03;G32,"{""PRODUCT-GPS-C0"": [""G03""], ""PRODUCT-GPS-C1"": [""G32""]}",2,0,0,,0,0
r48u_20260914_JPLM_UDUC_ils_feedback_fix1,JPLM,UDUC,ils_feedback,2024-07-17T00:11:00,7,2,G02;G21,"{""PRODUCT-GPS-C1"": [""G02"", ""G21""]}",1,1,0,,0,0
r48u_20260914_JPLM_UDUC_ils_feedback_fix1,JPLM,UDUC,ils_feedback,2024-07-17T00:11:30,7,5,G02;G10;G21;G28;G31,"{""PRODUCT-GPS-C3"": [""G02"", ""G21""], ""PRODUCT-GPS-C4"": [""G10"", ""G28"", ""G31""]}",2,3,2,G10;G31,2,1
r48u_20260914_JPLM_UDUC_ils_feedback_fix1,JPLM,UDUC,ils_feedback,2024-07-17T00:12:00,7,5,G02;G10;G21;G28;G31,"{""PRODUCT-GPS-C3"": [""G02"", ""G21""], ""PRODUCT-GPS-C4"": [""G10"", ""G28"", ""G31""]}",2,3,2,G10;G31,2,1
r48u_20260914_JPLM_UDUC_ils_feedback_fix1,JPLM,UDUC,ils_feedback,2024-07-17T00:12:30,7,5,G02;G10;G21;G28;G31,"{""PRODUCT-GPS-C3"": [""G02"", ""G21""], ""PRODUCT-GPS-C4"": [""G10"", ""G28"", ""G31""]}",2,3,2,G10;G31,2,1
r48u_20260914_JPLM_UDUC_ils_feedback_fix1,JPLM,UDUC,ils_feedback,2024-07-17T00:13:00,7,5,G02;G10;G21;G28;G31,"{""PRODUCT-GPS-C3"": [""G02"", ""G21""], ""PRODUCT-GPS-C4"": [""G10"", ""G28"", ""G31""]}",2,3,2,G10;G31,2,1
r48u_20260914_JPLM_UDUC_ils_feedback_fix1,JPLM,UDUC,ils_feedback,2024-07-17T00:13:30,7,5,G02;G10;G21;G28;G31,"{""PRODUCT-GPS-C3"": [""G02"", ""G21""], ""PRODUCT-GPS-C4"": [""G10"", ""G28"", ""G31""]}",2,3,2,G10;G31,2,1
r48u_20260914_JPLM_UDUC_ils_feedback_fix1,JPLM,UDUC,ils_feedback,2024-07-17T00:14:00,7,5,G02;G10;G21;G28;G31,"{""PRODUCT-GPS-C3"": [""G02"", ""G21""], ""PRODUCT-GPS-C4"": [""G10"", ""G28"", ""G31""]}",2,3,2,G10;G31,2,1
r48u_20260914_JPLM_UDUC_ils_feedback_fix1,JPLM,UDUC,ils_feedback,2024-07-17T00:14:30,7,5,G02;G10;G21;G28;G31,"{""PRODUCT-GPS-C3"": [""G02"", ""G21""], ""PRODUCT-GPS-C4"": [""G10"", ""G28"", ""G31""]}",2,3,2,G10;G31,2,1
r48u_20260914_JPLM_UDUC_ils_feedback_fix1,JPLM,UDUC,ils_feedback,2024-07-17T00:15:00,7,5,G02;G10;G21;G28;G31,"{""PRODUCT-GPS-C3"": [""G02"", ""G21""], ""PRODUCT-GPS-C4"": [""G10"", ""G28"", ""G31""]}",2,3,2,G10;G31,2,1
r48u_20260914_JPLM_UDUC_ils_feedback_fix1,JPLM,UDUC,ils_feedback,2024-07-17T00:15:30,7,5,G02;G10;G21;G28;G31,"{""PRODUCT-GPS-C3"": [""G02"", ""G21""], ""PRODUCT-GPS-C4"": [""G10"", ""G28"", ""G31""]}",2,3,2,G10;G31,2,1
r48u_20260914_JPLM_UDUC_ils_feedback_fix1,JPLM,UDUC,ils_feedback,2024-07-17T00:16:00,7,5,G02;G10;G21;G28;G31,"{""PRODUCT-GPS-C3"": [""G02"", ""G21""], ""PRODUCT-GPS-C4"": [""G10"", ""G28"", ""G31""]}",2,3,2,G10;G31,2,1
r48u_20260914_JPLM_UDUC_ils_feedback_fix1,JPLM,UDUC,ils_feedback,2024-07-17T00:16:30,7,5,G02;G10;G21;G28;G31,"{""PRODUCT-GPS-C3"": [""G02"", ""G21""], ""PRODUCT-GPS-C4"": [""G10"", ""G28"", ""G31""]}",2,3,2,G10;G31,2,1
r48u_20260914_JPLM_UDUC_ils_feedback_fix1,JPLM,UDUC,ils_feedback,2024-07-17T00:17:00,7,7,G02;G03;G10;G21;G28;G31;G32,"{""PRODUCT-GPS-C0"": [""G02"", ""G03"", ""G21""], ""PRODUCT-GPS-C2"": [""G10"", ""G28"", ""G31"", ""G32""]}",2,5,3,G10;G31;G32,3,2
r48u_20260914_JPLM_UDUC_ils_feedback_fix1,JPLM,UDUC,ils_feedback,2024-07-17T00:17:30,7,7,G02;G03;G10;G21;G28;G31;G32,"{""PRODUCT-GPS-C0"": [""G02"", ""G03"", ""G21""], ""PRODUCT-GPS-C2"": [""G10"", ""G28"", ""G31"", ""G32""]}",2,5,3,G10;G31;G32,3,2
r48u_20260914_JPLM_UDUC_ils_feedback_fix1,JPLM,UDUC,ils_feedback,2024-07-17T00:18:00,7,7,G02;G03;G10;G21;G28;G31;G32,"{""PRODUCT-GPS-C0"": [""G02"", ""G03"", ""G21""], ""PRODUCT-GPS-C2"": [""G10"", ""G28"", ""G31"", ""G32""]}",2,5,3,G10;G31;G32,3,2
r48u_20260914_JPLM_UDUC_ils_feedback_fix1,JPLM,UDUC,ils_feedback,2024-07-17T00:18:30,7,7,G02;G03;G10;G21;G28;G31;G32,"{""PRODUCT-GPS-C0"": [""G02"", ""G03"", ""G21""], ""PRODUCT-GPS-C2"": [""G10"", ""G28"", ""G31"", ""G32""]}",2,5,3,G10;G31;G32,3,2
r48u_20260914_JPLM_UDUC_ils_feedback_fix1,JPLM,UDUC,ils_feedback,2024-07-17T00:19:00,8,8,G02;G03;G10;G21;G26;G28;G31;G32,"{""PRODUCT-GPS-C0"": [""G02"", ""G03"", ""G21""], ""PRODUCT-GPS-C2"": [""G10"", ""G26"", ""G28"", ""G31"", ""G32""]}",2,6,4,G10;G26;G31;G32,4,3
r48u_20260914_JPLM_UDUC_ils_feedback_fix1,JPLM,UDUC,ils_feedback,2024-07-17T00:19:30,8,8,G02;G03;G10;G21;G26;G28;G31;G32,"{""PRODUCT-GPS-C0"": [""G02"", ""G03"", ""G21""], ""PRODUCT-GPS-C2"": [""G10"", ""G26"", ""G28"", ""G31"", ""G32""]}",2,6,4,G10;G26;G31;G32,4,3
r48u_20260914_JPLM_UDUC_ils_feedback_fix1,JPLM,UDUC,ils_feedback,2024-07-17T00:20:00,8,7,G02;G10;G21;G26;G28;G31;G32,"{""PRODUCT-GPS-C1"": [""G10"", ""G26"", ""G28"", ""G31"", ""G32""], ""PRODUCT-GPS-C4"": [""G02"", ""G21""]}",2,5,4,G10;G26;G31;G32,4,3
r48u_20260914_JPLM_UDUC_ils_feedback_fix1,JPLM,UDUC,ils_feedback,2024-07-17T00:20:30,8,8,G02;G03;G10;G21;G26;G28;G31;G32,"{""PRODUCT-GPS-C0"": [""G02"", ""G03"", ""G21""], ""PRODUCT-GPS-C1"": [""G10"", ""G26"", ""G28"", ""G31"", ""G32""]}",2,6,4,G10;G26;G31;G32,4,3
r48u_20260914_JPLM_UDUC_ils_feedback_fix1,JPLM,UDUC,ils_feedback,2024-07-17T00:21:00,8,7,G02;G10;G21;G26;G28;G31;G32,"{""PRODUCT-GPS-C1"": [""G10"", ""G26"", ""G28"", ""G31"", ""G32""], ""PRODUCT-GPS-C4"": [""G02"", ""G21""]}",2,5,4,G10;G26;G31;G32,4,3
r48u_20260914_JPLM_UDUC_ils_feedback_fix1,JPLM,UDUC,ils_feedback,2024-07-17T00:21:30,8,8,G02;G03;G10;G21;G26;G28;G31;G32,"{""PRODUCT-GPS-C0"": [""G02"", ""G03"", ""G21""], ""PRODUCT-GPS-C1"": [""G10"", ""G26"", ""G28"", ""G31"", ""G32""]}",2,6,4,G10;G26;G31;G32,4,3
r48u_20260914_JPLM_UDUC_ils_feedback_fix1,JPLM,UDUC,ils_feedback,2024-07-17T00:22:00,8,8,G02;G03;G10;G21;G26;G28;G31;G32,"{""PRODUCT-GPS-C0"": [""G02"", ""G03"", ""G21""], ""PRODUCT-GPS-C1"": [""G10"", ""G26"", ""G28"", ""G31"", ""G32""]}",2,6,4,G10;G26;G31;G32,4,3
r48u_20260914_JPLM_UDUC_ils_feedback_fix1,JPLM,UDUC,ils_feedback,2024-07-17T00:22:30,8,8,G02;G03;G10;G21;G26;G28;G31;G32,"{""PRODUCT-GPS-C0"": [""G02"", ""G03"", ""G21""], ""PRODUCT-GPS-C1"": [""G10"", ""G26"", ""G28"", ""G31"", ""G32""]}",2,6,4,G10;G26;G31;G32,4,3
r48u_20260914_JPLM_UDUC_ils_feedback_fix1,JPLM,UDUC,ils_feedback,2024-07-17T00:23:00,8,8,G02;G03;G10;G21;G26;G28;G31;G32,"{""PRODUCT-GPS-C0"": [""G02"", ""G03"", ""G21""], ""PRODUCT-GPS-C1"": [""G10"", ""G26"", ""G28"", ""G31"", ""G32""]}",2,6,4,G10;G26;G31;G32,4,3
r48u_20260914_JPLM_UDUC_ils_feedback_fix1,JPLM,UDUC,ils_feedback,2024-07-17T00:23:30,7,7,G02;G03;G10;G21;G28;G31;G32,"{""PRODUCT-GPS-C0"": [""G02"", ""G03"", ""G21""], ""PRODUCT-GPS-C2"": [""G10"", ""G28"", ""G31"", ""G32""]}",2,5,3,G10;G31;G32,3,2
r48u_20260914_JPLM_UDUC_ils_feedback_fix1,JPLM,UDUC,ils_feedback,2024-07-17T00:24:00,8,8,G02;G03;G10;G21;G26;G28;G31;G32,"{""PRODUCT-GPS-C0"": [""G02"", ""G03"", ""G21""], ""PRODUCT-GPS-C2"": [""G10"", ""G26"", ""G28"", ""G31"", ""G32""]}",2,6,4,G10;G26;G31;G32,4,3
r48u_20260914_JPLM_UDUC_ils_feedback_fix1,JPLM,UDUC,ils_feedback,2024-07-17T00:24:30,8,8,G02;G03;G10;G21;G26;G28;G31;G32,"{""PRODUCT-GPS-C0"": [""G02"", ""G03"", ""G21""], ""PRODUCT-GPS-C2"": [""G10"", ""G26"", ""G28"", ""G31"", ""G32""]}",2,6,4,G10;G26;G31;G32,4,3
r48u_20260914_JPLM_UDUC_ils_feedback_fix1,JPLM,UDUC,ils_feedback,2024-07-17T00:25:00,8,8,G02;G03;G10;G21;G26;G28;G31;G32,"{""PRODUCT-GPS-C0"": [""G02"", ""G03"", ""G21""], ""PRODUCT-GPS-C2"": [""G10"", ""G26"", ""G28"", ""G31"", ""G32""]}",2,6,4,G10;G26;G31;G32,4,3
r48u_20260914_JPLM_UDUC_ils_feedback_fix1,JPLM,UDUC,ils_feedback,2024-07-17T00:25:30,8,6,G02;G10;G21;G26;G28;G31,"{""PRODUCT-GPS-C0"": [""G10"", ""G26"", ""G28"", ""G31""], ""PRODUCT-GPS-C1"": [""G02"", ""G21""]}",2,4,3,G10;G26;G31,3,2
r48u_20260914_JPLM_UDUC_ils_feedback_fix1,JPLM,UDUC,ils_feedback,2024-07-17T00:26:00,8,7,G02;G10;G21;G26;G28;G31;G32,"{""PRODUCT-GPS-C0"": [""G10"", ""G26"", ""G28"", ""G31"", ""G32""], ""PRODUCT-GPS-C1"": [""G02"", ""G21""]}",2,5,4,G10;G26;G31;G32,4,3
r48u_20260914_JPLM_UDUC_ils_feedback_fix1,JPLM,UDUC,ils_feedback,2024-07-17T00:26:30,8,7,G02;G10;G21;G26;G28;G31;G32,"{""PRODUCT-GPS-C1"": [""G10"", ""G26"", ""G28"", ""G31"", ""G32""], ""PRODUCT-GPS-C4"": [""G02"", ""G21""]}",2,5,4,G10;G26;G31;G32,4,3
r48u_20260914_JPLM_UDUC_ils_feedback_fix1,JPLM,UDUC,ils_feedback,2024-07-17T00:27:00,8,6,G02;G10;G21;G26;G28;G32,"{""PRODUCT-GPS-C0"": [""G10"", ""G26"", ""G28"", ""G32""], ""PRODUCT-GPS-C1"": [""G02"", ""G21""]}",2,4,3,G10;G26;G32,3,2
r48u_20260914_JPLM_UDUC_ils_feedback_fix1,JPLM,UDUC,ils_feedback,2024-07-17T00:27:30,8,6,G02;G10;G21;G26;G28;G32,"{""PRODUCT-GPS-C0"": [""G10"", ""G26"", ""G28"", ""G32""], ""PRODUCT-GPS-C1"": [""G02"", ""G21""]}",2,4,3,G10;G26;G32,3,2
r48u_20260914_JPLM_UDUC_ils_feedback_fix1,JPLM,UDUC,ils_feedback,2024-07-17T00:28:00,8,6,G02;G10;G21;G26;G28;G32,"{""PRODUCT-GPS-C0"": [""G10"", ""G26"", ""G28"", ""G32""], ""PRODUCT-GPS-C1"": [""G02"", ""G21""]}",2,4,3,G10;G26;G32,3,2
r48u_20260914_JPLM_UDUC_ils_feedback_fix1,JPLM,UDUC,ils_feedback,2024-07-17T00:28:30,8,7,G02;G10;G21;G26;G28;G31;G32,"{""PRODUCT-GPS-C0"": [""G10"", ""G26"", ""G28"", ""G31"", ""G32""], ""PRODUCT-GPS-C3"": [""G02"", ""G21""]}",2,5,4,G10;G26;G31;G32,4,3
r48u_20260914_JPLM_UDUC_ils_feedback_fix1,JPLM,UDUC,ils_feedback,2024-07-17T00:29:00,8,7,G02;G10;G21;G26;G28;G31;G32,"{""PRODUCT-GPS-C0"": [""G10"", ""G26"", ""G28"", ""G31"", ""G32""], ""PRODUCT-GPS-C3"": [""G02"", ""G21""]}",2,5,4,G10;G26;G31;G32,4,3
r48u_20260914_JPLM_UDUC_ils_feedback_fix1,JPLM,UDUC,ils_feedback,2024-07-17T00:29:30,8,7,G02;G10;G21;G26;G28;G31;G32,"{""PRODUCT-GPS-C0"": [""G10"", ""G26"", ""G28"", ""G31"", ""G32""], ""PRODUCT-GPS-C1"": [""G02"", ""G21""]}",2,5,4,G10;G26;G31;G32,4,3
r48u_20260914_JPLM_UDUC_ils_feedback_fix1,JPLM,UDUC,ils_feedback,2024-07-17T00:30:00,8,7,G02;G10;G21;G26;G28;G31;G32,"{""PRODUCT-GPS-C0"": [""G10"", ""G26"", ""G28"", ""G31"", ""G32""], ""PRODUCT-GPS-C1"": [""G02"", ""G21""]}",2,5,4,G10;G26;G31;G32,4,3
