case,station,model,mode,tag,time,receiver,stage,general_rows,named_dimension,full_covariance_used,general_rows_feedback,row,rhs,coefficients,named_recovered,final_named_gate_pending
r48u_20260914_DYNG_IF_ils_shadow_fix1,DYNG,IF,ils_shadow,ZHANG_USER_ILS_RELATIONS,2024-07-17T00:10:30,DYNG,USER_IF_WL_SD,0,5,1,0,,,,,
r48u_20260914_DYNG_IF_ils_shadow_fix1,DYNG,IF,ils_shadow,ZHANG_USER_ILS_RELATIONS,2024-07-17T00:17:00,DYNG,USER_IF_WL_SD,0,5,1,0,,,,,
r48u_20260914_DYNG_IF_ils_shadow_fix1,DYNG,IF,ils_shadow,ZHANG_USER_ILS_RELATIONS,2024-07-17T00:17:30,DYNG,USER_IF_WL_SD,0,5,1,0,,,,,
r48u_20260914_DYNG_IF_ils_shadow_fix1,DYNG,IF,ils_shadow,ZHANG_USER_ILS_RELATIONS,2024-07-17T00:18:00,DYNG,USER_IF_WL_SD,0,5,1,0,,,,,
r48u_20260914_DYNG_IF_ils_shadow_fix1,DYNG,IF,ils_shadow,ZHANG_USER_ILS_RELATIONS,2024-07-17T00:18:30,DYNG,USER_IF_WL_SD,0,5,1,0,,,,,
r48u_20260914_DYNG_IF_ils_shadow_fix1,DYNG,IF,ils_shadow,ZHANG_USER_ILS_RELATIONS,2024-07-17T00:19:00,DYNG,USER_IF_WL_SD,0,5,1,0,,,,,
r48u_20260914_DYNG_IF_ils_shadow_fix1,DYNG,IF,ils_shadow,ZHANG_USER_ILS_RELATIONS,2024-07-17T00:19:30,DYNG,USER_IF_WL_SD,0,5,1,0,,,,,
r48u_20260914_DYNG_IF_ils_shadow_fix1,DYNG,IF,ils_shadow,ZHANG_USER_ILS_RELATIONS,2024-07-17T00:20:00,DYNG,USER_IF_WL_SD,0,5,1,0,,,,,
r48u_20260914_DYNG_IF_ils_shadow_fix1,DYNG,IF,ils_shadow,ZHANG_USER_ILS_RELATIONS,2024-07-17T00:20:30,DYNG,USER_IF_WL_SD,0,6,1,0,,,,,
r48u_20260914_DYNG_IF_ils_shadow_fix1,DYNG,IF,ils_shadow,ZHANG_USER_ILS_RELATIONS,2024-07-17T00:21:00,DYNG,USER_IF_WL_SD,0,5,1,0,,,,,
r48u_20260914_DYNG_IF_ils_shadow_fix1,DYNG,IF,ils_shadow,ZHANG_USER_ILS_RELATIONS,2024-07-17T00:21:30,DYNG,USER_IF_WL_SD,0,6,1,0,,,,,
r48u_20260914_DYNG_IF_ils_shadow_fix1,DYNG,IF,ils_shadow,ZHANG_USER_ILS_RELATIONS,2024-07-17T00:22:00,DYNG,USER_IF_WL_SD,0,6,1,0,,,,,
r48u_20260914_DYNG_IF_ils_shadow_fix1,DYNG,IF,ils_shadow,ZHANG_USER_ILS_RELATIONS,2024-07-17T00:22:30,DYNG,USER_IF_WL_SD,1,6,1,0,,,,,
r48u_20260914_DYNG_IF_ils_shadow_fix1,DYNG,IF,ils_shadow,ZHANG_USER_ILS_RELATIONS,2024-07-17T00:22:30,DYNG,USER_IF_L1_SD_CONDITIONAL,0,1,1,0,,,,,
r48u_20260914_DYNG_IF_ils_shadow_fix1,DYNG,IF,ils_shadow,ZHANG_USER_ILS_RELATIONS,2024-07-17T00:23:00,DYNG,USER_IF_WL_SD,1,6,1,0,,,,,
r48u_20260914_DYNG_IF_ils_shadow_fix1,DYNG,IF,ils_shadow,ZHANG_USER_ILS_RELATIONS,2024-07-17T00:23:00,DYNG,USER_IF_L1_SD_CONDITIONAL,0,1,1,0,,,,,
r48u_20260914_DYNG_IF_ils_shadow_fix1,DYNG,IF,ils_shadow,ZHANG_USER_ILS_RELATIONS,2024-07-17T00:23:30,DYNG,USER_IF_WL_SD,1,5,1,0,,,,,
r48u_20260914_DYNG_IF_ils_shadow_fix1,DYNG,IF,ils_shadow,ZHANG_USER_ILS_RELATIONS,2024-07-17T00:23:30,DYNG,USER_IF_L1_SD_CONDITIONAL,0,1,1,0,,,,,
r48u_20260914_DYNG_IF_ils_shadow_fix1,DYNG,IF,ils_shadow,ZHANG_USER_ILS_RELATIONS,2024-07-17T00:24:00,DYNG,USER_IF_WL_SD,1,5,1,0,,,,,
r48u_20260914_DYNG_IF_ils_shadow_fix1,DYNG,IF,ils_shadow,ZHANG_USER_ILS_RELATIONS,2024-07-17T00:24:00,DYNG,USER_IF_L1_SD_CONDITIONAL,0,1,1,0,,,,,
r48u_20260914_DYNG_IF_ils_shadow_fix1,DYNG,IF,ils_shadow,ZHANG_USER_ILS_RELATIONS,2024-07-17T00:24:30,DYNG,USER_IF_WL_SD,1,5,1,0,,,,,
r48u_20260914_DYNG_IF_ils_shadow_fix1,DYNG,IF,ils_shadow,ZHANG_USER_ILS_RELATIONS,2024-07-17T00:24:30,DYNG,USER_IF_L1_SD_CONDITIONAL,0,1,1,0,,,,,
r48u_20260914_DYNG_IF_ils_shadow_fix1,DYNG,IF,ils_shadow,ZHANG_USER_ILS_RELATIONS,2024-07-17T00:25:00,DYNG,USER_IF_WL_SD,2,5,1,0,,,,,
r48u_20260914_DYNG_IF_ils_shadow_fix1,DYNG,IF,ils_shadow,ZHANG_USER_ILS_RELATIONS,2024-07-17T00:25:00,DYNG,USER_IF_L1_SD_CONDITIONAL,0,2,1,0,,,,,
r48u_20260914_DYNG_IF_ils_shadow_fix1,DYNG,IF,ils_shadow,ZHANG_USER_ILS_RELATIONS,2024-07-17T00:26:00,DYNG,USER_IF_WL_SD,2,5,1,0,,,,,
r48u_20260914_DYNG_IF_ils_shadow_fix1,DYNG,IF,ils_shadow,ZHANG_USER_ILS_RELATIONS,2024-07-17T00:26:00,DYNG,USER_IF_L1_SD_CONDITIONAL,0,2,1,0,,,,,
r48u_20260914_DYNG_IF_ils_shadow_fix1,DYNG,IF,ils_shadow,ZHANG_USER_ILS_RELATIONS,2024-07-17T00:26:30,DYNG,USER_IF_WL_SD,2,5,1,0,,,,,
r48u_20260914_DYNG_IF_ils_shadow_fix1,DYNG,IF,ils_shadow,ZHANG_USER_ILS_RELATIONS,2024-07-17T00:26:30,DYNG,USER_IF_L1_SD_CONDITIONAL,0,2,1,0,,,,,
r48u_20260914_DYNG_IF_ils_shadow_fix1,DYNG,IF,ils_shadow,ZHANG_USER_ILS_RELATIONS,2024-07-17T00:27:00,DYNG,USER_IF_WL_SD,2,6,1,0,,,,,
r48u_20260914_DYNG_IF_ils_shadow_fix1,DYNG,IF,ils_shadow,ZHANG_USER_ILS_RELATIONS,2024-07-17T00:27:00,DYNG,USER_IF_L1_SD_CONDITIONAL,0,2,1,0,,,,,
r48u_20260914_DYNG_IF_ils_shadow_fix1,DYNG,IF,ils_shadow,ZHANG_USER_ILS_RELATIONS,2024-07-17T00:27:30,DYNG,USER_IF_WL_SD,2,6,1,0,,,,,
r48u_20260914_DYNG_IF_ils_shadow_fix1,DYNG,IF,ils_shadow,ZHANG_USER_ILS_RELATIONS,2024-07-17T00:27:30,DYNG,USER_IF_L1_SD_CONDITIONAL,0,2,1,0,,,,,
r48u_20260914_DYNG_IF_ils_shadow_fix1,DYNG,IF,ils_shadow,ZHANG_USER_ILS_RELATIONS,2024-07-17T00:28:00,DYNG,USER_IF_WL_SD,2,6,1,0,,,,,
r48u_20260914_DYNG_IF_ils_shadow_fix1,DYNG,IF,ils_shadow,ZHANG_USER_ILS_RELATIONS,2024-07-17T00:28:00,DYNG,USER_IF_L1_SD_CONDITIONAL,0,2,1,0,,,,,
r48u_20260914_DYNG_IF_ils_shadow_fix1,DYNG,IF,ils_shadow,ZHANG_USER_ILS_RELATIONS,2024-07-17T00:28:30,DYNG,USER_IF_WL_SD,3,6,1,0,,,,,
r48u_20260914_DYNG_IF_ils_shadow_fix1,DYNG,IF,ils_shadow,ZHANG_USER_ILS_RELATIONS,2024-07-17T00:28:30,DYNG,USER_IF_L1_SD_CONDITIONAL,0,3,1,0,,,,,
r48u_20260914_DYNG_IF_ils_shadow_fix1,DYNG,IF,ils_shadow,ZHANG_USER_ILS_RELATIONS,2024-07-17T00:29:00,DYNG,USER_IF_WL_SD,3,6,1,0,,,,,
r48u_20260914_DYNG_IF_ils_shadow_fix1,DYNG,IF,ils_shadow,ZHANG_USER_ILS_RELATIONS,2024-07-17T00:29:00,DYNG,USER_IF_L1_SD_CONDITIONAL,0,3,1,0,,,,,
r48u_20260914_DYNG_IF_ils_shadow_fix1,DYNG,IF,ils_shadow,ZHANG_USER_ILS_RELATIONS,2024-07-17T00:29:30,DYNG,USER_IF_WL_SD,3,6,1,0,,,,,
r48u_20260914_DYNG_IF_ils_shadow_fix1,DYNG,IF,ils_shadow,ZHANG_USER_ILS_RELATIONS,2024-07-17T00:29:30,DYNG,USER_IF_L1_SD_CONDITIONAL,0,3,1,0,,,,,
r48u_20260914_DYNG_IF_ils_shadow_fix1,DYNG,IF,ils_shadow,ZHANG_USER_ILS_RELATIONS,2024-07-17T00:30:00,DYNG,USER_IF_WL_SD,3,6,1,0,,,,,
r48u_20260914_DYNG_IF_ils_shadow_fix1,DYNG,IF,ils_shadow,ZHANG_USER_ILS_RELATIONS,2024-07-17T00:30:00,DYNG,USER_IF_L1_SD_CONDITIONAL,0,3,1,0,,,,,
r48u_20260914_DYNG_IF_ils_shadow_fix1,DYNG,IF,ils_shadow,ZHANG_USER_ILS_ROW,2024-07-17T00:22:30,DYNG,USER_IF_WL_SD,,,,,0,-28,0 0 1 0 0 0,,
r48u_20260914_DYNG_IF_ils_shadow_fix1,DYNG,IF,ils_shadow,ZHANG_USER_ILS_ROW,2024-07-17T00:23:00,DYNG,USER_IF_WL_SD,,,,,0,-28,0 0 1 0 0 0,,
r48u_20260914_DYNG_IF_ils_shadow_fix1,DYNG,IF,ils_shadow,ZHANG_USER_ILS_ROW,2024-07-17T00:23:30,DYNG,USER_IF_WL_SD,,,,,0,-28,0 1 0 0 0,,
r48u_20260914_DYNG_IF_ils_shadow_fix1,DYNG,IF,ils_shadow,ZHANG_USER_ILS_ROW,2024-07-17T00:24:00,DYNG,USER_IF_WL_SD,,,,,0,-28,0 1 0 0 0,,
r48u_20260914_DYNG_IF_ils_shadow_fix1,DYNG,IF,ils_shadow,ZHANG_USER_ILS_ROW,2024-07-17T00:24:30,DYNG,USER_IF_WL_SD,,,,,0,-28,0 1 0 0 0,,
r48u_20260914_DYNG_IF_ils_shadow_fix1,DYNG,IF,ils_shadow,ZHANG_USER_ILS_ROW,2024-07-17T00:25:00,DYNG,USER_IF_WL_SD,,,,,0,-28,0 1 0 0 0,,
r48u_20260914_DYNG_IF_ils_shadow_fix1,DYNG,IF,ils_shadow,ZHANG_USER_ILS_ROW,2024-07-17T00:25:00,DYNG,USER_IF_WL_SD,,,,,1,0,0 0 0 1 0,,
r48u_20260914_DYNG_IF_ils_shadow_fix1,DYNG,IF,ils_shadow,ZHANG_USER_ILS_ROW,2024-07-17T00:26:00,DYNG,USER_IF_WL_SD,,,,,0,-28,0 1 0 0 0,,
r48u_20260914_DYNG_IF_ils_shadow_fix1,DYNG,IF,ils_shadow,ZHANG_USER_ILS_ROW,2024-07-17T00:26:00,DYNG,USER_IF_WL_SD,,,,,1,0,0 0 0 1 0,,
r48u_20260914_DYNG_IF_ils_shadow_fix1,DYNG,IF,ils_shadow,ZHANG_USER_ILS_ROW,2024-07-17T00:26:30,DYNG,USER_IF_WL_SD,,,,,0,-28,0 1 0 0 0,,
r48u_20260914_DYNG_IF_ils_shadow_fix1,DYNG,IF,ils_shadow,ZHANG_USER_ILS_ROW,2024-07-17T00:26:30,DYNG,USER_IF_WL_SD,,,,,1,0,0 0 0 1 0,,
r48u_20260914_DYNG_IF_ils_shadow_fix1,DYNG,IF,ils_shadow,ZHANG_USER_ILS_ROW,2024-07-17T00:27:00,DYNG,USER_IF_WL_SD,,,,,0,-28,0 0 1 0 0 0,,
r48u_20260914_DYNG_IF_ils_shadow_fix1,DYNG,IF,ils_shadow,ZHANG_USER_ILS_ROW,2024-07-17T00:27:00,DYNG,USER_IF_WL_SD,,,,,1,0,0 0 0 0 1 0,,
r48u_20260914_DYNG_IF_ils_shadow_fix1,DYNG,IF,ils_shadow,ZHANG_USER_ILS_ROW,2024-07-17T00:27:30,DYNG,USER_IF_WL_SD,,,,,0,-28,0 0 1 0 0 0,,
r48u_20260914_DYNG_IF_ils_shadow_fix1,DYNG,IF,ils_shadow,ZHANG_USER_ILS_ROW,2024-07-17T00:27:30,DYNG,USER_IF_WL_SD,,,,,1,0,0 0 0 0 1 0,,
r48u_20260914_DYNG_IF_ils_shadow_fix1,DYNG,IF,ils_shadow,ZHANG_USER_ILS_ROW,2024-07-17T00:28:00,DYNG,USER_IF_WL_SD,,,,,0,-28,0 0 1 0 0 0,,
r48u_20260914_DYNG_IF_ils_shadow_fix1,DYNG,IF,ils_shadow,ZHANG_USER_ILS_ROW,2024-07-17T00:28:00,DYNG,USER_IF_WL_SD,,,,,1,0,0 0 0 0 1 0,,
r48u_20260914_DYNG_IF_ils_shadow_fix1,DYNG,IF,ils_shadow,ZHANG_USER_ILS_ROW,2024-07-17T00:28:30,DYNG,USER_IF_WL_SD,,,,,0,0,0 0 0 0 1 0,,
r48u_20260914_DYNG_IF_ils_shadow_fix1,DYNG,IF,ils_shadow,ZHANG_USER_ILS_ROW,2024-07-17T00:28:30,DYNG,USER_IF_WL_SD,,,,,1,-28,0 0 1 0 0 0,,
r48u_20260914_DYNG_IF_ils_shadow_fix1,DYNG,IF,ils_shadow,ZHANG_USER_ILS_ROW,2024-07-17T00:28:30,DYNG,USER_IF_WL_SD,,,,,2,-4,1 0 0 0 0 0,,
r48u_20260914_DYNG_IF_ils_shadow_fix1,DYNG,IF,ils_shadow,ZHANG_USER_ILS_ROW,2024-07-17T00:29:00,DYNG,USER_IF_WL_SD,,,,,0,0,0 0 0 0 1 0,,
r48u_20260914_DYNG_IF_ils_shadow_fix1,DYNG,IF,ils_shadow,ZHANG_USER_ILS_ROW,2024-07-17T00:29:00,DYNG,USER_IF_WL_SD,,,,,1,-28,0 0 1 0 0 0,,
r48u_20260914_DYNG_IF_ils_shadow_fix1,DYNG,IF,ils_shadow,ZHANG_USER_ILS_ROW,2024-07-17T00:29:00,DYNG,USER_IF_WL_SD,,,,,2,-4,1 0 0 0 0 0,,
r48u_20260914_DYNG_IF_ils_shadow_fix1,DYNG,IF,ils_shadow,ZHANG_USER_ILS_ROW,2024-07-17T00:29:30,DYNG,USER_IF_WL_SD,,,,,0,0,0 0 0 0 1 0,,
r48u_20260914_DYNG_IF_ils_shadow_fix1,DYNG,IF,ils_shadow,ZHANG_USER_ILS_ROW,2024-07-17T00:29:30,DYNG,USER_IF_WL_SD,,,,,1,-28,0 0 1 0 0 0,,
r48u_20260914_DYNG_IF_ils_shadow_fix1,DYNG,IF,ils_shadow,ZHANG_USER_ILS_ROW,2024-07-17T00:29:30,DYNG,USER_IF_WL_SD,,,,,2,-4,1 0 0 0 0 0,,
r48u_20260914_DYNG_IF_ils_shadow_fix1,DYNG,IF,ils_shadow,ZHANG_USER_ILS_ROW,2024-07-17T00:30:00,DYNG,USER_IF_WL_SD,,,,,0,0,0 0 0 0 1 0,,
r48u_20260914_DYNG_IF_ils_shadow_fix1,DYNG,IF,ils_shadow,ZHANG_USER_ILS_ROW,2024-07-17T00:30:00,DYNG,USER_IF_WL_SD,,,,,1,-28,0 0 1 0 0 0,,
r48u_20260914_DYNG_IF_ils_shadow_fix1,DYNG,IF,ils_shadow,ZHANG_USER_ILS_ROW,2024-07-17T00:30:00,DYNG,USER_IF_WL_SD,,,,,2,-4,1 0 0 0 0 0,,
r48u_20260914_DYNG_IF_ils_shadow_fix1,DYNG,IF,ils_shadow,ZHANG_USER_ILS_NAMED_RECOVERY,2024-07-17T00:10:30,DYNG,USER_IF_WL_SD,0,,,,,,,0,1
r48u_20260914_DYNG_IF_ils_shadow_fix1,DYNG,IF,ils_shadow,ZHANG_USER_ILS_NAMED_RECOVERY,2024-07-17T00:17:00,DYNG,USER_IF_WL_SD,0,,,,,,,0,1
r48u_20260914_DYNG_IF_ils_shadow_fix1,DYNG,IF,ils_shadow,ZHANG_USER_ILS_NAMED_RECOVERY,2024-07-17T00:17:30,DYNG,USER_IF_WL_SD,0,,,,,,,0,1
r48u_20260914_DYNG_IF_ils_shadow_fix1,DYNG,IF,ils_shadow,ZHANG_USER_ILS_NAMED_RECOVERY,2024-07-17T00:18:00,DYNG,USER_IF_WL_SD,0,,,,,,,0,1
r48u_20260914_DYNG_IF_ils_shadow_fix1,DYNG,IF,ils_shadow,ZHANG_USER_ILS_NAMED_RECOVERY,2024-07-17T00:18:30,DYNG,USER_IF_WL_SD,0,,,,,,,0,1
r48u_20260914_DYNG_IF_ils_shadow_fix1,DYNG,IF,ils_shadow,ZHANG_USER_ILS_NAMED_RECOVERY,2024-07-17T00:19:00,DYNG,USER_IF_WL_SD,0,,,,,,,0,1
r48u_20260914_DYNG_IF_ils_shadow_fix1,DYNG,IF,ils_shadow,ZHANG_USER_ILS_NAMED_RECOVERY,2024-07-17T00:19:30,DYNG,USER_IF_WL_SD,0,,,,,,,0,1
r48u_20260914_DYNG_IF_ils_shadow_fix1,DYNG,IF,ils_shadow,ZHANG_USER_ILS_NAMED_RECOVERY,2024-07-17T00:20:00,DYNG,USER_IF_WL_SD,0,,,,,,,0,1
r48u_20260914_DYNG_IF_ils_shadow_fix1,DYNG,IF,ils_shadow,ZHANG_USER_ILS_NAMED_RECOVERY,2024-07-17T00:20:30,DYNG,USER_IF_WL_SD,0,,,,,,,0,1
r48u_20260914_DYNG_IF_ils_shadow_fix1,DYNG,IF,ils_shadow,ZHANG_USER_ILS_NAMED_RECOVERY,2024-07-17T00:21:00,DYNG,USER_IF_WL_SD,0,,,,,,,0,1
r48u_20260914_DYNG_IF_ils_shadow_fix1,DYNG,IF,ils_shadow,ZHANG_USER_ILS_NAMED_RECOVERY,2024-07-17T00:21:30,DYNG,USER_IF_WL_SD,0,,,,,,,0,1
r48u_20260914_DYNG_IF_ils_shadow_fix1,DYNG,IF,ils_shadow,ZHANG_USER_ILS_NAMED_RECOVERY,2024-07-17T00:22:00,DYNG,USER_IF_WL_SD,0,,,,,,,0,1
r48u_20260914_DYNG_IF_ils_shadow_fix1,DYNG,IF,ils_shadow,ZHANG_USER_ILS_NAMED_RECOVERY,2024-07-17T00:22:30,DYNG,USER_IF_WL_SD,1,,,,,,,1,1
r48u_20260914_DYNG_IF_ils_shadow_fix1,DYNG,IF,ils_shadow,ZHANG_USER_ILS_NAMED_RECOVERY,2024-07-17T00:22:30,DYNG,USER_IF_L1_SD_CONDITIONAL,0,,,,,,,0,1
r48u_20260914_DYNG_IF_ils_shadow_fix1,DYNG,IF,ils_shadow,ZHANG_USER_ILS_NAMED_RECOVERY,2024-07-17T00:23:00,DYNG,USER_IF_WL_SD,1,,,,,,,1,1
r48u_20260914_DYNG_IF_ils_shadow_fix1,DYNG,IF,ils_shadow,ZHANG_USER_ILS_NAMED_RECOVERY,2024-07-17T00:23:00,DYNG,USER_IF_L1_SD_CONDITIONAL,0,,,,,,,0,1
r48u_20260914_DYNG_IF_ils_shadow_fix1,DYNG,IF,ils_shadow,ZHANG_USER_ILS_NAMED_RECOVERY,2024-07-17T00:23:30,DYNG,USER_IF_WL_SD,1,,,,,,,1,1
r48u_20260914_DYNG_IF_ils_shadow_fix1,DYNG,IF,ils_shadow,ZHANG_USER_ILS_NAMED_RECOVERY,2024-07-17T00:23:30,DYNG,USER_IF_L1_SD_CONDITIONAL,0,,,,,,,0,1
r48u_20260914_DYNG_IF_ils_shadow_fix1,DYNG,IF,ils_shadow,ZHANG_USER_ILS_NAMED_RECOVERY,2024-07-17T00:24:00,DYNG,USER_IF_WL_SD,1,,,,,,,1,1
r48u_20260914_DYNG_IF_ils_shadow_fix1,DYNG,IF,ils_shadow,ZHANG_USER_ILS_NAMED_RECOVERY,2024-07-17T00:24:00,DYNG,USER_IF_L1_SD_CONDITIONAL,0,,,,,,,0,1
r48u_20260914_DYNG_IF_ils_shadow_fix1,DYNG,IF,ils_shadow,ZHANG_USER_ILS_NAMED_RECOVERY,2024-07-17T00:24:30,DYNG,USER_IF_WL_SD,1,,,,,,,1,1
r48u_20260914_DYNG_IF_ils_shadow_fix1,DYNG,IF,ils_shadow,ZHANG_USER_ILS_NAMED_RECOVERY,2024-07-17T00:24:30,DYNG,USER_IF_L1_SD_CONDITIONAL,0,,,,,,,0,1
r48u_20260914_DYNG_IF_ils_shadow_fix1,DYNG,IF,ils_shadow,ZHANG_USER_ILS_NAMED_RECOVERY,2024-07-17T00:25:00,DYNG,USER_IF_WL_SD,2,,,,,,,2,1
r48u_20260914_DYNG_IF_ils_shadow_fix1,DYNG,IF,ils_shadow,ZHANG_USER_ILS_NAMED_RECOVERY,2024-07-17T00:25:00,DYNG,USER_IF_L1_SD_CONDITIONAL,0,,,,,,,0,1
r48u_20260914_DYNG_IF_ils_shadow_fix1,DYNG,IF,ils_shadow,ZHANG_USER_ILS_NAMED_RECOVERY,2024-07-17T00:26:00,DYNG,USER_IF_WL_SD,2,,,,,,,2,1
r48u_20260914_DYNG_IF_ils_shadow_fix1,DYNG,IF,ils_shadow,ZHANG_USER_ILS_NAMED_RECOVERY,2024-07-17T00:26:00,DYNG,USER_IF_L1_SD_CONDITIONAL,0,,,,,,,0,1
r48u_20260914_DYNG_IF_ils_shadow_fix1,DYNG,IF,ils_shadow,ZHANG_USER_ILS_NAMED_RECOVERY,2024-07-17T00:26:30,DYNG,USER_IF_WL_SD,2,,,,,,,2,1
r48u_20260914_DYNG_IF_ils_shadow_fix1,DYNG,IF,ils_shadow,ZHANG_USER_ILS_NAMED_RECOVERY,2024-07-17T00:26:30,DYNG,USER_IF_L1_SD_CONDITIONAL,0,,,,,,,0,1
r48u_20260914_DYNG_IF_ils_shadow_fix1,DYNG,IF,ils_shadow,ZHANG_USER_ILS_NAMED_RECOVERY,2024-07-17T00:27:00,DYNG,USER_IF_WL_SD,2,,,,,,,2,1
r48u_20260914_DYNG_IF_ils_shadow_fix1,DYNG,IF,ils_shadow,ZHANG_USER_ILS_NAMED_RECOVERY,2024-07-17T00:27:00,DYNG,USER_IF_L1_SD_CONDITIONAL,0,,,,,,,0,1
r48u_20260914_DYNG_IF_ils_shadow_fix1,DYNG,IF,ils_shadow,ZHANG_USER_ILS_NAMED_RECOVERY,2024-07-17T00:27:30,DYNG,USER_IF_WL_SD,2,,,,,,,2,1
r48u_20260914_DYNG_IF_ils_shadow_fix1,DYNG,IF,ils_shadow,ZHANG_USER_ILS_NAMED_RECOVERY,2024-07-17T00:27:30,DYNG,USER_IF_L1_SD_CONDITIONAL,0,,,,,,,0,1
r48u_20260914_DYNG_IF_ils_shadow_fix1,DYNG,IF,ils_shadow,ZHANG_USER_ILS_NAMED_RECOVERY,2024-07-17T00:28:00,DYNG,USER_IF_WL_SD,2,,,,,,,2,1
r48u_20260914_DYNG_IF_ils_shadow_fix1,DYNG,IF,ils_shadow,ZHANG_USER_ILS_NAMED_RECOVERY,2024-07-17T00:28:00,DYNG,USER_IF_L1_SD_CONDITIONAL,0,,,,,,,0,1
r48u_20260914_DYNG_IF_ils_shadow_fix1,DYNG,IF,ils_shadow,ZHANG_USER_ILS_NAMED_RECOVERY,2024-07-17T00:28:30,DYNG,USER_IF_WL_SD,3,,,,,,,3,1
r48u_20260914_DYNG_IF_ils_shadow_fix1,DYNG,IF,ils_shadow,ZHANG_USER_ILS_NAMED_RECOVERY,2024-07-17T00:28:30,DYNG,USER_IF_L1_SD_CONDITIONAL,0,,,,,,,0,1
r48u_20260914_DYNG_IF_ils_shadow_fix1,DYNG,IF,ils_shadow,ZHANG_USER_ILS_NAMED_RECOVERY,2024-07-17T00:29:00,DYNG,USER_IF_WL_SD,3,,,,,,,3,1
r48u_20260914_DYNG_IF_ils_shadow_fix1,DYNG,IF,ils_shadow,ZHANG_USER_ILS_NAMED_RECOVERY,2024-07-17T00:29:00,DYNG,USER_IF_L1_SD_CONDITIONAL,0,,,,,,,0,1
r48u_20260914_DYNG_IF_ils_shadow_fix1,DYNG,IF,ils_shadow,ZHANG_USER_ILS_NAMED_RECOVERY,2024-07-17T00:29:30,DYNG,USER_IF_WL_SD,3,,,,,,,3,1
r48u_20260914_DYNG_IF_ils_shadow_fix1,DYNG,IF,ils_shadow,ZHANG_USER_ILS_NAMED_RECOVERY,2024-07-17T00:29:30,DYNG,USER_IF_L1_SD_CONDITIONAL,0,,,,,,,0,1
r48u_20260914_DYNG_IF_ils_shadow_fix1,DYNG,IF,ils_shadow,ZHANG_USER_ILS_NAMED_RECOVERY,2024-07-17T00:30:00,DYNG,USER_IF_WL_SD,3,,,,,,,3,1
r48u_20260914_DYNG_IF_ils_shadow_fix1,DYNG,IF,ils_shadow,ZHANG_USER_ILS_NAMED_RECOVERY,2024-07-17T00:30:00,DYNG,USER_IF_L1_SD_CONDITIONAL,0,,,,,,,0,1
r48u_20260914_DYNG_IF_ils_feedback_fix1,DYNG,IF,ils_feedback,ZHANG_USER_ILS_RELATIONS,2024-07-17T00:10:30,DYNG,USER_IF_WL_SD,0,5,1,0,,,,,
r48u_20260914_DYNG_IF_ils_feedback_fix1,DYNG,IF,ils_feedback,ZHANG_USER_ILS_RELATIONS,2024-07-17T00:17:00,DYNG,USER_IF_WL_SD,0,5,1,0,,,,,
r48u_20260914_DYNG_IF_ils_feedback_fix1,DYNG,IF,ils_feedback,ZHANG_USER_ILS_RELATIONS,2024-07-17T00:17:30,DYNG,USER_IF_WL_SD,0,5,1,0,,,,,
r48u_20260914_DYNG_IF_ils_feedback_fix1,DYNG,IF,ils_feedback,ZHANG_USER_ILS_RELATIONS,2024-07-17T00:18:00,DYNG,USER_IF_WL_SD,0,5,1,0,,,,,
r48u_20260914_DYNG_IF_ils_feedback_fix1,DYNG,IF,ils_feedback,ZHANG_USER_ILS_RELATIONS,2024-07-17T00:18:30,DYNG,USER_IF_WL_SD,0,5,1,0,,,,,
r48u_20260914_DYNG_IF_ils_feedback_fix1,DYNG,IF,ils_feedback,ZHANG_USER_ILS_RELATIONS,2024-07-17T00:19:00,DYNG,USER_IF_WL_SD,0,5,1,0,,,,,
r48u_20260914_DYNG_IF_ils_feedback_fix1,DYNG,IF,ils_feedback,ZHANG_USER_ILS_RELATIONS,2024-07-17T00:19:30,DYNG,USER_IF_WL_SD,0,5,1,0,,,,,
r48u_20260914_DYNG_IF_ils_feedback_fix1,DYNG,IF,ils_feedback,ZHANG_USER_ILS_RELATIONS,2024-07-17T00:20:00,DYNG,USER_IF_WL_SD,0,5,1,0,,,,,
r48u_20260914_DYNG_IF_ils_feedback_fix1,DYNG,IF,ils_feedback,ZHANG_USER_ILS_RELATIONS,2024-07-17T00:20:30,DYNG,USER_IF_WL_SD,0,6,1,0,,,,,
r48u_20260914_DYNG_IF_ils_feedback_fix1,DYNG,IF,ils_feedback,ZHANG_USER_ILS_RELATIONS,2024-07-17T00:21:00,DYNG,USER_IF_WL_SD,0,5,1,0,,,,,
r48u_20260914_DYNG_IF_ils_feedback_fix1,DYNG,IF,ils_feedback,ZHANG_USER_ILS_RELATIONS,2024-07-17T00:21:30,DYNG,USER_IF_WL_SD,0,6,1,0,,,,,
r48u_20260914_DYNG_IF_ils_feedback_fix1,DYNG,IF,ils_feedback,ZHANG_USER_ILS_RELATIONS,2024-07-17T00:22:00,DYNG,USER_IF_WL_SD,0,6,1,0,,,,,
r48u_20260914_DYNG_IF_ils_feedback_fix1,DYNG,IF,ils_feedback,ZHANG_USER_ILS_RELATIONS,2024-07-17T00:22:30,DYNG,USER_IF_WL_SD,1,6,1,0,,,,,
r48u_20260914_DYNG_IF_ils_feedback_fix1,DYNG,IF,ils_feedback,ZHANG_USER_ILS_RELATIONS,2024-07-17T00:22:30,DYNG,USER_IF_L1_SD_CONDITIONAL,0,1,1,0,,,,,
r48u_20260914_DYNG_IF_ils_feedback_fix1,DYNG,IF,ils_feedback,ZHANG_USER_ILS_RELATIONS,2024-07-17T00:23:00,DYNG,USER_IF_WL_SD,1,6,1,0,,,,,
r48u_20260914_DYNG_IF_ils_feedback_fix1,DYNG,IF,ils_feedback,ZHANG_USER_ILS_RELATIONS,2024-07-17T00:23:00,DYNG,USER_IF_L1_SD_CONDITIONAL,0,1,1,0,,,,,
r48u_20260914_DYNG_IF_ils_feedback_fix1,DYNG,IF,ils_feedback,ZHANG_USER_ILS_RELATIONS,2024-07-17T00:23:30,DYNG,USER_IF_WL_SD,1,5,1,0,,,,,
r48u_20260914_DYNG_IF_ils_feedback_fix1,DYNG,IF,ils_feedback,ZHANG_USER_ILS_RELATIONS,2024-07-17T00:23:30,DYNG,USER_IF_L1_SD_CONDITIONAL,0,1,1,0,,,,,
r48u_20260914_DYNG_IF_ils_feedback_fix1,DYNG,IF,ils_feedback,ZHANG_USER_ILS_RELATIONS,2024-07-17T00:24:00,DYNG,USER_IF_WL_SD,1,5,1,0,,,,,
r48u_20260914_DYNG_IF_ils_feedback_fix1,DYNG,IF,ils_feedback,ZHANG_USER_ILS_RELATIONS,2024-07-17T00:24:00,DYNG,USER_IF_L1_SD_CONDITIONAL,0,1,1,0,,,,,
r48u_20260914_DYNG_IF_ils_feedback_fix1,DYNG,IF,ils_feedback,ZHANG_USER_ILS_RELATIONS,2024-07-17T00:24:30,DYNG,USER_IF_WL_SD,1,5,1,0,,,,,
r48u_20260914_DYNG_IF_ils_feedback_fix1,DYNG,IF,ils_feedback,ZHANG_USER_ILS_RELATIONS,2024-07-17T00:24:30,DYNG,USER_IF_L1_SD_CONDITIONAL,0,1,1,0,,,,,
r48u_20260914_DYNG_IF_ils_feedback_fix1,DYNG,IF,ils_feedback,ZHANG_USER_ILS_RELATIONS,2024-07-17T00:25:00,DYNG,USER_IF_WL_SD,2,5,1,0,,,,,
r48u_20260914_DYNG_IF_ils_feedback_fix1,DYNG,IF,ils_feedback,ZHANG_USER_ILS_RELATIONS,2024-07-17T00:25:00,DYNG,USER_IF_L1_SD_CONDITIONAL,0,2,1,0,,,,,
r48u_20260914_DYNG_IF_ils_feedback_fix1,DYNG,IF,ils_feedback,ZHANG_USER_ILS_RELATIONS,2024-07-17T00:26:00,DYNG,USER_IF_WL_SD,2,5,1,0,,,,,
r48u_20260914_DYNG_IF_ils_feedback_fix1,DYNG,IF,ils_feedback,ZHANG_USER_ILS_RELATIONS,2024-07-17T00:26:00,DYNG,USER_IF_L1_SD_CONDITIONAL,0,2,1,0,,,,,
r48u_20260914_DYNG_IF_ils_feedback_fix1,DYNG,IF,ils_feedback,ZHANG_USER_ILS_RELATIONS,2024-07-17T00:26:30,DYNG,USER_IF_WL_SD,2,5,1,0,,,,,
r48u_20260914_DYNG_IF_ils_feedback_fix1,DYNG,IF,ils_feedback,ZHANG_USER_ILS_RELATIONS,2024-07-17T00:26:30,DYNG,USER_IF_L1_SD_CONDITIONAL,0,2,1,0,,,,,
r48u_20260914_DYNG_IF_ils_feedback_fix1,DYNG,IF,ils_feedback,ZHANG_USER_ILS_RELATIONS,2024-07-17T00:27:00,DYNG,USER_IF_WL_SD,2,6,1,0,,,,,
r48u_20260914_DYNG_IF_ils_feedback_fix1,DYNG,IF,ils_feedback,ZHANG_USER_ILS_RELATIONS,2024-07-17T00:27:00,DYNG,USER_IF_L1_SD_CONDITIONAL,0,2,1,0,,,,,
r48u_20260914_DYNG_IF_ils_feedback_fix1,DYNG,IF,ils_feedback,ZHANG_USER_ILS_RELATIONS,2024-07-17T00:27:30,DYNG,USER_IF_WL_SD,2,6,1,0,,,,,
r48u_20260914_DYNG_IF_ils_feedback_fix1,DYNG,IF,ils_feedback,ZHANG_USER_ILS_RELATIONS,2024-07-17T00:27:30,DYNG,USER_IF_L1_SD_CONDITIONAL,0,2,1,0,,,,,
r48u_20260914_DYNG_IF_ils_feedback_fix1,DYNG,IF,ils_feedback,ZHANG_USER_ILS_RELATIONS,2024-07-17T00:28:00,DYNG,USER_IF_WL_SD,2,6,1,0,,,,,
r48u_20260914_DYNG_IF_ils_feedback_fix1,DYNG,IF,ils_feedback,ZHANG_USER_ILS_RELATIONS,2024-07-17T00:28:00,DYNG,USER_IF_L1_SD_CONDITIONAL,0,2,1,0,,,,,
r48u_20260914_DYNG_IF_ils_feedback_fix1,DYNG,IF,ils_feedback,ZHANG_USER_ILS_RELATIONS,2024-07-17T00:28:30,DYNG,USER_IF_WL_SD,3,6,1,0,,,,,
r48u_20260914_DYNG_IF_ils_feedback_fix1,DYNG,IF,ils_feedback,ZHANG_USER_ILS_RELATIONS,2024-07-17T00:28:30,DYNG,USER_IF_L1_SD_CONDITIONAL,0,3,1,0,,,,,
r48u_20260914_DYNG_IF_ils_feedback_fix1,DYNG,IF,ils_feedback,ZHANG_USER_ILS_RELATIONS,2024-07-17T00:29:00,DYNG,USER_IF_WL_SD,3,6,1,0,,,,,
r48u_20260914_DYNG_IF_ils_feedback_fix1,DYNG,IF,ils_feedback,ZHANG_USER_ILS_RELATIONS,2024-07-17T00:29:00,DYNG,USER_IF_L1_SD_CONDITIONAL,0,3,1,0,,,,,
r48u_20260914_DYNG_IF_ils_feedback_fix1,DYNG,IF,ils_feedback,ZHANG_USER_ILS_RELATIONS,2024-07-17T00:29:30,DYNG,USER_IF_WL_SD,3,6,1,0,,,,,
r48u_20260914_DYNG_IF_ils_feedback_fix1,DYNG,IF,ils_feedback,ZHANG_USER_ILS_RELATIONS,2024-07-17T00:29:30,DYNG,USER_IF_L1_SD_CONDITIONAL,0,3,1,0,,,,,
r48u_20260914_DYNG_IF_ils_feedback_fix1,DYNG,IF,ils_feedback,ZHANG_USER_ILS_RELATIONS,2024-07-17T00:30:00,DYNG,USER_IF_WL_SD,3,6,1,0,,,,,
r48u_20260914_DYNG_IF_ils_feedback_fix1,DYNG,IF,ils_feedback,ZHANG_USER_ILS_RELATIONS,2024-07-17T00:30:00,DYNG,USER_IF_L1_SD_CONDITIONAL,0,3,1,0,,,,,
r48u_20260914_DYNG_IF_ils_feedback_fix1,DYNG,IF,ils_feedback,ZHANG_USER_ILS_ROW,2024-07-17T00:22:30,DYNG,USER_IF_WL_SD,,,,,0,-28,0 0 1 0 0 0,,
r48u_20260914_DYNG_IF_ils_feedback_fix1,DYNG,IF,ils_feedback,ZHANG_USER_ILS_ROW,2024-07-17T00:23:00,DYNG,USER_IF_WL_SD,,,,,0,-28,0 0 1 0 0 0,,
r48u_20260914_DYNG_IF_ils_feedback_fix1,DYNG,IF,ils_feedback,ZHANG_USER_ILS_ROW,2024-07-17T00:23:30,DYNG,USER_IF_WL_SD,,,,,0,-28,0 1 0 0 0,,
r48u_20260914_DYNG_IF_ils_feedback_fix1,DYNG,IF,ils_feedback,ZHANG_USER_ILS_ROW,2024-07-17T00:24:00,DYNG,USER_IF_WL_SD,,,,,0,-28,0 1 0 0 0,,
r48u_20260914_DYNG_IF_ils_feedback_fix1,DYNG,IF,ils_feedback,ZHANG_USER_ILS_ROW,2024-07-17T00:24:30,DYNG,USER_IF_WL_SD,,,,,0,-28,0 1 0 0 0,,
r48u_20260914_DYNG_IF_ils_feedback_fix1,DYNG,IF,ils_feedback,ZHANG_USER_ILS_ROW,2024-07-17T00:25:00,DYNG,USER_IF_WL_SD,,,,,0,-28,0 1 0 0 0,,
r48u_20260914_DYNG_IF_ils_feedback_fix1,DYNG,IF,ils_feedback,ZHANG_USER_ILS_ROW,2024-07-17T00:25:00,DYNG,USER_IF_WL_SD,,,,,1,0,0 0 0 1 0,,
r48u_20260914_DYNG_IF_ils_feedback_fix1,DYNG,IF,ils_feedback,ZHANG_USER_ILS_ROW,2024-07-17T00:26:00,DYNG,USER_IF_WL_SD,,,,,0,-28,0 1 0 0 0,,
r48u_20260914_DYNG_IF_ils_feedback_fix1,DYNG,IF,ils_feedback,ZHANG_USER_ILS_ROW,2024-07-17T00:26:00,DYNG,USER_IF_WL_SD,,,,,1,0,0 0 0 1 0,,
r48u_20260914_DYNG_IF_ils_feedback_fix1,DYNG,IF,ils_feedback,ZHANG_USER_ILS_ROW,2024-07-17T00:26:30,DYNG,USER_IF_WL_SD,,,,,0,-28,0 1 0 0 0,,
r48u_20260914_DYNG_IF_ils_feedback_fix1,DYNG,IF,ils_feedback,ZHANG_USER_ILS_ROW,2024-07-17T00:26:30,DYNG,USER_IF_WL_SD,,,,,1,0,0 0 0 1 0,,
r48u_20260914_DYNG_IF_ils_feedback_fix1,DYNG,IF,ils_feedback,ZHANG_USER_ILS_ROW,2024-07-17T00:27:00,DYNG,USER_IF_WL_SD,,,,,0,-28,0 0 1 0 0 0,,
r48u_20260914_DYNG_IF_ils_feedback_fix1,DYNG,IF,ils_feedback,ZHANG_USER_ILS_ROW,2024-07-17T00:27:00,DYNG,USER_IF_WL_SD,,,,,1,0,0 0 0 0 1 0,,
r48u_20260914_DYNG_IF_ils_feedback_fix1,DYNG,IF,ils_feedback,ZHANG_USER_ILS_ROW,2024-07-17T00:27:30,DYNG,USER_IF_WL_SD,,,,,0,-28,0 0 1 0 0 0,,
r48u_20260914_DYNG_IF_ils_feedback_fix1,DYNG,IF,ils_feedback,ZHANG_USER_ILS_ROW,2024-07-17T00:27:30,DYNG,USER_IF_WL_SD,,,,,1,0,0 0 0 0 1 0,,
r48u_20260914_DYNG_IF_ils_feedback_fix1,DYNG,IF,ils_feedback,ZHANG_USER_ILS_ROW,2024-07-17T00:28:00,DYNG,USER_IF_WL_SD,,,,,0,-28,0 0 1 0 0 0,,
r48u_20260914_DYNG_IF_ils_feedback_fix1,DYNG,IF,ils_feedback,ZHANG_USER_ILS_ROW,2024-07-17T00:28:00,DYNG,USER_IF_WL_SD,,,,,1,0,0 0 0 0 1 0,,
r48u_20260914_DYNG_IF_ils_feedback_fix1,DYNG,IF,ils_feedback,ZHANG_USER_ILS_ROW,2024-07-17T00:28:30,DYNG,USER_IF_WL_SD,,,,,0,0,0 0 0 0 1 0,,
r48u_20260914_DYNG_IF_ils_feedback_fix1,DYNG,IF,ils_feedback,ZHANG_USER_ILS_ROW,2024-07-17T00:28:30,DYNG,USER_IF_WL_SD,,,,,1,-28,0 0 1 0 0 0,,
r48u_20260914_DYNG_IF_ils_feedback_fix1,DYNG,IF,ils_feedback,ZHANG_USER_ILS_ROW,2024-07-17T00:28:30,DYNG,USER_IF_WL_SD,,,,,2,-4,1 0 0 0 0 0,,
r48u_20260914_DYNG_IF_ils_feedback_fix1,DYNG,IF,ils_feedback,ZHANG_USER_ILS_ROW,2024-07-17T00:29:00,DYNG,USER_IF_WL_SD,,,,,0,0,0 0 0 0 1 0,,
r48u_20260914_DYNG_IF_ils_feedback_fix1,DYNG,IF,ils_feedback,ZHANG_USER_ILS_ROW,2024-07-17T00:29:00,DYNG,USER_IF_WL_SD,,,,,1,-28,0 0 1 0 0 0,,
r48u_20260914_DYNG_IF_ils_feedback_fix1,DYNG,IF,ils_feedback,ZHANG_USER_ILS_ROW,2024-07-17T00:29:00,DYNG,USER_IF_WL_SD,,,,,2,-4,1 0 0 0 0 0,,
r48u_20260914_DYNG_IF_ils_feedback_fix1,DYNG,IF,ils_feedback,ZHANG_USER_ILS_ROW,2024-07-17T00:29:30,DYNG,USER_IF_WL_SD,,,,,0,0,0 0 0 0 1 0,,
r48u_20260914_DYNG_IF_ils_feedback_fix1,DYNG,IF,ils_feedback,ZHANG_USER_ILS_ROW,2024-07-17T00:29:30,DYNG,USER_IF_WL_SD,,,,,1,-28,0 0 1 0 0 0,,
r48u_20260914_DYNG_IF_ils_feedback_fix1,DYNG,IF,ils_feedback,ZHANG_USER_ILS_ROW,2024-07-17T00:29:30,DYNG,USER_IF_WL_SD,,,,,2,-4,1 0 0 0 0 0,,
r48u_20260914_DYNG_IF_ils_feedback_fix1,DYNG,IF,ils_feedback,ZHANG_USER_ILS_ROW,2024-07-17T00:30:00,DYNG,USER_IF_WL_SD,,,,,0,0,0 0 0 0 1 0,,
r48u_20260914_DYNG_IF_ils_feedback_fix1,DYNG,IF,ils_feedback,ZHANG_USER_ILS_ROW,2024-07-17T00:30:00,DYNG,USER_IF_WL_SD,,,,,1,-28,0 0 1 0 0 0,,
r48u_20260914_DYNG_IF_ils_feedback_fix1,DYNG,IF,ils_feedback,ZHANG_USER_ILS_ROW,2024-07-17T00:30:00,DYNG,USER_IF_WL_SD,,,,,2,-4,1 0 0 0 0 0,,
r48u_20260914_DYNG_IF_ils_feedback_fix1,DYNG,IF,ils_feedback,ZHANG_USER_ILS_NAMED_RECOVERY,2024-07-17T00:10:30,DYNG,USER_IF_WL_SD,0,,,,,,,0,1
r48u_20260914_DYNG_IF_ils_feedback_fix1,DYNG,IF,ils_feedback,ZHANG_USER_ILS_NAMED_RECOVERY,2024-07-17T00:17:00,DYNG,USER_IF_WL_SD,0,,,,,,,0,1
r48u_20260914_DYNG_IF_ils_feedback_fix1,DYNG,IF,ils_feedback,ZHANG_USER_ILS_NAMED_RECOVERY,2024-07-17T00:17:30,DYNG,USER_IF_WL_SD,0,,,,,,,0,1
r48u_20260914_DYNG_IF_ils_feedback_fix1,DYNG,IF,ils_feedback,ZHANG_USER_ILS_NAMED_RECOVERY,2024-07-17T00:18:00,DYNG,USER_IF_WL_SD,0,,,,,,,0,1
r48u_20260914_DYNG_IF_ils_feedback_fix1,DYNG,IF,ils_feedback,ZHANG_USER_ILS_NAMED_RECOVERY,2024-07-17T00:18:30,DYNG,USER_IF_WL_SD,0,,,,,,,0,1
r48u_20260914_DYNG_IF_ils_feedback_fix1,DYNG,IF,ils_feedback,ZHANG_USER_ILS_NAMED_RECOVERY,2024-07-17T00:19:00,DYNG,USER_IF_WL_SD,0,,,,,,,0,1
r48u_20260914_DYNG_IF_ils_feedback_fix1,DYNG,IF,ils_feedback,ZHANG_USER_ILS_NAMED_RECOVERY,2024-07-17T00:19:30,DYNG,USER_IF_WL_SD,0,,,,,,,0,1
r48u_20260914_DYNG_IF_ils_feedback_fix1,DYNG,IF,ils_feedback,ZHANG_USER_ILS_NAMED_RECOVERY,2024-07-17T00:20:00,DYNG,USER_IF_WL_SD,0,,,,,,,0,1
r48u_20260914_DYNG_IF_ils_feedback_fix1,DYNG,IF,ils_feedback,ZHANG_USER_ILS_NAMED_RECOVERY,2024-07-17T00:20:30,DYNG,USER_IF_WL_SD,0,,,,,,,0,1
r48u_20260914_DYNG_IF_ils_feedback_fix1,DYNG,IF,ils_feedback,ZHANG_USER_ILS_NAMED_RECOVERY,2024-07-17T00:21:00,DYNG,USER_IF_WL_SD,0,,,,,,,0,1
r48u_20260914_DYNG_IF_ils_feedback_fix1,DYNG,IF,ils_feedback,ZHANG_USER_ILS_NAMED_RECOVERY,2024-07-17T00:21:30,DYNG,USER_IF_WL_SD,0,,,,,,,0,1
r48u_20260914_DYNG_IF_ils_feedback_fix1,DYNG,IF,ils_feedback,ZHANG_USER_ILS_NAMED_RECOVERY,2024-07-17T00:22:00,DYNG,USER_IF_WL_SD,0,,,,,,,0,1
r48u_20260914_DYNG_IF_ils_feedback_fix1,DYNG,IF,ils_feedback,ZHANG_USER_ILS_NAMED_RECOVERY,2024-07-17T00:22:30,DYNG,USER_IF_WL_SD,1,,,,,,,1,1
r48u_20260914_DYNG_IF_ils_feedback_fix1,DYNG,IF,ils_feedback,ZHANG_USER_ILS_NAMED_RECOVERY,2024-07-17T00:22:30,DYNG,USER_IF_L1_SD_CONDITIONAL,0,,,,,,,0,1
r48u_20260914_DYNG_IF_ils_feedback_fix1,DYNG,IF,ils_feedback,ZHANG_USER_ILS_NAMED_RECOVERY,2024-07-17T00:23:00,DYNG,USER_IF_WL_SD,1,,,,,,,1,1
r48u_20260914_DYNG_IF_ils_feedback_fix1,DYNG,IF,ils_feedback,ZHANG_USER_ILS_NAMED_RECOVERY,2024-07-17T00:23:00,DYNG,USER_IF_L1_SD_CONDITIONAL,0,,,,,,,0,1
r48u_20260914_DYNG_IF_ils_feedback_fix1,DYNG,IF,ils_feedback,ZHANG_USER_ILS_NAMED_RECOVERY,2024-07-17T00:23:30,DYNG,USER_IF_WL_SD,1,,,,,,,1,1
r48u_20260914_DYNG_IF_ils_feedback_fix1,DYNG,IF,ils_feedback,ZHANG_USER_ILS_NAMED_RECOVERY,2024-07-17T00:23:30,DYNG,USER_IF_L1_SD_CONDITIONAL,0,,,,,,,0,1
r48u_20260914_DYNG_IF_ils_feedback_fix1,DYNG,IF,ils_feedback,ZHANG_USER_ILS_NAMED_RECOVERY,2024-07-17T00:24:00,DYNG,USER_IF_WL_SD,1,,,,,,,1,1
r48u_20260914_DYNG_IF_ils_feedback_fix1,DYNG,IF,ils_feedback,ZHANG_USER_ILS_NAMED_RECOVERY,2024-07-17T00:24:00,DYNG,USER_IF_L1_SD_CONDITIONAL,0,,,,,,,0,1
r48u_20260914_DYNG_IF_ils_feedback_fix1,DYNG,IF,ils_feedback,ZHANG_USER_ILS_NAMED_RECOVERY,2024-07-17T00:24:30,DYNG,USER_IF_WL_SD,1,,,,,,,1,1
r48u_20260914_DYNG_IF_ils_feedback_fix1,DYNG,IF,ils_feedback,ZHANG_USER_ILS_NAMED_RECOVERY,2024-07-17T00:24:30,DYNG,USER_IF_L1_SD_CONDITIONAL,0,,,,,,,0,1
r48u_20260914_DYNG_IF_ils_feedback_fix1,DYNG,IF,ils_feedback,ZHANG_USER_ILS_NAMED_RECOVERY,2024-07-17T00:25:00,DYNG,USER_IF_WL_SD,2,,,,,,,2,1
r48u_20260914_DYNG_IF_ils_feedback_fix1,DYNG,IF,ils_feedback,ZHANG_USER_ILS_NAMED_RECOVERY,2024-07-17T00:25:00,DYNG,USER_IF_L1_SD_CONDITIONAL,0,,,,,,,0,1
r48u_20260914_DYNG_IF_ils_feedback_fix1,DYNG,IF,ils_feedback,ZHANG_USER_ILS_NAMED_RECOVERY,2024-07-17T00:26:00,DYNG,USER_IF_WL_SD,2,,,,,,,2,1
r48u_20260914_DYNG_IF_ils_feedback_fix1,DYNG,IF,ils_feedback,ZHANG_USER_ILS_NAMED_RECOVERY,2024-07-17T00:26:00,DYNG,USER_IF_L1_SD_CONDITIONAL,0,,,,,,,0,1
r48u_20260914_DYNG_IF_ils_feedback_fix1,DYNG,IF,ils_feedback,ZHANG_USER_ILS_NAMED_RECOVERY,2024-07-17T00:26:30,DYNG,USER_IF_WL_SD,2,,,,,,,2,1
r48u_20260914_DYNG_IF_ils_feedback_fix1,DYNG,IF,ils_feedback,ZHANG_USER_ILS_NAMED_RECOVERY,2024-07-17T00:26:30,DYNG,USER_IF_L1_SD_CONDITIONAL,0,,,,,,,0,1
r48u_20260914_DYNG_IF_ils_feedback_fix1,DYNG,IF,ils_feedback,ZHANG_USER_ILS_NAMED_RECOVERY,2024-07-17T00:27:00,DYNG,USER_IF_WL_SD,2,,,,,,,2,1
r48u_20260914_DYNG_IF_ils_feedback_fix1,DYNG,IF,ils_feedback,ZHANG_USER_ILS_NAMED_RECOVERY,2024-07-17T00:27:00,DYNG,USER_IF_L1_SD_CONDITIONAL,0,,,,,,,0,1
r48u_20260914_DYNG_IF_ils_feedback_fix1,DYNG,IF,ils_feedback,ZHANG_USER_ILS_NAMED_RECOVERY,2024-07-17T00:27:30,DYNG,USER_IF_WL_SD,2,,,,,,,2,1
r48u_20260914_DYNG_IF_ils_feedback_fix1,DYNG,IF,ils_feedback,ZHANG_USER_ILS_NAMED_RECOVERY,2024-07-17T00:27:30,DYNG,USER_IF_L1_SD_CONDITIONAL,0,,,,,,,0,1
r48u_20260914_DYNG_IF_ils_feedback_fix1,DYNG,IF,ils_feedback,ZHANG_USER_ILS_NAMED_RECOVERY,2024-07-17T00:28:00,DYNG,USER_IF_WL_SD,2,,,,,,,2,1
r48u_20260914_DYNG_IF_ils_feedback_fix1,DYNG,IF,ils_feedback,ZHANG_USER_ILS_NAMED_RECOVERY,2024-07-17T00:28:00,DYNG,USER_IF_L1_SD_CONDITIONAL,0,,,,,,,0,1
r48u_20260914_DYNG_IF_ils_feedback_fix1,DYNG,IF,ils_feedback,ZHANG_USER_ILS_NAMED_RECOVERY,2024-07-17T00:28:30,DYNG,USER_IF_WL_SD,3,,,,,,,3,1
r48u_20260914_DYNG_IF_ils_feedback_fix1,DYNG,IF,ils_feedback,ZHANG_USER_ILS_NAMED_RECOVERY,2024-07-17T00:28:30,DYNG,USER_IF_L1_SD_CONDITIONAL,0,,,,,,,0,1
r48u_20260914_DYNG_IF_ils_feedback_fix1,DYNG,IF,ils_feedback,ZHANG_USER_ILS_NAMED_RECOVERY,2024-07-17T00:29:00,DYNG,USER_IF_WL_SD,3,,,,,,,3,1
r48u_20260914_DYNG_IF_ils_feedback_fix1,DYNG,IF,ils_feedback,ZHANG_USER_ILS_NAMED_RECOVERY,2024-07-17T00:29:00,DYNG,USER_IF_L1_SD_CONDITIONAL,0,,,,,,,0,1
r48u_20260914_DYNG_IF_ils_feedback_fix1,DYNG,IF,ils_feedback,ZHANG_USER_ILS_NAMED_RECOVERY,2024-07-17T00:29:30,DYNG,USER_IF_WL_SD,3,,,,,,,3,1
r48u_20260914_DYNG_IF_ils_feedback_fix1,DYNG,IF,ils_feedback,ZHANG_USER_ILS_NAMED_RECOVERY,2024-07-17T00:29:30,DYNG,USER_IF_L1_SD_CONDITIONAL,0,,,,,,,0,1
r48u_20260914_DYNG_IF_ils_feedback_fix1,DYNG,IF,ils_feedback,ZHANG_USER_ILS_NAMED_RECOVERY,2024-07-17T00:30:00,DYNG,USER_IF_WL_SD,3,,,,,,,3,1
r48u_20260914_DYNG_IF_ils_feedback_fix1,DYNG,IF,ils_feedback,ZHANG_USER_ILS_NAMED_RECOVERY,2024-07-17T00:30:00,DYNG,USER_IF_L1_SD_CONDITIONAL,0,,,,,,,0,1
r48u_20260914_NICO_IF_ils_shadow_fix1,NICO,IF,ils_shadow,ZHANG_USER_ILS_RELATIONS,2024-07-17T00:10:30,NICO,USER_IF_WL_SD,0,6,1,0,,,,,
r48u_20260914_NICO_IF_ils_shadow_fix1,NICO,IF,ils_shadow,ZHANG_USER_ILS_RELATIONS,2024-07-17T00:17:00,NICO,USER_IF_WL_SD,0,5,1,0,,,,,
r48u_20260914_NICO_IF_ils_shadow_fix1,NICO,IF,ils_shadow,ZHANG_USER_ILS_RELATIONS,2024-07-17T00:17:30,NICO,USER_IF_WL_SD,0,5,1,0,,,,,
r48u_20260914_NICO_IF_ils_shadow_fix1,NICO,IF,ils_shadow,ZHANG_USER_ILS_RELATIONS,2024-07-17T00:18:00,NICO,USER_IF_WL_SD,0,5,1,0,,,,,
r48u_20260914_NICO_IF_ils_shadow_fix1,NICO,IF,ils_shadow,ZHANG_USER_ILS_RELATIONS,2024-07-17T00:18:30,NICO,USER_IF_WL_SD,0,5,1,0,,,,,
r48u_20260914_NICO_IF_ils_shadow_fix1,NICO,IF,ils_shadow,ZHANG_USER_ILS_RELATIONS,2024-07-17T00:19:00,NICO,USER_IF_WL_SD,0,5,1,0,,,,,
r48u_20260914_NICO_IF_ils_shadow_fix1,NICO,IF,ils_shadow,ZHANG_USER_ILS_RELATIONS,2024-07-17T00:19:30,NICO,USER_IF_WL_SD,0,5,1,0,,,,,
r48u_20260914_NICO_IF_ils_shadow_fix1,NICO,IF,ils_shadow,ZHANG_USER_ILS_RELATIONS,2024-07-17T00:20:00,NICO,USER_IF_WL_SD,0,5,1,0,,,,,
r48u_20260914_NICO_IF_ils_shadow_fix1,NICO,IF,ils_shadow,ZHANG_USER_ILS_RELATIONS,2024-07-17T00:20:30,NICO,USER_IF_WL_SD,0,6,1,0,,,,,
r48u_20260914_NICO_IF_ils_shadow_fix1,NICO,IF,ils_shadow,ZHANG_USER_ILS_RELATIONS,2024-07-17T00:21:00,NICO,USER_IF_WL_SD,0,5,1,0,,,,,
r48u_20260914_NICO_IF_ils_shadow_fix1,NICO,IF,ils_shadow,ZHANG_USER_ILS_RELATIONS,2024-07-17T00:21:30,NICO,USER_IF_WL_SD,0,6,1,0,,,,,
r48u_20260914_NICO_IF_ils_shadow_fix1,NICO,IF,ils_shadow,ZHANG_USER_ILS_RELATIONS,2024-07-17T00:22:00,NICO,USER_IF_WL_SD,0,6,1,0,,,,,
r48u_20260914_NICO_IF_ils_shadow_fix1,NICO,IF,ils_shadow,ZHANG_USER_ILS_RELATIONS,2024-07-17T00:22:30,NICO,USER_IF_WL_SD,0,6,1,0,,,,,
r48u_20260914_NICO_IF_ils_shadow_fix1,NICO,IF,ils_shadow,ZHANG_USER_ILS_RELATIONS,2024-07-17T00:23:00,NICO,USER_IF_WL_SD,1,6,1,0,,,,,
r48u_20260914_NICO_IF_ils_shadow_fix1,NICO,IF,ils_shadow,ZHANG_USER_ILS_RELATIONS,2024-07-17T00:23:00,NICO,USER_IF_L1_SD_CONDITIONAL,0,1,1,0,,,,,
r48u_20260914_NICO_IF_ils_shadow_fix1,NICO,IF,ils_shadow,ZHANG_USER_ILS_RELATIONS,2024-07-17T00:23:30,NICO,USER_IF_WL_SD,1,5,1,0,,,,,
r48u_20260914_NICO_IF_ils_shadow_fix1,NICO,IF,ils_shadow,ZHANG_USER_ILS_RELATIONS,2024-07-17T00:23:30,NICO,USER_IF_L1_SD_CONDITIONAL,0,1,1,0,,,,,
r48u_20260914_NICO_IF_ils_shadow_fix1,NICO,IF,ils_shadow,ZHANG_USER_ILS_RELATIONS,2024-07-17T00:24:00,NICO,USER_IF_WL_SD,1,5,1,0,,,,,
r48u_20260914_NICO_IF_ils_shadow_fix1,NICO,IF,ils_shadow,ZHANG_USER_ILS_RELATIONS,2024-07-17T00:24:00,NICO,USER_IF_L1_SD_CONDITIONAL,0,1,1,0,,,,,
r48u_20260914_NICO_IF_ils_shadow_fix1,NICO,IF,ils_shadow,ZHANG_USER_ILS_RELATIONS,2024-07-17T00:24:30,NICO,USER_IF_WL_SD,1,5,1,0,,,,,
r48u_20260914_NICO_IF_ils_shadow_fix1,NICO,IF,ils_shadow,ZHANG_USER_ILS_RELATIONS,2024-07-17T00:24:30,NICO,USER_IF_L1_SD_CONDITIONAL,0,1,1,0,,,,,
r48u_20260914_NICO_IF_ils_shadow_fix1,NICO,IF,ils_shadow,ZHANG_USER_ILS_RELATIONS,2024-07-17T00:25:00,NICO,USER_IF_WL_SD,2,5,1,0,,,,,
r48u_20260914_NICO_IF_ils_shadow_fix1,NICO,IF,ils_shadow,ZHANG_USER_ILS_RELATIONS,2024-07-17T00:25:00,NICO,USER_IF_L1_SD_CONDITIONAL,0,2,1,0,,,,,
r48u_20260914_NICO_IF_ils_shadow_fix1,NICO,IF,ils_shadow,ZHANG_USER_ILS_RELATIONS,2024-07-17T00:26:00,NICO,USER_IF_WL_SD,2,5,1,0,,,,,
r48u_20260914_NICO_IF_ils_shadow_fix1,NICO,IF,ils_shadow,ZHANG_USER_ILS_RELATIONS,2024-07-17T00:26:00,NICO,USER_IF_L1_SD_CONDITIONAL,0,2,1,0,,,,,
r48u_20260914_NICO_IF_ils_shadow_fix1,NICO,IF,ils_shadow,ZHANG_USER_ILS_RELATIONS,2024-07-17T00:26:30,NICO,USER_IF_WL_SD,2,5,1,0,,,,,
r48u_20260914_NICO_IF_ils_shadow_fix1,NICO,IF,ils_shadow,ZHANG_USER_ILS_RELATIONS,2024-07-17T00:26:30,NICO,USER_IF_L1_SD_CONDITIONAL,0,2,1,0,,,,,
r48u_20260914_NICO_IF_ils_shadow_fix1,NICO,IF,ils_shadow,ZHANG_USER_ILS_RELATIONS,2024-07-17T00:27:00,NICO,USER_IF_WL_SD,2,6,1,0,,,,,
r48u_20260914_NICO_IF_ils_shadow_fix1,NICO,IF,ils_shadow,ZHANG_USER_ILS_RELATIONS,2024-07-17T00:27:00,NICO,USER_IF_L1_SD_CONDITIONAL,0,2,1,0,,,,,
r48u_20260914_NICO_IF_ils_shadow_fix1,NICO,IF,ils_shadow,ZHANG_USER_ILS_RELATIONS,2024-07-17T00:27:30,NICO,USER_IF_WL_SD,2,6,1,0,,,,,
r48u_20260914_NICO_IF_ils_shadow_fix1,NICO,IF,ils_shadow,ZHANG_USER_ILS_RELATIONS,2024-07-17T00:27:30,NICO,USER_IF_L1_SD_CONDITIONAL,0,2,1,0,,,,,
r48u_20260914_NICO_IF_ils_shadow_fix1,NICO,IF,ils_shadow,ZHANG_USER_ILS_RELATIONS,2024-07-17T00:28:00,NICO,USER_IF_WL_SD,2,6,1,0,,,,,
r48u_20260914_NICO_IF_ils_shadow_fix1,NICO,IF,ils_shadow,ZHANG_USER_ILS_RELATIONS,2024-07-17T00:28:00,NICO,USER_IF_L1_SD_CONDITIONAL,0,2,1,0,,,,,
r48u_20260914_NICO_IF_ils_shadow_fix1,NICO,IF,ils_shadow,ZHANG_USER_ILS_RELATIONS,2024-07-17T00:28:30,NICO,USER_IF_WL_SD,3,6,1,0,,,,,
r48u_20260914_NICO_IF_ils_shadow_fix1,NICO,IF,ils_shadow,ZHANG_USER_ILS_RELATIONS,2024-07-17T00:28:30,NICO,USER_IF_L1_SD_CONDITIONAL,0,3,1,0,,,,,
r48u_20260914_NICO_IF_ils_shadow_fix1,NICO,IF,ils_shadow,ZHANG_USER_ILS_RELATIONS,2024-07-17T00:29:00,NICO,USER_IF_WL_SD,3,6,1,0,,,,,
r48u_20260914_NICO_IF_ils_shadow_fix1,NICO,IF,ils_shadow,ZHANG_USER_ILS_RELATIONS,2024-07-17T00:29:00,NICO,USER_IF_L1_SD_CONDITIONAL,0,3,1,0,,,,,
r48u_20260914_NICO_IF_ils_shadow_fix1,NICO,IF,ils_shadow,ZHANG_USER_ILS_RELATIONS,2024-07-17T00:29:30,NICO,USER_IF_WL_SD,3,6,1,0,,,,,
r48u_20260914_NICO_IF_ils_shadow_fix1,NICO,IF,ils_shadow,ZHANG_USER_ILS_RELATIONS,2024-07-17T00:29:30,NICO,USER_IF_L1_SD_CONDITIONAL,0,3,1,0,,,,,
r48u_20260914_NICO_IF_ils_shadow_fix1,NICO,IF,ils_shadow,ZHANG_USER_ILS_RELATIONS,2024-07-17T00:30:00,NICO,USER_IF_WL_SD,3,6,1,0,,,,,
r48u_20260914_NICO_IF_ils_shadow_fix1,NICO,IF,ils_shadow,ZHANG_USER_ILS_RELATIONS,2024-07-17T00:30:00,NICO,USER_IF_L1_SD_CONDITIONAL,0,3,1,0,,,,,
r48u_20260914_NICO_IF_ils_shadow_fix1,NICO,IF,ils_shadow,ZHANG_USER_ILS_ROW,2024-07-17T00:23:00,NICO,USER_IF_WL_SD,,,,,0,29,0 0 1 0 0 0,,
r48u_20260914_NICO_IF_ils_shadow_fix1,NICO,IF,ils_shadow,ZHANG_USER_ILS_ROW,2024-07-17T00:23:30,NICO,USER_IF_WL_SD,,,,,0,29,0 1 0 0 0,,
r48u_20260914_NICO_IF_ils_shadow_fix1,NICO,IF,ils_shadow,ZHANG_USER_ILS_ROW,2024-07-17T00:24:00,NICO,USER_IF_WL_SD,,,,,0,29,0 1 0 0 0,,
r48u_20260914_NICO_IF_ils_shadow_fix1,NICO,IF,ils_shadow,ZHANG_USER_ILS_ROW,2024-07-17T00:24:30,NICO,USER_IF_WL_SD,,,,,0,29,0 1 0 0 0,,
r48u_20260914_NICO_IF_ils_shadow_fix1,NICO,IF,ils_shadow,ZHANG_USER_ILS_ROW,2024-07-17T00:25:00,NICO,USER_IF_WL_SD,,,,,0,29,0 1 0 0 0,,
r48u_20260914_NICO_IF_ils_shadow_fix1,NICO,IF,ils_shadow,ZHANG_USER_ILS_ROW,2024-07-17T00:25:00,NICO,USER_IF_WL_SD,,,,,1,-15,1 0 0 0 0,,
r48u_20260914_NICO_IF_ils_shadow_fix1,NICO,IF,ils_shadow,ZHANG_USER_ILS_ROW,2024-07-17T00:26:00,NICO,USER_IF_WL_SD,,,,,0,29,0 1 0 0 0,,
r48u_20260914_NICO_IF_ils_shadow_fix1,NICO,IF,ils_shadow,ZHANG_USER_ILS_ROW,2024-07-17T00:26:00,NICO,USER_IF_WL_SD,,,,,1,-15,1 0 0 0 0,,
r48u_20260914_NICO_IF_ils_shadow_fix1,NICO,IF,ils_shadow,ZHANG_USER_ILS_ROW,2024-07-17T00:26:30,NICO,USER_IF_WL_SD,,,,,0,29,0 1 0 0 0,,
r48u_20260914_NICO_IF_ils_shadow_fix1,NICO,IF,ils_shadow,ZHANG_USER_ILS_ROW,2024-07-17T00:26:30,NICO,USER_IF_WL_SD,,,,,1,-15,1 0 0 0 0,,
r48u_20260914_NICO_IF_ils_shadow_fix1,NICO,IF,ils_shadow,ZHANG_USER_ILS_ROW,2024-07-17T00:27:00,NICO,USER_IF_WL_SD,,,,,0,29,0 0 1 0 0 0,,
r48u_20260914_NICO_IF_ils_shadow_fix1,NICO,IF,ils_shadow,ZHANG_USER_ILS_ROW,2024-07-17T00:27:00,NICO,USER_IF_WL_SD,,,,,1,-15,1 0 0 0 0 0,,
r48u_20260914_NICO_IF_ils_shadow_fix1,NICO,IF,ils_shadow,ZHANG_USER_ILS_ROW,2024-07-17T00:27:30,NICO,USER_IF_WL_SD,,,,,0,29,0 0 1 0 0 0,,
r48u_20260914_NICO_IF_ils_shadow_fix1,NICO,IF,ils_shadow,ZHANG_USER_ILS_ROW,2024-07-17T00:27:30,NICO,USER_IF_WL_SD,,,,,1,-15,1 0 0 0 0 0,,
r48u_20260914_NICO_IF_ils_shadow_fix1,NICO,IF,ils_shadow,ZHANG_USER_ILS_ROW,2024-07-17T00:28:00,NICO,USER_IF_WL_SD,,,,,0,29,0 0 1 0 0 0,,
r48u_20260914_NICO_IF_ils_shadow_fix1,NICO,IF,ils_shadow,ZHANG_USER_ILS_ROW,2024-07-17T00:28:00,NICO,USER_IF_WL_SD,,,,,1,-15,1 0 0 0 0 0,,
r48u_20260914_NICO_IF_ils_shadow_fix1,NICO,IF,ils_shadow,ZHANG_USER_ILS_ROW,2024-07-17T00:28:30,NICO,USER_IF_WL_SD,,,,,0,29,0 0 1 0 0 0,,
r48u_20260914_NICO_IF_ils_shadow_fix1,NICO,IF,ils_shadow,ZHANG_USER_ILS_ROW,2024-07-17T00:28:30,NICO,USER_IF_WL_SD,,,,,1,12,0 0 0 1 0 0,,
r48u_20260914_NICO_IF_ils_shadow_fix1,NICO,IF,ils_shadow,ZHANG_USER_ILS_ROW,2024-07-17T00:28:30,NICO,USER_IF_WL_SD,,,,,2,-15,1 0 0 0 0 0,,
r48u_20260914_NICO_IF_ils_shadow_fix1,NICO,IF,ils_shadow,ZHANG_USER_ILS_ROW,2024-07-17T00:29:00,NICO,USER_IF_WL_SD,,,,,0,12,0 0 0 1 0 0,,
r48u_20260914_NICO_IF_ils_shadow_fix1,NICO,IF,ils_shadow,ZHANG_USER_ILS_ROW,2024-07-17T00:29:00,NICO,USER_IF_WL_SD,,,,,1,29,0 0 1 0 0 0,,
r48u_20260914_NICO_IF_ils_shadow_fix1,NICO,IF,ils_shadow,ZHANG_USER_ILS_ROW,2024-07-17T00:29:00,NICO,USER_IF_WL_SD,,,,,2,-15,1 0 0 0 0 0,,
r48u_20260914_NICO_IF_ils_shadow_fix1,NICO,IF,ils_shadow,ZHANG_USER_ILS_ROW,2024-07-17T00:29:30,NICO,USER_IF_WL_SD,,,,,0,12,0 0 0 1 0 0,,
r48u_20260914_NICO_IF_ils_shadow_fix1,NICO,IF,ils_shadow,ZHANG_USER_ILS_ROW,2024-07-17T00:29:30,NICO,USER_IF_WL_SD,,,,,1,29,0 0 1 0 0 0,,
r48u_20260914_NICO_IF_ils_shadow_fix1,NICO,IF,ils_shadow,ZHANG_USER_ILS_ROW,2024-07-17T00:29:30,NICO,USER_IF_WL_SD,,,,,2,-15,1 0 0 0 0 0,,
r48u_20260914_NICO_IF_ils_shadow_fix1,NICO,IF,ils_shadow,ZHANG_USER_ILS_ROW,2024-07-17T00:30:00,NICO,USER_IF_WL_SD,,,,,0,12,0 0 0 1 0 0,,
r48u_20260914_NICO_IF_ils_shadow_fix1,NICO,IF,ils_shadow,ZHANG_USER_ILS_ROW,2024-07-17T00:30:00,NICO,USER_IF_WL_SD,,,,,1,-15,1 0 0 0 0 0,,
r48u_20260914_NICO_IF_ils_shadow_fix1,NICO,IF,ils_shadow,ZHANG_USER_ILS_ROW,2024-07-17T00:30:00,NICO,USER_IF_WL_SD,,,,,2,29,0 0 1 0 0 0,,
r48u_20260914_NICO_IF_ils_shadow_fix1,NICO,IF,ils_shadow,ZHANG_USER_ILS_NAMED_RECOVERY,2024-07-17T00:10:30,NICO,USER_IF_WL_SD,0,,,,,,,0,1
r48u_20260914_NICO_IF_ils_shadow_fix1,NICO,IF,ils_shadow,ZHANG_USER_ILS_NAMED_RECOVERY,2024-07-17T00:17:00,NICO,USER_IF_WL_SD,0,,,,,,,0,1
r48u_20260914_NICO_IF_ils_shadow_fix1,NICO,IF,ils_shadow,ZHANG_USER_ILS_NAMED_RECOVERY,2024-07-17T00:17:30,NICO,USER_IF_WL_SD,0,,,,,,,0,1
r48u_20260914_NICO_IF_ils_shadow_fix1,NICO,IF,ils_shadow,ZHANG_USER_ILS_NAMED_RECOVERY,2024-07-17T00:18:00,NICO,USER_IF_WL_SD,0,,,,,,,0,1
r48u_20260914_NICO_IF_ils_shadow_fix1,NICO,IF,ils_shadow,ZHANG_USER_ILS_NAMED_RECOVERY,2024-07-17T00:18:30,NICO,USER_IF_WL_SD,0,,,,,,,0,1
r48u_20260914_NICO_IF_ils_shadow_fix1,NICO,IF,ils_shadow,ZHANG_USER_ILS_NAMED_RECOVERY,2024-07-17T00:19:00,NICO,USER_IF_WL_SD,0,,,,,,,0,1
r48u_20260914_NICO_IF_ils_shadow_fix1,NICO,IF,ils_shadow,ZHANG_USER_ILS_NAMED_RECOVERY,2024-07-17T00:19:30,NICO,USER_IF_WL_SD,0,,,,,,,0,1
r48u_20260914_NICO_IF_ils_shadow_fix1,NICO,IF,ils_shadow,ZHANG_USER_ILS_NAMED_RECOVERY,2024-07-17T00:20:00,NICO,USER_IF_WL_SD,0,,,,,,,0,1
r48u_20260914_NICO_IF_ils_shadow_fix1,NICO,IF,ils_shadow,ZHANG_USER_ILS_NAMED_RECOVERY,2024-07-17T00:20:30,NICO,USER_IF_WL_SD,0,,,,,,,0,1
r48u_20260914_NICO_IF_ils_shadow_fix1,NICO,IF,ils_shadow,ZHANG_USER_ILS_NAMED_RECOVERY,2024-07-17T00:21:00,NICO,USER_IF_WL_SD,0,,,,,,,0,1
r48u_20260914_NICO_IF_ils_shadow_fix1,NICO,IF,ils_shadow,ZHANG_USER_ILS_NAMED_RECOVERY,2024-07-17T00:21:30,NICO,USER_IF_WL_SD,0,,,,,,,0,1
r48u_20260914_NICO_IF_ils_shadow_fix1,NICO,IF,ils_shadow,ZHANG_USER_ILS_NAMED_RECOVERY,2024-07-17T00:22:00,NICO,USER_IF_WL_SD,0,,,,,,,0,1
r48u_20260914_NICO_IF_ils_shadow_fix1,NICO,IF,ils_shadow,ZHANG_USER_ILS_NAMED_RECOVERY,2024-07-17T00:22:30,NICO,USER_IF_WL_SD,0,,,,,,,0,1
r48u_20260914_NICO_IF_ils_shadow_fix1,NICO,IF,ils_shadow,ZHANG_USER_ILS_NAMED_RECOVERY,2024-07-17T00:23:00,NICO,USER_IF_WL_SD,1,,,,,,,1,1
r48u_20260914_NICO_IF_ils_shadow_fix1,NICO,IF,ils_shadow,ZHANG_USER_ILS_NAMED_RECOVERY,2024-07-17T00:23:00,NICO,USER_IF_L1_SD_CONDITIONAL,0,,,,,,,0,1
r48u_20260914_NICO_IF_ils_shadow_fix1,NICO,IF,ils_shadow,ZHANG_USER_ILS_NAMED_RECOVERY,2024-07-17T00:23:30,NICO,USER_IF_WL_SD,1,,,,,,,1,1
r48u_20260914_NICO_IF_ils_shadow_fix1,NICO,IF,ils_shadow,ZHANG_USER_ILS_NAMED_RECOVERY,2024-07-17T00:23:30,NICO,USER_IF_L1_SD_CONDITIONAL,0,,,,,,,0,1
r48u_20260914_NICO_IF_ils_shadow_fix1,NICO,IF,ils_shadow,ZHANG_USER_ILS_NAMED_RECOVERY,2024-07-17T00:24:00,NICO,USER_IF_WL_SD,1,,,,,,,1,1
r48u_20260914_NICO_IF_ils_shadow_fix1,NICO,IF,ils_shadow,ZHANG_USER_ILS_NAMED_RECOVERY,2024-07-17T00:24:00,NICO,USER_IF_L1_SD_CONDITIONAL,0,,,,,,,0,1
r48u_20260914_NICO_IF_ils_shadow_fix1,NICO,IF,ils_shadow,ZHANG_USER_ILS_NAMED_RECOVERY,2024-07-17T00:24:30,NICO,USER_IF_WL_SD,1,,,,,,,1,1
r48u_20260914_NICO_IF_ils_shadow_fix1,NICO,IF,ils_shadow,ZHANG_USER_ILS_NAMED_RECOVERY,2024-07-17T00:24:30,NICO,USER_IF_L1_SD_CONDITIONAL,0,,,,,,,0,1
r48u_20260914_NICO_IF_ils_shadow_fix1,NICO,IF,ils_shadow,ZHANG_USER_ILS_NAMED_RECOVERY,2024-07-17T00:25:00,NICO,USER_IF_WL_SD,2,,,,,,,2,1
r48u_20260914_NICO_IF_ils_shadow_fix1,NICO,IF,ils_shadow,ZHANG_USER_ILS_NAMED_RECOVERY,2024-07-17T00:25:00,NICO,USER_IF_L1_SD_CONDITIONAL,0,,,,,,,0,1
r48u_20260914_NICO_IF_ils_shadow_fix1,NICO,IF,ils_shadow,ZHANG_USER_ILS_NAMED_RECOVERY,2024-07-17T00:26:00,NICO,USER_IF_WL_SD,2,,,,,,,2,1
r48u_20260914_NICO_IF_ils_shadow_fix1,NICO,IF,ils_shadow,ZHANG_USER_ILS_NAMED_RECOVERY,2024-07-17T00:26:00,NICO,USER_IF_L1_SD_CONDITIONAL,0,,,,,,,0,1
r48u_20260914_NICO_IF_ils_shadow_fix1,NICO,IF,ils_shadow,ZHANG_USER_ILS_NAMED_RECOVERY,2024-07-17T00:26:30,NICO,USER_IF_WL_SD,2,,,,,,,2,1
r48u_20260914_NICO_IF_ils_shadow_fix1,NICO,IF,ils_shadow,ZHANG_USER_ILS_NAMED_RECOVERY,2024-07-17T00:26:30,NICO,USER_IF_L1_SD_CONDITIONAL,0,,,,,,,0,1
r48u_20260914_NICO_IF_ils_shadow_fix1,NICO,IF,ils_shadow,ZHANG_USER_ILS_NAMED_RECOVERY,2024-07-17T00:27:00,NICO,USER_IF_WL_SD,2,,,,,,,2,1
r48u_20260914_NICO_IF_ils_shadow_fix1,NICO,IF,ils_shadow,ZHANG_USER_ILS_NAMED_RECOVERY,2024-07-17T00:27:00,NICO,USER_IF_L1_SD_CONDITIONAL,0,,,,,,,0,1
r48u_20260914_NICO_IF_ils_shadow_fix1,NICO,IF,ils_shadow,ZHANG_USER_ILS_NAMED_RECOVERY,2024-07-17T00:27:30,NICO,USER_IF_WL_SD,2,,,,,,,2,1
r48u_20260914_NICO_IF_ils_shadow_fix1,NICO,IF,ils_shadow,ZHANG_USER_ILS_NAMED_RECOVERY,2024-07-17T00:27:30,NICO,USER_IF_L1_SD_CONDITIONAL,0,,,,,,,0,1
r48u_20260914_NICO_IF_ils_shadow_fix1,NICO,IF,ils_shadow,ZHANG_USER_ILS_NAMED_RECOVERY,2024-07-17T00:28:00,NICO,USER_IF_WL_SD,2,,,,,,,2,1
r48u_20260914_NICO_IF_ils_shadow_fix1,NICO,IF,ils_shadow,ZHANG_USER_ILS_NAMED_RECOVERY,2024-07-17T00:28:00,NICO,USER_IF_L1_SD_CONDITIONAL,0,,,,,,,0,1
r48u_20260914_NICO_IF_ils_shadow_fix1,NICO,IF,ils_shadow,ZHANG_USER_ILS_NAMED_RECOVERY,2024-07-17T00:28:30,NICO,USER_IF_WL_SD,3,,,,,,,3,1
r48u_20260914_NICO_IF_ils_shadow_fix1,NICO,IF,ils_shadow,ZHANG_USER_ILS_NAMED_RECOVERY,2024-07-17T00:28:30,NICO,USER_IF_L1_SD_CONDITIONAL,0,,,,,,,0,1
r48u_20260914_NICO_IF_ils_shadow_fix1,NICO,IF,ils_shadow,ZHANG_USER_ILS_NAMED_RECOVERY,2024-07-17T00:29:00,NICO,USER_IF_WL_SD,3,,,,,,,3,1
r48u_20260914_NICO_IF_ils_shadow_fix1,NICO,IF,ils_shadow,ZHANG_USER_ILS_NAMED_RECOVERY,2024-07-17T00:29:00,NICO,USER_IF_L1_SD_CONDITIONAL,0,,,,,,,0,1
r48u_20260914_NICO_IF_ils_shadow_fix1,NICO,IF,ils_shadow,ZHANG_USER_ILS_NAMED_RECOVERY,2024-07-17T00:29:30,NICO,USER_IF_WL_SD,3,,,,,,,3,1
r48u_20260914_NICO_IF_ils_shadow_fix1,NICO,IF,ils_shadow,ZHANG_USER_ILS_NAMED_RECOVERY,2024-07-17T00:29:30,NICO,USER_IF_L1_SD_CONDITIONAL,0,,,,,,,0,1
r48u_20260914_NICO_IF_ils_shadow_fix1,NICO,IF,ils_shadow,ZHANG_USER_ILS_NAMED_RECOVERY,2024-07-17T00:30:00,NICO,USER_IF_WL_SD,3,,,,,,,3,1
r48u_20260914_NICO_IF_ils_shadow_fix1,NICO,IF,ils_shadow,ZHANG_USER_ILS_NAMED_RECOVERY,2024-07-17T00:30:00,NICO,USER_IF_L1_SD_CONDITIONAL,0,,,,,,,0,1
r48u_20260914_NICO_IF_ils_feedback_fix1,NICO,IF,ils_feedback,ZHANG_USER_ILS_RELATIONS,2024-07-17T00:10:30,NICO,USER_IF_WL_SD,0,6,1,0,,,,,
r48u_20260914_NICO_IF_ils_feedback_fix1,NICO,IF,ils_feedback,ZHANG_USER_ILS_RELATIONS,2024-07-17T00:17:00,NICO,USER_IF_WL_SD,0,5,1,0,,,,,
r48u_20260914_NICO_IF_ils_feedback_fix1,NICO,IF,ils_feedback,ZHANG_USER_ILS_RELATIONS,2024-07-17T00:17:30,NICO,USER_IF_WL_SD,0,5,1,0,,,,,
r48u_20260914_NICO_IF_ils_feedback_fix1,NICO,IF,ils_feedback,ZHANG_USER_ILS_RELATIONS,2024-07-17T00:18:00,NICO,USER_IF_WL_SD,0,5,1,0,,,,,
r48u_20260914_NICO_IF_ils_feedback_fix1,NICO,IF,ils_feedback,ZHANG_USER_ILS_RELATIONS,2024-07-17T00:18:30,NICO,USER_IF_WL_SD,0,5,1,0,,,,,
r48u_20260914_NICO_IF_ils_feedback_fix1,NICO,IF,ils_feedback,ZHANG_USER_ILS_RELATIONS,2024-07-17T00:19:00,NICO,USER_IF_WL_SD,0,5,1,0,,,,,
r48u_20260914_NICO_IF_ils_feedback_fix1,NICO,IF,ils_feedback,ZHANG_USER_ILS_RELATIONS,2024-07-17T00:19:30,NICO,USER_IF_WL_SD,0,5,1,0,,,,,
r48u_20260914_NICO_IF_ils_feedback_fix1,NICO,IF,ils_feedback,ZHANG_USER_ILS_RELATIONS,2024-07-17T00:20:00,NICO,USER_IF_WL_SD,0,5,1,0,,,,,
r48u_20260914_NICO_IF_ils_feedback_fix1,NICO,IF,ils_feedback,ZHANG_USER_ILS_RELATIONS,2024-07-17T00:20:30,NICO,USER_IF_WL_SD,0,6,1,0,,,,,
r48u_20260914_NICO_IF_ils_feedback_fix1,NICO,IF,ils_feedback,ZHANG_USER_ILS_RELATIONS,2024-07-17T00:21:00,NICO,USER_IF_WL_SD,0,5,1,0,,,,,
r48u_20260914_NICO_IF_ils_feedback_fix1,NICO,IF,ils_feedback,ZHANG_USER_ILS_RELATIONS,2024-07-17T00:21:30,NICO,USER_IF_WL_SD,0,6,1,0,,,,,
r48u_20260914_NICO_IF_ils_feedback_fix1,NICO,IF,ils_feedback,ZHANG_USER_ILS_RELATIONS,2024-07-17T00:22:00,NICO,USER_IF_WL_SD,0,6,1,0,,,,,
r48u_20260914_NICO_IF_ils_feedback_fix1,NICO,IF,ils_feedback,ZHANG_USER_ILS_RELATIONS,2024-07-17T00:22:30,NICO,USER_IF_WL_SD,0,6,1,0,,,,,
r48u_20260914_NICO_IF_ils_feedback_fix1,NICO,IF,ils_feedback,ZHANG_USER_ILS_RELATIONS,2024-07-17T00:23:00,NICO,USER_IF_WL_SD,1,6,1,0,,,,,
r48u_20260914_NICO_IF_ils_feedback_fix1,NICO,IF,ils_feedback,ZHANG_USER_ILS_RELATIONS,2024-07-17T00:23:00,NICO,USER_IF_L1_SD_CONDITIONAL,0,1,1,0,,,,,
r48u_20260914_NICO_IF_ils_feedback_fix1,NICO,IF,ils_feedback,ZHANG_USER_ILS_RELATIONS,2024-07-17T00:23:30,NICO,USER_IF_WL_SD,1,5,1,0,,,,,
r48u_20260914_NICO_IF_ils_feedback_fix1,NICO,IF,ils_feedback,ZHANG_USER_ILS_RELATIONS,2024-07-17T00:23:30,NICO,USER_IF_L1_SD_CONDITIONAL,0,1,1,0,,,,,
r48u_20260914_NICO_IF_ils_feedback_fix1,NICO,IF,ils_feedback,ZHANG_USER_ILS_RELATIONS,2024-07-17T00:24:00,NICO,USER_IF_WL_SD,1,5,1,0,,,,,
r48u_20260914_NICO_IF_ils_feedback_fix1,NICO,IF,ils_feedback,ZHANG_USER_ILS_RELATIONS,2024-07-17T00:24:00,NICO,USER_IF_L1_SD_CONDITIONAL,0,1,1,0,,,,,
r48u_20260914_NICO_IF_ils_feedback_fix1,NICO,IF,ils_feedback,ZHANG_USER_ILS_RELATIONS,2024-07-17T00:24:30,NICO,USER_IF_WL_SD,1,5,1,0,,,,,
r48u_20260914_NICO_IF_ils_feedback_fix1,NICO,IF,ils_feedback,ZHANG_USER_ILS_RELATIONS,2024-07-17T00:24:30,NICO,USER_IF_L1_SD_CONDITIONAL,0,1,1,0,,,,,
r48u_20260914_NICO_IF_ils_feedback_fix1,NICO,IF,ils_feedback,ZHANG_USER_ILS_RELATIONS,2024-07-17T00:25:00,NICO,USER_IF_WL_SD,2,5,1,0,,,,,
r48u_20260914_NICO_IF_ils_feedback_fix1,NICO,IF,ils_feedback,ZHANG_USER_ILS_RELATIONS,2024-07-17T00:25:00,NICO,USER_IF_L1_SD_CONDITIONAL,0,2,1,0,,,,,
r48u_20260914_NICO_IF_ils_feedback_fix1,NICO,IF,ils_feedback,ZHANG_USER_ILS_RELATIONS,2024-07-17T00:26:00,NICO,USER_IF_WL_SD,2,5,1,0,,,,,
r48u_20260914_NICO_IF_ils_feedback_fix1,NICO,IF,ils_feedback,ZHANG_USER_ILS_RELATIONS,2024-07-17T00:26:00,NICO,USER_IF_L1_SD_CONDITIONAL,0,2,1,0,,,,,
r48u_20260914_NICO_IF_ils_feedback_fix1,NICO,IF,ils_feedback,ZHANG_USER_ILS_RELATIONS,2024-07-17T00:26:30,NICO,USER_IF_WL_SD,2,5,1,0,,,,,
r48u_20260914_NICO_IF_ils_feedback_fix1,NICO,IF,ils_feedback,ZHANG_USER_ILS_RELATIONS,2024-07-17T00:26:30,NICO,USER_IF_L1_SD_CONDITIONAL,0,2,1,0,,,,,
r48u_20260914_NICO_IF_ils_feedback_fix1,NICO,IF,ils_feedback,ZHANG_USER_ILS_RELATIONS,2024-07-17T00:27:00,NICO,USER_IF_WL_SD,2,6,1,0,,,,,
r48u_20260914_NICO_IF_ils_feedback_fix1,NICO,IF,ils_feedback,ZHANG_USER_ILS_RELATIONS,2024-07-17T00:27:00,NICO,USER_IF_L1_SD_CONDITIONAL,0,2,1,0,,,,,
r48u_20260914_NICO_IF_ils_feedback_fix1,NICO,IF,ils_feedback,ZHANG_USER_ILS_RELATIONS,2024-07-17T00:27:30,NICO,USER_IF_WL_SD,2,6,1,0,,,,,
r48u_20260914_NICO_IF_ils_feedback_fix1,NICO,IF,ils_feedback,ZHANG_USER_ILS_RELATIONS,2024-07-17T00:27:30,NICO,USER_IF_L1_SD_CONDITIONAL,0,2,1,0,,,,,
r48u_20260914_NICO_IF_ils_feedback_fix1,NICO,IF,ils_feedback,ZHANG_USER_ILS_RELATIONS,2024-07-17T00:28:00,NICO,USER_IF_WL_SD,2,6,1,0,,,,,
r48u_20260914_NICO_IF_ils_feedback_fix1,NICO,IF,ils_feedback,ZHANG_USER_ILS_RELATIONS,2024-07-17T00:28:00,NICO,USER_IF_L1_SD_CONDITIONAL,0,2,1,0,,,,,
r48u_20260914_NICO_IF_ils_feedback_fix1,NICO,IF,ils_feedback,ZHANG_USER_ILS_RELATIONS,2024-07-17T00:28:30,NICO,USER_IF_WL_SD,3,6,1,0,,,,,
r48u_20260914_NICO_IF_ils_feedback_fix1,NICO,IF,ils_feedback,ZHANG_USER_ILS_RELATIONS,2024-07-17T00:28:30,NICO,USER_IF_L1_SD_CONDITIONAL,0,3,1,0,,,,,
r48u_20260914_NICO_IF_ils_feedback_fix1,NICO,IF,ils_feedback,ZHANG_USER_ILS_RELATIONS,2024-07-17T00:29:00,NICO,USER_IF_WL_SD,3,6,1,0,,,,,
r48u_20260914_NICO_IF_ils_feedback_fix1,NICO,IF,ils_feedback,ZHANG_USER_ILS_RELATIONS,2024-07-17T00:29:00,NICO,USER_IF_L1_SD_CONDITIONAL,0,3,1,0,,,,,
r48u_20260914_NICO_IF_ils_feedback_fix1,NICO,IF,ils_feedback,ZHANG_USER_ILS_RELATIONS,2024-07-17T00:29:30,NICO,USER_IF_WL_SD,3,6,1,0,,,,,
r48u_20260914_NICO_IF_ils_feedback_fix1,NICO,IF,ils_feedback,ZHANG_USER_ILS_RELATIONS,2024-07-17T00:29:30,NICO,USER_IF_L1_SD_CONDITIONAL,0,3,1,0,,,,,
r48u_20260914_NICO_IF_ils_feedback_fix1,NICO,IF,ils_feedback,ZHANG_USER_ILS_RELATIONS,2024-07-17T00:30:00,NICO,USER_IF_WL_SD,3,6,1,0,,,,,
r48u_20260914_NICO_IF_ils_feedback_fix1,NICO,IF,ils_feedback,ZHANG_USER_ILS_RELATIONS,2024-07-17T00:30:00,NICO,USER_IF_L1_SD_CONDITIONAL,0,3,1,0,,,,,
r48u_20260914_NICO_IF_ils_feedback_fix1,NICO,IF,ils_feedback,ZHANG_USER_ILS_ROW,2024-07-17T00:23:00,NICO,USER_IF_WL_SD,,,,,0,29,0 0 1 0 0 0,,
r48u_20260914_NICO_IF_ils_feedback_fix1,NICO,IF,ils_feedback,ZHANG_USER_ILS_ROW,2024-07-17T00:23:30,NICO,USER_IF_WL_SD,,,,,0,29,0 1 0 0 0,,
r48u_20260914_NICO_IF_ils_feedback_fix1,NICO,IF,ils_feedback,ZHANG_USER_ILS_ROW,2024-07-17T00:24:00,NICO,USER_IF_WL_SD,,,,,0,29,0 1 0 0 0,,
r48u_20260914_NICO_IF_ils_feedback_fix1,NICO,IF,ils_feedback,ZHANG_USER_ILS_ROW,2024-07-17T00:24:30,NICO,USER_IF_WL_SD,,,,,0,29,0 1 0 0 0,,
r48u_20260914_NICO_IF_ils_feedback_fix1,NICO,IF,ils_feedback,ZHANG_USER_ILS_ROW,2024-07-17T00:25:00,NICO,USER_IF_WL_SD,,,,,0,29,0 1 0 0 0,,
r48u_20260914_NICO_IF_ils_feedback_fix1,NICO,IF,ils_feedback,ZHANG_USER_ILS_ROW,2024-07-17T00:25:00,NICO,USER_IF_WL_SD,,,,,1,-15,1 0 0 0 0,,
r48u_20260914_NICO_IF_ils_feedback_fix1,NICO,IF,ils_feedback,ZHANG_USER_ILS_ROW,2024-07-17T00:26:00,NICO,USER_IF_WL_SD,,,,,0,29,0 1 0 0 0,,
r48u_20260914_NICO_IF_ils_feedback_fix1,NICO,IF,ils_feedback,ZHANG_USER_ILS_ROW,2024-07-17T00:26:00,NICO,USER_IF_WL_SD,,,,,1,-15,1 0 0 0 0,,
r48u_20260914_NICO_IF_ils_feedback_fix1,NICO,IF,ils_feedback,ZHANG_USER_ILS_ROW,2024-07-17T00:26:30,NICO,USER_IF_WL_SD,,,,,0,29,0 1 0 0 0,,
r48u_20260914_NICO_IF_ils_feedback_fix1,NICO,IF,ils_feedback,ZHANG_USER_ILS_ROW,2024-07-17T00:26:30,NICO,USER_IF_WL_SD,,,,,1,-15,1 0 0 0 0,,
r48u_20260914_NICO_IF_ils_feedback_fix1,NICO,IF,ils_feedback,ZHANG_USER_ILS_ROW,2024-07-17T00:27:00,NICO,USER_IF_WL_SD,,,,,0,29,0 0 1 0 0 0,,
r48u_20260914_NICO_IF_ils_feedback_fix1,NICO,IF,ils_feedback,ZHANG_USER_ILS_ROW,2024-07-17T00:27:00,NICO,USER_IF_WL_SD,,,,,1,-15,1 0 0 0 0 0,,
r48u_20260914_NICO_IF_ils_feedback_fix1,NICO,IF,ils_feedback,ZHANG_USER_ILS_ROW,2024-07-17T00:27:30,NICO,USER_IF_WL_SD,,,,,0,29,0 0 1 0 0 0,,
r48u_20260914_NICO_IF_ils_feedback_fix1,NICO,IF,ils_feedback,ZHANG_USER_ILS_ROW,2024-07-17T00:27:30,NICO,USER_IF_WL_SD,,,,,1,-15,1 0 0 0 0 0,,
r48u_20260914_NICO_IF_ils_feedback_fix1,NICO,IF,ils_feedback,ZHANG_USER_ILS_ROW,2024-07-17T00:28:00,NICO,USER_IF_WL_SD,,,,,0,29,0 0 1 0 0 0,,
r48u_20260914_NICO_IF_ils_feedback_fix1,NICO,IF,ils_feedback,ZHANG_USER_ILS_ROW,2024-07-17T00:28:00,NICO,USER_IF_WL_SD,,,,,1,-15,1 0 0 0 0 0,,
r48u_20260914_NICO_IF_ils_feedback_fix1,NICO,IF,ils_feedback,ZHANG_USER_ILS_ROW,2024-07-17T00:28:30,NICO,USER_IF_WL_SD,,,,,0,29,0 0 1 0 0 0,,
r48u_20260914_NICO_IF_ils_feedback_fix1,NICO,IF,ils_feedback,ZHANG_USER_ILS_ROW,2024-07-17T00:28:30,NICO,USER_IF_WL_SD,,,,,1,12,0 0 0 1 0 0,,
r48u_20260914_NICO_IF_ils_feedback_fix1,NICO,IF,ils_feedback,ZHANG_USER_ILS_ROW,2024-07-17T00:28:30,NICO,USER_IF_WL_SD,,,,,2,-15,1 0 0 0 0 0,,
r48u_20260914_NICO_IF_ils_feedback_fix1,NICO,IF,ils_feedback,ZHANG_USER_ILS_ROW,2024-07-17T00:29:00,NICO,USER_IF_WL_SD,,,,,0,12,0 0 0 1 0 0,,
r48u_20260914_NICO_IF_ils_feedback_fix1,NICO,IF,ils_feedback,ZHANG_USER_ILS_ROW,2024-07-17T00:29:00,NICO,USER_IF_WL_SD,,,,,1,29,0 0 1 0 0 0,,
r48u_20260914_NICO_IF_ils_feedback_fix1,NICO,IF,ils_feedback,ZHANG_USER_ILS_ROW,2024-07-17T00:29:00,NICO,USER_IF_WL_SD,,,,,2,-15,1 0 0 0 0 0,,
r48u_20260914_NICO_IF_ils_feedback_fix1,NICO,IF,ils_feedback,ZHANG_USER_ILS_ROW,2024-07-17T00:29:30,NICO,USER_IF_WL_SD,,,,,0,12,0 0 0 1 0 0,,
r48u_20260914_NICO_IF_ils_feedback_fix1,NICO,IF,ils_feedback,ZHANG_USER_ILS_ROW,2024-07-17T00:29:30,NICO,USER_IF_WL_SD,,,,,1,29,0 0 1 0 0 0,,
r48u_20260914_NICO_IF_ils_feedback_fix1,NICO,IF,ils_feedback,ZHANG_USER_ILS_ROW,2024-07-17T00:29:30,NICO,USER_IF_WL_SD,,,,,2,-15,1 0 0 0 0 0,,
r48u_20260914_NICO_IF_ils_feedback_fix1,NICO,IF,ils_feedback,ZHANG_USER_ILS_ROW,2024-07-17T00:30:00,NICO,USER_IF_WL_SD,,,,,0,12,0 0 0 1 0 0,,
r48u_20260914_NICO_IF_ils_feedback_fix1,NICO,IF,ils_feedback,ZHANG_USER_ILS_ROW,2024-07-17T00:30:00,NICO,USER_IF_WL_SD,,,,,1,-15,1 0 0 0 0 0,,
r48u_20260914_NICO_IF_ils_feedback_fix1,NICO,IF,ils_feedback,ZHANG_USER_ILS_ROW,2024-07-17T00:30:00,NICO,USER_IF_WL_SD,,,,,2,29,0 0 1 0 0 0,,
r48u_20260914_NICO_IF_ils_feedback_fix1,NICO,IF,ils_feedback,ZHANG_USER_ILS_NAMED_RECOVERY,2024-07-17T00:10:30,NICO,USER_IF_WL_SD,0,,,,,,,0,1
r48u_20260914_NICO_IF_ils_feedback_fix1,NICO,IF,ils_feedback,ZHANG_USER_ILS_NAMED_RECOVERY,2024-07-17T00:17:00,NICO,USER_IF_WL_SD,0,,,,,,,0,1
r48u_20260914_NICO_IF_ils_feedback_fix1,NICO,IF,ils_feedback,ZHANG_USER_ILS_NAMED_RECOVERY,2024-07-17T00:17:30,NICO,USER_IF_WL_SD,0,,,,,,,0,1
r48u_20260914_NICO_IF_ils_feedback_fix1,NICO,IF,ils_feedback,ZHANG_USER_ILS_NAMED_RECOVERY,2024-07-17T00:18:00,NICO,USER_IF_WL_SD,0,,,,,,,0,1
r48u_20260914_NICO_IF_ils_feedback_fix1,NICO,IF,ils_feedback,ZHANG_USER_ILS_NAMED_RECOVERY,2024-07-17T00:18:30,NICO,USER_IF_WL_SD,0,,,,,,,0,1
r48u_20260914_NICO_IF_ils_feedback_fix1,NICO,IF,ils_feedback,ZHANG_USER_ILS_NAMED_RECOVERY,2024-07-17T00:19:00,NICO,USER_IF_WL_SD,0,,,,,,,0,1
r48u_20260914_NICO_IF_ils_feedback_fix1,NICO,IF,ils_feedback,ZHANG_USER_ILS_NAMED_RECOVERY,2024-07-17T00:19:30,NICO,USER_IF_WL_SD,0,,,,,,,0,1
r48u_20260914_NICO_IF_ils_feedback_fix1,NICO,IF,ils_feedback,ZHANG_USER_ILS_NAMED_RECOVERY,2024-07-17T00:20:00,NICO,USER_IF_WL_SD,0,,,,,,,0,1
r48u_20260914_NICO_IF_ils_feedback_fix1,NICO,IF,ils_feedback,ZHANG_USER_ILS_NAMED_RECOVERY,2024-07-17T00:20:30,NICO,USER_IF_WL_SD,0,,,,,,,0,1
r48u_20260914_NICO_IF_ils_feedback_fix1,NICO,IF,ils_feedback,ZHANG_USER_ILS_NAMED_RECOVERY,2024-07-17T00:21:00,NICO,USER_IF_WL_SD,0,,,,,,,0,1
r48u_20260914_NICO_IF_ils_feedback_fix1,NICO,IF,ils_feedback,ZHANG_USER_ILS_NAMED_RECOVERY,2024-07-17T00:21:30,NICO,USER_IF_WL_SD,0,,,,,,,0,1
r48u_20260914_NICO_IF_ils_feedback_fix1,NICO,IF,ils_feedback,ZHANG_USER_ILS_NAMED_RECOVERY,2024-07-17T00:22:00,NICO,USER_IF_WL_SD,0,,,,,,,0,1
r48u_20260914_NICO_IF_ils_feedback_fix1,NICO,IF,ils_feedback,ZHANG_USER_ILS_NAMED_RECOVERY,2024-07-17T00:22:30,NICO,USER_IF_WL_SD,0,,,,,,,0,1
r48u_20260914_NICO_IF_ils_feedback_fix1,NICO,IF,ils_feedback,ZHANG_USER_ILS_NAMED_RECOVERY,2024-07-17T00:23:00,NICO,USER_IF_WL_SD,1,,,,,,,1,1
r48u_20260914_NICO_IF_ils_feedback_fix1,NICO,IF,ils_feedback,ZHANG_USER_ILS_NAMED_RECOVERY,2024-07-17T00:23:00,NICO,USER_IF_L1_SD_CONDITIONAL,0,,,,,,,0,1
r48u_20260914_NICO_IF_ils_feedback_fix1,NICO,IF,ils_feedback,ZHANG_USER_ILS_NAMED_RECOVERY,2024-07-17T00:23:30,NICO,USER_IF_WL_SD,1,,,,,,,1,1
r48u_20260914_NICO_IF_ils_feedback_fix1,NICO,IF,ils_feedback,ZHANG_USER_ILS_NAMED_RECOVERY,2024-07-17T00:23:30,NICO,USER_IF_L1_SD_CONDITIONAL,0,,,,,,,0,1
r48u_20260914_NICO_IF_ils_feedback_fix1,NICO,IF,ils_feedback,ZHANG_USER_ILS_NAMED_RECOVERY,2024-07-17T00:24:00,NICO,USER_IF_WL_SD,1,,,,,,,1,1
r48u_20260914_NICO_IF_ils_feedback_fix1,NICO,IF,ils_feedback,ZHANG_USER_ILS_NAMED_RECOVERY,2024-07-17T00:24:00,NICO,USER_IF_L1_SD_CONDITIONAL,0,,,,,,,0,1
r48u_20260914_NICO_IF_ils_feedback_fix1,NICO,IF,ils_feedback,ZHANG_USER_ILS_NAMED_RECOVERY,2024-07-17T00:24:30,NICO,USER_IF_WL_SD,1,,,,,,,1,1
r48u_20260914_NICO_IF_ils_feedback_fix1,NICO,IF,ils_feedback,ZHANG_USER_ILS_NAMED_RECOVERY,2024-07-17T00:24:30,NICO,USER_IF_L1_SD_CONDITIONAL,0,,,,,,,0,1
r48u_20260914_NICO_IF_ils_feedback_fix1,NICO,IF,ils_feedback,ZHANG_USER_ILS_NAMED_RECOVERY,2024-07-17T00:25:00,NICO,USER_IF_WL_SD,2,,,,,,,2,1
r48u_20260914_NICO_IF_ils_feedback_fix1,NICO,IF,ils_feedback,ZHANG_USER_ILS_NAMED_RECOVERY,2024-07-17T00:25:00,NICO,USER_IF_L1_SD_CONDITIONAL,0,,,,,,,0,1
r48u_20260914_NICO_IF_ils_feedback_fix1,NICO,IF,ils_feedback,ZHANG_USER_ILS_NAMED_RECOVERY,2024-07-17T00:26:00,NICO,USER_IF_WL_SD,2,,,,,,,2,1
r48u_20260914_NICO_IF_ils_feedback_fix1,NICO,IF,ils_feedback,ZHANG_USER_ILS_NAMED_RECOVERY,2024-07-17T00:26:00,NICO,USER_IF_L1_SD_CONDITIONAL,0,,,,,,,0,1
r48u_20260914_NICO_IF_ils_feedback_fix1,NICO,IF,ils_feedback,ZHANG_USER_ILS_NAMED_RECOVERY,2024-07-17T00:26:30,NICO,USER_IF_WL_SD,2,,,,,,,2,1
r48u_20260914_NICO_IF_ils_feedback_fix1,NICO,IF,ils_feedback,ZHANG_USER_ILS_NAMED_RECOVERY,2024-07-17T00:26:30,NICO,USER_IF_L1_SD_CONDITIONAL,0,,,,,,,0,1
r48u_20260914_NICO_IF_ils_feedback_fix1,NICO,IF,ils_feedback,ZHANG_USER_ILS_NAMED_RECOVERY,2024-07-17T00:27:00,NICO,USER_IF_WL_SD,2,,,,,,,2,1
r48u_20260914_NICO_IF_ils_feedback_fix1,NICO,IF,ils_feedback,ZHANG_USER_ILS_NAMED_RECOVERY,2024-07-17T00:27:00,NICO,USER_IF_L1_SD_CONDITIONAL,0,,,,,,,0,1
r48u_20260914_NICO_IF_ils_feedback_fix1,NICO,IF,ils_feedback,ZHANG_USER_ILS_NAMED_RECOVERY,2024-07-17T00:27:30,NICO,USER_IF_WL_SD,2,,,,,,,2,1
r48u_20260914_NICO_IF_ils_feedback_fix1,NICO,IF,ils_feedback,ZHANG_USER_ILS_NAMED_RECOVERY,2024-07-17T00:27:30,NICO,USER_IF_L1_SD_CONDITIONAL,0,,,,,,,0,1
r48u_20260914_NICO_IF_ils_feedback_fix1,NICO,IF,ils_feedback,ZHANG_USER_ILS_NAMED_RECOVERY,2024-07-17T00:28:00,NICO,USER_IF_WL_SD,2,,,,,,,2,1
r48u_20260914_NICO_IF_ils_feedback_fix1,NICO,IF,ils_feedback,ZHANG_USER_ILS_NAMED_RECOVERY,2024-07-17T00:28:00,NICO,USER_IF_L1_SD_CONDITIONAL,0,,,,,,,0,1
r48u_20260914_NICO_IF_ils_feedback_fix1,NICO,IF,ils_feedback,ZHANG_USER_ILS_NAMED_RECOVERY,2024-07-17T00:28:30,NICO,USER_IF_WL_SD,3,,,,,,,3,1
r48u_20260914_NICO_IF_ils_feedback_fix1,NICO,IF,ils_feedback,ZHANG_USER_ILS_NAMED_RECOVERY,2024-07-17T00:28:30,NICO,USER_IF_L1_SD_CONDITIONAL,0,,,,,,,0,1
r48u_20260914_NICO_IF_ils_feedback_fix1,NICO,IF,ils_feedback,ZHANG_USER_ILS_NAMED_RECOVERY,2024-07-17T00:29:00,NICO,USER_IF_WL_SD,3,,,,,,,3,1
r48u_20260914_NICO_IF_ils_feedback_fix1,NICO,IF,ils_feedback,ZHANG_USER_ILS_NAMED_RECOVERY,2024-07-17T00:29:00,NICO,USER_IF_L1_SD_CONDITIONAL,0,,,,,,,0,1
r48u_20260914_NICO_IF_ils_feedback_fix1,NICO,IF,ils_feedback,ZHANG_USER_ILS_NAMED_RECOVERY,2024-07-17T00:29:30,NICO,USER_IF_WL_SD,3,,,,,,,3,1
r48u_20260914_NICO_IF_ils_feedback_fix1,NICO,IF,ils_feedback,ZHANG_USER_ILS_NAMED_RECOVERY,2024-07-17T00:29:30,NICO,USER_IF_L1_SD_CONDITIONAL,0,,,,,,,0,1
r48u_20260914_NICO_IF_ils_feedback_fix1,NICO,IF,ils_feedback,ZHANG_USER_ILS_NAMED_RECOVERY,2024-07-17T00:30:00,NICO,USER_IF_WL_SD,3,,,,,,,3,1
r48u_20260914_NICO_IF_ils_feedback_fix1,NICO,IF,ils_feedback,ZHANG_USER_ILS_NAMED_RECOVERY,2024-07-17T00:30:00,NICO,USER_IF_L1_SD_CONDITIONAL,0,,,,,,,0,1
r48u_20260914_BREW_IF_ils_shadow_fix1,BREW,IF,ils_shadow,ZHANG_USER_ILS_RELATIONS,2024-07-17T00:10:00,BREW,USER_IF_WL_SD,0,1,1,0,,,,,
r48u_20260914_BREW_IF_ils_shadow_fix1,BREW,IF,ils_shadow,ZHANG_USER_ILS_RELATIONS,2024-07-17T00:10:30,BREW,USER_IF_WL_SD,0,1,1,0,,,,,
r48u_20260914_BREW_IF_ils_shadow_fix1,BREW,IF,ils_shadow,ZHANG_USER_ILS_RELATIONS,2024-07-17T00:11:00,BREW,USER_IF_WL_SD,0,1,1,0,,,,,
r48u_20260914_BREW_IF_ils_shadow_fix1,BREW,IF,ils_shadow,ZHANG_USER_ILS_RELATIONS,2024-07-17T00:11:30,BREW,USER_IF_WL_SD,0,2,1,0,,,,,
r48u_20260914_BREW_IF_ils_shadow_fix1,BREW,IF,ils_shadow,ZHANG_USER_ILS_RELATIONS,2024-07-17T00:12:00,BREW,USER_IF_WL_SD,0,2,1,0,,,,,
r48u_20260914_BREW_IF_ils_shadow_fix1,BREW,IF,ils_shadow,ZHANG_USER_ILS_RELATIONS,2024-07-17T00:12:30,BREW,USER_IF_WL_SD,0,2,1,0,,,,,
r48u_20260914_BREW_IF_ils_shadow_fix1,BREW,IF,ils_shadow,ZHANG_USER_ILS_RELATIONS,2024-07-17T00:13:00,BREW,USER_IF_WL_SD,0,2,1,0,,,,,
r48u_20260914_BREW_IF_ils_shadow_fix1,BREW,IF,ils_shadow,ZHANG_USER_ILS_RELATIONS,2024-07-17T00:13:30,BREW,USER_IF_WL_SD,0,2,1,0,,,,,
r48u_20260914_BREW_IF_ils_shadow_fix1,BREW,IF,ils_shadow,ZHANG_USER_ILS_RELATIONS,2024-07-17T00:14:00,BREW,USER_IF_WL_SD,0,2,1,0,,,,,
r48u_20260914_BREW_IF_ils_shadow_fix1,BREW,IF,ils_shadow,ZHANG_USER_ILS_RELATIONS,2024-07-17T00:14:30,BREW,USER_IF_WL_SD,0,2,1,0,,,,,
r48u_20260914_BREW_IF_ils_shadow_fix1,BREW,IF,ils_shadow,ZHANG_USER_ILS_RELATIONS,2024-07-17T00:15:00,BREW,USER_IF_WL_SD,0,2,1,0,,,,,
r48u_20260914_BREW_IF_ils_shadow_fix1,BREW,IF,ils_shadow,ZHANG_USER_ILS_RELATIONS,2024-07-17T00:15:30,BREW,USER_IF_WL_SD,0,2,1,0,,,,,
r48u_20260914_BREW_IF_ils_shadow_fix1,BREW,IF,ils_shadow,ZHANG_USER_ILS_RELATIONS,2024-07-17T00:16:00,BREW,USER_IF_WL_SD,0,2,1,0,,,,,
r48u_20260914_BREW_IF_ils_shadow_fix1,BREW,IF,ils_shadow,ZHANG_USER_ILS_RELATIONS,2024-07-17T00:16:30,BREW,USER_IF_WL_SD,0,2,1,0,,,,,
r48u_20260914_BREW_IF_ils_shadow_fix1,BREW,IF,ils_shadow,ZHANG_USER_ILS_RELATIONS,2024-07-17T00:17:00,BREW,USER_IF_WL_SD,0,4,1,0,,,,,
r48u_20260914_BREW_IF_ils_shadow_fix1,BREW,IF,ils_shadow,ZHANG_USER_ILS_RELATIONS,2024-07-17T00:17:30,BREW,USER_IF_WL_SD,0,4,1,0,,,,,
r48u_20260914_BREW_IF_ils_shadow_fix1,BREW,IF,ils_shadow,ZHANG_USER_ILS_RELATIONS,2024-07-17T00:18:00,BREW,USER_IF_WL_SD,0,4,1,0,,,,,
r48u_20260914_BREW_IF_ils_shadow_fix1,BREW,IF,ils_shadow,ZHANG_USER_ILS_RELATIONS,2024-07-17T00:18:30,BREW,USER_IF_WL_SD,0,4,1,0,,,,,
r48u_20260914_BREW_IF_ils_shadow_fix1,BREW,IF,ils_shadow,ZHANG_USER_ILS_RELATIONS,2024-07-17T00:19:00,BREW,USER_IF_WL_SD,0,4,1,0,,,,,
r48u_20260914_BREW_IF_ils_shadow_fix1,BREW,IF,ils_shadow,ZHANG_USER_ILS_RELATIONS,2024-07-17T00:19:30,BREW,USER_IF_WL_SD,1,4,1,0,,,,,
r48u_20260914_BREW_IF_ils_shadow_fix1,BREW,IF,ils_shadow,ZHANG_USER_ILS_RELATIONS,2024-07-17T00:20:00,BREW,USER_IF_WL_SD,1,4,1,0,,,,,
r48u_20260914_BREW_IF_ils_shadow_fix1,BREW,IF,ils_shadow,ZHANG_USER_ILS_RELATIONS,2024-07-17T00:20:30,BREW,USER_IF_WL_SD,1,5,1,0,,,,,
r48u_20260914_BREW_IF_ils_shadow_fix1,BREW,IF,ils_shadow,ZHANG_USER_ILS_RELATIONS,2024-07-17T00:21:00,BREW,USER_IF_WL_SD,1,4,1,0,,,,,
r48u_20260914_BREW_IF_ils_shadow_fix1,BREW,IF,ils_shadow,ZHANG_USER_ILS_RELATIONS,2024-07-17T00:21:30,BREW,USER_IF_WL_SD,1,4,1,0,,,,,
r48u_20260914_BREW_IF_ils_shadow_fix1,BREW,IF,ils_shadow,ZHANG_USER_ILS_RELATIONS,2024-07-17T00:22:00,BREW,USER_IF_WL_SD,1,5,1,0,,,,,
r48u_20260914_BREW_IF_ils_shadow_fix1,BREW,IF,ils_shadow,ZHANG_USER_ILS_RELATIONS,2024-07-17T00:22:30,BREW,USER_IF_WL_SD,1,5,1,0,,,,,
r48u_20260914_BREW_IF_ils_shadow_fix1,BREW,IF,ils_shadow,ZHANG_USER_ILS_RELATIONS,2024-07-17T00:23:00,BREW,USER_IF_WL_SD,1,5,1,0,,,,,
r48u_20260914_BREW_IF_ils_shadow_fix1,BREW,IF,ils_shadow,ZHANG_USER_ILS_RELATIONS,2024-07-17T00:23:30,BREW,USER_IF_WL_SD,1,4,1,0,,,,,
r48u_20260914_BREW_IF_ils_shadow_fix1,BREW,IF,ils_shadow,ZHANG_USER_ILS_RELATIONS,2024-07-17T00:23:30,BREW,USER_IF_L1_SD_CONDITIONAL,0,1,1,0,,,,,
r48u_20260914_BREW_IF_ils_shadow_fix1,BREW,IF,ils_shadow,ZHANG_USER_ILS_RELATIONS,2024-07-17T00:24:00,BREW,USER_IF_WL_SD,1,5,1,0,,,,,
r48u_20260914_BREW_IF_ils_shadow_fix1,BREW,IF,ils_shadow,ZHANG_USER_ILS_RELATIONS,2024-07-17T00:24:00,BREW,USER_IF_L1_SD_CONDITIONAL,0,1,1,0,,,,,
r48u_20260914_BREW_IF_ils_shadow_fix1,BREW,IF,ils_shadow,ZHANG_USER_ILS_RELATIONS,2024-07-17T00:24:30,BREW,USER_IF_WL_SD,2,5,1,0,,,,,
r48u_20260914_BREW_IF_ils_shadow_fix1,BREW,IF,ils_shadow,ZHANG_USER_ILS_RELATIONS,2024-07-17T00:25:00,BREW,USER_IF_WL_SD,2,5,1,0,,,,,
r48u_20260914_BREW_IF_ils_shadow_fix1,BREW,IF,ils_shadow,ZHANG_USER_ILS_RELATIONS,2024-07-17T00:25:30,BREW,USER_IF_WL_SD,1,2,1,0,,,,,
r48u_20260914_BREW_IF_ils_shadow_fix1,BREW,IF,ils_shadow,ZHANG_USER_ILS_RELATIONS,2024-07-17T00:25:30,BREW,USER_IF_L1_SD_CONDITIONAL,0,1,1,0,,,,,
r48u_20260914_BREW_IF_ils_shadow_fix1,BREW,IF,ils_shadow,ZHANG_USER_ILS_RELATIONS,2024-07-17T00:26:00,BREW,USER_IF_WL_SD,2,4,1,0,,,,,
r48u_20260914_BREW_IF_ils_shadow_fix1,BREW,IF,ils_shadow,ZHANG_USER_ILS_RELATIONS,2024-07-17T00:26:00,BREW,USER_IF_L1_SD_CONDITIONAL,0,1,1,0,,,,,
r48u_20260914_BREW_IF_ils_shadow_fix1,BREW,IF,ils_shadow,ZHANG_USER_ILS_RELATIONS,2024-07-17T00:26:30,BREW,USER_IF_WL_SD,2,4,1,0,,,,,
r48u_20260914_BREW_IF_ils_shadow_fix1,BREW,IF,ils_shadow,ZHANG_USER_ILS_RELATIONS,2024-07-17T00:26:30,BREW,USER_IF_L1_SD_CONDITIONAL,0,1,1,0,,,,,
r48u_20260914_BREW_IF_ils_shadow_fix1,BREW,IF,ils_shadow,ZHANG_USER_ILS_RELATIONS,2024-07-17T00:27:00,BREW,USER_IF_WL_SD,1,3,1,0,,,,,
r48u_20260914_BREW_IF_ils_shadow_fix1,BREW,IF,ils_shadow,ZHANG_USER_ILS_RELATIONS,2024-07-17T00:27:30,BREW,USER_IF_WL_SD,1,3,1,0,,,,,
r48u_20260914_BREW_IF_ils_shadow_fix1,BREW,IF,ils_shadow,ZHANG_USER_ILS_RELATIONS,2024-07-17T00:28:00,BREW,USER_IF_WL_SD,1,3,1,0,,,,,
r48u_20260914_BREW_IF_ils_shadow_fix1,BREW,IF,ils_shadow,ZHANG_USER_ILS_RELATIONS,2024-07-17T00:28:30,BREW,USER_IF_WL_SD,0,4,1,0,,,,,
r48u_20260914_BREW_IF_ils_shadow_fix1,BREW,IF,ils_shadow,ZHANG_USER_ILS_RELATIONS,2024-07-17T00:29:00,BREW,USER_IF_WL_SD,0,4,1,0,,,,,
r48u_20260914_BREW_IF_ils_shadow_fix1,BREW,IF,ils_shadow,ZHANG_USER_ILS_RELATIONS,2024-07-17T00:29:30,BREW,USER_IF_WL_SD,0,4,1,0,,,,,
r48u_20260914_BREW_IF_ils_shadow_fix1,BREW,IF,ils_shadow,ZHANG_USER_ILS_RELATIONS,2024-07-17T00:30:00,BREW,USER_IF_WL_SD,0,4,1,0,,,,,
r48u_20260914_BREW_IF_ils_shadow_fix1,BREW,IF,ils_shadow,ZHANG_USER_ILS_ROW,2024-07-17T00:19:30,BREW,USER_IF_WL_SD,,,,,0,-6,0 0 1 0,,
r48u_20260914_BREW_IF_ils_shadow_fix1,BREW,IF,ils_shadow,ZHANG_USER_ILS_ROW,2024-07-17T00:20:00,BREW,USER_IF_WL_SD,,,,,0,-6,0 0 1 0,,
r48u_20260914_BREW_IF_ils_shadow_fix1,BREW,IF,ils_shadow,ZHANG_USER_ILS_ROW,2024-07-17T00:20:30,BREW,USER_IF_WL_SD,,,,,0,-6,0 0 0 1 0,,
r48u_20260914_BREW_IF_ils_shadow_fix1,BREW,IF,ils_shadow,ZHANG_USER_ILS_ROW,2024-07-17T00:21:00,BREW,USER_IF_WL_SD,,,,,0,-6,0 0 1 0,,
r48u_20260914_BREW_IF_ils_shadow_fix1,BREW,IF,ils_shadow,ZHANG_USER_ILS_ROW,2024-07-17T00:21:30,BREW,USER_IF_WL_SD,,,,,0,-6,0 0 1 0,,
r48u_20260914_BREW_IF_ils_shadow_fix1,BREW,IF,ils_shadow,ZHANG_USER_ILS_ROW,2024-07-17T00:22:00,BREW,USER_IF_WL_SD,,,,,0,-6,0 0 0 1 0,,
r48u_20260914_BREW_IF_ils_shadow_fix1,BREW,IF,ils_shadow,ZHANG_USER_ILS_ROW,2024-07-17T00:22:30,BREW,USER_IF_WL_SD,,,,,0,-6,0 0 0 1 0,,
r48u_20260914_BREW_IF_ils_shadow_fix1,BREW,IF,ils_shadow,ZHANG_USER_ILS_ROW,2024-07-17T00:23:00,BREW,USER_IF_WL_SD,,,,,0,-6,0 0 0 1 0,,
r48u_20260914_BREW_IF_ils_shadow_fix1,BREW,IF,ils_shadow,ZHANG_USER_ILS_ROW,2024-07-17T00:23:30,BREW,USER_IF_WL_SD,,,,,0,-6,0 0 1 0,,
r48u_20260914_BREW_IF_ils_shadow_fix1,BREW,IF,ils_shadow,ZHANG_USER_ILS_ROW,2024-07-17T00:24:00,BREW,USER_IF_WL_SD,,,,,0,-6,0 0 0 1 0,,
r48u_20260914_BREW_IF_ils_shadow_fix1,BREW,IF,ils_shadow,ZHANG_USER_ILS_ROW,2024-07-17T00:24:30,BREW,USER_IF_WL_SD,,,,,0,67,0 0 0 0 1,,
r48u_20260914_BREW_IF_ils_shadow_fix1,BREW,IF,ils_shadow,ZHANG_USER_ILS_ROW,2024-07-17T00:24:30,BREW,USER_IF_WL_SD,,,,,1,-6,0 0 0 1 0,,
r48u_20260914_BREW_IF_ils_shadow_fix1,BREW,IF,ils_shadow,ZHANG_USER_ILS_ROW,2024-07-17T00:25:00,BREW,USER_IF_WL_SD,,,,,0,67,0 0 0 0 1,,
r48u_20260914_BREW_IF_ils_shadow_fix1,BREW,IF,ils_shadow,ZHANG_USER_ILS_ROW,2024-07-17T00:25:00,BREW,USER_IF_WL_SD,,,,,1,-6,0 0 0 1 0,,
r48u_20260914_BREW_IF_ils_shadow_fix1,BREW,IF,ils_shadow,ZHANG_USER_ILS_ROW,2024-07-17T00:25:30,BREW,USER_IF_WL_SD,,,,,0,-6,0 1,,
r48u_20260914_BREW_IF_ils_shadow_fix1,BREW,IF,ils_shadow,ZHANG_USER_ILS_ROW,2024-07-17T00:26:00,BREW,USER_IF_WL_SD,,,,,0,67,0 0 0 1,,
r48u_20260914_BREW_IF_ils_shadow_fix1,BREW,IF,ils_shadow,ZHANG_USER_ILS_ROW,2024-07-17T00:26:00,BREW,USER_IF_WL_SD,,,,,1,-6,0 0 1 0,,
r48u_20260914_BREW_IF_ils_shadow_fix1,BREW,IF,ils_shadow,ZHANG_USER_ILS_ROW,2024-07-17T00:26:30,BREW,USER_IF_WL_SD,,,,,0,67,0 0 0 1,,
r48u_20260914_BREW_IF_ils_shadow_fix1,BREW,IF,ils_shadow,ZHANG_USER_ILS_ROW,2024-07-17T00:26:30,BREW,USER_IF_WL_SD,,,,,1,-6,0 0 1 0,,
r48u_20260914_BREW_IF_ils_shadow_fix1,BREW,IF,ils_shadow,ZHANG_USER_ILS_ROW,2024-07-17T00:27:00,BREW,USER_IF_WL_SD,,,,,0,67,0 0 1,,
r48u_20260914_BREW_IF_ils_shadow_fix1,BREW,IF,ils_shadow,ZHANG_USER_ILS_ROW,2024-07-17T00:27:30,BREW,USER_IF_WL_SD,,,,,0,67,0 0 1,,
r48u_20260914_BREW_IF_ils_shadow_fix1,BREW,IF,ils_shadow,ZHANG_USER_ILS_ROW,2024-07-17T00:28:00,BREW,USER_IF_WL_SD,,,,,0,67,0 0 1,,
r48u_20260914_BREW_IF_ils_shadow_fix1,BREW,IF,ils_shadow,ZHANG_USER_ILS_NAMED_RECOVERY,2024-07-17T00:10:00,BREW,USER_IF_WL_SD,0,,,,,,,0,1
r48u_20260914_BREW_IF_ils_shadow_fix1,BREW,IF,ils_shadow,ZHANG_USER_ILS_NAMED_RECOVERY,2024-07-17T00:10:30,BREW,USER_IF_WL_SD,0,,,,,,,0,1
r48u_20260914_BREW_IF_ils_shadow_fix1,BREW,IF,ils_shadow,ZHANG_USER_ILS_NAMED_RECOVERY,2024-07-17T00:11:00,BREW,USER_IF_WL_SD,0,,,,,,,0,1
r48u_20260914_BREW_IF_ils_shadow_fix1,BREW,IF,ils_shadow,ZHANG_USER_ILS_NAMED_RECOVERY,2024-07-17T00:11:30,BREW,USER_IF_WL_SD,0,,,,,,,0,1
r48u_20260914_BREW_IF_ils_shadow_fix1,BREW,IF,ils_shadow,ZHANG_USER_ILS_NAMED_RECOVERY,2024-07-17T00:12:00,BREW,USER_IF_WL_SD,0,,,,,,,0,1
r48u_20260914_BREW_IF_ils_shadow_fix1,BREW,IF,ils_shadow,ZHANG_USER_ILS_NAMED_RECOVERY,2024-07-17T00:12:30,BREW,USER_IF_WL_SD,0,,,,,,,0,1
r48u_20260914_BREW_IF_ils_shadow_fix1,BREW,IF,ils_shadow,ZHANG_USER_ILS_NAMED_RECOVERY,2024-07-17T00:13:00,BREW,USER_IF_WL_SD,0,,,,,,,0,1
r48u_20260914_BREW_IF_ils_shadow_fix1,BREW,IF,ils_shadow,ZHANG_USER_ILS_NAMED_RECOVERY,2024-07-17T00:13:30,BREW,USER_IF_WL_SD,0,,,,,,,0,1
r48u_20260914_BREW_IF_ils_shadow_fix1,BREW,IF,ils_shadow,ZHANG_USER_ILS_NAMED_RECOVERY,2024-07-17T00:14:00,BREW,USER_IF_WL_SD,0,,,,,,,0,1
r48u_20260914_BREW_IF_ils_shadow_fix1,BREW,IF,ils_shadow,ZHANG_USER_ILS_NAMED_RECOVERY,2024-07-17T00:14:30,BREW,USER_IF_WL_SD,0,,,,,,,0,1
r48u_20260914_BREW_IF_ils_shadow_fix1,BREW,IF,ils_shadow,ZHANG_USER_ILS_NAMED_RECOVERY,2024-07-17T00:15:00,BREW,USER_IF_WL_SD,0,,,,,,,0,1
r48u_20260914_BREW_IF_ils_shadow_fix1,BREW,IF,ils_shadow,ZHANG_USER_ILS_NAMED_RECOVERY,2024-07-17T00:15:30,BREW,USER_IF_WL_SD,0,,,,,,,0,1
r48u_20260914_BREW_IF_ils_shadow_fix1,BREW,IF,ils_shadow,ZHANG_USER_ILS_NAMED_RECOVERY,2024-07-17T00:16:00,BREW,USER_IF_WL_SD,0,,,,,,,0,1
r48u_20260914_BREW_IF_ils_shadow_fix1,BREW,IF,ils_shadow,ZHANG_USER_ILS_NAMED_RECOVERY,2024-07-17T00:16:30,BREW,USER_IF_WL_SD,0,,,,,,,0,1
r48u_20260914_BREW_IF_ils_shadow_fix1,BREW,IF,ils_shadow,ZHANG_USER_ILS_NAMED_RECOVERY,2024-07-17T00:17:00,BREW,USER_IF_WL_SD,0,,,,,,,0,1
r48u_20260914_BREW_IF_ils_shadow_fix1,BREW,IF,ils_shadow,ZHANG_USER_ILS_NAMED_RECOVERY,2024-07-17T00:17:30,BREW,USER_IF_WL_SD,0,,,,,,,0,1
r48u_20260914_BREW_IF_ils_shadow_fix1,BREW,IF,ils_shadow,ZHANG_USER_ILS_NAMED_RECOVERY,2024-07-17T00:18:00,BREW,USER_IF_WL_SD,0,,,,,,,0,1
r48u_20260914_BREW_IF_ils_shadow_fix1,BREW,IF,ils_shadow,ZHANG_USER_ILS_NAMED_RECOVERY,2024-07-17T00:18:30,BREW,USER_IF_WL_SD,0,,,,,,,0,1
r48u_20260914_BREW_IF_ils_shadow_fix1,BREW,IF,ils_shadow,ZHANG_USER_ILS_NAMED_RECOVERY,2024-07-17T00:19:00,BREW,USER_IF_WL_SD,0,,,,,,,0,1
r48u_20260914_BREW_IF_ils_shadow_fix1,BREW,IF,ils_shadow,ZHANG_USER_ILS_NAMED_RECOVERY,2024-07-17T00:19:30,BREW,USER_IF_WL_SD,1,,,,,,,1,1
r48u_20260914_BREW_IF_ils_shadow_fix1,BREW,IF,ils_shadow,ZHANG_USER_ILS_NAMED_RECOVERY,2024-07-17T00:20:00,BREW,USER_IF_WL_SD,1,,,,,,,1,1
r48u_20260914_BREW_IF_ils_shadow_fix1,BREW,IF,ils_shadow,ZHANG_USER_ILS_NAMED_RECOVERY,2024-07-17T00:20:30,BREW,USER_IF_WL_SD,1,,,,,,,1,1
r48u_20260914_BREW_IF_ils_shadow_fix1,BREW,IF,ils_shadow,ZHANG_USER_ILS_NAMED_RECOVERY,2024-07-17T00:21:00,BREW,USER_IF_WL_SD,1,,,,,,,1,1
r48u_20260914_BREW_IF_ils_shadow_fix1,BREW,IF,ils_shadow,ZHANG_USER_ILS_NAMED_RECOVERY,2024-07-17T00:21:30,BREW,USER_IF_WL_SD,1,,,,,,,1,1
r48u_20260914_BREW_IF_ils_shadow_fix1,BREW,IF,ils_shadow,ZHANG_USER_ILS_NAMED_RECOVERY,2024-07-17T00:22:00,BREW,USER_IF_WL_SD,1,,,,,,,1,1
r48u_20260914_BREW_IF_ils_shadow_fix1,BREW,IF,ils_shadow,ZHANG_USER_ILS_NAMED_RECOVERY,2024-07-17T00:22:30,BREW,USER_IF_WL_SD,1,,,,,,,1,1
r48u_20260914_BREW_IF_ils_shadow_fix1,BREW,IF,ils_shadow,ZHANG_USER_ILS_NAMED_RECOVERY,2024-07-17T00:23:00,BREW,USER_IF_WL_SD,1,,,,,,,1,1
r48u_20260914_BREW_IF_ils_shadow_fix1,BREW,IF,ils_shadow,ZHANG_USER_ILS_NAMED_RECOVERY,2024-07-17T00:23:30,BREW,USER_IF_WL_SD,1,,,,,,,1,1
r48u_20260914_BREW_IF_ils_shadow_fix1,BREW,IF,ils_shadow,ZHANG_USER_ILS_NAMED_RECOVERY,2024-07-17T00:23:30,BREW,USER_IF_L1_SD_CONDITIONAL,0,,,,,,,0,1
r48u_20260914_BREW_IF_ils_shadow_fix1,BREW,IF,ils_shadow,ZHANG_USER_ILS_NAMED_RECOVERY,2024-07-17T00:24:00,BREW,USER_IF_WL_SD,1,,,,,,,1,1
r48u_20260914_BREW_IF_ils_shadow_fix1,BREW,IF,ils_shadow,ZHANG_USER_ILS_NAMED_RECOVERY,2024-07-17T00:24:00,BREW,USER_IF_L1_SD_CONDITIONAL,0,,,,,,,0,1
r48u_20260914_BREW_IF_ils_shadow_fix1,BREW,IF,ils_shadow,ZHANG_USER_ILS_NAMED_RECOVERY,2024-07-17T00:24:30,BREW,USER_IF_WL_SD,2,,,,,,,2,1
r48u_20260914_BREW_IF_ils_shadow_fix1,BREW,IF,ils_shadow,ZHANG_USER_ILS_NAMED_RECOVERY,2024-07-17T00:25:00,BREW,USER_IF_WL_SD,2,,,,,,,2,1
r48u_20260914_BREW_IF_ils_shadow_fix1,BREW,IF,ils_shadow,ZHANG_USER_ILS_NAMED_RECOVERY,2024-07-17T00:25:30,BREW,USER_IF_WL_SD,1,,,,,,,1,1
r48u_20260914_BREW_IF_ils_shadow_fix1,BREW,IF,ils_shadow,ZHANG_USER_ILS_NAMED_RECOVERY,2024-07-17T00:25:30,BREW,USER_IF_L1_SD_CONDITIONAL,0,,,,,,,0,1
r48u_20260914_BREW_IF_ils_shadow_fix1,BREW,IF,ils_shadow,ZHANG_USER_ILS_NAMED_RECOVERY,2024-07-17T00:26:00,BREW,USER_IF_WL_SD,2,,,,,,,2,1
r48u_20260914_BREW_IF_ils_shadow_fix1,BREW,IF,ils_shadow,ZHANG_USER_ILS_NAMED_RECOVERY,2024-07-17T00:26:00,BREW,USER_IF_L1_SD_CONDITIONAL,0,,,,,,,0,1
r48u_20260914_BREW_IF_ils_shadow_fix1,BREW,IF,ils_shadow,ZHANG_USER_ILS_NAMED_RECOVERY,2024-07-17T00:26:30,BREW,USER_IF_WL_SD,2,,,,,,,2,1
r48u_20260914_BREW_IF_ils_shadow_fix1,BREW,IF,ils_shadow,ZHANG_USER_ILS_NAMED_RECOVERY,2024-07-17T00:26:30,BREW,USER_IF_L1_SD_CONDITIONAL,0,,,,,,,0,1
r48u_20260914_BREW_IF_ils_shadow_fix1,BREW,IF,ils_shadow,ZHANG_USER_ILS_NAMED_RECOVERY,2024-07-17T00:27:00,BREW,USER_IF_WL_SD,1,,,,,,,1,1
r48u_20260914_BREW_IF_ils_shadow_fix1,BREW,IF,ils_shadow,ZHANG_USER_ILS_NAMED_RECOVERY,2024-07-17T00:27:30,BREW,USER_IF_WL_SD,1,,,,,,,1,1
r48u_20260914_BREW_IF_ils_shadow_fix1,BREW,IF,ils_shadow,ZHANG_USER_ILS_NAMED_RECOVERY,2024-07-17T00:28:00,BREW,USER_IF_WL_SD,1,,,,,,,1,1
r48u_20260914_BREW_IF_ils_shadow_fix1,BREW,IF,ils_shadow,ZHANG_USER_ILS_NAMED_RECOVERY,2024-07-17T00:28:30,BREW,USER_IF_WL_SD,0,,,,,,,0,1
r48u_20260914_BREW_IF_ils_shadow_fix1,BREW,IF,ils_shadow,ZHANG_USER_ILS_NAMED_RECOVERY,2024-07-17T00:29:00,BREW,USER_IF_WL_SD,0,,,,,,,0,1
r48u_20260914_BREW_IF_ils_shadow_fix1,BREW,IF,ils_shadow,ZHANG_USER_ILS_NAMED_RECOVERY,2024-07-17T00:29:30,BREW,USER_IF_WL_SD,0,,,,,,,0,1
r48u_20260914_BREW_IF_ils_shadow_fix1,BREW,IF,ils_shadow,ZHANG_USER_ILS_NAMED_RECOVERY,2024-07-17T00:30:00,BREW,USER_IF_WL_SD,0,,,,,,,0,1
r48u_20260914_BREW_IF_ils_feedback_fix1,BREW,IF,ils_feedback,ZHANG_USER_ILS_RELATIONS,2024-07-17T00:10:00,BREW,USER_IF_WL_SD,0,1,1,0,,,,,
r48u_20260914_BREW_IF_ils_feedback_fix1,BREW,IF,ils_feedback,ZHANG_USER_ILS_RELATIONS,2024-07-17T00:10:30,BREW,USER_IF_WL_SD,0,1,1,0,,,,,
r48u_20260914_BREW_IF_ils_feedback_fix1,BREW,IF,ils_feedback,ZHANG_USER_ILS_RELATIONS,2024-07-17T00:11:00,BREW,USER_IF_WL_SD,0,1,1,0,,,,,
r48u_20260914_BREW_IF_ils_feedback_fix1,BREW,IF,ils_feedback,ZHANG_USER_ILS_RELATIONS,2024-07-17T00:11:30,BREW,USER_IF_WL_SD,0,2,1,0,,,,,
r48u_20260914_BREW_IF_ils_feedback_fix1,BREW,IF,ils_feedback,ZHANG_USER_ILS_RELATIONS,2024-07-17T00:12:00,BREW,USER_IF_WL_SD,0,2,1,0,,,,,
r48u_20260914_BREW_IF_ils_feedback_fix1,BREW,IF,ils_feedback,ZHANG_USER_ILS_RELATIONS,2024-07-17T00:12:30,BREW,USER_IF_WL_SD,0,2,1,0,,,,,
r48u_20260914_BREW_IF_ils_feedback_fix1,BREW,IF,ils_feedback,ZHANG_USER_ILS_RELATIONS,2024-07-17T00:13:00,BREW,USER_IF_WL_SD,0,2,1,0,,,,,
r48u_20260914_BREW_IF_ils_feedback_fix1,BREW,IF,ils_feedback,ZHANG_USER_ILS_RELATIONS,2024-07-17T00:13:30,BREW,USER_IF_WL_SD,0,2,1,0,,,,,
r48u_20260914_BREW_IF_ils_feedback_fix1,BREW,IF,ils_feedback,ZHANG_USER_ILS_RELATIONS,2024-07-17T00:14:00,BREW,USER_IF_WL_SD,0,2,1,0,,,,,
r48u_20260914_BREW_IF_ils_feedback_fix1,BREW,IF,ils_feedback,ZHANG_USER_ILS_RELATIONS,2024-07-17T00:14:30,BREW,USER_IF_WL_SD,0,2,1,0,,,,,
r48u_20260914_BREW_IF_ils_feedback_fix1,BREW,IF,ils_feedback,ZHANG_USER_ILS_RELATIONS,2024-07-17T00:15:00,BREW,USER_IF_WL_SD,0,2,1,0,,,,,
r48u_20260914_BREW_IF_ils_feedback_fix1,BREW,IF,ils_feedback,ZHANG_USER_ILS_RELATIONS,2024-07-17T00:15:30,BREW,USER_IF_WL_SD,0,2,1,0,,,,,
r48u_20260914_BREW_IF_ils_feedback_fix1,BREW,IF,ils_feedback,ZHANG_USER_ILS_RELATIONS,2024-07-17T00:16:00,BREW,USER_IF_WL_SD,0,2,1,0,,,,,
r48u_20260914_BREW_IF_ils_feedback_fix1,BREW,IF,ils_feedback,ZHANG_USER_ILS_RELATIONS,2024-07-17T00:16:30,BREW,USER_IF_WL_SD,0,2,1,0,,,,,
r48u_20260914_BREW_IF_ils_feedback_fix1,BREW,IF,ils_feedback,ZHANG_USER_ILS_RELATIONS,2024-07-17T00:17:00,BREW,USER_IF_WL_SD,0,4,1,0,,,,,
r48u_20260914_BREW_IF_ils_feedback_fix1,BREW,IF,ils_feedback,ZHANG_USER_ILS_RELATIONS,2024-07-17T00:17:30,BREW,USER_IF_WL_SD,0,4,1,0,,,,,
r48u_20260914_BREW_IF_ils_feedback_fix1,BREW,IF,ils_feedback,ZHANG_USER_ILS_RELATIONS,2024-07-17T00:18:00,BREW,USER_IF_WL_SD,0,4,1,0,,,,,
r48u_20260914_BREW_IF_ils_feedback_fix1,BREW,IF,ils_feedback,ZHANG_USER_ILS_RELATIONS,2024-07-17T00:18:30,BREW,USER_IF_WL_SD,0,4,1,0,,,,,
r48u_20260914_BREW_IF_ils_feedback_fix1,BREW,IF,ils_feedback,ZHANG_USER_ILS_RELATIONS,2024-07-17T00:19:00,BREW,USER_IF_WL_SD,0,4,1,0,,,,,
r48u_20260914_BREW_IF_ils_feedback_fix1,BREW,IF,ils_feedback,ZHANG_USER_ILS_RELATIONS,2024-07-17T00:19:30,BREW,USER_IF_WL_SD,1,4,1,0,,,,,
r48u_20260914_BREW_IF_ils_feedback_fix1,BREW,IF,ils_feedback,ZHANG_USER_ILS_RELATIONS,2024-07-17T00:20:00,BREW,USER_IF_WL_SD,1,4,1,0,,,,,
r48u_20260914_BREW_IF_ils_feedback_fix1,BREW,IF,ils_feedback,ZHANG_USER_ILS_RELATIONS,2024-07-17T00:20:30,BREW,USER_IF_WL_SD,1,5,1,0,,,,,
r48u_20260914_BREW_IF_ils_feedback_fix1,BREW,IF,ils_feedback,ZHANG_USER_ILS_RELATIONS,2024-07-17T00:21:00,BREW,USER_IF_WL_SD,1,4,1,0,,,,,
r48u_20260914_BREW_IF_ils_feedback_fix1,BREW,IF,ils_feedback,ZHANG_USER_ILS_RELATIONS,2024-07-17T00:21:30,BREW,USER_IF_WL_SD,1,4,1,0,,,,,
r48u_20260914_BREW_IF_ils_feedback_fix1,BREW,IF,ils_feedback,ZHANG_USER_ILS_RELATIONS,2024-07-17T00:22:00,BREW,USER_IF_WL_SD,1,5,1,0,,,,,
r48u_20260914_BREW_IF_ils_feedback_fix1,BREW,IF,ils_feedback,ZHANG_USER_ILS_RELATIONS,2024-07-17T00:22:30,BREW,USER_IF_WL_SD,1,5,1,0,,,,,
r48u_20260914_BREW_IF_ils_feedback_fix1,BREW,IF,ils_feedback,ZHANG_USER_ILS_RELATIONS,2024-07-17T00:23:00,BREW,USER_IF_WL_SD,1,5,1,0,,,,,
r48u_20260914_BREW_IF_ils_feedback_fix1,BREW,IF,ils_feedback,ZHANG_USER_ILS_RELATIONS,2024-07-17T00:23:30,BREW,USER_IF_WL_SD,1,4,1,0,,,,,
r48u_20260914_BREW_IF_ils_feedback_fix1,BREW,IF,ils_feedback,ZHANG_USER_ILS_RELATIONS,2024-07-17T00:23:30,BREW,USER_IF_L1_SD_CONDITIONAL,0,1,1,0,,,,,
r48u_20260914_BREW_IF_ils_feedback_fix1,BREW,IF,ils_feedback,ZHANG_USER_ILS_RELATIONS,2024-07-17T00:24:00,BREW,USER_IF_WL_SD,1,5,1,0,,,,,
r48u_20260914_BREW_IF_ils_feedback_fix1,BREW,IF,ils_feedback,ZHANG_USER_ILS_RELATIONS,2024-07-17T00:24:00,BREW,USER_IF_L1_SD_CONDITIONAL,0,1,1,0,,,,,
r48u_20260914_BREW_IF_ils_feedback_fix1,BREW,IF,ils_feedback,ZHANG_USER_ILS_RELATIONS,2024-07-17T00:24:30,BREW,USER_IF_WL_SD,2,5,1,0,,,,,
r48u_20260914_BREW_IF_ils_feedback_fix1,BREW,IF,ils_feedback,ZHANG_USER_ILS_RELATIONS,2024-07-17T00:25:00,BREW,USER_IF_WL_SD,2,5,1,0,,,,,
r48u_20260914_BREW_IF_ils_feedback_fix1,BREW,IF,ils_feedback,ZHANG_USER_ILS_RELATIONS,2024-07-17T00:25:30,BREW,USER_IF_WL_SD,1,2,1,0,,,,,
r48u_20260914_BREW_IF_ils_feedback_fix1,BREW,IF,ils_feedback,ZHANG_USER_ILS_RELATIONS,2024-07-17T00:25:30,BREW,USER_IF_L1_SD_CONDITIONAL,0,1,1,0,,,,,
r48u_20260914_BREW_IF_ils_feedback_fix1,BREW,IF,ils_feedback,ZHANG_USER_ILS_RELATIONS,2024-07-17T00:26:00,BREW,USER_IF_WL_SD,2,4,1,0,,,,,
r48u_20260914_BREW_IF_ils_feedback_fix1,BREW,IF,ils_feedback,ZHANG_USER_ILS_RELATIONS,2024-07-17T00:26:00,BREW,USER_IF_L1_SD_CONDITIONAL,0,1,1,0,,,,,
r48u_20260914_BREW_IF_ils_feedback_fix1,BREW,IF,ils_feedback,ZHANG_USER_ILS_RELATIONS,2024-07-17T00:26:30,BREW,USER_IF_WL_SD,2,4,1,0,,,,,
r48u_20260914_BREW_IF_ils_feedback_fix1,BREW,IF,ils_feedback,ZHANG_USER_ILS_RELATIONS,2024-07-17T00:26:30,BREW,USER_IF_L1_SD_CONDITIONAL,0,1,1,0,,,,,
r48u_20260914_BREW_IF_ils_feedback_fix1,BREW,IF,ils_feedback,ZHANG_USER_ILS_RELATIONS,2024-07-17T00:27:00,BREW,USER_IF_WL_SD,1,3,1,0,,,,,
r48u_20260914_BREW_IF_ils_feedback_fix1,BREW,IF,ils_feedback,ZHANG_USER_ILS_RELATIONS,2024-07-17T00:27:30,BREW,USER_IF_WL_SD,1,3,1,0,,,,,
r48u_20260914_BREW_IF_ils_feedback_fix1,BREW,IF,ils_feedback,ZHANG_USER_ILS_RELATIONS,2024-07-17T00:28:00,BREW,USER_IF_WL_SD,1,3,1,0,,,,,
r48u_20260914_BREW_IF_ils_feedback_fix1,BREW,IF,ils_feedback,ZHANG_USER_ILS_RELATIONS,2024-07-17T00:28:30,BREW,USER_IF_WL_SD,0,4,1,0,,,,,
r48u_20260914_BREW_IF_ils_feedback_fix1,BREW,IF,ils_feedback,ZHANG_USER_ILS_RELATIONS,2024-07-17T00:29:00,BREW,USER_IF_WL_SD,0,4,1,0,,,,,
r48u_20260914_BREW_IF_ils_feedback_fix1,BREW,IF,ils_feedback,ZHANG_USER_ILS_RELATIONS,2024-07-17T00:29:30,BREW,USER_IF_WL_SD,0,4,1,0,,,,,
r48u_20260914_BREW_IF_ils_feedback_fix1,BREW,IF,ils_feedback,ZHANG_USER_ILS_RELATIONS,2024-07-17T00:30:00,BREW,USER_IF_WL_SD,0,4,1,0,,,,,
r48u_20260914_BREW_IF_ils_feedback_fix1,BREW,IF,ils_feedback,ZHANG_USER_ILS_ROW,2024-07-17T00:19:30,BREW,USER_IF_WL_SD,,,,,0,-6,0 0 1 0,,
r48u_20260914_BREW_IF_ils_feedback_fix1,BREW,IF,ils_feedback,ZHANG_USER_ILS_ROW,2024-07-17T00:20:00,BREW,USER_IF_WL_SD,,,,,0,-6,0 0 1 0,,
r48u_20260914_BREW_IF_ils_feedback_fix1,BREW,IF,ils_feedback,ZHANG_USER_ILS_ROW,2024-07-17T00:20:30,BREW,USER_IF_WL_SD,,,,,0,-6,0 0 0 1 0,,
r48u_20260914_BREW_IF_ils_feedback_fix1,BREW,IF,ils_feedback,ZHANG_USER_ILS_ROW,2024-07-17T00:21:00,BREW,USER_IF_WL_SD,,,,,0,-6,0 0 1 0,,
r48u_20260914_BREW_IF_ils_feedback_fix1,BREW,IF,ils_feedback,ZHANG_USER_ILS_ROW,2024-07-17T00:21:30,BREW,USER_IF_WL_SD,,,,,0,-6,0 0 1 0,,
r48u_20260914_BREW_IF_ils_feedback_fix1,BREW,IF,ils_feedback,ZHANG_USER_ILS_ROW,2024-07-17T00:22:00,BREW,USER_IF_WL_SD,,,,,0,-6,0 0 0 1 0,,
r48u_20260914_BREW_IF_ils_feedback_fix1,BREW,IF,ils_feedback,ZHANG_USER_ILS_ROW,2024-07-17T00:22:30,BREW,USER_IF_WL_SD,,,,,0,-6,0 0 0 1 0,,
r48u_20260914_BREW_IF_ils_feedback_fix1,BREW,IF,ils_feedback,ZHANG_USER_ILS_ROW,2024-07-17T00:23:00,BREW,USER_IF_WL_SD,,,,,0,-6,0 0 0 1 0,,
r48u_20260914_BREW_IF_ils_feedback_fix1,BREW,IF,ils_feedback,ZHANG_USER_ILS_ROW,2024-07-17T00:23:30,BREW,USER_IF_WL_SD,,,,,0,-6,0 0 1 0,,
r48u_20260914_BREW_IF_ils_feedback_fix1,BREW,IF,ils_feedback,ZHANG_USER_ILS_ROW,2024-07-17T00:24:00,BREW,USER_IF_WL_SD,,,,,0,-6,0 0 0 1 0,,
r48u_20260914_BREW_IF_ils_feedback_fix1,BREW,IF,ils_feedback,ZHANG_USER_ILS_ROW,2024-07-17T00:24:30,BREW,USER_IF_WL_SD,,,,,0,67,0 0 0 0 1,,
r48u_20260914_BREW_IF_ils_feedback_fix1,BREW,IF,ils_feedback,ZHANG_USER_ILS_ROW,2024-07-17T00:24:30,BREW,USER_IF_WL_SD,,,,,1,-6,0 0 0 1 0,,
r48u_20260914_BREW_IF_ils_feedback_fix1,BREW,IF,ils_feedback,ZHANG_USER_ILS_ROW,2024-07-17T00:25:00,BREW,USER_IF_WL_SD,,,,,0,67,0 0 0 0 1,,
r48u_20260914_BREW_IF_ils_feedback_fix1,BREW,IF,ils_feedback,ZHANG_USER_ILS_ROW,2024-07-17T00:25:00,BREW,USER_IF_WL_SD,,,,,1,-6,0 0 0 1 0,,
r48u_20260914_BREW_IF_ils_feedback_fix1,BREW,IF,ils_feedback,ZHANG_USER_ILS_ROW,2024-07-17T00:25:30,BREW,USER_IF_WL_SD,,,,,0,-6,0 1,,
r48u_20260914_BREW_IF_ils_feedback_fix1,BREW,IF,ils_feedback,ZHANG_USER_ILS_ROW,2024-07-17T00:26:00,BREW,USER_IF_WL_SD,,,,,0,67,0 0 0 1,,
r48u_20260914_BREW_IF_ils_feedback_fix1,BREW,IF,ils_feedback,ZHANG_USER_ILS_ROW,2024-07-17T00:26:00,BREW,USER_IF_WL_SD,,,,,1,-6,0 0 1 0,,
r48u_20260914_BREW_IF_ils_feedback_fix1,BREW,IF,ils_feedback,ZHANG_USER_ILS_ROW,2024-07-17T00:26:30,BREW,USER_IF_WL_SD,,,,,0,67,0 0 0 1,,
r48u_20260914_BREW_IF_ils_feedback_fix1,BREW,IF,ils_feedback,ZHANG_USER_ILS_ROW,2024-07-17T00:26:30,BREW,USER_IF_WL_SD,,,,,1,-6,0 0 1 0,,
r48u_20260914_BREW_IF_ils_feedback_fix1,BREW,IF,ils_feedback,ZHANG_USER_ILS_ROW,2024-07-17T00:27:00,BREW,USER_IF_WL_SD,,,,,0,67,0 0 1,,
r48u_20260914_BREW_IF_ils_feedback_fix1,BREW,IF,ils_feedback,ZHANG_USER_ILS_ROW,2024-07-17T00:27:30,BREW,USER_IF_WL_SD,,,,,0,67,0 0 1,,
r48u_20260914_BREW_IF_ils_feedback_fix1,BREW,IF,ils_feedback,ZHANG_USER_ILS_ROW,2024-07-17T00:28:00,BREW,USER_IF_WL_SD,,,,,0,67,0 0 1,,
r48u_20260914_BREW_IF_ils_feedback_fix1,BREW,IF,ils_feedback,ZHANG_USER_ILS_NAMED_RECOVERY,2024-07-17T00:10:00,BREW,USER_IF_WL_SD,0,,,,,,,0,1
r48u_20260914_BREW_IF_ils_feedback_fix1,BREW,IF,ils_feedback,ZHANG_USER_ILS_NAMED_RECOVERY,2024-07-17T00:10:30,BREW,USER_IF_WL_SD,0,,,,,,,0,1
r48u_20260914_BREW_IF_ils_feedback_fix1,BREW,IF,ils_feedback,ZHANG_USER_ILS_NAMED_RECOVERY,2024-07-17T00:11:00,BREW,USER_IF_WL_SD,0,,,,,,,0,1
r48u_20260914_BREW_IF_ils_feedback_fix1,BREW,IF,ils_feedback,ZHANG_USER_ILS_NAMED_RECOVERY,2024-07-17T00:11:30,BREW,USER_IF_WL_SD,0,,,,,,,0,1
r48u_20260914_BREW_IF_ils_feedback_fix1,BREW,IF,ils_feedback,ZHANG_USER_ILS_NAMED_RECOVERY,2024-07-17T00:12:00,BREW,USER_IF_WL_SD,0,,,,,,,0,1
r48u_20260914_BREW_IF_ils_feedback_fix1,BREW,IF,ils_feedback,ZHANG_USER_ILS_NAMED_RECOVERY,2024-07-17T00:12:30,BREW,USER_IF_WL_SD,0,,,,,,,0,1
r48u_20260914_BREW_IF_ils_feedback_fix1,BREW,IF,ils_feedback,ZHANG_USER_ILS_NAMED_RECOVERY,2024-07-17T00:13:00,BREW,USER_IF_WL_SD,0,,,,,,,0,1
r48u_20260914_BREW_IF_ils_feedback_fix1,BREW,IF,ils_feedback,ZHANG_USER_ILS_NAMED_RECOVERY,2024-07-17T00:13:30,BREW,USER_IF_WL_SD,0,,,,,,,0,1
r48u_20260914_BREW_IF_ils_feedback_fix1,BREW,IF,ils_feedback,ZHANG_USER_ILS_NAMED_RECOVERY,2024-07-17T00:14:00,BREW,USER_IF_WL_SD,0,,,,,,,0,1
r48u_20260914_BREW_IF_ils_feedback_fix1,BREW,IF,ils_feedback,ZHANG_USER_ILS_NAMED_RECOVERY,2024-07-17T00:14:30,BREW,USER_IF_WL_SD,0,,,,,,,0,1
r48u_20260914_BREW_IF_ils_feedback_fix1,BREW,IF,ils_feedback,ZHANG_USER_ILS_NAMED_RECOVERY,2024-07-17T00:15:00,BREW,USER_IF_WL_SD,0,,,,,,,0,1
r48u_20260914_BREW_IF_ils_feedback_fix1,BREW,IF,ils_feedback,ZHANG_USER_ILS_NAMED_RECOVERY,2024-07-17T00:15:30,BREW,USER_IF_WL_SD,0,,,,,,,0,1
r48u_20260914_BREW_IF_ils_feedback_fix1,BREW,IF,ils_feedback,ZHANG_USER_ILS_NAMED_RECOVERY,2024-07-17T00:16:00,BREW,USER_IF_WL_SD,0,,,,,,,0,1
r48u_20260914_BREW_IF_ils_feedback_fix1,BREW,IF,ils_feedback,ZHANG_USER_ILS_NAMED_RECOVERY,2024-07-17T00:16:30,BREW,USER_IF_WL_SD,0,,,,,,,0,1
r48u_20260914_BREW_IF_ils_feedback_fix1,BREW,IF,ils_feedback,ZHANG_USER_ILS_NAMED_RECOVERY,2024-07-17T00:17:00,BREW,USER_IF_WL_SD,0,,,,,,,0,1
r48u_20260914_BREW_IF_ils_feedback_fix1,BREW,IF,ils_feedback,ZHANG_USER_ILS_NAMED_RECOVERY,2024-07-17T00:17:30,BREW,USER_IF_WL_SD,0,,,,,,,0,1
r48u_20260914_BREW_IF_ils_feedback_fix1,BREW,IF,ils_feedback,ZHANG_USER_ILS_NAMED_RECOVERY,2024-07-17T00:18:00,BREW,USER_IF_WL_SD,0,,,,,,,0,1
r48u_20260914_BREW_IF_ils_feedback_fix1,BREW,IF,ils_feedback,ZHANG_USER_ILS_NAMED_RECOVERY,2024-07-17T00:18:30,BREW,USER_IF_WL_SD,0,,,,,,,0,1
r48u_20260914_BREW_IF_ils_feedback_fix1,BREW,IF,ils_feedback,ZHANG_USER_ILS_NAMED_RECOVERY,2024-07-17T00:19:00,BREW,USER_IF_WL_SD,0,,,,,,,0,1
r48u_20260914_BREW_IF_ils_feedback_fix1,BREW,IF,ils_feedback,ZHANG_USER_ILS_NAMED_RECOVERY,2024-07-17T00:19:30,BREW,USER_IF_WL_SD,1,,,,,,,1,1
r48u_20260914_BREW_IF_ils_feedback_fix1,BREW,IF,ils_feedback,ZHANG_USER_ILS_NAMED_RECOVERY,2024-07-17T00:20:00,BREW,USER_IF_WL_SD,1,,,,,,,1,1
r48u_20260914_BREW_IF_ils_feedback_fix1,BREW,IF,ils_feedback,ZHANG_USER_ILS_NAMED_RECOVERY,2024-07-17T00:20:30,BREW,USER_IF_WL_SD,1,,,,,,,1,1
r48u_20260914_BREW_IF_ils_feedback_fix1,BREW,IF,ils_feedback,ZHANG_USER_ILS_NAMED_RECOVERY,2024-07-17T00:21:00,BREW,USER_IF_WL_SD,1,,,,,,,1,1
r48u_20260914_BREW_IF_ils_feedback_fix1,BREW,IF,ils_feedback,ZHANG_USER_ILS_NAMED_RECOVERY,2024-07-17T00:21:30,BREW,USER_IF_WL_SD,1,,,,,,,1,1
r48u_20260914_BREW_IF_ils_feedback_fix1,BREW,IF,ils_feedback,ZHANG_USER_ILS_NAMED_RECOVERY,2024-07-17T00:22:00,BREW,USER_IF_WL_SD,1,,,,,,,1,1
r48u_20260914_BREW_IF_ils_feedback_fix1,BREW,IF,ils_feedback,ZHANG_USER_ILS_NAMED_RECOVERY,2024-07-17T00:22:30,BREW,USER_IF_WL_SD,1,,,,,,,1,1
r48u_20260914_BREW_IF_ils_feedback_fix1,BREW,IF,ils_feedback,ZHANG_USER_ILS_NAMED_RECOVERY,2024-07-17T00:23:00,BREW,USER_IF_WL_SD,1,,,,,,,1,1
r48u_20260914_BREW_IF_ils_feedback_fix1,BREW,IF,ils_feedback,ZHANG_USER_ILS_NAMED_RECOVERY,2024-07-17T00:23:30,BREW,USER_IF_WL_SD,1,,,,,,,1,1
r48u_20260914_BREW_IF_ils_feedback_fix1,BREW,IF,ils_feedback,ZHANG_USER_ILS_NAMED_RECOVERY,2024-07-17T00:23:30,BREW,USER_IF_L1_SD_CONDITIONAL,0,,,,,,,0,1
r48u_20260914_BREW_IF_ils_feedback_fix1,BREW,IF,ils_feedback,ZHANG_USER_ILS_NAMED_RECOVERY,2024-07-17T00:24:00,BREW,USER_IF_WL_SD,1,,,,,,,1,1
r48u_20260914_BREW_IF_ils_feedback_fix1,BREW,IF,ils_feedback,ZHANG_USER_ILS_NAMED_RECOVERY,2024-07-17T00:24:00,BREW,USER_IF_L1_SD_CONDITIONAL,0,,,,,,,0,1
r48u_20260914_BREW_IF_ils_feedback_fix1,BREW,IF,ils_feedback,ZHANG_USER_ILS_NAMED_RECOVERY,2024-07-17T00:24:30,BREW,USER_IF_WL_SD,2,,,,,,,2,1
r48u_20260914_BREW_IF_ils_feedback_fix1,BREW,IF,ils_feedback,ZHANG_USER_ILS_NAMED_RECOVERY,2024-07-17T00:25:00,BREW,USER_IF_WL_SD,2,,,,,,,2,1
r48u_20260914_BREW_IF_ils_feedback_fix1,BREW,IF,ils_feedback,ZHANG_USER_ILS_NAMED_RECOVERY,2024-07-17T00:25:30,BREW,USER_IF_WL_SD,1,,,,,,,1,1
r48u_20260914_BREW_IF_ils_feedback_fix1,BREW,IF,ils_feedback,ZHANG_USER_ILS_NAMED_RECOVERY,2024-07-17T00:25:30,BREW,USER_IF_L1_SD_CONDITIONAL,0,,,,,,,0,1
r48u_20260914_BREW_IF_ils_feedback_fix1,BREW,IF,ils_feedback,ZHANG_USER_ILS_NAMED_RECOVERY,2024-07-17T00:26:00,BREW,USER_IF_WL_SD,2,,,,,,,2,1
r48u_20260914_BREW_IF_ils_feedback_fix1,BREW,IF,ils_feedback,ZHANG_USER_ILS_NAMED_RECOVERY,2024-07-17T00:26:00,BREW,USER_IF_L1_SD_CONDITIONAL,0,,,,,,,0,1
r48u_20260914_BREW_IF_ils_feedback_fix1,BREW,IF,ils_feedback,ZHANG_USER_ILS_NAMED_RECOVERY,2024-07-17T00:26:30,BREW,USER_IF_WL_SD,2,,,,,,,2,1
r48u_20260914_BREW_IF_ils_feedback_fix1,BREW,IF,ils_feedback,ZHANG_USER_ILS_NAMED_RECOVERY,2024-07-17T00:26:30,BREW,USER_IF_L1_SD_CONDITIONAL,0,,,,,,,0,1
r48u_20260914_BREW_IF_ils_feedback_fix1,BREW,IF,ils_feedback,ZHANG_USER_ILS_NAMED_RECOVERY,2024-07-17T00:27:00,BREW,USER_IF_WL_SD,1,,,,,,,1,1
r48u_20260914_BREW_IF_ils_feedback_fix1,BREW,IF,ils_feedback,ZHANG_USER_ILS_NAMED_RECOVERY,2024-07-17T00:27:30,BREW,USER_IF_WL_SD,1,,,,,,,1,1
r48u_20260914_BREW_IF_ils_feedback_fix1,BREW,IF,ils_feedback,ZHANG_USER_ILS_NAMED_RECOVERY,2024-07-17T00:28:00,BREW,USER_IF_WL_SD,1,,,,,,,1,1
r48u_20260914_BREW_IF_ils_feedback_fix1,BREW,IF,ils_feedback,ZHANG_USER_ILS_NAMED_RECOVERY,2024-07-17T00:28:30,BREW,USER_IF_WL_SD,0,,,,,,,0,1
r48u_20260914_BREW_IF_ils_feedback_fix1,BREW,IF,ils_feedback,ZHANG_USER_ILS_NAMED_RECOVERY,2024-07-17T00:29:00,BREW,USER_IF_WL_SD,0,,,,,,,0,1
r48u_20260914_BREW_IF_ils_feedback_fix1,BREW,IF,ils_feedback,ZHANG_USER_ILS_NAMED_RECOVERY,2024-07-17T00:29:30,BREW,USER_IF_WL_SD,0,,,,,,,0,1
r48u_20260914_BREW_IF_ils_feedback_fix1,BREW,IF,ils_feedback,ZHANG_USER_ILS_NAMED_RECOVERY,2024-07-17T00:30:00,BREW,USER_IF_WL_SD,0,,,,,,,0,1
r48u_20260914_MARS_IF_ils_shadow_fix1,MARS,IF,ils_shadow,ZHANG_USER_ILS_RELATIONS,2024-07-17T00:10:30,MARS,USER_IF_WL_SD,0,5,1,0,,,,,
r48u_20260914_MARS_IF_ils_shadow_fix1,MARS,IF,ils_shadow,ZHANG_USER_ILS_RELATIONS,2024-07-17T00:17:00,MARS,USER_IF_WL_SD,0,5,1,0,,,,,
r48u_20260914_MARS_IF_ils_shadow_fix1,MARS,IF,ils_shadow,ZHANG_USER_ILS_RELATIONS,2024-07-17T00:17:30,MARS,USER_IF_WL_SD,0,5,1,0,,,,,
r48u_20260914_MARS_IF_ils_shadow_fix1,MARS,IF,ils_shadow,ZHANG_USER_ILS_RELATIONS,2024-07-17T00:18:00,MARS,USER_IF_WL_SD,0,5,1,0,,,,,
r48u_20260914_MARS_IF_ils_shadow_fix1,MARS,IF,ils_shadow,ZHANG_USER_ILS_RELATIONS,2024-07-17T00:18:30,MARS,USER_IF_WL_SD,0,5,1,0,,,,,
r48u_20260914_MARS_IF_ils_shadow_fix1,MARS,IF,ils_shadow,ZHANG_USER_ILS_RELATIONS,2024-07-17T00:19:00,MARS,USER_IF_WL_SD,0,5,1,0,,,,,
r48u_20260914_MARS_IF_ils_shadow_fix1,MARS,IF,ils_shadow,ZHANG_USER_ILS_RELATIONS,2024-07-17T00:19:30,MARS,USER_IF_WL_SD,0,5,1,0,,,,,
r48u_20260914_MARS_IF_ils_shadow_fix1,MARS,IF,ils_shadow,ZHANG_USER_ILS_RELATIONS,2024-07-17T00:20:00,MARS,USER_IF_WL_SD,0,5,1,0,,,,,
r48u_20260914_MARS_IF_ils_shadow_fix1,MARS,IF,ils_shadow,ZHANG_USER_ILS_RELATIONS,2024-07-17T00:20:30,MARS,USER_IF_WL_SD,0,6,1,0,,,,,
r48u_20260914_MARS_IF_ils_shadow_fix1,MARS,IF,ils_shadow,ZHANG_USER_ILS_RELATIONS,2024-07-17T00:21:00,MARS,USER_IF_WL_SD,0,5,1,0,,,,,
r48u_20260914_MARS_IF_ils_shadow_fix1,MARS,IF,ils_shadow,ZHANG_USER_ILS_RELATIONS,2024-07-17T00:21:30,MARS,USER_IF_WL_SD,0,6,1,0,,,,,
r48u_20260914_MARS_IF_ils_shadow_fix1,MARS,IF,ils_shadow,ZHANG_USER_ILS_RELATIONS,2024-07-17T00:22:00,MARS,USER_IF_WL_SD,0,6,1,0,,,,,
r48u_20260914_MARS_IF_ils_shadow_fix1,MARS,IF,ils_shadow,ZHANG_USER_ILS_RELATIONS,2024-07-17T00:22:30,MARS,USER_IF_WL_SD,1,6,1,0,,,,,
r48u_20260914_MARS_IF_ils_shadow_fix1,MARS,IF,ils_shadow,ZHANG_USER_ILS_RELATIONS,2024-07-17T00:22:30,MARS,USER_IF_L1_SD_CONDITIONAL,0,1,1,0,,,,,
r48u_20260914_MARS_IF_ils_shadow_fix1,MARS,IF,ils_shadow,ZHANG_USER_ILS_RELATIONS,2024-07-17T00:23:00,MARS,USER_IF_WL_SD,2,6,1,0,,,,,
r48u_20260914_MARS_IF_ils_shadow_fix1,MARS,IF,ils_shadow,ZHANG_USER_ILS_RELATIONS,2024-07-17T00:23:00,MARS,USER_IF_L1_SD_CONDITIONAL,0,2,1,0,,,,,
r48u_20260914_MARS_IF_ils_shadow_fix1,MARS,IF,ils_shadow,ZHANG_USER_ILS_RELATIONS,2024-07-17T00:23:30,MARS,USER_IF_WL_SD,2,5,1,0,,,,,
r48u_20260914_MARS_IF_ils_shadow_fix1,MARS,IF,ils_shadow,ZHANG_USER_ILS_RELATIONS,2024-07-17T00:23:30,MARS,USER_IF_L1_SD_CONDITIONAL,0,2,1,0,,,,,
r48u_20260914_MARS_IF_ils_shadow_fix1,MARS,IF,ils_shadow,ZHANG_USER_ILS_RELATIONS,2024-07-17T00:24:00,MARS,USER_IF_WL_SD,2,5,1,0,,,,,
r48u_20260914_MARS_IF_ils_shadow_fix1,MARS,IF,ils_shadow,ZHANG_USER_ILS_RELATIONS,2024-07-17T00:24:00,MARS,USER_IF_L1_SD_CONDITIONAL,0,2,1,0,,,,,
r48u_20260914_MARS_IF_ils_shadow_fix1,MARS,IF,ils_shadow,ZHANG_USER_ILS_RELATIONS,2024-07-17T00:24:30,MARS,USER_IF_WL_SD,3,5,1,0,,,,,
r48u_20260914_MARS_IF_ils_shadow_fix1,MARS,IF,ils_shadow,ZHANG_USER_ILS_RELATIONS,2024-07-17T00:24:30,MARS,USER_IF_L1_SD_CONDITIONAL,0,3,1,0,,,,,
r48u_20260914_MARS_IF_ils_shadow_fix1,MARS,IF,ils_shadow,ZHANG_USER_ILS_RELATIONS,2024-07-17T00:25:00,MARS,USER_IF_WL_SD,3,5,1,0,,,,,
r48u_20260914_MARS_IF_ils_shadow_fix1,MARS,IF,ils_shadow,ZHANG_USER_ILS_RELATIONS,2024-07-17T00:25:00,MARS,USER_IF_L1_SD_CONDITIONAL,0,3,1,0,,,,,
r48u_20260914_MARS_IF_ils_shadow_fix1,MARS,IF,ils_shadow,ZHANG_USER_ILS_RELATIONS,2024-07-17T00:26:00,MARS,USER_IF_WL_SD,3,5,1,0,,,,,
r48u_20260914_MARS_IF_ils_shadow_fix1,MARS,IF,ils_shadow,ZHANG_USER_ILS_RELATIONS,2024-07-17T00:26:00,MARS,USER_IF_L1_SD_CONDITIONAL,0,3,1,0,,,,,
r48u_20260914_MARS_IF_ils_shadow_fix1,MARS,IF,ils_shadow,ZHANG_USER_ILS_RELATIONS,2024-07-17T00:26:30,MARS,USER_IF_WL_SD,3,5,1,0,,,,,
r48u_20260914_MARS_IF_ils_shadow_fix1,MARS,IF,ils_shadow,ZHANG_USER_ILS_RELATIONS,2024-07-17T00:26:30,MARS,USER_IF_L1_SD_CONDITIONAL,0,3,1,0,,,,,
r48u_20260914_MARS_IF_ils_shadow_fix1,MARS,IF,ils_shadow,ZHANG_USER_ILS_RELATIONS,2024-07-17T00:27:00,MARS,USER_IF_WL_SD,3,6,1,0,,,,,
r48u_20260914_MARS_IF_ils_shadow_fix1,MARS,IF,ils_shadow,ZHANG_USER_ILS_RELATIONS,2024-07-17T00:27:00,MARS,USER_IF_L1_SD_CONDITIONAL,0,3,1,0,,,,,
r48u_20260914_MARS_IF_ils_shadow_fix1,MARS,IF,ils_shadow,ZHANG_USER_ILS_RELATIONS,2024-07-17T00:27:30,MARS,USER_IF_WL_SD,3,6,1,0,,,,,
r48u_20260914_MARS_IF_ils_shadow_fix1,MARS,IF,ils_shadow,ZHANG_USER_ILS_RELATIONS,2024-07-17T00:27:30,MARS,USER_IF_L1_SD_CONDITIONAL,0,3,1,0,,,,,
r48u_20260914_MARS_IF_ils_shadow_fix1,MARS,IF,ils_shadow,ZHANG_USER_ILS_RELATIONS,2024-07-17T00:28:00,MARS,USER_IF_WL_SD,3,6,1,0,,,,,
r48u_20260914_MARS_IF_ils_shadow_fix1,MARS,IF,ils_shadow,ZHANG_USER_ILS_RELATIONS,2024-07-17T00:28:00,MARS,USER_IF_L1_SD_CONDITIONAL,0,3,1,0,,,,,
r48u_20260914_MARS_IF_ils_shadow_fix1,MARS,IF,ils_shadow,ZHANG_USER_ILS_RELATIONS,2024-07-17T00:28:30,MARS,USER_IF_WL_SD,3,6,1,0,,,,,
r48u_20260914_MARS_IF_ils_shadow_fix1,MARS,IF,ils_shadow,ZHANG_USER_ILS_RELATIONS,2024-07-17T00:28:30,MARS,USER_IF_L1_SD_CONDITIONAL,0,3,1,0,,,,,
r48u_20260914_MARS_IF_ils_shadow_fix1,MARS,IF,ils_shadow,ZHANG_USER_ILS_RELATIONS,2024-07-17T00:29:00,MARS,USER_IF_WL_SD,3,6,1,0,,,,,
r48u_20260914_MARS_IF_ils_shadow_fix1,MARS,IF,ils_shadow,ZHANG_USER_ILS_RELATIONS,2024-07-17T00:29:00,MARS,USER_IF_L1_SD_CONDITIONAL,0,3,1,0,,,,,
r48u_20260914_MARS_IF_ils_shadow_fix1,MARS,IF,ils_shadow,ZHANG_USER_ILS_RELATIONS,2024-07-17T00:29:30,MARS,USER_IF_WL_SD,3,7,1,0,,,,,
r48u_20260914_MARS_IF_ils_shadow_fix1,MARS,IF,ils_shadow,ZHANG_USER_ILS_RELATIONS,2024-07-17T00:29:30,MARS,USER_IF_L1_SD_CONDITIONAL,0,3,1,0,,,,,
r48u_20260914_MARS_IF_ils_shadow_fix1,MARS,IF,ils_shadow,ZHANG_USER_ILS_RELATIONS,2024-07-17T00:30:00,MARS,USER_IF_WL_SD,3,7,1,0,,,,,
r48u_20260914_MARS_IF_ils_shadow_fix1,MARS,IF,ils_shadow,ZHANG_USER_ILS_RELATIONS,2024-07-17T00:30:00,MARS,USER_IF_L1_SD_CONDITIONAL,0,3,1,0,,,,,
r48u_20260914_MARS_IF_ils_shadow_fix1,MARS,IF,ils_shadow,ZHANG_USER_ILS_ROW,2024-07-17T00:22:30,MARS,USER_IF_WL_SD,,,,,0,-8,0 0 0 1 0 0,,
r48u_20260914_MARS_IF_ils_shadow_fix1,MARS,IF,ils_shadow,ZHANG_USER_ILS_ROW,2024-07-17T00:23:00,MARS,USER_IF_WL_SD,,,,,0,-8,0 0 0 1 0 0,,
r48u_20260914_MARS_IF_ils_shadow_fix1,MARS,IF,ils_shadow,ZHANG_USER_ILS_ROW,2024-07-17T00:23:00,MARS,USER_IF_WL_SD,,,,,1,5,0 0 0 0 1 0,,
r48u_20260914_MARS_IF_ils_shadow_fix1,MARS,IF,ils_shadow,ZHANG_USER_ILS_ROW,2024-07-17T00:23:30,MARS,USER_IF_WL_SD,,,,,0,-8,0 0 1 0 0,,
r48u_20260914_MARS_IF_ils_shadow_fix1,MARS,IF,ils_shadow,ZHANG_USER_ILS_ROW,2024-07-17T00:23:30,MARS,USER_IF_WL_SD,,,,,1,5,0 0 0 1 0,,
r48u_20260914_MARS_IF_ils_shadow_fix1,MARS,IF,ils_shadow,ZHANG_USER_ILS_ROW,2024-07-17T00:24:00,MARS,USER_IF_WL_SD,,,,,0,-8,0 0 1 0 0,,
r48u_20260914_MARS_IF_ils_shadow_fix1,MARS,IF,ils_shadow,ZHANG_USER_ILS_ROW,2024-07-17T00:24:00,MARS,USER_IF_WL_SD,,,,,1,5,0 0 0 1 0,,
r48u_20260914_MARS_IF_ils_shadow_fix1,MARS,IF,ils_shadow,ZHANG_USER_ILS_ROW,2024-07-17T00:24:30,MARS,USER_IF_WL_SD,,,,,0,-8,0 0 1 0 0,,
r48u_20260914_MARS_IF_ils_shadow_fix1,MARS,IF,ils_shadow,ZHANG_USER_ILS_ROW,2024-07-17T00:24:30,MARS,USER_IF_WL_SD,,,,,1,5,0 0 0 0 1,,
r48u_20260914_MARS_IF_ils_shadow_fix1,MARS,IF,ils_shadow,ZHANG_USER_ILS_ROW,2024-07-17T00:24:30,MARS,USER_IF_WL_SD,,,,,2,5,0 0 0 1 0,,
r48u_20260914_MARS_IF_ils_shadow_fix1,MARS,IF,ils_shadow,ZHANG_USER_ILS_ROW,2024-07-17T00:25:00,MARS,USER_IF_WL_SD,,,,,0,-8,0 0 1 0 0,,
r48u_20260914_MARS_IF_ils_shadow_fix1,MARS,IF,ils_shadow,ZHANG_USER_ILS_ROW,2024-07-17T00:25:00,MARS,USER_IF_WL_SD,,,,,1,5,0 0 0 0 1,,
r48u_20260914_MARS_IF_ils_shadow_fix1,MARS,IF,ils_shadow,ZHANG_USER_ILS_ROW,2024-07-17T00:25:00,MARS,USER_IF_WL_SD,,,,,2,5,0 0 0 1 0,,
r48u_20260914_MARS_IF_ils_shadow_fix1,MARS,IF,ils_shadow,ZHANG_USER_ILS_ROW,2024-07-17T00:26:00,MARS,USER_IF_WL_SD,,,,,0,-8,0 0 1 0 0,,
r48u_20260914_MARS_IF_ils_shadow_fix1,MARS,IF,ils_shadow,ZHANG_USER_ILS_ROW,2024-07-17T00:26:00,MARS,USER_IF_WL_SD,,,,,1,5,0 0 0 0 1,,
r48u_20260914_MARS_IF_ils_shadow_fix1,MARS,IF,ils_shadow,ZHANG_USER_ILS_ROW,2024-07-17T00:26:00,MARS,USER_IF_WL_SD,,,,,2,5,0 0 0 1 0,,
r48u_20260914_MARS_IF_ils_shadow_fix1,MARS,IF,ils_shadow,ZHANG_USER_ILS_ROW,2024-07-17T00:26:30,MARS,USER_IF_WL_SD,,,,,0,-8,0 0 1 0 0,,
r48u_20260914_MARS_IF_ils_shadow_fix1,MARS,IF,ils_shadow,ZHANG_USER_ILS_ROW,2024-07-17T00:26:30,MARS,USER_IF_WL_SD,,,,,1,5,0 0 0 0 1,,
r48u_20260914_MARS_IF_ils_shadow_fix1,MARS,IF,ils_shadow,ZHANG_USER_ILS_ROW,2024-07-17T00:26:30,MARS,USER_IF_WL_SD,,,,,2,5,0 0 0 1 0,,
r48u_20260914_MARS_IF_ils_shadow_fix1,MARS,IF,ils_shadow,ZHANG_USER_ILS_ROW,2024-07-17T00:27:00,MARS,USER_IF_WL_SD,,,,,0,-8,0 0 0 1 0 0,,
r48u_20260914_MARS_IF_ils_shadow_fix1,MARS,IF,ils_shadow,ZHANG_USER_ILS_ROW,2024-07-17T00:27:00,MARS,USER_IF_WL_SD,,,,,1,5,0 0 0 0 0 1,,
r48u_20260914_MARS_IF_ils_shadow_fix1,MARS,IF,ils_shadow,ZHANG_USER_ILS_ROW,2024-07-17T00:27:00,MARS,USER_IF_WL_SD,,,,,2,5,0 0 0 0 1 0,,
r48u_20260914_MARS_IF_ils_shadow_fix1,MARS,IF,ils_shadow,ZHANG_USER_ILS_ROW,2024-07-17T00:27:30,MARS,USER_IF_WL_SD,,,,,0,-8,0 0 0 1 0 0,,
r48u_20260914_MARS_IF_ils_shadow_fix1,MARS,IF,ils_shadow,ZHANG_USER_ILS_ROW,2024-07-17T00:27:30,MARS,USER_IF_WL_SD,,,,,1,5,0 0 0 0 0 1,,
r48u_20260914_MARS_IF_ils_shadow_fix1,MARS,IF,ils_shadow,ZHANG_USER_ILS_ROW,2024-07-17T00:27:30,MARS,USER_IF_WL_SD,,,,,2,5,0 0 0 0 1 0,,
r48u_20260914_MARS_IF_ils_shadow_fix1,MARS,IF,ils_shadow,ZHANG_USER_ILS_ROW,2024-07-17T00:28:00,MARS,USER_IF_WL_SD,,,,,0,-8,0 0 0 1 0 0,,
r48u_20260914_MARS_IF_ils_shadow_fix1,MARS,IF,ils_shadow,ZHANG_USER_ILS_ROW,2024-07-17T00:28:00,MARS,USER_IF_WL_SD,,,,,1,5,0 0 0 0 0 1,,
r48u_20260914_MARS_IF_ils_shadow_fix1,MARS,IF,ils_shadow,ZHANG_USER_ILS_ROW,2024-07-17T00:28:00,MARS,USER_IF_WL_SD,,,,,2,5,0 0 0 0 1 0,,
r48u_20260914_MARS_IF_ils_shadow_fix1,MARS,IF,ils_shadow,ZHANG_USER_ILS_ROW,2024-07-17T00:28:30,MARS,USER_IF_WL_SD,,,,,0,-8,0 0 0 1 0 0,,
r48u_20260914_MARS_IF_ils_shadow_fix1,MARS,IF,ils_shadow,ZHANG_USER_ILS_ROW,2024-07-17T00:28:30,MARS,USER_IF_WL_SD,,,,,1,5,0 0 0 0 0 1,,
r48u_20260914_MARS_IF_ils_shadow_fix1,MARS,IF,ils_shadow,ZHANG_USER_ILS_ROW,2024-07-17T00:28:30,MARS,USER_IF_WL_SD,,,,,2,5,0 0 0 0 1 0,,
r48u_20260914_MARS_IF_ils_shadow_fix1,MARS,IF,ils_shadow,ZHANG_USER_ILS_ROW,2024-07-17T00:29:00,MARS,USER_IF_WL_SD,,,,,0,-8,0 0 0 1 0 0,,
r48u_20260914_MARS_IF_ils_shadow_fix1,MARS,IF,ils_shadow,ZHANG_USER_ILS_ROW,2024-07-17T00:29:00,MARS,USER_IF_WL_SD,,,,,1,5,0 0 0 0 0 1,,
r48u_20260914_MARS_IF_ils_shadow_fix1,MARS,IF,ils_shadow,ZHANG_USER_ILS_ROW,2024-07-17T00:29:00,MARS,USER_IF_WL_SD,,,,,2,5,0 0 0 0 1 0,,
r48u_20260914_MARS_IF_ils_shadow_fix1,MARS,IF,ils_shadow,ZHANG_USER_ILS_ROW,2024-07-17T00:29:30,MARS,USER_IF_WL_SD,,,,,0,-8,0 0 0 1 0 0 0,,
r48u_20260914_MARS_IF_ils_shadow_fix1,MARS,IF,ils_shadow,ZHANG_USER_ILS_ROW,2024-07-17T00:29:30,MARS,USER_IF_WL_SD,,,,,1,5,0 0 0 0 0 0 1,,
r48u_20260914_MARS_IF_ils_shadow_fix1,MARS,IF,ils_shadow,ZHANG_USER_ILS_ROW,2024-07-17T00:29:30,MARS,USER_IF_WL_SD,,,,,2,5,0 0 0 0 1 0 0,,
r48u_20260914_MARS_IF_ils_shadow_fix1,MARS,IF,ils_shadow,ZHANG_USER_ILS_ROW,2024-07-17T00:30:00,MARS,USER_IF_WL_SD,,,,,0,-8,0 0 0 1 0 0 0,,
r48u_20260914_MARS_IF_ils_shadow_fix1,MARS,IF,ils_shadow,ZHANG_USER_ILS_ROW,2024-07-17T00:30:00,MARS,USER_IF_WL_SD,,,,,1,5,0 0 0 0 0 0 1,,
r48u_20260914_MARS_IF_ils_shadow_fix1,MARS,IF,ils_shadow,ZHANG_USER_ILS_ROW,2024-07-17T00:30:00,MARS,USER_IF_WL_SD,,,,,2,5,0 0 0 0 1 0 0,,
r48u_20260914_MARS_IF_ils_shadow_fix1,MARS,IF,ils_shadow,ZHANG_USER_ILS_NAMED_RECOVERY,2024-07-17T00:10:30,MARS,USER_IF_WL_SD,0,,,,,,,0,1
r48u_20260914_MARS_IF_ils_shadow_fix1,MARS,IF,ils_shadow,ZHANG_USER_ILS_NAMED_RECOVERY,2024-07-17T00:17:00,MARS,USER_IF_WL_SD,0,,,,,,,0,1
r48u_20260914_MARS_IF_ils_shadow_fix1,MARS,IF,ils_shadow,ZHANG_USER_ILS_NAMED_RECOVERY,2024-07-17T00:17:30,MARS,USER_IF_WL_SD,0,,,,,,,0,1
r48u_20260914_MARS_IF_ils_shadow_fix1,MARS,IF,ils_shadow,ZHANG_USER_ILS_NAMED_RECOVERY,2024-07-17T00:18:00,MARS,USER_IF_WL_SD,0,,,,,,,0,1
r48u_20260914_MARS_IF_ils_shadow_fix1,MARS,IF,ils_shadow,ZHANG_USER_ILS_NAMED_RECOVERY,2024-07-17T00:18:30,MARS,USER_IF_WL_SD,0,,,,,,,0,1
r48u_20260914_MARS_IF_ils_shadow_fix1,MARS,IF,ils_shadow,ZHANG_USER_ILS_NAMED_RECOVERY,2024-07-17T00:19:00,MARS,USER_IF_WL_SD,0,,,,,,,0,1
r48u_20260914_MARS_IF_ils_shadow_fix1,MARS,IF,ils_shadow,ZHANG_USER_ILS_NAMED_RECOVERY,2024-07-17T00:19:30,MARS,USER_IF_WL_SD,0,,,,,,,0,1
r48u_20260914_MARS_IF_ils_shadow_fix1,MARS,IF,ils_shadow,ZHANG_USER_ILS_NAMED_RECOVERY,2024-07-17T00:20:00,MARS,USER_IF_WL_SD,0,,,,,,,0,1
r48u_20260914_MARS_IF_ils_shadow_fix1,MARS,IF,ils_shadow,ZHANG_USER_ILS_NAMED_RECOVERY,2024-07-17T00:20:30,MARS,USER_IF_WL_SD,0,,,,,,,0,1
r48u_20260914_MARS_IF_ils_shadow_fix1,MARS,IF,ils_shadow,ZHANG_USER_ILS_NAMED_RECOVERY,2024-07-17T00:21:00,MARS,USER_IF_WL_SD,0,,,,,,,0,1
r48u_20260914_MARS_IF_ils_shadow_fix1,MARS,IF,ils_shadow,ZHANG_USER_ILS_NAMED_RECOVERY,2024-07-17T00:21:30,MARS,USER_IF_WL_SD,0,,,,,,,0,1
r48u_20260914_MARS_IF_ils_shadow_fix1,MARS,IF,ils_shadow,ZHANG_USER_ILS_NAMED_RECOVERY,2024-07-17T00:22:00,MARS,USER_IF_WL_SD,0,,,,,,,0,1
r48u_20260914_MARS_IF_ils_shadow_fix1,MARS,IF,ils_shadow,ZHANG_USER_ILS_NAMED_RECOVERY,2024-07-17T00:22:30,MARS,USER_IF_WL_SD,1,,,,,,,1,1
r48u_20260914_MARS_IF_ils_shadow_fix1,MARS,IF,ils_shadow,ZHANG_USER_ILS_NAMED_RECOVERY,2024-07-17T00:22:30,MARS,USER_IF_L1_SD_CONDITIONAL,0,,,,,,,0,1
r48u_20260914_MARS_IF_ils_shadow_fix1,MARS,IF,ils_shadow,ZHANG_USER_ILS_NAMED_RECOVERY,2024-07-17T00:23:00,MARS,USER_IF_WL_SD,2,,,,,,,2,1
r48u_20260914_MARS_IF_ils_shadow_fix1,MARS,IF,ils_shadow,ZHANG_USER_ILS_NAMED_RECOVERY,2024-07-17T00:23:00,MARS,USER_IF_L1_SD_CONDITIONAL,0,,,,,,,0,1
r48u_20260914_MARS_IF_ils_shadow_fix1,MARS,IF,ils_shadow,ZHANG_USER_ILS_NAMED_RECOVERY,2024-07-17T00:23:30,MARS,USER_IF_WL_SD,2,,,,,,,2,1
r48u_20260914_MARS_IF_ils_shadow_fix1,MARS,IF,ils_shadow,ZHANG_USER_ILS_NAMED_RECOVERY,2024-07-17T00:23:30,MARS,USER_IF_L1_SD_CONDITIONAL,0,,,,,,,0,1
r48u_20260914_MARS_IF_ils_shadow_fix1,MARS,IF,ils_shadow,ZHANG_USER_ILS_NAMED_RECOVERY,2024-07-17T00:24:00,MARS,USER_IF_WL_SD,2,,,,,,,2,1
r48u_20260914_MARS_IF_ils_shadow_fix1,MARS,IF,ils_shadow,ZHANG_USER_ILS_NAMED_RECOVERY,2024-07-17T00:24:00,MARS,USER_IF_L1_SD_CONDITIONAL,0,,,,,,,0,1
r48u_20260914_MARS_IF_ils_shadow_fix1,MARS,IF,ils_shadow,ZHANG_USER_ILS_NAMED_RECOVERY,2024-07-17T00:24:30,MARS,USER_IF_WL_SD,3,,,,,,,3,1
r48u_20260914_MARS_IF_ils_shadow_fix1,MARS,IF,ils_shadow,ZHANG_USER_ILS_NAMED_RECOVERY,2024-07-17T00:24:30,MARS,USER_IF_L1_SD_CONDITIONAL,0,,,,,,,0,1
r48u_20260914_MARS_IF_ils_shadow_fix1,MARS,IF,ils_shadow,ZHANG_USER_ILS_NAMED_RECOVERY,2024-07-17T00:25:00,MARS,USER_IF_WL_SD,3,,,,,,,3,1
r48u_20260914_MARS_IF_ils_shadow_fix1,MARS,IF,ils_shadow,ZHANG_USER_ILS_NAMED_RECOVERY,2024-07-17T00:25:00,MARS,USER_IF_L1_SD_CONDITIONAL,0,,,,,,,0,1
r48u_20260914_MARS_IF_ils_shadow_fix1,MARS,IF,ils_shadow,ZHANG_USER_ILS_NAMED_RECOVERY,2024-07-17T00:26:00,MARS,USER_IF_WL_SD,3,,,,,,,3,1
r48u_20260914_MARS_IF_ils_shadow_fix1,MARS,IF,ils_shadow,ZHANG_USER_ILS_NAMED_RECOVERY,2024-07-17T00:26:00,MARS,USER_IF_L1_SD_CONDITIONAL,0,,,,,,,0,1
r48u_20260914_MARS_IF_ils_shadow_fix1,MARS,IF,ils_shadow,ZHANG_USER_ILS_NAMED_RECOVERY,2024-07-17T00:26:30,MARS,USER_IF_WL_SD,3,,,,,,,3,1
r48u_20260914_MARS_IF_ils_shadow_fix1,MARS,IF,ils_shadow,ZHANG_USER_ILS_NAMED_RECOVERY,2024-07-17T00:26:30,MARS,USER_IF_L1_SD_CONDITIONAL,0,,,,,,,0,1
r48u_20260914_MARS_IF_ils_shadow_fix1,MARS,IF,ils_shadow,ZHANG_USER_ILS_NAMED_RECOVERY,2024-07-17T00:27:00,MARS,USER_IF_WL_SD,3,,,,,,,3,1
r48u_20260914_MARS_IF_ils_shadow_fix1,MARS,IF,ils_shadow,ZHANG_USER_ILS_NAMED_RECOVERY,2024-07-17T00:27:00,MARS,USER_IF_L1_SD_CONDITIONAL,0,,,,,,,0,1
r48u_20260914_MARS_IF_ils_shadow_fix1,MARS,IF,ils_shadow,ZHANG_USER_ILS_NAMED_RECOVERY,2024-07-17T00:27:30,MARS,USER_IF_WL_SD,3,,,,,,,3,1
r48u_20260914_MARS_IF_ils_shadow_fix1,MARS,IF,ils_shadow,ZHANG_USER_ILS_NAMED_RECOVERY,2024-07-17T00:27:30,MARS,USER_IF_L1_SD_CONDITIONAL,0,,,,,,,0,1
r48u_20260914_MARS_IF_ils_shadow_fix1,MARS,IF,ils_shadow,ZHANG_USER_ILS_NAMED_RECOVERY,2024-07-17T00:28:00,MARS,USER_IF_WL_SD,3,,,,,,,3,1
r48u_20260914_MARS_IF_ils_shadow_fix1,MARS,IF,ils_shadow,ZHANG_USER_ILS_NAMED_RECOVERY,2024-07-17T00:28:00,MARS,USER_IF_L1_SD_CONDITIONAL,0,,,,,,,0,1
r48u_20260914_MARS_IF_ils_shadow_fix1,MARS,IF,ils_shadow,ZHANG_USER_ILS_NAMED_RECOVERY,2024-07-17T00:28:30,MARS,USER_IF_WL_SD,3,,,,,,,3,1
r48u_20260914_MARS_IF_ils_shadow_fix1,MARS,IF,ils_shadow,ZHANG_USER_ILS_NAMED_RECOVERY,2024-07-17T00:28:30,MARS,USER_IF_L1_SD_CONDITIONAL,0,,,,,,,0,1
r48u_20260914_MARS_IF_ils_shadow_fix1,MARS,IF,ils_shadow,ZHANG_USER_ILS_NAMED_RECOVERY,2024-07-17T00:29:00,MARS,USER_IF_WL_SD,3,,,,,,,3,1
r48u_20260914_MARS_IF_ils_shadow_fix1,MARS,IF,ils_shadow,ZHANG_USER_ILS_NAMED_RECOVERY,2024-07-17T00:29:00,MARS,USER_IF_L1_SD_CONDITIONAL,0,,,,,,,0,1
r48u_20260914_MARS_IF_ils_shadow_fix1,MARS,IF,ils_shadow,ZHANG_USER_ILS_NAMED_RECOVERY,2024-07-17T00:29:30,MARS,USER_IF_WL_SD,3,,,,,,,3,1
r48u_20260914_MARS_IF_ils_shadow_fix1,MARS,IF,ils_shadow,ZHANG_USER_ILS_NAMED_RECOVERY,2024-07-17T00:29:30,MARS,USER_IF_L1_SD_CONDITIONAL,0,,,,,,,0,1
r48u_20260914_MARS_IF_ils_shadow_fix1,MARS,IF,ils_shadow,ZHANG_USER_ILS_NAMED_RECOVERY,2024-07-17T00:30:00,MARS,USER_IF_WL_SD,3,,,,,,,3,1
r48u_20260914_MARS_IF_ils_shadow_fix1,MARS,IF,ils_shadow,ZHANG_USER_ILS_NAMED_RECOVERY,2024-07-17T00:30:00,MARS,USER_IF_L1_SD_CONDITIONAL,0,,,,,,,0,1
r48u_20260914_MARS_IF_ils_feedback_fix1,MARS,IF,ils_feedback,ZHANG_USER_ILS_RELATIONS,2024-07-17T00:10:30,MARS,USER_IF_WL_SD,0,5,1,0,,,,,
r48u_20260914_MARS_IF_ils_feedback_fix1,MARS,IF,ils_feedback,ZHANG_USER_ILS_RELATIONS,2024-07-17T00:17:00,MARS,USER_IF_WL_SD,0,5,1,0,,,,,
r48u_20260914_MARS_IF_ils_feedback_fix1,MARS,IF,ils_feedback,ZHANG_USER_ILS_RELATIONS,2024-07-17T00:17:30,MARS,USER_IF_WL_SD,0,5,1,0,,,,,
r48u_20260914_MARS_IF_ils_feedback_fix1,MARS,IF,ils_feedback,ZHANG_USER_ILS_RELATIONS,2024-07-17T00:18:00,MARS,USER_IF_WL_SD,0,5,1,0,,,,,
r48u_20260914_MARS_IF_ils_feedback_fix1,MARS,IF,ils_feedback,ZHANG_USER_ILS_RELATIONS,2024-07-17T00:18:30,MARS,USER_IF_WL_SD,0,5,1,0,,,,,
r48u_20260914_MARS_IF_ils_feedback_fix1,MARS,IF,ils_feedback,ZHANG_USER_ILS_RELATIONS,2024-07-17T00:19:00,MARS,USER_IF_WL_SD,0,5,1,0,,,,,
r48u_20260914_MARS_IF_ils_feedback_fix1,MARS,IF,ils_feedback,ZHANG_USER_ILS_RELATIONS,2024-07-17T00:19:30,MARS,USER_IF_WL_SD,0,5,1,0,,,,,
r48u_20260914_MARS_IF_ils_feedback_fix1,MARS,IF,ils_feedback,ZHANG_USER_ILS_RELATIONS,2024-07-17T00:20:00,MARS,USER_IF_WL_SD,0,5,1,0,,,,,
r48u_20260914_MARS_IF_ils_feedback_fix1,MARS,IF,ils_feedback,ZHANG_USER_ILS_RELATIONS,2024-07-17T00:20:30,MARS,USER_IF_WL_SD,0,6,1,0,,,,,
r48u_20260914_MARS_IF_ils_feedback_fix1,MARS,IF,ils_feedback,ZHANG_USER_ILS_RELATIONS,2024-07-17T00:21:00,MARS,USER_IF_WL_SD,0,5,1,0,,,,,
r48u_20260914_MARS_IF_ils_feedback_fix1,MARS,IF,ils_feedback,ZHANG_USER_ILS_RELATIONS,2024-07-17T00:21:30,MARS,USER_IF_WL_SD,0,6,1,0,,,,,
r48u_20260914_MARS_IF_ils_feedback_fix1,MARS,IF,ils_feedback,ZHANG_USER_ILS_RELATIONS,2024-07-17T00:22:00,MARS,USER_IF_WL_SD,0,6,1,0,,,,,
r48u_20260914_MARS_IF_ils_feedback_fix1,MARS,IF,ils_feedback,ZHANG_USER_ILS_RELATIONS,2024-07-17T00:22:30,MARS,USER_IF_WL_SD,1,6,1,0,,,,,
r48u_20260914_MARS_IF_ils_feedback_fix1,MARS,IF,ils_feedback,ZHANG_USER_ILS_RELATIONS,2024-07-17T00:22:30,MARS,USER_IF_L1_SD_CONDITIONAL,0,1,1,0,,,,,
r48u_20260914_MARS_IF_ils_feedback_fix1,MARS,IF,ils_feedback,ZHANG_USER_ILS_RELATIONS,2024-07-17T00:23:00,MARS,USER_IF_WL_SD,2,6,1,0,,,,,
r48u_20260914_MARS_IF_ils_feedback_fix1,MARS,IF,ils_feedback,ZHANG_USER_ILS_RELATIONS,2024-07-17T00:23:00,MARS,USER_IF_L1_SD_CONDITIONAL,0,2,1,0,,,,,
r48u_20260914_MARS_IF_ils_feedback_fix1,MARS,IF,ils_feedback,ZHANG_USER_ILS_RELATIONS,2024-07-17T00:23:30,MARS,USER_IF_WL_SD,2,5,1,0,,,,,
r48u_20260914_MARS_IF_ils_feedback_fix1,MARS,IF,ils_feedback,ZHANG_USER_ILS_RELATIONS,2024-07-17T00:23:30,MARS,USER_IF_L1_SD_CONDITIONAL,0,2,1,0,,,,,
r48u_20260914_MARS_IF_ils_feedback_fix1,MARS,IF,ils_feedback,ZHANG_USER_ILS_RELATIONS,2024-07-17T00:24:00,MARS,USER_IF_WL_SD,2,5,1,0,,,,,
r48u_20260914_MARS_IF_ils_feedback_fix1,MARS,IF,ils_feedback,ZHANG_USER_ILS_RELATIONS,2024-07-17T00:24:00,MARS,USER_IF_L1_SD_CONDITIONAL,0,2,1,0,,,,,
r48u_20260914_MARS_IF_ils_feedback_fix1,MARS,IF,ils_feedback,ZHANG_USER_ILS_RELATIONS,2024-07-17T00:24:30,MARS,USER_IF_WL_SD,3,5,1,0,,,,,
r48u_20260914_MARS_IF_ils_feedback_fix1,MARS,IF,ils_feedback,ZHANG_USER_ILS_RELATIONS,2024-07-17T00:24:30,MARS,USER_IF_L1_SD_CONDITIONAL,0,3,1,0,,,,,
r48u_20260914_MARS_IF_ils_feedback_fix1,MARS,IF,ils_feedback,ZHANG_USER_ILS_RELATIONS,2024-07-17T00:25:00,MARS,USER_IF_WL_SD,3,5,1,0,,,,,
r48u_20260914_MARS_IF_ils_feedback_fix1,MARS,IF,ils_feedback,ZHANG_USER_ILS_RELATIONS,2024-07-17T00:25:00,MARS,USER_IF_L1_SD_CONDITIONAL,0,3,1,0,,,,,
r48u_20260914_MARS_IF_ils_feedback_fix1,MARS,IF,ils_feedback,ZHANG_USER_ILS_RELATIONS,2024-07-17T00:26:00,MARS,USER_IF_WL_SD,3,5,1,0,,,,,
r48u_20260914_MARS_IF_ils_feedback_fix1,MARS,IF,ils_feedback,ZHANG_USER_ILS_RELATIONS,2024-07-17T00:26:00,MARS,USER_IF_L1_SD_CONDITIONAL,0,3,1,0,,,,,
r48u_20260914_MARS_IF_ils_feedback_fix1,MARS,IF,ils_feedback,ZHANG_USER_ILS_RELATIONS,2024-07-17T00:26:30,MARS,USER_IF_WL_SD,3,5,1,0,,,,,
r48u_20260914_MARS_IF_ils_feedback_fix1,MARS,IF,ils_feedback,ZHANG_USER_ILS_RELATIONS,2024-07-17T00:26:30,MARS,USER_IF_L1_SD_CONDITIONAL,0,3,1,0,,,,,
r48u_20260914_MARS_IF_ils_feedback_fix1,MARS,IF,ils_feedback,ZHANG_USER_ILS_RELATIONS,2024-07-17T00:27:00,MARS,USER_IF_WL_SD,3,6,1,0,,,,,
r48u_20260914_MARS_IF_ils_feedback_fix1,MARS,IF,ils_feedback,ZHANG_USER_ILS_RELATIONS,2024-07-17T00:27:00,MARS,USER_IF_L1_SD_CONDITIONAL,0,3,1,0,,,,,
r48u_20260914_MARS_IF_ils_feedback_fix1,MARS,IF,ils_feedback,ZHANG_USER_ILS_RELATIONS,2024-07-17T00:27:30,MARS,USER_IF_WL_SD,3,6,1,0,,,,,
r48u_20260914_MARS_IF_ils_feedback_fix1,MARS,IF,ils_feedback,ZHANG_USER_ILS_RELATIONS,2024-07-17T00:27:30,MARS,USER_IF_L1_SD_CONDITIONAL,0,3,1,0,,,,,
r48u_20260914_MARS_IF_ils_feedback_fix1,MARS,IF,ils_feedback,ZHANG_USER_ILS_RELATIONS,2024-07-17T00:28:00,MARS,USER_IF_WL_SD,3,6,1,0,,,,,
r48u_20260914_MARS_IF_ils_feedback_fix1,MARS,IF,ils_feedback,ZHANG_USER_ILS_RELATIONS,2024-07-17T00:28:00,MARS,USER_IF_L1_SD_CONDITIONAL,0,3,1,0,,,,,
r48u_20260914_MARS_IF_ils_feedback_fix1,MARS,IF,ils_feedback,ZHANG_USER_ILS_RELATIONS,2024-07-17T00:28:30,MARS,USER_IF_WL_SD,3,6,1,0,,,,,
r48u_20260914_MARS_IF_ils_feedback_fix1,MARS,IF,ils_feedback,ZHANG_USER_ILS_RELATIONS,2024-07-17T00:28:30,MARS,USER_IF_L1_SD_CONDITIONAL,0,3,1,0,,,,,
r48u_20260914_MARS_IF_ils_feedback_fix1,MARS,IF,ils_feedback,ZHANG_USER_ILS_RELATIONS,2024-07-17T00:29:00,MARS,USER_IF_WL_SD,3,6,1,0,,,,,
r48u_20260914_MARS_IF_ils_feedback_fix1,MARS,IF,ils_feedback,ZHANG_USER_ILS_RELATIONS,2024-07-17T00:29:00,MARS,USER_IF_L1_SD_CONDITIONAL,0,3,1,0,,,,,
r48u_20260914_MARS_IF_ils_feedback_fix1,MARS,IF,ils_feedback,ZHANG_USER_ILS_RELATIONS,2024-07-17T00:29:30,MARS,USER_IF_WL_SD,3,7,1,0,,,,,
r48u_20260914_MARS_IF_ils_feedback_fix1,MARS,IF,ils_feedback,ZHANG_USER_ILS_RELATIONS,2024-07-17T00:29:30,MARS,USER_IF_L1_SD_CONDITIONAL,0,3,1,0,,,,,
r48u_20260914_MARS_IF_ils_feedback_fix1,MARS,IF,ils_feedback,ZHANG_USER_ILS_RELATIONS,2024-07-17T00:30:00,MARS,USER_IF_WL_SD,3,7,1,0,,,,,
r48u_20260914_MARS_IF_ils_feedback_fix1,MARS,IF,ils_feedback,ZHANG_USER_ILS_RELATIONS,2024-07-17T00:30:00,MARS,USER_IF_L1_SD_CONDITIONAL,0,3,1,0,,,,,
r48u_20260914_MARS_IF_ils_feedback_fix1,MARS,IF,ils_feedback,ZHANG_USER_ILS_ROW,2024-07-17T00:22:30,MARS,USER_IF_WL_SD,,,,,0,-8,0 0 0 1 0 0,,
r48u_20260914_MARS_IF_ils_feedback_fix1,MARS,IF,ils_feedback,ZHANG_USER_ILS_ROW,2024-07-17T00:23:00,MARS,USER_IF_WL_SD,,,,,0,-8,0 0 0 1 0 0,,
r48u_20260914_MARS_IF_ils_feedback_fix1,MARS,IF,ils_feedback,ZHANG_USER_ILS_ROW,2024-07-17T00:23:00,MARS,USER_IF_WL_SD,,,,,1,5,0 0 0 0 1 0,,
r48u_20260914_MARS_IF_ils_feedback_fix1,MARS,IF,ils_feedback,ZHANG_USER_ILS_ROW,2024-07-17T00:23:30,MARS,USER_IF_WL_SD,,,,,0,-8,0 0 1 0 0,,
r48u_20260914_MARS_IF_ils_feedback_fix1,MARS,IF,ils_feedback,ZHANG_USER_ILS_ROW,2024-07-17T00:23:30,MARS,USER_IF_WL_SD,,,,,1,5,0 0 0 1 0,,
r48u_20260914_MARS_IF_ils_feedback_fix1,MARS,IF,ils_feedback,ZHANG_USER_ILS_ROW,2024-07-17T00:24:00,MARS,USER_IF_WL_SD,,,,,0,-8,0 0 1 0 0,,
r48u_20260914_MARS_IF_ils_feedback_fix1,MARS,IF,ils_feedback,ZHANG_USER_ILS_ROW,2024-07-17T00:24:00,MARS,USER_IF_WL_SD,,,,,1,5,0 0 0 1 0,,
r48u_20260914_MARS_IF_ils_feedback_fix1,MARS,IF,ils_feedback,ZHANG_USER_ILS_ROW,2024-07-17T00:24:30,MARS,USER_IF_WL_SD,,,,,0,-8,0 0 1 0 0,,
r48u_20260914_MARS_IF_ils_feedback_fix1,MARS,IF,ils_feedback,ZHANG_USER_ILS_ROW,2024-07-17T00:24:30,MARS,USER_IF_WL_SD,,,,,1,5,0 0 0 0 1,,
r48u_20260914_MARS_IF_ils_feedback_fix1,MARS,IF,ils_feedback,ZHANG_USER_ILS_ROW,2024-07-17T00:24:30,MARS,USER_IF_WL_SD,,,,,2,5,0 0 0 1 0,,
r48u_20260914_MARS_IF_ils_feedback_fix1,MARS,IF,ils_feedback,ZHANG_USER_ILS_ROW,2024-07-17T00:25:00,MARS,USER_IF_WL_SD,,,,,0,-8,0 0 1 0 0,,
r48u_20260914_MARS_IF_ils_feedback_fix1,MARS,IF,ils_feedback,ZHANG_USER_ILS_ROW,2024-07-17T00:25:00,MARS,USER_IF_WL_SD,,,,,1,5,0 0 0 0 1,,
r48u_20260914_MARS_IF_ils_feedback_fix1,MARS,IF,ils_feedback,ZHANG_USER_ILS_ROW,2024-07-17T00:25:00,MARS,USER_IF_WL_SD,,,,,2,5,0 0 0 1 0,,
r48u_20260914_MARS_IF_ils_feedback_fix1,MARS,IF,ils_feedback,ZHANG_USER_ILS_ROW,2024-07-17T00:26:00,MARS,USER_IF_WL_SD,,,,,0,-8,0 0 1 0 0,,
r48u_20260914_MARS_IF_ils_feedback_fix1,MARS,IF,ils_feedback,ZHANG_USER_ILS_ROW,2024-07-17T00:26:00,MARS,USER_IF_WL_SD,,,,,1,5,0 0 0 0 1,,
r48u_20260914_MARS_IF_ils_feedback_fix1,MARS,IF,ils_feedback,ZHANG_USER_ILS_ROW,2024-07-17T00:26:00,MARS,USER_IF_WL_SD,,,,,2,5,0 0 0 1 0,,
r48u_20260914_MARS_IF_ils_feedback_fix1,MARS,IF,ils_feedback,ZHANG_USER_ILS_ROW,2024-07-17T00:26:30,MARS,USER_IF_WL_SD,,,,,0,-8,0 0 1 0 0,,
r48u_20260914_MARS_IF_ils_feedback_fix1,MARS,IF,ils_feedback,ZHANG_USER_ILS_ROW,2024-07-17T00:26:30,MARS,USER_IF_WL_SD,,,,,1,5,0 0 0 0 1,,
r48u_20260914_MARS_IF_ils_feedback_fix1,MARS,IF,ils_feedback,ZHANG_USER_ILS_ROW,2024-07-17T00:26:30,MARS,USER_IF_WL_SD,,,,,2,5,0 0 0 1 0,,
r48u_20260914_MARS_IF_ils_feedback_fix1,MARS,IF,ils_feedback,ZHANG_USER_ILS_ROW,2024-07-17T00:27:00,MARS,USER_IF_WL_SD,,,,,0,-8,0 0 0 1 0 0,,
r48u_20260914_MARS_IF_ils_feedback_fix1,MARS,IF,ils_feedback,ZHANG_USER_ILS_ROW,2024-07-17T00:27:00,MARS,USER_IF_WL_SD,,,,,1,5,0 0 0 0 0 1,,
r48u_20260914_MARS_IF_ils_feedback_fix1,MARS,IF,ils_feedback,ZHANG_USER_ILS_ROW,2024-07-17T00:27:00,MARS,USER_IF_WL_SD,,,,,2,5,0 0 0 0 1 0,,
r48u_20260914_MARS_IF_ils_feedback_fix1,MARS,IF,ils_feedback,ZHANG_USER_ILS_ROW,2024-07-17T00:27:30,MARS,USER_IF_WL_SD,,,,,0,-8,0 0 0 1 0 0,,
r48u_20260914_MARS_IF_ils_feedback_fix1,MARS,IF,ils_feedback,ZHANG_USER_ILS_ROW,2024-07-17T00:27:30,MARS,USER_IF_WL_SD,,,,,1,5,0 0 0 0 0 1,,
r48u_20260914_MARS_IF_ils_feedback_fix1,MARS,IF,ils_feedback,ZHANG_USER_ILS_ROW,2024-07-17T00:27:30,MARS,USER_IF_WL_SD,,,,,2,5,0 0 0 0 1 0,,
r48u_20260914_MARS_IF_ils_feedback_fix1,MARS,IF,ils_feedback,ZHANG_USER_ILS_ROW,2024-07-17T00:28:00,MARS,USER_IF_WL_SD,,,,,0,-8,0 0 0 1 0 0,,
r48u_20260914_MARS_IF_ils_feedback_fix1,MARS,IF,ils_feedback,ZHANG_USER_ILS_ROW,2024-07-17T00:28:00,MARS,USER_IF_WL_SD,,,,,1,5,0 0 0 0 0 1,,
r48u_20260914_MARS_IF_ils_feedback_fix1,MARS,IF,ils_feedback,ZHANG_USER_ILS_ROW,2024-07-17T00:28:00,MARS,USER_IF_WL_SD,,,,,2,5,0 0 0 0 1 0,,
r48u_20260914_MARS_IF_ils_feedback_fix1,MARS,IF,ils_feedback,ZHANG_USER_ILS_ROW,2024-07-17T00:28:30,MARS,USER_IF_WL_SD,,,,,0,-8,0 0 0 1 0 0,,
r48u_20260914_MARS_IF_ils_feedback_fix1,MARS,IF,ils_feedback,ZHANG_USER_ILS_ROW,2024-07-17T00:28:30,MARS,USER_IF_WL_SD,,,,,1,5,0 0 0 0 0 1,,
r48u_20260914_MARS_IF_ils_feedback_fix1,MARS,IF,ils_feedback,ZHANG_USER_ILS_ROW,2024-07-17T00:28:30,MARS,USER_IF_WL_SD,,,,,2,5,0 0 0 0 1 0,,
r48u_20260914_MARS_IF_ils_feedback_fix1,MARS,IF,ils_feedback,ZHANG_USER_ILS_ROW,2024-07-17T00:29:00,MARS,USER_IF_WL_SD,,,,,0,-8,0 0 0 1 0 0,,
r48u_20260914_MARS_IF_ils_feedback_fix1,MARS,IF,ils_feedback,ZHANG_USER_ILS_ROW,2024-07-17T00:29:00,MARS,USER_IF_WL_SD,,,,,1,5,0 0 0 0 0 1,,
r48u_20260914_MARS_IF_ils_feedback_fix1,MARS,IF,ils_feedback,ZHANG_USER_ILS_ROW,2024-07-17T00:29:00,MARS,USER_IF_WL_SD,,,,,2,5,0 0 0 0 1 0,,
r48u_20260914_MARS_IF_ils_feedback_fix1,MARS,IF,ils_feedback,ZHANG_USER_ILS_ROW,2024-07-17T00:29:30,MARS,USER_IF_WL_SD,,,,,0,-8,0 0 0 1 0 0 0,,
r48u_20260914_MARS_IF_ils_feedback_fix1,MARS,IF,ils_feedback,ZHANG_USER_ILS_ROW,2024-07-17T00:29:30,MARS,USER_IF_WL_SD,,,,,1,5,0 0 0 0 0 0 1,,
r48u_20260914_MARS_IF_ils_feedback_fix1,MARS,IF,ils_feedback,ZHANG_USER_ILS_ROW,2024-07-17T00:29:30,MARS,USER_IF_WL_SD,,,,,2,5,0 0 0 0 1 0 0,,
r48u_20260914_MARS_IF_ils_feedback_fix1,MARS,IF,ils_feedback,ZHANG_USER_ILS_ROW,2024-07-17T00:30:00,MARS,USER_IF_WL_SD,,,,,0,-8,0 0 0 1 0 0 0,,
r48u_20260914_MARS_IF_ils_feedback_fix1,MARS,IF,ils_feedback,ZHANG_USER_ILS_ROW,2024-07-17T00:30:00,MARS,USER_IF_WL_SD,,,,,1,5,0 0 0 0 0 0 1,,
r48u_20260914_MARS_IF_ils_feedback_fix1,MARS,IF,ils_feedback,ZHANG_USER_ILS_ROW,2024-07-17T00:30:00,MARS,USER_IF_WL_SD,,,,,2,5,0 0 0 0 1 0 0,,
r48u_20260914_MARS_IF_ils_feedback_fix1,MARS,IF,ils_feedback,ZHANG_USER_ILS_NAMED_RECOVERY,2024-07-17T00:10:30,MARS,USER_IF_WL_SD,0,,,,,,,0,1
r48u_20260914_MARS_IF_ils_feedback_fix1,MARS,IF,ils_feedback,ZHANG_USER_ILS_NAMED_RECOVERY,2024-07-17T00:17:00,MARS,USER_IF_WL_SD,0,,,,,,,0,1
r48u_20260914_MARS_IF_ils_feedback_fix1,MARS,IF,ils_feedback,ZHANG_USER_ILS_NAMED_RECOVERY,2024-07-17T00:17:30,MARS,USER_IF_WL_SD,0,,,,,,,0,1
r48u_20260914_MARS_IF_ils_feedback_fix1,MARS,IF,ils_feedback,ZHANG_USER_ILS_NAMED_RECOVERY,2024-07-17T00:18:00,MARS,USER_IF_WL_SD,0,,,,,,,0,1
r48u_20260914_MARS_IF_ils_feedback_fix1,MARS,IF,ils_feedback,ZHANG_USER_ILS_NAMED_RECOVERY,2024-07-17T00:18:30,MARS,USER_IF_WL_SD,0,,,,,,,0,1
r48u_20260914_MARS_IF_ils_feedback_fix1,MARS,IF,ils_feedback,ZHANG_USER_ILS_NAMED_RECOVERY,2024-07-17T00:19:00,MARS,USER_IF_WL_SD,0,,,,,,,0,1
r48u_20260914_MARS_IF_ils_feedback_fix1,MARS,IF,ils_feedback,ZHANG_USER_ILS_NAMED_RECOVERY,2024-07-17T00:19:30,MARS,USER_IF_WL_SD,0,,,,,,,0,1
r48u_20260914_MARS_IF_ils_feedback_fix1,MARS,IF,ils_feedback,ZHANG_USER_ILS_NAMED_RECOVERY,2024-07-17T00:20:00,MARS,USER_IF_WL_SD,0,,,,,,,0,1
r48u_20260914_MARS_IF_ils_feedback_fix1,MARS,IF,ils_feedback,ZHANG_USER_ILS_NAMED_RECOVERY,2024-07-17T00:20:30,MARS,USER_IF_WL_SD,0,,,,,,,0,1
r48u_20260914_MARS_IF_ils_feedback_fix1,MARS,IF,ils_feedback,ZHANG_USER_ILS_NAMED_RECOVERY,2024-07-17T00:21:00,MARS,USER_IF_WL_SD,0,,,,,,,0,1
r48u_20260914_MARS_IF_ils_feedback_fix1,MARS,IF,ils_feedback,ZHANG_USER_ILS_NAMED_RECOVERY,2024-07-17T00:21:30,MARS,USER_IF_WL_SD,0,,,,,,,0,1
r48u_20260914_MARS_IF_ils_feedback_fix1,MARS,IF,ils_feedback,ZHANG_USER_ILS_NAMED_RECOVERY,2024-07-17T00:22:00,MARS,USER_IF_WL_SD,0,,,,,,,0,1
r48u_20260914_MARS_IF_ils_feedback_fix1,MARS,IF,ils_feedback,ZHANG_USER_ILS_NAMED_RECOVERY,2024-07-17T00:22:30,MARS,USER_IF_WL_SD,1,,,,,,,1,1
r48u_20260914_MARS_IF_ils_feedback_fix1,MARS,IF,ils_feedback,ZHANG_USER_ILS_NAMED_RECOVERY,2024-07-17T00:22:30,MARS,USER_IF_L1_SD_CONDITIONAL,0,,,,,,,0,1
r48u_20260914_MARS_IF_ils_feedback_fix1,MARS,IF,ils_feedback,ZHANG_USER_ILS_NAMED_RECOVERY,2024-07-17T00:23:00,MARS,USER_IF_WL_SD,2,,,,,,,2,1
r48u_20260914_MARS_IF_ils_feedback_fix1,MARS,IF,ils_feedback,ZHANG_USER_ILS_NAMED_RECOVERY,2024-07-17T00:23:00,MARS,USER_IF_L1_SD_CONDITIONAL,0,,,,,,,0,1
r48u_20260914_MARS_IF_ils_feedback_fix1,MARS,IF,ils_feedback,ZHANG_USER_ILS_NAMED_RECOVERY,2024-07-17T00:23:30,MARS,USER_IF_WL_SD,2,,,,,,,2,1
r48u_20260914_MARS_IF_ils_feedback_fix1,MARS,IF,ils_feedback,ZHANG_USER_ILS_NAMED_RECOVERY,2024-07-17T00:23:30,MARS,USER_IF_L1_SD_CONDITIONAL,0,,,,,,,0,1
r48u_20260914_MARS_IF_ils_feedback_fix1,MARS,IF,ils_feedback,ZHANG_USER_ILS_NAMED_RECOVERY,2024-07-17T00:24:00,MARS,USER_IF_WL_SD,2,,,,,,,2,1
r48u_20260914_MARS_IF_ils_feedback_fix1,MARS,IF,ils_feedback,ZHANG_USER_ILS_NAMED_RECOVERY,2024-07-17T00:24:00,MARS,USER_IF_L1_SD_CONDITIONAL,0,,,,,,,0,1
r48u_20260914_MARS_IF_ils_feedback_fix1,MARS,IF,ils_feedback,ZHANG_USER_ILS_NAMED_RECOVERY,2024-07-17T00:24:30,MARS,USER_IF_WL_SD,3,,,,,,,3,1
r48u_20260914_MARS_IF_ils_feedback_fix1,MARS,IF,ils_feedback,ZHANG_USER_ILS_NAMED_RECOVERY,2024-07-17T00:24:30,MARS,USER_IF_L1_SD_CONDITIONAL,0,,,,,,,0,1
r48u_20260914_MARS_IF_ils_feedback_fix1,MARS,IF,ils_feedback,ZHANG_USER_ILS_NAMED_RECOVERY,2024-07-17T00:25:00,MARS,USER_IF_WL_SD,3,,,,,,,3,1
r48u_20260914_MARS_IF_ils_feedback_fix1,MARS,IF,ils_feedback,ZHANG_USER_ILS_NAMED_RECOVERY,2024-07-17T00:25:00,MARS,USER_IF_L1_SD_CONDITIONAL,0,,,,,,,0,1
r48u_20260914_MARS_IF_ils_feedback_fix1,MARS,IF,ils_feedback,ZHANG_USER_ILS_NAMED_RECOVERY,2024-07-17T00:26:00,MARS,USER_IF_WL_SD,3,,,,,,,3,1
r48u_20260914_MARS_IF_ils_feedback_fix1,MARS,IF,ils_feedback,ZHANG_USER_ILS_NAMED_RECOVERY,2024-07-17T00:26:00,MARS,USER_IF_L1_SD_CONDITIONAL,0,,,,,,,0,1
r48u_20260914_MARS_IF_ils_feedback_fix1,MARS,IF,ils_feedback,ZHANG_USER_ILS_NAMED_RECOVERY,2024-07-17T00:26:30,MARS,USER_IF_WL_SD,3,,,,,,,3,1
r48u_20260914_MARS_IF_ils_feedback_fix1,MARS,IF,ils_feedback,ZHANG_USER_ILS_NAMED_RECOVERY,2024-07-17T00:26:30,MARS,USER_IF_L1_SD_CONDITIONAL,0,,,,,,,0,1
r48u_20260914_MARS_IF_ils_feedback_fix1,MARS,IF,ils_feedback,ZHANG_USER_ILS_NAMED_RECOVERY,2024-07-17T00:27:00,MARS,USER_IF_WL_SD,3,,,,,,,3,1
r48u_20260914_MARS_IF_ils_feedback_fix1,MARS,IF,ils_feedback,ZHANG_USER_ILS_NAMED_RECOVERY,2024-07-17T00:27:00,MARS,USER_IF_L1_SD_CONDITIONAL,0,,,,,,,0,1
r48u_20260914_MARS_IF_ils_feedback_fix1,MARS,IF,ils_feedback,ZHANG_USER_ILS_NAMED_RECOVERY,2024-07-17T00:27:30,MARS,USER_IF_WL_SD,3,,,,,,,3,1
r48u_20260914_MARS_IF_ils_feedback_fix1,MARS,IF,ils_feedback,ZHANG_USER_ILS_NAMED_RECOVERY,2024-07-17T00:27:30,MARS,USER_IF_L1_SD_CONDITIONAL,0,,,,,,,0,1
r48u_20260914_MARS_IF_ils_feedback_fix1,MARS,IF,ils_feedback,ZHANG_USER_ILS_NAMED_RECOVERY,2024-07-17T00:28:00,MARS,USER_IF_WL_SD,3,,,,,,,3,1
r48u_20260914_MARS_IF_ils_feedback_fix1,MARS,IF,ils_feedback,ZHANG_USER_ILS_NAMED_RECOVERY,2024-07-17T00:28:00,MARS,USER_IF_L1_SD_CONDITIONAL,0,,,,,,,0,1
r48u_20260914_MARS_IF_ils_feedback_fix1,MARS,IF,ils_feedback,ZHANG_USER_ILS_NAMED_RECOVERY,2024-07-17T00:28:30,MARS,USER_IF_WL_SD,3,,,,,,,3,1
r48u_20260914_MARS_IF_ils_feedback_fix1,MARS,IF,ils_feedback,ZHANG_USER_ILS_NAMED_RECOVERY,2024-07-17T00:28:30,MARS,USER_IF_L1_SD_CONDITIONAL,0,,,,,,,0,1
r48u_20260914_MARS_IF_ils_feedback_fix1,MARS,IF,ils_feedback,ZHANG_USER_ILS_NAMED_RECOVERY,2024-07-17T00:29:00,MARS,USER_IF_WL_SD,3,,,,,,,3,1
r48u_20260914_MARS_IF_ils_feedback_fix1,MARS,IF,ils_feedback,ZHANG_USER_ILS_NAMED_RECOVERY,2024-07-17T00:29:00,MARS,USER_IF_L1_SD_CONDITIONAL,0,,,,,,,0,1
r48u_20260914_MARS_IF_ils_feedback_fix1,MARS,IF,ils_feedback,ZHANG_USER_ILS_NAMED_RECOVERY,2024-07-17T00:29:30,MARS,USER_IF_WL_SD,3,,,,,,,3,1
r48u_20260914_MARS_IF_ils_feedback_fix1,MARS,IF,ils_feedback,ZHANG_USER_ILS_NAMED_RECOVERY,2024-07-17T00:29:30,MARS,USER_IF_L1_SD_CONDITIONAL,0,,,,,,,0,1
r48u_20260914_MARS_IF_ils_feedback_fix1,MARS,IF,ils_feedback,ZHANG_USER_ILS_NAMED_RECOVERY,2024-07-17T00:30:00,MARS,USER_IF_WL_SD,3,,,,,,,3,1
r48u_20260914_MARS_IF_ils_feedback_fix1,MARS,IF,ils_feedback,ZHANG_USER_ILS_NAMED_RECOVERY,2024-07-17T00:30:00,MARS,USER_IF_L1_SD_CONDITIONAL,0,,,,,,,0,1
r48u_20260914_JPLM_IF_ils_shadow_fix1,JPLM,IF,ils_shadow,ZHANG_USER_ILS_RELATIONS,2024-07-17T00:10:00,JPLM,USER_IF_WL_SD,0,1,1,0,,,,,
r48u_20260914_JPLM_IF_ils_shadow_fix1,JPLM,IF,ils_shadow,ZHANG_USER_ILS_RELATIONS,2024-07-17T00:11:00,JPLM,USER_IF_WL_SD,0,1,1,0,,,,,
r48u_20260914_JPLM_IF_ils_shadow_fix1,JPLM,IF,ils_shadow,ZHANG_USER_ILS_RELATIONS,2024-07-17T00:11:30,JPLM,USER_IF_WL_SD,0,2,1,0,,,,,
r48u_20260914_JPLM_IF_ils_shadow_fix1,JPLM,IF,ils_shadow,ZHANG_USER_ILS_RELATIONS,2024-07-17T00:12:00,JPLM,USER_IF_WL_SD,0,2,1,0,,,,,
r48u_20260914_JPLM_IF_ils_shadow_fix1,JPLM,IF,ils_shadow,ZHANG_USER_ILS_RELATIONS,2024-07-17T00:12:30,JPLM,USER_IF_WL_SD,0,2,1,0,,,,,
r48u_20260914_JPLM_IF_ils_shadow_fix1,JPLM,IF,ils_shadow,ZHANG_USER_ILS_RELATIONS,2024-07-17T00:13:00,JPLM,USER_IF_WL_SD,0,2,1,0,,,,,
r48u_20260914_JPLM_IF_ils_shadow_fix1,JPLM,IF,ils_shadow,ZHANG_USER_ILS_RELATIONS,2024-07-17T00:13:30,JPLM,USER_IF_WL_SD,0,2,1,0,,,,,
r48u_20260914_JPLM_IF_ils_shadow_fix1,JPLM,IF,ils_shadow,ZHANG_USER_ILS_RELATIONS,2024-07-17T00:14:00,JPLM,USER_IF_WL_SD,0,2,1,0,,,,,
r48u_20260914_JPLM_IF_ils_shadow_fix1,JPLM,IF,ils_shadow,ZHANG_USER_ILS_RELATIONS,2024-07-17T00:14:30,JPLM,USER_IF_WL_SD,0,2,1,0,,,,,
r48u_20260914_JPLM_IF_ils_shadow_fix1,JPLM,IF,ils_shadow,ZHANG_USER_ILS_RELATIONS,2024-07-17T00:15:00,JPLM,USER_IF_WL_SD,0,2,1,0,,,,,
r48u_20260914_JPLM_IF_ils_shadow_fix1,JPLM,IF,ils_shadow,ZHANG_USER_ILS_RELATIONS,2024-07-17T00:15:30,JPLM,USER_IF_WL_SD,0,2,1,0,,,,,
r48u_20260914_JPLM_IF_ils_shadow_fix1,JPLM,IF,ils_shadow,ZHANG_USER_ILS_RELATIONS,2024-07-17T00:16:00,JPLM,USER_IF_WL_SD,0,2,1,0,,,,,
r48u_20260914_JPLM_IF_ils_shadow_fix1,JPLM,IF,ils_shadow,ZHANG_USER_ILS_RELATIONS,2024-07-17T00:16:30,JPLM,USER_IF_WL_SD,0,2,1,0,,,,,
r48u_20260914_JPLM_IF_ils_shadow_fix1,JPLM,IF,ils_shadow,ZHANG_USER_ILS_RELATIONS,2024-07-17T00:17:00,JPLM,USER_IF_WL_SD,0,3,1,0,,,,,
r48u_20260914_JPLM_IF_ils_shadow_fix1,JPLM,IF,ils_shadow,ZHANG_USER_ILS_RELATIONS,2024-07-17T00:17:30,JPLM,USER_IF_WL_SD,1,3,1,0,,,,,
r48u_20260914_JPLM_IF_ils_shadow_fix1,JPLM,IF,ils_shadow,ZHANG_USER_ILS_RELATIONS,2024-07-17T00:18:00,JPLM,USER_IF_WL_SD,1,3,1,0,,,,,
r48u_20260914_JPLM_IF_ils_shadow_fix1,JPLM,IF,ils_shadow,ZHANG_USER_ILS_RELATIONS,2024-07-17T00:18:30,JPLM,USER_IF_WL_SD,1,3,1,0,,,,,
r48u_20260914_JPLM_IF_ils_shadow_fix1,JPLM,IF,ils_shadow,ZHANG_USER_ILS_RELATIONS,2024-07-17T00:19:00,JPLM,USER_IF_WL_SD,1,4,1,0,,,,,
r48u_20260914_JPLM_IF_ils_shadow_fix1,JPLM,IF,ils_shadow,ZHANG_USER_ILS_RELATIONS,2024-07-17T00:19:30,JPLM,USER_IF_WL_SD,1,4,1,0,,,,,
r48u_20260914_JPLM_IF_ils_shadow_fix1,JPLM,IF,ils_shadow,ZHANG_USER_ILS_RELATIONS,2024-07-17T00:20:00,JPLM,USER_IF_WL_SD,1,4,1,0,,,,,
r48u_20260914_JPLM_IF_ils_shadow_fix1,JPLM,IF,ils_shadow,ZHANG_USER_ILS_RELATIONS,2024-07-17T00:20:30,JPLM,USER_IF_WL_SD,1,4,1,0,,,,,
r48u_20260914_JPLM_IF_ils_shadow_fix1,JPLM,IF,ils_shadow,ZHANG_USER_ILS_RELATIONS,2024-07-17T00:21:00,JPLM,USER_IF_WL_SD,1,4,1,0,,,,,
r48u_20260914_JPLM_IF_ils_shadow_fix1,JPLM,IF,ils_shadow,ZHANG_USER_ILS_RELATIONS,2024-07-17T00:21:00,JPLM,USER_IF_L1_SD_CONDITIONAL,0,1,1,0,,,,,
r48u_20260914_JPLM_IF_ils_shadow_fix1,JPLM,IF,ils_shadow,ZHANG_USER_ILS_RELATIONS,2024-07-17T00:21:30,JPLM,USER_IF_WL_SD,1,4,1,0,,,,,
r48u_20260914_JPLM_IF_ils_shadow_fix1,JPLM,IF,ils_shadow,ZHANG_USER_ILS_RELATIONS,2024-07-17T00:21:30,JPLM,USER_IF_L1_SD_CONDITIONAL,0,1,1,0,,,,,
r48u_20260914_JPLM_IF_ils_shadow_fix1,JPLM,IF,ils_shadow,ZHANG_USER_ILS_RELATIONS,2024-07-17T00:22:00,JPLM,USER_IF_WL_SD,1,4,1,0,,,,,
r48u_20260914_JPLM_IF_ils_shadow_fix1,JPLM,IF,ils_shadow,ZHANG_USER_ILS_RELATIONS,2024-07-17T00:22:00,JPLM,USER_IF_L1_SD_CONDITIONAL,0,1,1,0,,,,,
r48u_20260914_JPLM_IF_ils_shadow_fix1,JPLM,IF,ils_shadow,ZHANG_USER_ILS_RELATIONS,2024-07-17T00:22:30,JPLM,USER_IF_WL_SD,1,4,1,0,,,,,
r48u_20260914_JPLM_IF_ils_shadow_fix1,JPLM,IF,ils_shadow,ZHANG_USER_ILS_RELATIONS,2024-07-17T00:22:30,JPLM,USER_IF_L1_SD_CONDITIONAL,0,1,1,0,,,,,
r48u_20260914_JPLM_IF_ils_shadow_fix1,JPLM,IF,ils_shadow,ZHANG_USER_ILS_RELATIONS,2024-07-17T00:23:00,JPLM,USER_IF_WL_SD,1,4,1,0,,,,,
r48u_20260914_JPLM_IF_ils_shadow_fix1,JPLM,IF,ils_shadow,ZHANG_USER_ILS_RELATIONS,2024-07-17T00:23:00,JPLM,USER_IF_L1_SD_CONDITIONAL,0,1,1,0,,,,,
r48u_20260914_JPLM_IF_ils_shadow_fix1,JPLM,IF,ils_shadow,ZHANG_USER_ILS_RELATIONS,2024-07-17T00:23:30,JPLM,USER_IF_WL_SD,1,3,1,0,,,,,
r48u_20260914_JPLM_IF_ils_shadow_fix1,JPLM,IF,ils_shadow,ZHANG_USER_ILS_RELATIONS,2024-07-17T00:23:30,JPLM,USER_IF_L1_SD_CONDITIONAL,0,1,1,0,,,,,
r48u_20260914_JPLM_IF_ils_shadow_fix1,JPLM,IF,ils_shadow,ZHANG_USER_ILS_RELATIONS,2024-07-17T00:24:00,JPLM,USER_IF_WL_SD,1,4,1,0,,,,,
r48u_20260914_JPLM_IF_ils_shadow_fix1,JPLM,IF,ils_shadow,ZHANG_USER_ILS_RELATIONS,2024-07-17T00:24:00,JPLM,USER_IF_L1_SD_CONDITIONAL,0,1,1,0,,,,,
r48u_20260914_JPLM_IF_ils_shadow_fix1,JPLM,IF,ils_shadow,ZHANG_USER_ILS_RELATIONS,2024-07-17T00:24:30,JPLM,USER_IF_WL_SD,1,4,1,0,,,,,
r48u_20260914_JPLM_IF_ils_shadow_fix1,JPLM,IF,ils_shadow,ZHANG_USER_ILS_RELATIONS,2024-07-17T00:24:30,JPLM,USER_IF_L1_SD_CONDITIONAL,0,1,1,0,,,,,
r48u_20260914_JPLM_IF_ils_shadow_fix1,JPLM,IF,ils_shadow,ZHANG_USER_ILS_RELATIONS,2024-07-17T00:25:00,JPLM,USER_IF_WL_SD,1,4,1,0,,,,,
r48u_20260914_JPLM_IF_ils_shadow_fix1,JPLM,IF,ils_shadow,ZHANG_USER_ILS_RELATIONS,2024-07-17T00:25:00,JPLM,USER_IF_L1_SD_CONDITIONAL,0,1,1,0,,,,,
r48u_20260914_JPLM_IF_ils_shadow_fix1,JPLM,IF,ils_shadow,ZHANG_USER_ILS_RELATIONS,2024-07-17T00:25:30,JPLM,USER_IF_WL_SD,1,3,1,0,,,,,
r48u_20260914_JPLM_IF_ils_shadow_fix1,JPLM,IF,ils_shadow,ZHANG_USER_ILS_RELATIONS,2024-07-17T00:25:30,JPLM,USER_IF_L1_SD_CONDITIONAL,0,1,1,0,,,,,
r48u_20260914_JPLM_IF_ils_shadow_fix1,JPLM,IF,ils_shadow,ZHANG_USER_ILS_RELATIONS,2024-07-17T00:26:00,JPLM,USER_IF_WL_SD,1,4,1,0,,,,,
r48u_20260914_JPLM_IF_ils_shadow_fix1,JPLM,IF,ils_shadow,ZHANG_USER_ILS_RELATIONS,2024-07-17T00:26:00,JPLM,USER_IF_L1_SD_CONDITIONAL,0,1,1,0,,,,,
r48u_20260914_JPLM_IF_ils_shadow_fix1,JPLM,IF,ils_shadow,ZHANG_USER_ILS_RELATIONS,2024-07-17T00:26:30,JPLM,USER_IF_WL_SD,2,4,1,0,,,,,
r48u_20260914_JPLM_IF_ils_shadow_fix1,JPLM,IF,ils_shadow,ZHANG_USER_ILS_RELATIONS,2024-07-17T00:26:30,JPLM,USER_IF_L1_SD_CONDITIONAL,0,1,1,0,,,,,
r48u_20260914_JPLM_IF_ils_shadow_fix1,JPLM,IF,ils_shadow,ZHANG_USER_ILS_RELATIONS,2024-07-17T00:27:00,JPLM,USER_IF_WL_SD,0,3,1,0,,,,,
r48u_20260914_JPLM_IF_ils_shadow_fix1,JPLM,IF,ils_shadow,ZHANG_USER_ILS_RELATIONS,2024-07-17T00:27:30,JPLM,USER_IF_WL_SD,0,3,1,0,,,,,
r48u_20260914_JPLM_IF_ils_shadow_fix1,JPLM,IF,ils_shadow,ZHANG_USER_ILS_RELATIONS,2024-07-17T00:28:00,JPLM,USER_IF_WL_SD,0,3,1,0,,,,,
r48u_20260914_JPLM_IF_ils_shadow_fix1,JPLM,IF,ils_shadow,ZHANG_USER_ILS_RELATIONS,2024-07-17T00:28:30,JPLM,USER_IF_WL_SD,1,4,1,0,,,,,
r48u_20260914_JPLM_IF_ils_shadow_fix1,JPLM,IF,ils_shadow,ZHANG_USER_ILS_RELATIONS,2024-07-17T00:29:00,JPLM,USER_IF_WL_SD,1,4,1,0,,,,,
r48u_20260914_JPLM_IF_ils_shadow_fix1,JPLM,IF,ils_shadow,ZHANG_USER_ILS_RELATIONS,2024-07-17T00:29:30,JPLM,USER_IF_WL_SD,1,4,1,0,,,,,
r48u_20260914_JPLM_IF_ils_shadow_fix1,JPLM,IF,ils_shadow,ZHANG_USER_ILS_RELATIONS,2024-07-17T00:30:00,JPLM,USER_IF_WL_SD,1,4,1,0,,,,,
r48u_20260914_JPLM_IF_ils_shadow_fix1,JPLM,IF,ils_shadow,ZHANG_USER_ILS_ROW,2024-07-17T00:17:30,JPLM,USER_IF_WL_SD,,,,,0,-6,0 1 0,,
r48u_20260914_JPLM_IF_ils_shadow_fix1,JPLM,IF,ils_shadow,ZHANG_USER_ILS_ROW,2024-07-17T00:18:00,JPLM,USER_IF_WL_SD,,,,,0,-6,0 1 0,,
r48u_20260914_JPLM_IF_ils_shadow_fix1,JPLM,IF,ils_shadow,ZHANG_USER_ILS_ROW,2024-07-17T00:18:30,JPLM,USER_IF_WL_SD,,,,,0,-6,0 1 0,,
r48u_20260914_JPLM_IF_ils_shadow_fix1,JPLM,IF,ils_shadow,ZHANG_USER_ILS_ROW,2024-07-17T00:19:00,JPLM,USER_IF_WL_SD,,,,,0,-6,0 0 1 0,,
r48u_20260914_JPLM_IF_ils_shadow_fix1,JPLM,IF,ils_shadow,ZHANG_USER_ILS_ROW,2024-07-17T00:19:30,JPLM,USER_IF_WL_SD,,,,,0,-6,0 0 1 0,,
r48u_20260914_JPLM_IF_ils_shadow_fix1,JPLM,IF,ils_shadow,ZHANG_USER_ILS_ROW,2024-07-17T00:20:00,JPLM,USER_IF_WL_SD,,,,,0,-6,0 0 1 0,,
r48u_20260914_JPLM_IF_ils_shadow_fix1,JPLM,IF,ils_shadow,ZHANG_USER_ILS_ROW,2024-07-17T00:20:30,JPLM,USER_IF_WL_SD,,,,,0,-6,0 0 1 0,,
r48u_20260914_JPLM_IF_ils_shadow_fix1,JPLM,IF,ils_shadow,ZHANG_USER_ILS_ROW,2024-07-17T00:21:00,JPLM,USER_IF_WL_SD,,,,,0,-6,0 0 1 0,,
r48u_20260914_JPLM_IF_ils_shadow_fix1,JPLM,IF,ils_shadow,ZHANG_USER_ILS_ROW,2024-07-17T00:21:30,JPLM,USER_IF_WL_SD,,,,,0,-6,0 0 1 0,,
r48u_20260914_JPLM_IF_ils_shadow_fix1,JPLM,IF,ils_shadow,ZHANG_USER_ILS_ROW,2024-07-17T00:22:00,JPLM,USER_IF_WL_SD,,,,,0,-6,0 0 1 0,,
r48u_20260914_JPLM_IF_ils_shadow_fix1,JPLM,IF,ils_shadow,ZHANG_USER_ILS_ROW,2024-07-17T00:22:30,JPLM,USER_IF_WL_SD,,,,,0,-6,0 0 1 0,,
r48u_20260914_JPLM_IF_ils_shadow_fix1,JPLM,IF,ils_shadow,ZHANG_USER_ILS_ROW,2024-07-17T00:23:00,JPLM,USER_IF_WL_SD,,,,,0,-6,0 0 1 0,,
r48u_20260914_JPLM_IF_ils_shadow_fix1,JPLM,IF,ils_shadow,ZHANG_USER_ILS_ROW,2024-07-17T00:23:30,JPLM,USER_IF_WL_SD,,,,,0,-6,0 1 0,,
r48u_20260914_JPLM_IF_ils_shadow_fix1,JPLM,IF,ils_shadow,ZHANG_USER_ILS_ROW,2024-07-17T00:24:00,JPLM,USER_IF_WL_SD,,,,,0,-6,0 0 1 0,,
r48u_20260914_JPLM_IF_ils_shadow_fix1,JPLM,IF,ils_shadow,ZHANG_USER_ILS_ROW,2024-07-17T00:24:30,JPLM,USER_IF_WL_SD,,,,,0,-6,0 0 1 0,,
r48u_20260914_JPLM_IF_ils_shadow_fix1,JPLM,IF,ils_shadow,ZHANG_USER_ILS_ROW,2024-07-17T00:25:00,JPLM,USER_IF_WL_SD,,,,,0,-6,0 0 1 0,,
r48u_20260914_JPLM_IF_ils_shadow_fix1,JPLM,IF,ils_shadow,ZHANG_USER_ILS_ROW,2024-07-17T00:25:30,JPLM,USER_IF_WL_SD,,,,,0,-6,0 0 1,,
r48u_20260914_JPLM_IF_ils_shadow_fix1,JPLM,IF,ils_shadow,ZHANG_USER_ILS_ROW,2024-07-17T00:26:00,JPLM,USER_IF_WL_SD,,,,,0,-6,0 0 1 0,,
r48u_20260914_JPLM_IF_ils_shadow_fix1,JPLM,IF,ils_shadow,ZHANG_USER_ILS_ROW,2024-07-17T00:26:30,JPLM,USER_IF_WL_SD,,,,,0,29,1 0 0 0,,
r48u_20260914_JPLM_IF_ils_shadow_fix1,JPLM,IF,ils_shadow,ZHANG_USER_ILS_ROW,2024-07-17T00:26:30,JPLM,USER_IF_WL_SD,,,,,1,-6,0 0 1 0,,
r48u_20260914_JPLM_IF_ils_shadow_fix1,JPLM,IF,ils_shadow,ZHANG_USER_ILS_ROW,2024-07-17T00:28:30,JPLM,USER_IF_WL_SD,,,,,0,29,1 0 0 0,,
r48u_20260914_JPLM_IF_ils_shadow_fix1,JPLM,IF,ils_shadow,ZHANG_USER_ILS_ROW,2024-07-17T00:29:00,JPLM,USER_IF_WL_SD,,,,,0,29,1 0 0 0,,
r48u_20260914_JPLM_IF_ils_shadow_fix1,JPLM,IF,ils_shadow,ZHANG_USER_ILS_ROW,2024-07-17T00:29:30,JPLM,USER_IF_WL_SD,,,,,0,29,1 0 0 0,,
r48u_20260914_JPLM_IF_ils_shadow_fix1,JPLM,IF,ils_shadow,ZHANG_USER_ILS_ROW,2024-07-17T00:30:00,JPLM,USER_IF_WL_SD,,,,,0,29,1 0 0 0,,
r48u_20260914_JPLM_IF_ils_shadow_fix1,JPLM,IF,ils_shadow,ZHANG_USER_ILS_NAMED_RECOVERY,2024-07-17T00:10:00,JPLM,USER_IF_WL_SD,0,,,,,,,0,1
r48u_20260914_JPLM_IF_ils_shadow_fix1,JPLM,IF,ils_shadow,ZHANG_USER_ILS_NAMED_RECOVERY,2024-07-17T00:11:00,JPLM,USER_IF_WL_SD,0,,,,,,,0,1
r48u_20260914_JPLM_IF_ils_shadow_fix1,JPLM,IF,ils_shadow,ZHANG_USER_ILS_NAMED_RECOVERY,2024-07-17T00:11:30,JPLM,USER_IF_WL_SD,0,,,,,,,0,1
r48u_20260914_JPLM_IF_ils_shadow_fix1,JPLM,IF,ils_shadow,ZHANG_USER_ILS_NAMED_RECOVERY,2024-07-17T00:12:00,JPLM,USER_IF_WL_SD,0,,,,,,,0,1
r48u_20260914_JPLM_IF_ils_shadow_fix1,JPLM,IF,ils_shadow,ZHANG_USER_ILS_NAMED_RECOVERY,2024-07-17T00:12:30,JPLM,USER_IF_WL_SD,0,,,,,,,0,1
r48u_20260914_JPLM_IF_ils_shadow_fix1,JPLM,IF,ils_shadow,ZHANG_USER_ILS_NAMED_RECOVERY,2024-07-17T00:13:00,JPLM,USER_IF_WL_SD,0,,,,,,,0,1
r48u_20260914_JPLM_IF_ils_shadow_fix1,JPLM,IF,ils_shadow,ZHANG_USER_ILS_NAMED_RECOVERY,2024-07-17T00:13:30,JPLM,USER_IF_WL_SD,0,,,,,,,0,1
r48u_20260914_JPLM_IF_ils_shadow_fix1,JPLM,IF,ils_shadow,ZHANG_USER_ILS_NAMED_RECOVERY,2024-07-17T00:14:00,JPLM,USER_IF_WL_SD,0,,,,,,,0,1
r48u_20260914_JPLM_IF_ils_shadow_fix1,JPLM,IF,ils_shadow,ZHANG_USER_ILS_NAMED_RECOVERY,2024-07-17T00:14:30,JPLM,USER_IF_WL_SD,0,,,,,,,0,1
r48u_20260914_JPLM_IF_ils_shadow_fix1,JPLM,IF,ils_shadow,ZHANG_USER_ILS_NAMED_RECOVERY,2024-07-17T00:15:00,JPLM,USER_IF_WL_SD,0,,,,,,,0,1
r48u_20260914_JPLM_IF_ils_shadow_fix1,JPLM,IF,ils_shadow,ZHANG_USER_ILS_NAMED_RECOVERY,2024-07-17T00:15:30,JPLM,USER_IF_WL_SD,0,,,,,,,0,1
r48u_20260914_JPLM_IF_ils_shadow_fix1,JPLM,IF,ils_shadow,ZHANG_USER_ILS_NAMED_RECOVERY,2024-07-17T00:16:00,JPLM,USER_IF_WL_SD,0,,,,,,,0,1
r48u_20260914_JPLM_IF_ils_shadow_fix1,JPLM,IF,ils_shadow,ZHANG_USER_ILS_NAMED_RECOVERY,2024-07-17T00:16:30,JPLM,USER_IF_WL_SD,0,,,,,,,0,1
r48u_20260914_JPLM_IF_ils_shadow_fix1,JPLM,IF,ils_shadow,ZHANG_USER_ILS_NAMED_RECOVERY,2024-07-17T00:17:00,JPLM,USER_IF_WL_SD,0,,,,,,,0,1
r48u_20260914_JPLM_IF_ils_shadow_fix1,JPLM,IF,ils_shadow,ZHANG_USER_ILS_NAMED_RECOVERY,2024-07-17T00:17:30,JPLM,USER_IF_WL_SD,1,,,,,,,1,1
r48u_20260914_JPLM_IF_ils_shadow_fix1,JPLM,IF,ils_shadow,ZHANG_USER_ILS_NAMED_RECOVERY,2024-07-17T00:18:00,JPLM,USER_IF_WL_SD,1,,,,,,,1,1
r48u_20260914_JPLM_IF_ils_shadow_fix1,JPLM,IF,ils_shadow,ZHANG_USER_ILS_NAMED_RECOVERY,2024-07-17T00:18:30,JPLM,USER_IF_WL_SD,1,,,,,,,1,1
r48u_20260914_JPLM_IF_ils_shadow_fix1,JPLM,IF,ils_shadow,ZHANG_USER_ILS_NAMED_RECOVERY,2024-07-17T00:19:00,JPLM,USER_IF_WL_SD,1,,,,,,,1,1
r48u_20260914_JPLM_IF_ils_shadow_fix1,JPLM,IF,ils_shadow,ZHANG_USER_ILS_NAMED_RECOVERY,2024-07-17T00:19:30,JPLM,USER_IF_WL_SD,1,,,,,,,1,1
r48u_20260914_JPLM_IF_ils_shadow_fix1,JPLM,IF,ils_shadow,ZHANG_USER_ILS_NAMED_RECOVERY,2024-07-17T00:20:00,JPLM,USER_IF_WL_SD,1,,,,,,,1,1
r48u_20260914_JPLM_IF_ils_shadow_fix1,JPLM,IF,ils_shadow,ZHANG_USER_ILS_NAMED_RECOVERY,2024-07-17T00:20:30,JPLM,USER_IF_WL_SD,1,,,,,,,1,1
r48u_20260914_JPLM_IF_ils_shadow_fix1,JPLM,IF,ils_shadow,ZHANG_USER_ILS_NAMED_RECOVERY,2024-07-17T00:21:00,JPLM,USER_IF_WL_SD,1,,,,,,,1,1
r48u_20260914_JPLM_IF_ils_shadow_fix1,JPLM,IF,ils_shadow,ZHANG_USER_ILS_NAMED_RECOVERY,2024-07-17T00:21:00,JPLM,USER_IF_L1_SD_CONDITIONAL,0,,,,,,,0,1
r48u_20260914_JPLM_IF_ils_shadow_fix1,JPLM,IF,ils_shadow,ZHANG_USER_ILS_NAMED_RECOVERY,2024-07-17T00:21:30,JPLM,USER_IF_WL_SD,1,,,,,,,1,1
r48u_20260914_JPLM_IF_ils_shadow_fix1,JPLM,IF,ils_shadow,ZHANG_USER_ILS_NAMED_RECOVERY,2024-07-17T00:21:30,JPLM,USER_IF_L1_SD_CONDITIONAL,0,,,,,,,0,1
r48u_20260914_JPLM_IF_ils_shadow_fix1,JPLM,IF,ils_shadow,ZHANG_USER_ILS_NAMED_RECOVERY,2024-07-17T00:22:00,JPLM,USER_IF_WL_SD,1,,,,,,,1,1
r48u_20260914_JPLM_IF_ils_shadow_fix1,JPLM,IF,ils_shadow,ZHANG_USER_ILS_NAMED_RECOVERY,2024-07-17T00:22:00,JPLM,USER_IF_L1_SD_CONDITIONAL,0,,,,,,,0,1
r48u_20260914_JPLM_IF_ils_shadow_fix1,JPLM,IF,ils_shadow,ZHANG_USER_ILS_NAMED_RECOVERY,2024-07-17T00:22:30,JPLM,USER_IF_WL_SD,1,,,,,,,1,1
r48u_20260914_JPLM_IF_ils_shadow_fix1,JPLM,IF,ils_shadow,ZHANG_USER_ILS_NAMED_RECOVERY,2024-07-17T00:22:30,JPLM,USER_IF_L1_SD_CONDITIONAL,0,,,,,,,0,1
r48u_20260914_JPLM_IF_ils_shadow_fix1,JPLM,IF,ils_shadow,ZHANG_USER_ILS_NAMED_RECOVERY,2024-07-17T00:23:00,JPLM,USER_IF_WL_SD,1,,,,,,,1,1
r48u_20260914_JPLM_IF_ils_shadow_fix1,JPLM,IF,ils_shadow,ZHANG_USER_ILS_NAMED_RECOVERY,2024-07-17T00:23:00,JPLM,USER_IF_L1_SD_CONDITIONAL,0,,,,,,,0,1
r48u_20260914_JPLM_IF_ils_shadow_fix1,JPLM,IF,ils_shadow,ZHANG_USER_ILS_NAMED_RECOVERY,2024-07-17T00:23:30,JPLM,USER_IF_WL_SD,1,,,,,,,1,1
r48u_20260914_JPLM_IF_ils_shadow_fix1,JPLM,IF,ils_shadow,ZHANG_USER_ILS_NAMED_RECOVERY,2024-07-17T00:23:30,JPLM,USER_IF_L1_SD_CONDITIONAL,0,,,,,,,0,1
r48u_20260914_JPLM_IF_ils_shadow_fix1,JPLM,IF,ils_shadow,ZHANG_USER_ILS_NAMED_RECOVERY,2024-07-17T00:24:00,JPLM,USER_IF_WL_SD,1,,,,,,,1,1
r48u_20260914_JPLM_IF_ils_shadow_fix1,JPLM,IF,ils_shadow,ZHANG_USER_ILS_NAMED_RECOVERY,2024-07-17T00:24:00,JPLM,USER_IF_L1_SD_CONDITIONAL,0,,,,,,,0,1
r48u_20260914_JPLM_IF_ils_shadow_fix1,JPLM,IF,ils_shadow,ZHANG_USER_ILS_NAMED_RECOVERY,2024-07-17T00:24:30,JPLM,USER_IF_WL_SD,1,,,,,,,1,1
r48u_20260914_JPLM_IF_ils_shadow_fix1,JPLM,IF,ils_shadow,ZHANG_USER_ILS_NAMED_RECOVERY,2024-07-17T00:24:30,JPLM,USER_IF_L1_SD_CONDITIONAL,0,,,,,,,0,1
r48u_20260914_JPLM_IF_ils_shadow_fix1,JPLM,IF,ils_shadow,ZHANG_USER_ILS_NAMED_RECOVERY,2024-07-17T00:25:00,JPLM,USER_IF_WL_SD,1,,,,,,,1,1
r48u_20260914_JPLM_IF_ils_shadow_fix1,JPLM,IF,ils_shadow,ZHANG_USER_ILS_NAMED_RECOVERY,2024-07-17T00:25:00,JPLM,USER_IF_L1_SD_CONDITIONAL,0,,,,,,,0,1
r48u_20260914_JPLM_IF_ils_shadow_fix1,JPLM,IF,ils_shadow,ZHANG_USER_ILS_NAMED_RECOVERY,2024-07-17T00:25:30,JPLM,USER_IF_WL_SD,1,,,,,,,1,1
r48u_20260914_JPLM_IF_ils_shadow_fix1,JPLM,IF,ils_shadow,ZHANG_USER_ILS_NAMED_RECOVERY,2024-07-17T00:25:30,JPLM,USER_IF_L1_SD_CONDITIONAL,0,,,,,,,0,1
r48u_20260914_JPLM_IF_ils_shadow_fix1,JPLM,IF,ils_shadow,ZHANG_USER_ILS_NAMED_RECOVERY,2024-07-17T00:26:00,JPLM,USER_IF_WL_SD,1,,,,,,,1,1
r48u_20260914_JPLM_IF_ils_shadow_fix1,JPLM,IF,ils_shadow,ZHANG_USER_ILS_NAMED_RECOVERY,2024-07-17T00:26:00,JPLM,USER_IF_L1_SD_CONDITIONAL,0,,,,,,,0,1
r48u_20260914_JPLM_IF_ils_shadow_fix1,JPLM,IF,ils_shadow,ZHANG_USER_ILS_NAMED_RECOVERY,2024-07-17T00:26:30,JPLM,USER_IF_WL_SD,2,,,,,,,2,1
r48u_20260914_JPLM_IF_ils_shadow_fix1,JPLM,IF,ils_shadow,ZHANG_USER_ILS_NAMED_RECOVERY,2024-07-17T00:26:30,JPLM,USER_IF_L1_SD_CONDITIONAL,0,,,,,,,0,1
r48u_20260914_JPLM_IF_ils_shadow_fix1,JPLM,IF,ils_shadow,ZHANG_USER_ILS_NAMED_RECOVERY,2024-07-17T00:27:00,JPLM,USER_IF_WL_SD,0,,,,,,,0,1
r48u_20260914_JPLM_IF_ils_shadow_fix1,JPLM,IF,ils_shadow,ZHANG_USER_ILS_NAMED_RECOVERY,2024-07-17T00:27:30,JPLM,USER_IF_WL_SD,0,,,,,,,0,1
r48u_20260914_JPLM_IF_ils_shadow_fix1,JPLM,IF,ils_shadow,ZHANG_USER_ILS_NAMED_RECOVERY,2024-07-17T00:28:00,JPLM,USER_IF_WL_SD,0,,,,,,,0,1
r48u_20260914_JPLM_IF_ils_shadow_fix1,JPLM,IF,ils_shadow,ZHANG_USER_ILS_NAMED_RECOVERY,2024-07-17T00:28:30,JPLM,USER_IF_WL_SD,1,,,,,,,1,1
r48u_20260914_JPLM_IF_ils_shadow_fix1,JPLM,IF,ils_shadow,ZHANG_USER_ILS_NAMED_RECOVERY,2024-07-17T00:29:00,JPLM,USER_IF_WL_SD,1,,,,,,,1,1
r48u_20260914_JPLM_IF_ils_shadow_fix1,JPLM,IF,ils_shadow,ZHANG_USER_ILS_NAMED_RECOVERY,2024-07-17T00:29:30,JPLM,USER_IF_WL_SD,1,,,,,,,1,1
r48u_20260914_JPLM_IF_ils_shadow_fix1,JPLM,IF,ils_shadow,ZHANG_USER_ILS_NAMED_RECOVERY,2024-07-17T00:30:00,JPLM,USER_IF_WL_SD,1,,,,,,,1,1
r48u_20260914_JPLM_IF_ils_feedback_fix1,JPLM,IF,ils_feedback,ZHANG_USER_ILS_RELATIONS,2024-07-17T00:10:00,JPLM,USER_IF_WL_SD,0,1,1,0,,,,,
r48u_20260914_JPLM_IF_ils_feedback_fix1,JPLM,IF,ils_feedback,ZHANG_USER_ILS_RELATIONS,2024-07-17T00:11:00,JPLM,USER_IF_WL_SD,0,1,1,0,,,,,
r48u_20260914_JPLM_IF_ils_feedback_fix1,JPLM,IF,ils_feedback,ZHANG_USER_ILS_RELATIONS,2024-07-17T00:11:30,JPLM,USER_IF_WL_SD,0,2,1,0,,,,,
r48u_20260914_JPLM_IF_ils_feedback_fix1,JPLM,IF,ils_feedback,ZHANG_USER_ILS_RELATIONS,2024-07-17T00:12:00,JPLM,USER_IF_WL_SD,0,2,1,0,,,,,
r48u_20260914_JPLM_IF_ils_feedback_fix1,JPLM,IF,ils_feedback,ZHANG_USER_ILS_RELATIONS,2024-07-17T00:12:30,JPLM,USER_IF_WL_SD,0,2,1,0,,,,,
r48u_20260914_JPLM_IF_ils_feedback_fix1,JPLM,IF,ils_feedback,ZHANG_USER_ILS_RELATIONS,2024-07-17T00:13:00,JPLM,USER_IF_WL_SD,0,2,1,0,,,,,
r48u_20260914_JPLM_IF_ils_feedback_fix1,JPLM,IF,ils_feedback,ZHANG_USER_ILS_RELATIONS,2024-07-17T00:13:30,JPLM,USER_IF_WL_SD,0,2,1,0,,,,,
r48u_20260914_JPLM_IF_ils_feedback_fix1,JPLM,IF,ils_feedback,ZHANG_USER_ILS_RELATIONS,2024-07-17T00:14:00,JPLM,USER_IF_WL_SD,0,2,1,0,,,,,
r48u_20260914_JPLM_IF_ils_feedback_fix1,JPLM,IF,ils_feedback,ZHANG_USER_ILS_RELATIONS,2024-07-17T00:14:30,JPLM,USER_IF_WL_SD,0,2,1,0,,,,,
r48u_20260914_JPLM_IF_ils_feedback_fix1,JPLM,IF,ils_feedback,ZHANG_USER_ILS_RELATIONS,2024-07-17T00:15:00,JPLM,USER_IF_WL_SD,0,2,1,0,,,,,
r48u_20260914_JPLM_IF_ils_feedback_fix1,JPLM,IF,ils_feedback,ZHANG_USER_ILS_RELATIONS,2024-07-17T00:15:30,JPLM,USER_IF_WL_SD,0,2,1,0,,,,,
r48u_20260914_JPLM_IF_ils_feedback_fix1,JPLM,IF,ils_feedback,ZHANG_USER_ILS_RELATIONS,2024-07-17T00:16:00,JPLM,USER_IF_WL_SD,0,2,1,0,,,,,
r48u_20260914_JPLM_IF_ils_feedback_fix1,JPLM,IF,ils_feedback,ZHANG_USER_ILS_RELATIONS,2024-07-17T00:16:30,JPLM,USER_IF_WL_SD,0,2,1,0,,,,,
r48u_20260914_JPLM_IF_ils_feedback_fix1,JPLM,IF,ils_feedback,ZHANG_USER_ILS_RELATIONS,2024-07-17T00:17:00,JPLM,USER_IF_WL_SD,0,3,1,0,,,,,
r48u_20260914_JPLM_IF_ils_feedback_fix1,JPLM,IF,ils_feedback,ZHANG_USER_ILS_RELATIONS,2024-07-17T00:17:30,JPLM,USER_IF_WL_SD,1,3,1,0,,,,,
r48u_20260914_JPLM_IF_ils_feedback_fix1,JPLM,IF,ils_feedback,ZHANG_USER_ILS_RELATIONS,2024-07-17T00:18:00,JPLM,USER_IF_WL_SD,1,3,1,0,,,,,
r48u_20260914_JPLM_IF_ils_feedback_fix1,JPLM,IF,ils_feedback,ZHANG_USER_ILS_RELATIONS,2024-07-17T00:18:30,JPLM,USER_IF_WL_SD,1,3,1,0,,,,,
r48u_20260914_JPLM_IF_ils_feedback_fix1,JPLM,IF,ils_feedback,ZHANG_USER_ILS_RELATIONS,2024-07-17T00:19:00,JPLM,USER_IF_WL_SD,1,4,1,0,,,,,
r48u_20260914_JPLM_IF_ils_feedback_fix1,JPLM,IF,ils_feedback,ZHANG_USER_ILS_RELATIONS,2024-07-17T00:19:30,JPLM,USER_IF_WL_SD,1,4,1,0,,,,,
r48u_20260914_JPLM_IF_ils_feedback_fix1,JPLM,IF,ils_feedback,ZHANG_USER_ILS_RELATIONS,2024-07-17T00:20:00,JPLM,USER_IF_WL_SD,1,4,1,0,,,,,
r48u_20260914_JPLM_IF_ils_feedback_fix1,JPLM,IF,ils_feedback,ZHANG_USER_ILS_RELATIONS,2024-07-17T00:20:30,JPLM,USER_IF_WL_SD,1,4,1,0,,,,,
r48u_20260914_JPLM_IF_ils_feedback_fix1,JPLM,IF,ils_feedback,ZHANG_USER_ILS_RELATIONS,2024-07-17T00:21:00,JPLM,USER_IF_WL_SD,1,4,1,0,,,,,
r48u_20260914_JPLM_IF_ils_feedback_fix1,JPLM,IF,ils_feedback,ZHANG_USER_ILS_RELATIONS,2024-07-17T00:21:00,JPLM,USER_IF_L1_SD_CONDITIONAL,0,1,1,0,,,,,
r48u_20260914_JPLM_IF_ils_feedback_fix1,JPLM,IF,ils_feedback,ZHANG_USER_ILS_RELATIONS,2024-07-17T00:21:30,JPLM,USER_IF_WL_SD,1,4,1,0,,,,,
r48u_20260914_JPLM_IF_ils_feedback_fix1,JPLM,IF,ils_feedback,ZHANG_USER_ILS_RELATIONS,2024-07-17T00:21:30,JPLM,USER_IF_L1_SD_CONDITIONAL,0,1,1,0,,,,,
r48u_20260914_JPLM_IF_ils_feedback_fix1,JPLM,IF,ils_feedback,ZHANG_USER_ILS_RELATIONS,2024-07-17T00:22:00,JPLM,USER_IF_WL_SD,1,4,1,0,,,,,
r48u_20260914_JPLM_IF_ils_feedback_fix1,JPLM,IF,ils_feedback,ZHANG_USER_ILS_RELATIONS,2024-07-17T00:22:00,JPLM,USER_IF_L1_SD_CONDITIONAL,0,1,1,0,,,,,
r48u_20260914_JPLM_IF_ils_feedback_fix1,JPLM,IF,ils_feedback,ZHANG_USER_ILS_RELATIONS,2024-07-17T00:22:30,JPLM,USER_IF_WL_SD,1,4,1,0,,,,,
r48u_20260914_JPLM_IF_ils_feedback_fix1,JPLM,IF,ils_feedback,ZHANG_USER_ILS_RELATIONS,2024-07-17T00:22:30,JPLM,USER_IF_L1_SD_CONDITIONAL,0,1,1,0,,,,,
r48u_20260914_JPLM_IF_ils_feedback_fix1,JPLM,IF,ils_feedback,ZHANG_USER_ILS_RELATIONS,2024-07-17T00:23:00,JPLM,USER_IF_WL_SD,1,4,1,0,,,,,
r48u_20260914_JPLM_IF_ils_feedback_fix1,JPLM,IF,ils_feedback,ZHANG_USER_ILS_RELATIONS,2024-07-17T00:23:00,JPLM,USER_IF_L1_SD_CONDITIONAL,0,1,1,0,,,,,
r48u_20260914_JPLM_IF_ils_feedback_fix1,JPLM,IF,ils_feedback,ZHANG_USER_ILS_RELATIONS,2024-07-17T00:23:30,JPLM,USER_IF_WL_SD,1,3,1,0,,,,,
r48u_20260914_JPLM_IF_ils_feedback_fix1,JPLM,IF,ils_feedback,ZHANG_USER_ILS_RELATIONS,2024-07-17T00:23:30,JPLM,USER_IF_L1_SD_CONDITIONAL,0,1,1,0,,,,,
r48u_20260914_JPLM_IF_ils_feedback_fix1,JPLM,IF,ils_feedback,ZHANG_USER_ILS_RELATIONS,2024-07-17T00:24:00,JPLM,USER_IF_WL_SD,1,4,1,0,,,,,
r48u_20260914_JPLM_IF_ils_feedback_fix1,JPLM,IF,ils_feedback,ZHANG_USER_ILS_RELATIONS,2024-07-17T00:24:00,JPLM,USER_IF_L1_SD_CONDITIONAL,0,1,1,0,,,,,
r48u_20260914_JPLM_IF_ils_feedback_fix1,JPLM,IF,ils_feedback,ZHANG_USER_ILS_RELATIONS,2024-07-17T00:24:30,JPLM,USER_IF_WL_SD,1,4,1,0,,,,,
r48u_20260914_JPLM_IF_ils_feedback_fix1,JPLM,IF,ils_feedback,ZHANG_USER_ILS_RELATIONS,2024-07-17T00:24:30,JPLM,USER_IF_L1_SD_CONDITIONAL,0,1,1,0,,,,,
r48u_20260914_JPLM_IF_ils_feedback_fix1,JPLM,IF,ils_feedback,ZHANG_USER_ILS_RELATIONS,2024-07-17T00:25:00,JPLM,USER_IF_WL_SD,1,4,1,0,,,,,
r48u_20260914_JPLM_IF_ils_feedback_fix1,JPLM,IF,ils_feedback,ZHANG_USER_ILS_RELATIONS,2024-07-17T00:25:00,JPLM,USER_IF_L1_SD_CONDITIONAL,0,1,1,0,,,,,
r48u_20260914_JPLM_IF_ils_feedback_fix1,JPLM,IF,ils_feedback,ZHANG_USER_ILS_RELATIONS,2024-07-17T00:25:30,JPLM,USER_IF_WL_SD,1,3,1,0,,,,,
r48u_20260914_JPLM_IF_ils_feedback_fix1,JPLM,IF,ils_feedback,ZHANG_USER_ILS_RELATIONS,2024-07-17T00:25:30,JPLM,USER_IF_L1_SD_CONDITIONAL,0,1,1,0,,,,,
r48u_20260914_JPLM_IF_ils_feedback_fix1,JPLM,IF,ils_feedback,ZHANG_USER_ILS_RELATIONS,2024-07-17T00:26:00,JPLM,USER_IF_WL_SD,1,4,1,0,,,,,
r48u_20260914_JPLM_IF_ils_feedback_fix1,JPLM,IF,ils_feedback,ZHANG_USER_ILS_RELATIONS,2024-07-17T00:26:00,JPLM,USER_IF_L1_SD_CONDITIONAL,0,1,1,0,,,,,
r48u_20260914_JPLM_IF_ils_feedback_fix1,JPLM,IF,ils_feedback,ZHANG_USER_ILS_RELATIONS,2024-07-17T00:26:30,JPLM,USER_IF_WL_SD,2,4,1,0,,,,,
r48u_20260914_JPLM_IF_ils_feedback_fix1,JPLM,IF,ils_feedback,ZHANG_USER_ILS_RELATIONS,2024-07-17T00:26:30,JPLM,USER_IF_L1_SD_CONDITIONAL,0,1,1,0,,,,,
r48u_20260914_JPLM_IF_ils_feedback_fix1,JPLM,IF,ils_feedback,ZHANG_USER_ILS_RELATIONS,2024-07-17T00:27:00,JPLM,USER_IF_WL_SD,0,3,1,0,,,,,
r48u_20260914_JPLM_IF_ils_feedback_fix1,JPLM,IF,ils_feedback,ZHANG_USER_ILS_RELATIONS,2024-07-17T00:27:30,JPLM,USER_IF_WL_SD,0,3,1,0,,,,,
r48u_20260914_JPLM_IF_ils_feedback_fix1,JPLM,IF,ils_feedback,ZHANG_USER_ILS_RELATIONS,2024-07-17T00:28:00,JPLM,USER_IF_WL_SD,0,3,1,0,,,,,
r48u_20260914_JPLM_IF_ils_feedback_fix1,JPLM,IF,ils_feedback,ZHANG_USER_ILS_RELATIONS,2024-07-17T00:28:30,JPLM,USER_IF_WL_SD,1,4,1,0,,,,,
r48u_20260914_JPLM_IF_ils_feedback_fix1,JPLM,IF,ils_feedback,ZHANG_USER_ILS_RELATIONS,2024-07-17T00:29:00,JPLM,USER_IF_WL_SD,1,4,1,0,,,,,
r48u_20260914_JPLM_IF_ils_feedback_fix1,JPLM,IF,ils_feedback,ZHANG_USER_ILS_RELATIONS,2024-07-17T00:29:30,JPLM,USER_IF_WL_SD,1,4,1,0,,,,,
r48u_20260914_JPLM_IF_ils_feedback_fix1,JPLM,IF,ils_feedback,ZHANG_USER_ILS_RELATIONS,2024-07-17T00:30:00,JPLM,USER_IF_WL_SD,1,4,1,0,,,,,
r48u_20260914_JPLM_IF_ils_feedback_fix1,JPLM,IF,ils_feedback,ZHANG_USER_ILS_ROW,2024-07-17T00:17:30,JPLM,USER_IF_WL_SD,,,,,0,-6,0 1 0,,
r48u_20260914_JPLM_IF_ils_feedback_fix1,JPLM,IF,ils_feedback,ZHANG_USER_ILS_ROW,2024-07-17T00:18:00,JPLM,USER_IF_WL_SD,,,,,0,-6,0 1 0,,
r48u_20260914_JPLM_IF_ils_feedback_fix1,JPLM,IF,ils_feedback,ZHANG_USER_ILS_ROW,2024-07-17T00:18:30,JPLM,USER_IF_WL_SD,,,,,0,-6,0 1 0,,
r48u_20260914_JPLM_IF_ils_feedback_fix1,JPLM,IF,ils_feedback,ZHANG_USER_ILS_ROW,2024-07-17T00:19:00,JPLM,USER_IF_WL_SD,,,,,0,-6,0 0 1 0,,
r48u_20260914_JPLM_IF_ils_feedback_fix1,JPLM,IF,ils_feedback,ZHANG_USER_ILS_ROW,2024-07-17T00:19:30,JPLM,USER_IF_WL_SD,,,,,0,-6,0 0 1 0,,
r48u_20260914_JPLM_IF_ils_feedback_fix1,JPLM,IF,ils_feedback,ZHANG_USER_ILS_ROW,2024-07-17T00:20:00,JPLM,USER_IF_WL_SD,,,,,0,-6,0 0 1 0,,
r48u_20260914_JPLM_IF_ils_feedback_fix1,JPLM,IF,ils_feedback,ZHANG_USER_ILS_ROW,2024-07-17T00:20:30,JPLM,USER_IF_WL_SD,,,,,0,-6,0 0 1 0,,
r48u_20260914_JPLM_IF_ils_feedback_fix1,JPLM,IF,ils_feedback,ZHANG_USER_ILS_ROW,2024-07-17T00:21:00,JPLM,USER_IF_WL_SD,,,,,0,-6,0 0 1 0,,
r48u_20260914_JPLM_IF_ils_feedback_fix1,JPLM,IF,ils_feedback,ZHANG_USER_ILS_ROW,2024-07-17T00:21:30,JPLM,USER_IF_WL_SD,,,,,0,-6,0 0 1 0,,
r48u_20260914_JPLM_IF_ils_feedback_fix1,JPLM,IF,ils_feedback,ZHANG_USER_ILS_ROW,2024-07-17T00:22:00,JPLM,USER_IF_WL_SD,,,,,0,-6,0 0 1 0,,
r48u_20260914_JPLM_IF_ils_feedback_fix1,JPLM,IF,ils_feedback,ZHANG_USER_ILS_ROW,2024-07-17T00:22:30,JPLM,USER_IF_WL_SD,,,,,0,-6,0 0 1 0,,
r48u_20260914_JPLM_IF_ils_feedback_fix1,JPLM,IF,ils_feedback,ZHANG_USER_ILS_ROW,2024-07-17T00:23:00,JPLM,USER_IF_WL_SD,,,,,0,-6,0 0 1 0,,
r48u_20260914_JPLM_IF_ils_feedback_fix1,JPLM,IF,ils_feedback,ZHANG_USER_ILS_ROW,2024-07-17T00:23:30,JPLM,USER_IF_WL_SD,,,,,0,-6,0 1 0,,
r48u_20260914_JPLM_IF_ils_feedback_fix1,JPLM,IF,ils_feedback,ZHANG_USER_ILS_ROW,2024-07-17T00:24:00,JPLM,USER_IF_WL_SD,,,,,0,-6,0 0 1 0,,
r48u_20260914_JPLM_IF_ils_feedback_fix1,JPLM,IF,ils_feedback,ZHANG_USER_ILS_ROW,2024-07-17T00:24:30,JPLM,USER_IF_WL_SD,,,,,0,-6,0 0 1 0,,
r48u_20260914_JPLM_IF_ils_feedback_fix1,JPLM,IF,ils_feedback,ZHANG_USER_ILS_ROW,2024-07-17T00:25:00,JPLM,USER_IF_WL_SD,,,,,0,-6,0 0 1 0,,
r48u_20260914_JPLM_IF_ils_feedback_fix1,JPLM,IF,ils_feedback,ZHANG_USER_ILS_ROW,2024-07-17T00:25:30,JPLM,USER_IF_WL_SD,,,,,0,-6,0 0 1,,
r48u_20260914_JPLM_IF_ils_feedback_fix1,JPLM,IF,ils_feedback,ZHANG_USER_ILS_ROW,2024-07-17T00:26:00,JPLM,USER_IF_WL_SD,,,,,0,-6,0 0 1 0,,
r48u_20260914_JPLM_IF_ils_feedback_fix1,JPLM,IF,ils_feedback,ZHANG_USER_ILS_ROW,2024-07-17T00:26:30,JPLM,USER_IF_WL_SD,,,,,0,29,1 0 0 0,,
r48u_20260914_JPLM_IF_ils_feedback_fix1,JPLM,IF,ils_feedback,ZHANG_USER_ILS_ROW,2024-07-17T00:26:30,JPLM,USER_IF_WL_SD,,,,,1,-6,0 0 1 0,,
r48u_20260914_JPLM_IF_ils_feedback_fix1,JPLM,IF,ils_feedback,ZHANG_USER_ILS_ROW,2024-07-17T00:28:30,JPLM,USER_IF_WL_SD,,,,,0,29,1 0 0 0,,
r48u_20260914_JPLM_IF_ils_feedback_fix1,JPLM,IF,ils_feedback,ZHANG_USER_ILS_ROW,2024-07-17T00:29:00,JPLM,USER_IF_WL_SD,,,,,0,29,1 0 0 0,,
r48u_20260914_JPLM_IF_ils_feedback_fix1,JPLM,IF,ils_feedback,ZHANG_USER_ILS_ROW,2024-07-17T00:29:30,JPLM,USER_IF_WL_SD,,,,,0,29,1 0 0 0,,
r48u_20260914_JPLM_IF_ils_feedback_fix1,JPLM,IF,ils_feedback,ZHANG_USER_ILS_ROW,2024-07-17T00:30:00,JPLM,USER_IF_WL_SD,,,,,0,29,1 0 0 0,,
r48u_20260914_JPLM_IF_ils_feedback_fix1,JPLM,IF,ils_feedback,ZHANG_USER_ILS_NAMED_RECOVERY,2024-07-17T00:10:00,JPLM,USER_IF_WL_SD,0,,,,,,,0,1
r48u_20260914_JPLM_IF_ils_feedback_fix1,JPLM,IF,ils_feedback,ZHANG_USER_ILS_NAMED_RECOVERY,2024-07-17T00:11:00,JPLM,USER_IF_WL_SD,0,,,,,,,0,1
r48u_20260914_JPLM_IF_ils_feedback_fix1,JPLM,IF,ils_feedback,ZHANG_USER_ILS_NAMED_RECOVERY,2024-07-17T00:11:30,JPLM,USER_IF_WL_SD,0,,,,,,,0,1
r48u_20260914_JPLM_IF_ils_feedback_fix1,JPLM,IF,ils_feedback,ZHANG_USER_ILS_NAMED_RECOVERY,2024-07-17T00:12:00,JPLM,USER_IF_WL_SD,0,,,,,,,0,1
r48u_20260914_JPLM_IF_ils_feedback_fix1,JPLM,IF,ils_feedback,ZHANG_USER_ILS_NAMED_RECOVERY,2024-07-17T00:12:30,JPLM,USER_IF_WL_SD,0,,,,,,,0,1
r48u_20260914_JPLM_IF_ils_feedback_fix1,JPLM,IF,ils_feedback,ZHANG_USER_ILS_NAMED_RECOVERY,2024-07-17T00:13:00,JPLM,USER_IF_WL_SD,0,,,,,,,0,1
r48u_20260914_JPLM_IF_ils_feedback_fix1,JPLM,IF,ils_feedback,ZHANG_USER_ILS_NAMED_RECOVERY,2024-07-17T00:13:30,JPLM,USER_IF_WL_SD,0,,,,,,,0,1
r48u_20260914_JPLM_IF_ils_feedback_fix1,JPLM,IF,ils_feedback,ZHANG_USER_ILS_NAMED_RECOVERY,2024-07-17T00:14:00,JPLM,USER_IF_WL_SD,0,,,,,,,0,1
r48u_20260914_JPLM_IF_ils_feedback_fix1,JPLM,IF,ils_feedback,ZHANG_USER_ILS_NAMED_RECOVERY,2024-07-17T00:14:30,JPLM,USER_IF_WL_SD,0,,,,,,,0,1
r48u_20260914_JPLM_IF_ils_feedback_fix1,JPLM,IF,ils_feedback,ZHANG_USER_ILS_NAMED_RECOVERY,2024-07-17T00:15:00,JPLM,USER_IF_WL_SD,0,,,,,,,0,1
r48u_20260914_JPLM_IF_ils_feedback_fix1,JPLM,IF,ils_feedback,ZHANG_USER_ILS_NAMED_RECOVERY,2024-07-17T00:15:30,JPLM,USER_IF_WL_SD,0,,,,,,,0,1
r48u_20260914_JPLM_IF_ils_feedback_fix1,JPLM,IF,ils_feedback,ZHANG_USER_ILS_NAMED_RECOVERY,2024-07-17T00:16:00,JPLM,USER_IF_WL_SD,0,,,,,,,0,1
r48u_20260914_JPLM_IF_ils_feedback_fix1,JPLM,IF,ils_feedback,ZHANG_USER_ILS_NAMED_RECOVERY,2024-07-17T00:16:30,JPLM,USER_IF_WL_SD,0,,,,,,,0,1
r48u_20260914_JPLM_IF_ils_feedback_fix1,JPLM,IF,ils_feedback,ZHANG_USER_ILS_NAMED_RECOVERY,2024-07-17T00:17:00,JPLM,USER_IF_WL_SD,0,,,,,,,0,1
r48u_20260914_JPLM_IF_ils_feedback_fix1,JPLM,IF,ils_feedback,ZHANG_USER_ILS_NAMED_RECOVERY,2024-07-17T00:17:30,JPLM,USER_IF_WL_SD,1,,,,,,,1,1
r48u_20260914_JPLM_IF_ils_feedback_fix1,JPLM,IF,ils_feedback,ZHANG_USER_ILS_NAMED_RECOVERY,2024-07-17T00:18:00,JPLM,USER_IF_WL_SD,1,,,,,,,1,1
r48u_20260914_JPLM_IF_ils_feedback_fix1,JPLM,IF,ils_feedback,ZHANG_USER_ILS_NAMED_RECOVERY,2024-07-17T00:18:30,JPLM,USER_IF_WL_SD,1,,,,,,,1,1
r48u_20260914_JPLM_IF_ils_feedback_fix1,JPLM,IF,ils_feedback,ZHANG_USER_ILS_NAMED_RECOVERY,2024-07-17T00:19:00,JPLM,USER_IF_WL_SD,1,,,,,,,1,1
r48u_20260914_JPLM_IF_ils_feedback_fix1,JPLM,IF,ils_feedback,ZHANG_USER_ILS_NAMED_RECOVERY,2024-07-17T00:19:30,JPLM,USER_IF_WL_SD,1,,,,,,,1,1
r48u_20260914_JPLM_IF_ils_feedback_fix1,JPLM,IF,ils_feedback,ZHANG_USER_ILS_NAMED_RECOVERY,2024-07-17T00:20:00,JPLM,USER_IF_WL_SD,1,,,,,,,1,1
r48u_20260914_JPLM_IF_ils_feedback_fix1,JPLM,IF,ils_feedback,ZHANG_USER_ILS_NAMED_RECOVERY,2024-07-17T00:20:30,JPLM,USER_IF_WL_SD,1,,,,,,,1,1
r48u_20260914_JPLM_IF_ils_feedback_fix1,JPLM,IF,ils_feedback,ZHANG_USER_ILS_NAMED_RECOVERY,2024-07-17T00:21:00,JPLM,USER_IF_WL_SD,1,,,,,,,1,1
r48u_20260914_JPLM_IF_ils_feedback_fix1,JPLM,IF,ils_feedback,ZHANG_USER_ILS_NAMED_RECOVERY,2024-07-17T00:21:00,JPLM,USER_IF_L1_SD_CONDITIONAL,0,,,,,,,0,1
r48u_20260914_JPLM_IF_ils_feedback_fix1,JPLM,IF,ils_feedback,ZHANG_USER_ILS_NAMED_RECOVERY,2024-07-17T00:21:30,JPLM,USER_IF_WL_SD,1,,,,,,,1,1
r48u_20260914_JPLM_IF_ils_feedback_fix1,JPLM,IF,ils_feedback,ZHANG_USER_ILS_NAMED_RECOVERY,2024-07-17T00:21:30,JPLM,USER_IF_L1_SD_CONDITIONAL,0,,,,,,,0,1
r48u_20260914_JPLM_IF_ils_feedback_fix1,JPLM,IF,ils_feedback,ZHANG_USER_ILS_NAMED_RECOVERY,2024-07-17T00:22:00,JPLM,USER_IF_WL_SD,1,,,,,,,1,1
r48u_20260914_JPLM_IF_ils_feedback_fix1,JPLM,IF,ils_feedback,ZHANG_USER_ILS_NAMED_RECOVERY,2024-07-17T00:22:00,JPLM,USER_IF_L1_SD_CONDITIONAL,0,,,,,,,0,1
r48u_20260914_JPLM_IF_ils_feedback_fix1,JPLM,IF,ils_feedback,ZHANG_USER_ILS_NAMED_RECOVERY,2024-07-17T00:22:30,JPLM,USER_IF_WL_SD,1,,,,,,,1,1
r48u_20260914_JPLM_IF_ils_feedback_fix1,JPLM,IF,ils_feedback,ZHANG_USER_ILS_NAMED_RECOVERY,2024-07-17T00:22:30,JPLM,USER_IF_L1_SD_CONDITIONAL,0,,,,,,,0,1
r48u_20260914_JPLM_IF_ils_feedback_fix1,JPLM,IF,ils_feedback,ZHANG_USER_ILS_NAMED_RECOVERY,2024-07-17T00:23:00,JPLM,USER_IF_WL_SD,1,,,,,,,1,1
r48u_20260914_JPLM_IF_ils_feedback_fix1,JPLM,IF,ils_feedback,ZHANG_USER_ILS_NAMED_RECOVERY,2024-07-17T00:23:00,JPLM,USER_IF_L1_SD_CONDITIONAL,0,,,,,,,0,1
r48u_20260914_JPLM_IF_ils_feedback_fix1,JPLM,IF,ils_feedback,ZHANG_USER_ILS_NAMED_RECOVERY,2024-07-17T00:23:30,JPLM,USER_IF_WL_SD,1,,,,,,,1,1
r48u_20260914_JPLM_IF_ils_feedback_fix1,JPLM,IF,ils_feedback,ZHANG_USER_ILS_NAMED_RECOVERY,2024-07-17T00:23:30,JPLM,USER_IF_L1_SD_CONDITIONAL,0,,,,,,,0,1
r48u_20260914_JPLM_IF_ils_feedback_fix1,JPLM,IF,ils_feedback,ZHANG_USER_ILS_NAMED_RECOVERY,2024-07-17T00:24:00,JPLM,USER_IF_WL_SD,1,,,,,,,1,1
r48u_20260914_JPLM_IF_ils_feedback_fix1,JPLM,IF,ils_feedback,ZHANG_USER_ILS_NAMED_RECOVERY,2024-07-17T00:24:00,JPLM,USER_IF_L1_SD_CONDITIONAL,0,,,,,,,0,1
r48u_20260914_JPLM_IF_ils_feedback_fix1,JPLM,IF,ils_feedback,ZHANG_USER_ILS_NAMED_RECOVERY,2024-07-17T00:24:30,JPLM,USER_IF_WL_SD,1,,,,,,,1,1
r48u_20260914_JPLM_IF_ils_feedback_fix1,JPLM,IF,ils_feedback,ZHANG_USER_ILS_NAMED_RECOVERY,2024-07-17T00:24:30,JPLM,USER_IF_L1_SD_CONDITIONAL,0,,,,,,,0,1
r48u_20260914_JPLM_IF_ils_feedback_fix1,JPLM,IF,ils_feedback,ZHANG_USER_ILS_NAMED_RECOVERY,2024-07-17T00:25:00,JPLM,USER_IF_WL_SD,1,,,,,,,1,1
r48u_20260914_JPLM_IF_ils_feedback_fix1,JPLM,IF,ils_feedback,ZHANG_USER_ILS_NAMED_RECOVERY,2024-07-17T00:25:00,JPLM,USER_IF_L1_SD_CONDITIONAL,0,,,,,,,0,1
r48u_20260914_JPLM_IF_ils_feedback_fix1,JPLM,IF,ils_feedback,ZHANG_USER_ILS_NAMED_RECOVERY,2024-07-17T00:25:30,JPLM,USER_IF_WL_SD,1,,,,,,,1,1
r48u_20260914_JPLM_IF_ils_feedback_fix1,JPLM,IF,ils_feedback,ZHANG_USER_ILS_NAMED_RECOVERY,2024-07-17T00:25:30,JPLM,USER_IF_L1_SD_CONDITIONAL,0,,,,,,,0,1
r48u_20260914_JPLM_IF_ils_feedback_fix1,JPLM,IF,ils_feedback,ZHANG_USER_ILS_NAMED_RECOVERY,2024-07-17T00:26:00,JPLM,USER_IF_WL_SD,1,,,,,,,1,1
r48u_20260914_JPLM_IF_ils_feedback_fix1,JPLM,IF,ils_feedback,ZHANG_USER_ILS_NAMED_RECOVERY,2024-07-17T00:26:00,JPLM,USER_IF_L1_SD_CONDITIONAL,0,,,,,,,0,1
r48u_20260914_JPLM_IF_ils_feedback_fix1,JPLM,IF,ils_feedback,ZHANG_USER_ILS_NAMED_RECOVERY,2024-07-17T00:26:30,JPLM,USER_IF_WL_SD,2,,,,,,,2,1
r48u_20260914_JPLM_IF_ils_feedback_fix1,JPLM,IF,ils_feedback,ZHANG_USER_ILS_NAMED_RECOVERY,2024-07-17T00:26:30,JPLM,USER_IF_L1_SD_CONDITIONAL,0,,,,,,,0,1
r48u_20260914_JPLM_IF_ils_feedback_fix1,JPLM,IF,ils_feedback,ZHANG_USER_ILS_NAMED_RECOVERY,2024-07-17T00:27:00,JPLM,USER_IF_WL_SD,0,,,,,,,0,1
r48u_20260914_JPLM_IF_ils_feedback_fix1,JPLM,IF,ils_feedback,ZHANG_USER_ILS_NAMED_RECOVERY,2024-07-17T00:27:30,JPLM,USER_IF_WL_SD,0,,,,,,,0,1
r48u_20260914_JPLM_IF_ils_feedback_fix1,JPLM,IF,ils_feedback,ZHANG_USER_ILS_NAMED_RECOVERY,2024-07-17T00:28:00,JPLM,USER_IF_WL_SD,0,,,,,,,0,1
r48u_20260914_JPLM_IF_ils_feedback_fix1,JPLM,IF,ils_feedback,ZHANG_USER_ILS_NAMED_RECOVERY,2024-07-17T00:28:30,JPLM,USER_IF_WL_SD,1,,,,,,,1,1
r48u_20260914_JPLM_IF_ils_feedback_fix1,JPLM,IF,ils_feedback,ZHANG_USER_ILS_NAMED_RECOVERY,2024-07-17T00:29:00,JPLM,USER_IF_WL_SD,1,,,,,,,1,1
r48u_20260914_JPLM_IF_ils_feedback_fix1,JPLM,IF,ils_feedback,ZHANG_USER_ILS_NAMED_RECOVERY,2024-07-17T00:29:30,JPLM,USER_IF_WL_SD,1,,,,,,,1,1
r48u_20260914_JPLM_IF_ils_feedback_fix1,JPLM,IF,ils_feedback,ZHANG_USER_ILS_NAMED_RECOVERY,2024-07-17T00:30:00,JPLM,USER_IF_WL_SD,1,,,,,,,1,1
r48u_20260914_DYNG_UDUC_ils_shadow_fix1,DYNG,UDUC,ils_shadow,ZHANG_USER_ILS_RELATIONS,2024-07-17T00:10:30,DYNG,USER_WL_SD,0,4,1,0,,,,,
r48u_20260914_DYNG_UDUC_ils_shadow_fix1,DYNG,UDUC,ils_shadow,ZHANG_USER_ILS_RELATIONS,2024-07-17T00:17:00,DYNG,USER_WL_SD,3,4,1,0,,,,,
r48u_20260914_DYNG_UDUC_ils_shadow_fix1,DYNG,UDUC,ils_shadow,ZHANG_USER_ILS_RELATIONS,2024-07-17T00:17:00,DYNG,USER_L1_SD_CONDITIONAL,0,4,1,0,,,,,
r48u_20260914_DYNG_UDUC_ils_shadow_fix1,DYNG,UDUC,ils_shadow,ZHANG_USER_ILS_RELATIONS,2024-07-17T00:17:30,DYNG,USER_WL_SD,3,4,1,0,,,,,
r48u_20260914_DYNG_UDUC_ils_shadow_fix1,DYNG,UDUC,ils_shadow,ZHANG_USER_ILS_RELATIONS,2024-07-17T00:17:30,DYNG,USER_L1_SD_CONDITIONAL,0,4,1,0,,,,,
r48u_20260914_DYNG_UDUC_ils_shadow_fix1,DYNG,UDUC,ils_shadow,ZHANG_USER_ILS_RELATIONS,2024-07-17T00:18:00,DYNG,USER_WL_SD,3,4,1,0,,,,,
r48u_20260914_DYNG_UDUC_ils_shadow_fix1,DYNG,UDUC,ils_shadow,ZHANG_USER_ILS_RELATIONS,2024-07-17T00:18:00,DYNG,USER_L1_SD_CONDITIONAL,0,4,1,0,,,,,
r48u_20260914_DYNG_UDUC_ils_shadow_fix1,DYNG,UDUC,ils_shadow,ZHANG_USER_ILS_RELATIONS,2024-07-17T00:18:30,DYNG,USER_WL_SD,3,4,1,0,,,,,
r48u_20260914_DYNG_UDUC_ils_shadow_fix1,DYNG,UDUC,ils_shadow,ZHANG_USER_ILS_RELATIONS,2024-07-17T00:18:30,DYNG,USER_L1_SD_CONDITIONAL,0,4,1,0,,,,,
r48u_20260914_DYNG_UDUC_ils_shadow_fix1,DYNG,UDUC,ils_shadow,ZHANG_USER_ILS_RELATIONS,2024-07-17T00:19:00,DYNG,USER_WL_SD,3,4,1,0,,,,,
r48u_20260914_DYNG_UDUC_ils_shadow_fix1,DYNG,UDUC,ils_shadow,ZHANG_USER_ILS_RELATIONS,2024-07-17T00:19:00,DYNG,USER_L1_SD_CONDITIONAL,0,4,1,0,,,,,
r48u_20260914_DYNG_UDUC_ils_shadow_fix1,DYNG,UDUC,ils_shadow,ZHANG_USER_ILS_RELATIONS,2024-07-17T00:19:30,DYNG,USER_WL_SD,3,4,1,0,,,,,
r48u_20260914_DYNG_UDUC_ils_shadow_fix1,DYNG,UDUC,ils_shadow,ZHANG_USER_ILS_RELATIONS,2024-07-17T00:19:30,DYNG,USER_L1_SD_CONDITIONAL,0,4,1,0,,,,,
r48u_20260914_DYNG_UDUC_ils_shadow_fix1,DYNG,UDUC,ils_shadow,ZHANG_USER_ILS_RELATIONS,2024-07-17T00:20:00,DYNG,USER_WL_SD,3,4,1,0,,,,,
r48u_20260914_DYNG_UDUC_ils_shadow_fix1,DYNG,UDUC,ils_shadow,ZHANG_USER_ILS_RELATIONS,2024-07-17T00:20:00,DYNG,USER_L1_SD_CONDITIONAL,0,4,1,0,,,,,
r48u_20260914_DYNG_UDUC_ils_shadow_fix1,DYNG,UDUC,ils_shadow,ZHANG_USER_ILS_RELATIONS,2024-07-17T00:20:30,DYNG,USER_WL_SD,3,5,1,0,,,,,
r48u_20260914_DYNG_UDUC_ils_shadow_fix1,DYNG,UDUC,ils_shadow,ZHANG_USER_ILS_RELATIONS,2024-07-17T00:20:30,DYNG,USER_L1_SD_CONDITIONAL,0,5,1,0,,,,,
r48u_20260914_DYNG_UDUC_ils_shadow_fix1,DYNG,UDUC,ils_shadow,ZHANG_USER_ILS_RELATIONS,2024-07-17T00:21:00,DYNG,USER_WL_SD,3,4,1,0,,,,,
r48u_20260914_DYNG_UDUC_ils_shadow_fix1,DYNG,UDUC,ils_shadow,ZHANG_USER_ILS_RELATIONS,2024-07-17T00:21:00,DYNG,USER_L1_SD_CONDITIONAL,0,4,1,0,,,,,
r48u_20260914_DYNG_UDUC_ils_shadow_fix1,DYNG,UDUC,ils_shadow,ZHANG_USER_ILS_RELATIONS,2024-07-17T00:21:30,DYNG,USER_WL_SD,3,5,1,0,,,,,
r48u_20260914_DYNG_UDUC_ils_shadow_fix1,DYNG,UDUC,ils_shadow,ZHANG_USER_ILS_RELATIONS,2024-07-17T00:21:30,DYNG,USER_L1_SD_CONDITIONAL,0,5,1,0,,,,,
r48u_20260914_DYNG_UDUC_ils_shadow_fix1,DYNG,UDUC,ils_shadow,ZHANG_USER_ILS_RELATIONS,2024-07-17T00:22:00,DYNG,USER_WL_SD,3,5,1,0,,,,,
r48u_20260914_DYNG_UDUC_ils_shadow_fix1,DYNG,UDUC,ils_shadow,ZHANG_USER_ILS_RELATIONS,2024-07-17T00:22:00,DYNG,USER_L1_SD_CONDITIONAL,0,5,1,0,,,,,
r48u_20260914_DYNG_UDUC_ils_shadow_fix1,DYNG,UDUC,ils_shadow,ZHANG_USER_ILS_RELATIONS,2024-07-17T00:22:30,DYNG,USER_WL_SD,3,5,1,0,,,,,
r48u_20260914_DYNG_UDUC_ils_shadow_fix1,DYNG,UDUC,ils_shadow,ZHANG_USER_ILS_RELATIONS,2024-07-17T00:22:30,DYNG,USER_L1_SD_CONDITIONAL,0,5,1,0,,,,,
r48u_20260914_DYNG_UDUC_ils_shadow_fix1,DYNG,UDUC,ils_shadow,ZHANG_USER_ILS_RELATIONS,2024-07-17T00:23:00,DYNG,USER_WL_SD,3,5,1,0,,,,,
r48u_20260914_DYNG_UDUC_ils_shadow_fix1,DYNG,UDUC,ils_shadow,ZHANG_USER_ILS_RELATIONS,2024-07-17T00:23:00,DYNG,USER_L1_SD_CONDITIONAL,0,5,1,0,,,,,
r48u_20260914_DYNG_UDUC_ils_shadow_fix1,DYNG,UDUC,ils_shadow,ZHANG_USER_ILS_RELATIONS,2024-07-17T00:23:30,DYNG,USER_WL_SD,3,4,1,0,,,,,
r48u_20260914_DYNG_UDUC_ils_shadow_fix1,DYNG,UDUC,ils_shadow,ZHANG_USER_ILS_RELATIONS,2024-07-17T00:23:30,DYNG,USER_L1_SD_CONDITIONAL,0,4,1,0,,,,,
r48u_20260914_DYNG_UDUC_ils_shadow_fix1,DYNG,UDUC,ils_shadow,ZHANG_USER_ILS_RELATIONS,2024-07-17T00:24:00,DYNG,USER_WL_SD,3,4,1,0,,,,,
r48u_20260914_DYNG_UDUC_ils_shadow_fix1,DYNG,UDUC,ils_shadow,ZHANG_USER_ILS_RELATIONS,2024-07-17T00:24:00,DYNG,USER_L1_SD_CONDITIONAL,1,4,1,0,,,,,
r48u_20260914_DYNG_UDUC_ils_shadow_fix1,DYNG,UDUC,ils_shadow,ZHANG_USER_ILS_RELATIONS,2024-07-17T00:24:30,DYNG,USER_WL_SD,4,4,1,0,,,,,
r48u_20260914_DYNG_UDUC_ils_shadow_fix1,DYNG,UDUC,ils_shadow,ZHANG_USER_ILS_RELATIONS,2024-07-17T00:24:30,DYNG,USER_L1_SD_CONDITIONAL,1,4,1,0,,,,,
r48u_20260914_DYNG_UDUC_ils_shadow_fix1,DYNG,UDUC,ils_shadow,ZHANG_USER_ILS_RELATIONS,2024-07-17T00:25:00,DYNG,USER_WL_SD,4,4,1,0,,,,,
r48u_20260914_DYNG_UDUC_ils_shadow_fix1,DYNG,UDUC,ils_shadow,ZHANG_USER_ILS_RELATIONS,2024-07-17T00:25:00,DYNG,USER_L1_SD_CONDITIONAL,1,4,1,0,,,,,
r48u_20260914_DYNG_UDUC_ils_shadow_fix1,DYNG,UDUC,ils_shadow,ZHANG_USER_ILS_RELATIONS,2024-07-17T00:26:00,DYNG,USER_WL_SD,4,4,1,0,,,,,
r48u_20260914_DYNG_UDUC_ils_shadow_fix1,DYNG,UDUC,ils_shadow,ZHANG_USER_ILS_RELATIONS,2024-07-17T00:26:00,DYNG,USER_L1_SD_CONDITIONAL,1,4,1,0,,,,,
r48u_20260914_DYNG_UDUC_ils_shadow_fix1,DYNG,UDUC,ils_shadow,ZHANG_USER_ILS_RELATIONS,2024-07-17T00:26:30,DYNG,USER_WL_SD,4,4,1,0,,,,,
r48u_20260914_DYNG_UDUC_ils_shadow_fix1,DYNG,UDUC,ils_shadow,ZHANG_USER_ILS_RELATIONS,2024-07-17T00:26:30,DYNG,USER_L1_SD_CONDITIONAL,1,4,1,0,,,,,
r48u_20260914_DYNG_UDUC_ils_shadow_fix1,DYNG,UDUC,ils_shadow,ZHANG_USER_ILS_RELATIONS,2024-07-17T00:27:00,DYNG,USER_WL_SD,5,5,1,0,,,,,
r48u_20260914_DYNG_UDUC_ils_shadow_fix1,DYNG,UDUC,ils_shadow,ZHANG_USER_ILS_RELATIONS,2024-07-17T00:27:00,DYNG,USER_L1_SD_CONDITIONAL,2,5,1,0,,,,,
r48u_20260914_DYNG_UDUC_ils_shadow_fix1,DYNG,UDUC,ils_shadow,ZHANG_USER_ILS_RELATIONS,2024-07-17T00:27:30,DYNG,USER_WL_SD,4,5,1,0,,,,,
r48u_20260914_DYNG_UDUC_ils_shadow_fix1,DYNG,UDUC,ils_shadow,ZHANG_USER_ILS_RELATIONS,2024-07-17T00:27:30,DYNG,USER_L1_SD_CONDITIONAL,2,5,1,0,,,,,
r48u_20260914_DYNG_UDUC_ils_shadow_fix1,DYNG,UDUC,ils_shadow,ZHANG_USER_ILS_RELATIONS,2024-07-17T00:28:00,DYNG,USER_WL_SD,4,5,1,0,,,,,
r48u_20260914_DYNG_UDUC_ils_shadow_fix1,DYNG,UDUC,ils_shadow,ZHANG_USER_ILS_RELATIONS,2024-07-17T00:28:00,DYNG,USER_L1_SD_CONDITIONAL,3,5,1,0,,,,,
r48u_20260914_DYNG_UDUC_ils_shadow_fix1,DYNG,UDUC,ils_shadow,ZHANG_USER_ILS_RELATIONS,2024-07-17T00:28:30,DYNG,USER_WL_SD,4,5,1,0,,,,,
r48u_20260914_DYNG_UDUC_ils_shadow_fix1,DYNG,UDUC,ils_shadow,ZHANG_USER_ILS_RELATIONS,2024-07-17T00:28:30,DYNG,USER_L1_SD_CONDITIONAL,3,5,1,0,,,,,
r48u_20260914_DYNG_UDUC_ils_shadow_fix1,DYNG,UDUC,ils_shadow,ZHANG_USER_ILS_RELATIONS,2024-07-17T00:29:00,DYNG,USER_WL_SD,4,5,1,0,,,,,
r48u_20260914_DYNG_UDUC_ils_shadow_fix1,DYNG,UDUC,ils_shadow,ZHANG_USER_ILS_RELATIONS,2024-07-17T00:29:00,DYNG,USER_L1_SD_CONDITIONAL,3,5,1,0,,,,,
r48u_20260914_DYNG_UDUC_ils_shadow_fix1,DYNG,UDUC,ils_shadow,ZHANG_USER_ILS_RELATIONS,2024-07-17T00:29:30,DYNG,USER_WL_SD,4,5,1,0,,,,,
r48u_20260914_DYNG_UDUC_ils_shadow_fix1,DYNG,UDUC,ils_shadow,ZHANG_USER_ILS_RELATIONS,2024-07-17T00:29:30,DYNG,USER_L1_SD_CONDITIONAL,3,5,1,0,,,,,
r48u_20260914_DYNG_UDUC_ils_shadow_fix1,DYNG,UDUC,ils_shadow,ZHANG_USER_ILS_RELATIONS,2024-07-17T00:30:00,DYNG,USER_WL_SD,4,5,1,0,,,,,
r48u_20260914_DYNG_UDUC_ils_shadow_fix1,DYNG,UDUC,ils_shadow,ZHANG_USER_ILS_RELATIONS,2024-07-17T00:30:00,DYNG,USER_L1_SD_CONDITIONAL,3,5,1,0,,,,,
r48u_20260914_DYNG_UDUC_ils_shadow_fix1,DYNG,UDUC,ils_shadow,ZHANG_USER_ILS_ROW,2024-07-17T00:17:00,DYNG,USER_WL_SD,,,,,0,24,1 0 0 0,,
r48u_20260914_DYNG_UDUC_ils_shadow_fix1,DYNG,UDUC,ils_shadow,ZHANG_USER_ILS_ROW,2024-07-17T00:17:00,DYNG,USER_WL_SD,,,,,1,28,0 0 1 0,,
r48u_20260914_DYNG_UDUC_ils_shadow_fix1,DYNG,UDUC,ils_shadow,ZHANG_USER_ILS_ROW,2024-07-17T00:17:00,DYNG,USER_WL_SD,,,,,2,59,0 1 0 0,,
r48u_20260914_DYNG_UDUC_ils_shadow_fix1,DYNG,UDUC,ils_shadow,ZHANG_USER_ILS_ROW,2024-07-17T00:17:30,DYNG,USER_WL_SD,,,,,0,24,1 0 0 0,,
r48u_20260914_DYNG_UDUC_ils_shadow_fix1,DYNG,UDUC,ils_shadow,ZHANG_USER_ILS_ROW,2024-07-17T00:17:30,DYNG,USER_WL_SD,,,,,1,28,0 0 1 0,,
r48u_20260914_DYNG_UDUC_ils_shadow_fix1,DYNG,UDUC,ils_shadow,ZHANG_USER_ILS_ROW,2024-07-17T00:17:30,DYNG,USER_WL_SD,,,,,2,59,0 1 0 0,,
r48u_20260914_DYNG_UDUC_ils_shadow_fix1,DYNG,UDUC,ils_shadow,ZHANG_USER_ILS_ROW,2024-07-17T00:18:00,DYNG,USER_WL_SD,,,,,0,24,1 0 0 0,,
r48u_20260914_DYNG_UDUC_ils_shadow_fix1,DYNG,UDUC,ils_shadow,ZHANG_USER_ILS_ROW,2024-07-17T00:18:00,DYNG,USER_WL_SD,,,,,1,28,0 0 1 0,,
r48u_20260914_DYNG_UDUC_ils_shadow_fix1,DYNG,UDUC,ils_shadow,ZHANG_USER_ILS_ROW,2024-07-17T00:18:00,DYNG,USER_WL_SD,,,,,2,59,0 1 0 0,,
r48u_20260914_DYNG_UDUC_ils_shadow_fix1,DYNG,UDUC,ils_shadow,ZHANG_USER_ILS_ROW,2024-07-17T00:18:30,DYNG,USER_WL_SD,,,,,0,24,1 0 0 0,,
r48u_20260914_DYNG_UDUC_ils_shadow_fix1,DYNG,UDUC,ils_shadow,ZHANG_USER_ILS_ROW,2024-07-17T00:18:30,DYNG,USER_WL_SD,,,,,1,28,0 0 1 0,,
r48u_20260914_DYNG_UDUC_ils_shadow_fix1,DYNG,UDUC,ils_shadow,ZHANG_USER_ILS_ROW,2024-07-17T00:18:30,DYNG,USER_WL_SD,,,,,2,59,0 1 0 0,,
r48u_20260914_DYNG_UDUC_ils_shadow_fix1,DYNG,UDUC,ils_shadow,ZHANG_USER_ILS_ROW,2024-07-17T00:19:00,DYNG,USER_WL_SD,,,,,0,24,1 0 0 0,,
r48u_20260914_DYNG_UDUC_ils_shadow_fix1,DYNG,UDUC,ils_shadow,ZHANG_USER_ILS_ROW,2024-07-17T00:19:00,DYNG,USER_WL_SD,,,,,1,28,0 0 1 0,,
r48u_20260914_DYNG_UDUC_ils_shadow_fix1,DYNG,UDUC,ils_shadow,ZHANG_USER_ILS_ROW,2024-07-17T00:19:00,DYNG,USER_WL_SD,,,,,2,59,0 1 0 0,,
r48u_20260914_DYNG_UDUC_ils_shadow_fix1,DYNG,UDUC,ils_shadow,ZHANG_USER_ILS_ROW,2024-07-17T00:19:30,DYNG,USER_WL_SD,,,,,0,24,1 0 0 0,,
r48u_20260914_DYNG_UDUC_ils_shadow_fix1,DYNG,UDUC,ils_shadow,ZHANG_USER_ILS_ROW,2024-07-17T00:19:30,DYNG,USER_WL_SD,,,,,1,28,0 0 1 0,,
r48u_20260914_DYNG_UDUC_ils_shadow_fix1,DYNG,UDUC,ils_shadow,ZHANG_USER_ILS_ROW,2024-07-17T00:19:30,DYNG,USER_WL_SD,,,,,2,59,0 1 0 0,,
r48u_20260914_DYNG_UDUC_ils_shadow_fix1,DYNG,UDUC,ils_shadow,ZHANG_USER_ILS_ROW,2024-07-17T00:20:00,DYNG,USER_WL_SD,,,,,0,24,1 0 0 0,,
r48u_20260914_DYNG_UDUC_ils_shadow_fix1,DYNG,UDUC,ils_shadow,ZHANG_USER_ILS_ROW,2024-07-17T00:20:00,DYNG,USER_WL_SD,,,,,1,28,0 0 1 0,,
r48u_20260914_DYNG_UDUC_ils_shadow_fix1,DYNG,UDUC,ils_shadow,ZHANG_USER_ILS_ROW,2024-07-17T00:20:00,DYNG,USER_WL_SD,,,,,2,59,0 1 0 0,,
r48u_20260914_DYNG_UDUC_ils_shadow_fix1,DYNG,UDUC,ils_shadow,ZHANG_USER_ILS_ROW,2024-07-17T00:20:30,DYNG,USER_WL_SD,,,,,0,24,1 0 0 0 0,,
r48u_20260914_DYNG_UDUC_ils_shadow_fix1,DYNG,UDUC,ils_shadow,ZHANG_USER_ILS_ROW,2024-07-17T00:20:30,DYNG,USER_WL_SD,,,,,1,28,0 0 0 1 0,,
r48u_20260914_DYNG_UDUC_ils_shadow_fix1,DYNG,UDUC,ils_shadow,ZHANG_USER_ILS_ROW,2024-07-17T00:20:30,DYNG,USER_WL_SD,,,,,2,59,0 0 1 0 0,,
r48u_20260914_DYNG_UDUC_ils_shadow_fix1,DYNG,UDUC,ils_shadow,ZHANG_USER_ILS_ROW,2024-07-17T00:21:00,DYNG,USER_WL_SD,,,,,0,24,1 0 0 0,,
r48u_20260914_DYNG_UDUC_ils_shadow_fix1,DYNG,UDUC,ils_shadow,ZHANG_USER_ILS_ROW,2024-07-17T00:21:00,DYNG,USER_WL_SD,,,,,1,28,0 0 1 0,,
r48u_20260914_DYNG_UDUC_ils_shadow_fix1,DYNG,UDUC,ils_shadow,ZHANG_USER_ILS_ROW,2024-07-17T00:21:00,DYNG,USER_WL_SD,,,,,2,59,0 1 0 0,,
r48u_20260914_DYNG_UDUC_ils_shadow_fix1,DYNG,UDUC,ils_shadow,ZHANG_USER_ILS_ROW,2024-07-17T00:21:30,DYNG,USER_WL_SD,,,,,0,24,1 0 0 0 0,,
r48u_20260914_DYNG_UDUC_ils_shadow_fix1,DYNG,UDUC,ils_shadow,ZHANG_USER_ILS_ROW,2024-07-17T00:21:30,DYNG,USER_WL_SD,,,,,1,28,0 0 0 1 0,,
r48u_20260914_DYNG_UDUC_ils_shadow_fix1,DYNG,UDUC,ils_shadow,ZHANG_USER_ILS_ROW,2024-07-17T00:21:30,DYNG,USER_WL_SD,,,,,2,59,0 0 1 0 0,,
r48u_20260914_DYNG_UDUC_ils_shadow_fix1,DYNG,UDUC,ils_shadow,ZHANG_USER_ILS_ROW,2024-07-17T00:22:00,DYNG,USER_WL_SD,,,,,0,24,1 0 0 0 0,,
r48u_20260914_DYNG_UDUC_ils_shadow_fix1,DYNG,UDUC,ils_shadow,ZHANG_USER_ILS_ROW,2024-07-17T00:22:00,DYNG,USER_WL_SD,,,,,1,28,0 0 0 1 0,,
r48u_20260914_DYNG_UDUC_ils_shadow_fix1,DYNG,UDUC,ils_shadow,ZHANG_USER_ILS_ROW,2024-07-17T00:22:00,DYNG,USER_WL_SD,,,,,2,59,0 0 1 0 0,,
r48u_20260914_DYNG_UDUC_ils_shadow_fix1,DYNG,UDUC,ils_shadow,ZHANG_USER_ILS_ROW,2024-07-17T00:22:30,DYNG,USER_WL_SD,,,,,0,24,1 0 0 0 0,,
r48u_20260914_DYNG_UDUC_ils_shadow_fix1,DYNG,UDUC,ils_shadow,ZHANG_USER_ILS_ROW,2024-07-17T00:22:30,DYNG,USER_WL_SD,,,,,1,28,0 0 0 1 0,,
r48u_20260914_DYNG_UDUC_ils_shadow_fix1,DYNG,UDUC,ils_shadow,ZHANG_USER_ILS_ROW,2024-07-17T00:22:30,DYNG,USER_WL_SD,,,,,2,59,0 0 1 0 0,,
r48u_20260914_DYNG_UDUC_ils_shadow_fix1,DYNG,UDUC,ils_shadow,ZHANG_USER_ILS_ROW,2024-07-17T00:23:00,DYNG,USER_WL_SD,,,,,0,24,1 0 0 0 0,,
r48u_20260914_DYNG_UDUC_ils_shadow_fix1,DYNG,UDUC,ils_shadow,ZHANG_USER_ILS_ROW,2024-07-17T00:23:00,DYNG,USER_WL_SD,,,,,1,28,0 0 0 1 0,,
r48u_20260914_DYNG_UDUC_ils_shadow_fix1,DYNG,UDUC,ils_shadow,ZHANG_USER_ILS_ROW,2024-07-17T00:23:00,DYNG,USER_WL_SD,,,,,2,59,0 0 1 0 0,,
r48u_20260914_DYNG_UDUC_ils_shadow_fix1,DYNG,UDUC,ils_shadow,ZHANG_USER_ILS_ROW,2024-07-17T00:23:30,DYNG,USER_WL_SD,,,,,0,24,1 0 0 0,,
r48u_20260914_DYNG_UDUC_ils_shadow_fix1,DYNG,UDUC,ils_shadow,ZHANG_USER_ILS_ROW,2024-07-17T00:23:30,DYNG,USER_WL_SD,,,,,1,28,0 0 1 0,,
r48u_20260914_DYNG_UDUC_ils_shadow_fix1,DYNG,UDUC,ils_shadow,ZHANG_USER_ILS_ROW,2024-07-17T00:23:30,DYNG,USER_WL_SD,,,,,2,59,0 1 0 0,,
r48u_20260914_DYNG_UDUC_ils_shadow_fix1,DYNG,UDUC,ils_shadow,ZHANG_USER_ILS_ROW,2024-07-17T00:24:00,DYNG,USER_WL_SD,,,,,0,24,1 0 0 0,,
r48u_20260914_DYNG_UDUC_ils_shadow_fix1,DYNG,UDUC,ils_shadow,ZHANG_USER_ILS_ROW,2024-07-17T00:24:00,DYNG,USER_WL_SD,,,,,1,28,0 0 1 0,,
r48u_20260914_DYNG_UDUC_ils_shadow_fix1,DYNG,UDUC,ils_shadow,ZHANG_USER_ILS_ROW,2024-07-17T00:24:00,DYNG,USER_WL_SD,,,,,2,59,0 1 0 0,,
r48u_20260914_DYNG_UDUC_ils_shadow_fix1,DYNG,UDUC,ils_shadow,ZHANG_USER_ILS_ROW,2024-07-17T00:24:00,DYNG,USER_L1_SD_CONDITIONAL,,,,,0,143,1 -1  1  0,,
r48u_20260914_DYNG_UDUC_ils_shadow_fix1,DYNG,UDUC,ils_shadow,ZHANG_USER_ILS_ROW,2024-07-17T00:24:30,DYNG,USER_WL_SD,,,,,0,24,1 0 0 0,,
r48u_20260914_DYNG_UDUC_ils_shadow_fix1,DYNG,UDUC,ils_shadow,ZHANG_USER_ILS_ROW,2024-07-17T00:24:30,DYNG,USER_WL_SD,,,,,1,17,0 0 0 1,,
r48u_20260914_DYNG_UDUC_ils_shadow_fix1,DYNG,UDUC,ils_shadow,ZHANG_USER_ILS_ROW,2024-07-17T00:24:30,DYNG,USER_WL_SD,,,,,2,28,0 0 1 0,,
r48u_20260914_DYNG_UDUC_ils_shadow_fix1,DYNG,UDUC,ils_shadow,ZHANG_USER_ILS_ROW,2024-07-17T00:24:30,DYNG,USER_WL_SD,,,,,3,59,0 1 0 0,,
r48u_20260914_DYNG_UDUC_ils_shadow_fix1,DYNG,UDUC,ils_shadow,ZHANG_USER_ILS_ROW,2024-07-17T00:24:30,DYNG,USER_L1_SD_CONDITIONAL,,,,,0,143,1 -1  1  0,,
r48u_20260914_DYNG_UDUC_ils_shadow_fix1,DYNG,UDUC,ils_shadow,ZHANG_USER_ILS_ROW,2024-07-17T00:25:00,DYNG,USER_WL_SD,,,,,0,24,1 0 0 0,,
r48u_20260914_DYNG_UDUC_ils_shadow_fix1,DYNG,UDUC,ils_shadow,ZHANG_USER_ILS_ROW,2024-07-17T00:25:00,DYNG,USER_WL_SD,,,,,1,17,0 0 0 1,,
r48u_20260914_DYNG_UDUC_ils_shadow_fix1,DYNG,UDUC,ils_shadow,ZHANG_USER_ILS_ROW,2024-07-17T00:25:00,DYNG,USER_WL_SD,,,,,2,28,0 0 1 0,,
r48u_20260914_DYNG_UDUC_ils_shadow_fix1,DYNG,UDUC,ils_shadow,ZHANG_USER_ILS_ROW,2024-07-17T00:25:00,DYNG,USER_WL_SD,,,,,3,59,0 1 0 0,,
r48u_20260914_DYNG_UDUC_ils_shadow_fix1,DYNG,UDUC,ils_shadow,ZHANG_USER_ILS_ROW,2024-07-17T00:25:00,DYNG,USER_L1_SD_CONDITIONAL,,,,,0,143,1 -1  1  0,,
r48u_20260914_DYNG_UDUC_ils_shadow_fix1,DYNG,UDUC,ils_shadow,ZHANG_USER_ILS_ROW,2024-07-17T00:26:00,DYNG,USER_WL_SD,,,,,0,24,1 0 0 0,,
r48u_20260914_DYNG_UDUC_ils_shadow_fix1,DYNG,UDUC,ils_shadow,ZHANG_USER_ILS_ROW,2024-07-17T00:26:00,DYNG,USER_WL_SD,,,,,1,17,0 0 0 1,,
r48u_20260914_DYNG_UDUC_ils_shadow_fix1,DYNG,UDUC,ils_shadow,ZHANG_USER_ILS_ROW,2024-07-17T00:26:00,DYNG,USER_WL_SD,,,,,2,28,0 0 1 0,,
r48u_20260914_DYNG_UDUC_ils_shadow_fix1,DYNG,UDUC,ils_shadow,ZHANG_USER_ILS_ROW,2024-07-17T00:26:00,DYNG,USER_WL_SD,,,,,3,59,0 1 0 0,,
r48u_20260914_DYNG_UDUC_ils_shadow_fix1,DYNG,UDUC,ils_shadow,ZHANG_USER_ILS_ROW,2024-07-17T00:26:00,DYNG,USER_L1_SD_CONDITIONAL,,,,,0,143,1 -1  1  0,,
r48u_20260914_DYNG_UDUC_ils_shadow_fix1,DYNG,UDUC,ils_shadow,ZHANG_USER_ILS_ROW,2024-07-17T00:26:30,DYNG,USER_WL_SD,,,,,0,24,1 0 0 0,,
r48u_20260914_DYNG_UDUC_ils_shadow_fix1,DYNG,UDUC,ils_shadow,ZHANG_USER_ILS_ROW,2024-07-17T00:26:30,DYNG,USER_WL_SD,,,,,1,17,0 0 0 1,,
r48u_20260914_DYNG_UDUC_ils_shadow_fix1,DYNG,UDUC,ils_shadow,ZHANG_USER_ILS_ROW,2024-07-17T00:26:30,DYNG,USER_WL_SD,,,,,2,28,0 0 1 0,,
r48u_20260914_DYNG_UDUC_ils_shadow_fix1,DYNG,UDUC,ils_shadow,ZHANG_USER_ILS_ROW,2024-07-17T00:26:30,DYNG,USER_WL_SD,,,,,3,59,0 1 0 0,,
r48u_20260914_DYNG_UDUC_ils_shadow_fix1,DYNG,UDUC,ils_shadow,ZHANG_USER_ILS_ROW,2024-07-17T00:26:30,DYNG,USER_L1_SD_CONDITIONAL,,,,,0,143,1 -1  1  0,,
r48u_20260914_DYNG_UDUC_ils_shadow_fix1,DYNG,UDUC,ils_shadow,ZHANG_USER_ILS_ROW,2024-07-17T00:27:00,DYNG,USER_WL_SD,,,,,0,24,1 0 0 0 0,,
r48u_20260914_DYNG_UDUC_ils_shadow_fix1,DYNG,UDUC,ils_shadow,ZHANG_USER_ILS_ROW,2024-07-17T00:27:00,DYNG,USER_WL_SD,,,,,1,17,0 0 0 0 1,,
r48u_20260914_DYNG_UDUC_ils_shadow_fix1,DYNG,UDUC,ils_shadow,ZHANG_USER_ILS_ROW,2024-07-17T00:27:00,DYNG,USER_WL_SD,,,,,2,28,0 0 0 1 0,,
r48u_20260914_DYNG_UDUC_ils_shadow_fix1,DYNG,UDUC,ils_shadow,ZHANG_USER_ILS_ROW,2024-07-17T00:27:00,DYNG,USER_WL_SD,,,,,3,-20,0 1 0 0 0,,
r48u_20260914_DYNG_UDUC_ils_shadow_fix1,DYNG,UDUC,ils_shadow,ZHANG_USER_ILS_ROW,2024-07-17T00:27:00,DYNG,USER_WL_SD,,,,,4,59,0 0 1 0 0,,
r48u_20260914_DYNG_UDUC_ils_shadow_fix1,DYNG,UDUC,ils_shadow,ZHANG_USER_ILS_ROW,2024-07-17T00:27:00,DYNG,USER_L1_SD_CONDITIONAL,,,,,0,142,1  0 -1  2 -1,,
r48u_20260914_DYNG_UDUC_ils_shadow_fix1,DYNG,UDUC,ils_shadow,ZHANG_USER_ILS_ROW,2024-07-17T00:27:00,DYNG,USER_L1_SD_CONDITIONAL,,,,,1,143,1  0 -1  1  0,,
r48u_20260914_DYNG_UDUC_ils_shadow_fix1,DYNG,UDUC,ils_shadow,ZHANG_USER_ILS_ROW,2024-07-17T00:27:30,DYNG,USER_WL_SD,,,,,0,17,0 0 0 0 1,,
r48u_20260914_DYNG_UDUC_ils_shadow_fix1,DYNG,UDUC,ils_shadow,ZHANG_USER_ILS_ROW,2024-07-17T00:27:30,DYNG,USER_WL_SD,,,,,1,24,1 0 0 0 0,,
r48u_20260914_DYNG_UDUC_ils_shadow_fix1,DYNG,UDUC,ils_shadow,ZHANG_USER_ILS_ROW,2024-07-17T00:27:30,DYNG,USER_WL_SD,,,,,2,28,0 0 0 1 0,,
r48u_20260914_DYNG_UDUC_ils_shadow_fix1,DYNG,UDUC,ils_shadow,ZHANG_USER_ILS_ROW,2024-07-17T00:27:30,DYNG,USER_WL_SD,,,,,3,59,0 0 1 0 0,,
r48u_20260914_DYNG_UDUC_ils_shadow_fix1,DYNG,UDUC,ils_shadow,ZHANG_USER_ILS_ROW,2024-07-17T00:27:30,DYNG,USER_L1_SD_CONDITIONAL,,,,,0,142,1  0 -1  2 -1,,
r48u_20260914_DYNG_UDUC_ils_shadow_fix1,DYNG,UDUC,ils_shadow,ZHANG_USER_ILS_ROW,2024-07-17T00:27:30,DYNG,USER_L1_SD_CONDITIONAL,,,,,1,143,1  0 -1  1  0,,
r48u_20260914_DYNG_UDUC_ils_shadow_fix1,DYNG,UDUC,ils_shadow,ZHANG_USER_ILS_ROW,2024-07-17T00:28:00,DYNG,USER_WL_SD,,,,,0,17,0 0 0 0 1,,
r48u_20260914_DYNG_UDUC_ils_shadow_fix1,DYNG,UDUC,ils_shadow,ZHANG_USER_ILS_ROW,2024-07-17T00:28:00,DYNG,USER_WL_SD,,,,,1,24,1 0 0 0 0,,
r48u_20260914_DYNG_UDUC_ils_shadow_fix1,DYNG,UDUC,ils_shadow,ZHANG_USER_ILS_ROW,2024-07-17T00:28:00,DYNG,USER_WL_SD,,,,,2,28,0 0 0 1 0,,
r48u_20260914_DYNG_UDUC_ils_shadow_fix1,DYNG,UDUC,ils_shadow,ZHANG_USER_ILS_ROW,2024-07-17T00:28:00,DYNG,USER_WL_SD,,,,,3,59,0 0 1 0 0,,
r48u_20260914_DYNG_UDUC_ils_shadow_fix1,DYNG,UDUC,ils_shadow,ZHANG_USER_ILS_ROW,2024-07-17T00:28:00,DYNG,USER_L1_SD_CONDITIONAL,,,,,0,142,1  0 -1  2 -1,,
r48u_20260914_DYNG_UDUC_ils_shadow_fix1,DYNG,UDUC,ils_shadow,ZHANG_USER_ILS_ROW,2024-07-17T00:28:00,DYNG,USER_L1_SD_CONDITIONAL,,,,,1,-198,-1  0  1  1 -1,,
r48u_20260914_DYNG_UDUC_ils_shadow_fix1,DYNG,UDUC,ils_shadow,ZHANG_USER_ILS_ROW,2024-07-17T00:28:00,DYNG,USER_L1_SD_CONDITIONAL,,,,,2,143,1  0 -1  1  0,,
r48u_20260914_DYNG_UDUC_ils_shadow_fix1,DYNG,UDUC,ils_shadow,ZHANG_USER_ILS_ROW,2024-07-17T00:28:30,DYNG,USER_WL_SD,,,,,0,17,0 0 0 0 1,,
r48u_20260914_DYNG_UDUC_ils_shadow_fix1,DYNG,UDUC,ils_shadow,ZHANG_USER_ILS_ROW,2024-07-17T00:28:30,DYNG,USER_WL_SD,,,,,1,24,1 0 0 0 0,,
r48u_20260914_DYNG_UDUC_ils_shadow_fix1,DYNG,UDUC,ils_shadow,ZHANG_USER_ILS_ROW,2024-07-17T00:28:30,DYNG,USER_WL_SD,,,,,2,28,0 0 0 1 0,,
r48u_20260914_DYNG_UDUC_ils_shadow_fix1,DYNG,UDUC,ils_shadow,ZHANG_USER_ILS_ROW,2024-07-17T00:28:30,DYNG,USER_WL_SD,,,,,3,59,0 0 1 0 0,,
r48u_20260914_DYNG_UDUC_ils_shadow_fix1,DYNG,UDUC,ils_shadow,ZHANG_USER_ILS_ROW,2024-07-17T00:28:30,DYNG,USER_L1_SD_CONDITIONAL,,,,,0,142,1  0 -1  2 -1,,
r48u_20260914_DYNG_UDUC_ils_shadow_fix1,DYNG,UDUC,ils_shadow,ZHANG_USER_ILS_ROW,2024-07-17T00:28:30,DYNG,USER_L1_SD_CONDITIONAL,,,,,1,-198,-1  0  1  1 -1,,
r48u_20260914_DYNG_UDUC_ils_shadow_fix1,DYNG,UDUC,ils_shadow,ZHANG_USER_ILS_ROW,2024-07-17T00:28:30,DYNG,USER_L1_SD_CONDITIONAL,,,,,2,143,1  0 -1  1  0,,
r48u_20260914_DYNG_UDUC_ils_shadow_fix1,DYNG,UDUC,ils_shadow,ZHANG_USER_ILS_ROW,2024-07-17T00:29:00,DYNG,USER_WL_SD,,,,,0,17,0 0 0 0 1,,
r48u_20260914_DYNG_UDUC_ils_shadow_fix1,DYNG,UDUC,ils_shadow,ZHANG_USER_ILS_ROW,2024-07-17T00:29:00,DYNG,USER_WL_SD,,,,,1,24,1 0 0 0 0,,
r48u_20260914_DYNG_UDUC_ils_shadow_fix1,DYNG,UDUC,ils_shadow,ZHANG_USER_ILS_ROW,2024-07-17T00:29:00,DYNG,USER_WL_SD,,,,,2,28,0 0 0 1 0,,
r48u_20260914_DYNG_UDUC_ils_shadow_fix1,DYNG,UDUC,ils_shadow,ZHANG_USER_ILS_ROW,2024-07-17T00:29:00,DYNG,USER_WL_SD,,,,,3,59,0 0 1 0 0,,
r48u_20260914_DYNG_UDUC_ils_shadow_fix1,DYNG,UDUC,ils_shadow,ZHANG_USER_ILS_ROW,2024-07-17T00:29:00,DYNG,USER_L1_SD_CONDITIONAL,,,,,0,-198,-1  0  1  1 -1,,
r48u_20260914_DYNG_UDUC_ils_shadow_fix1,DYNG,UDUC,ils_shadow,ZHANG_USER_ILS_ROW,2024-07-17T00:29:00,DYNG,USER_L1_SD_CONDITIONAL,,,,,1,142,1  0 -1  2 -1,,
r48u_20260914_DYNG_UDUC_ils_shadow_fix1,DYNG,UDUC,ils_shadow,ZHANG_USER_ILS_ROW,2024-07-17T00:29:00,DYNG,USER_L1_SD_CONDITIONAL,,,,,2,143,1  0 -1  1  0,,
r48u_20260914_DYNG_UDUC_ils_shadow_fix1,DYNG,UDUC,ils_shadow,ZHANG_USER_ILS_ROW,2024-07-17T00:29:30,DYNG,USER_WL_SD,,,,,0,17,0 0 0 0 1,,
r48u_20260914_DYNG_UDUC_ils_shadow_fix1,DYNG,UDUC,ils_shadow,ZHANG_USER_ILS_ROW,2024-07-17T00:29:30,DYNG,USER_WL_SD,,,,,1,24,1 0 0 0 0,,
r48u_20260914_DYNG_UDUC_ils_shadow_fix1,DYNG,UDUC,ils_shadow,ZHANG_USER_ILS_ROW,2024-07-17T00:29:30,DYNG,USER_WL_SD,,,,,2,28,0 0 0 1 0,,
r48u_20260914_DYNG_UDUC_ils_shadow_fix1,DYNG,UDUC,ils_shadow,ZHANG_USER_ILS_ROW,2024-07-17T00:29:30,DYNG,USER_WL_SD,,,,,3,59,0 0 1 0 0,,
r48u_20260914_DYNG_UDUC_ils_shadow_fix1,DYNG,UDUC,ils_shadow,ZHANG_USER_ILS_ROW,2024-07-17T00:29:30,DYNG,USER_L1_SD_CONDITIONAL,,,,,0,-198,-1  0  1  1 -1,,
r48u_20260914_DYNG_UDUC_ils_shadow_fix1,DYNG,UDUC,ils_shadow,ZHANG_USER_ILS_ROW,2024-07-17T00:29:30,DYNG,USER_L1_SD_CONDITIONAL,,,,,1,142,1  0 -1  2 -1,,
r48u_20260914_DYNG_UDUC_ils_shadow_fix1,DYNG,UDUC,ils_shadow,ZHANG_USER_ILS_ROW,2024-07-17T00:29:30,DYNG,USER_L1_SD_CONDITIONAL,,,,,2,143,1  0 -1  1  0,,
r48u_20260914_DYNG_UDUC_ils_shadow_fix1,DYNG,UDUC,ils_shadow,ZHANG_USER_ILS_ROW,2024-07-17T00:30:00,DYNG,USER_WL_SD,,,,,0,17,0 0 0 0 1,,
r48u_20260914_DYNG_UDUC_ils_shadow_fix1,DYNG,UDUC,ils_shadow,ZHANG_USER_ILS_ROW,2024-07-17T00:30:00,DYNG,USER_WL_SD,,,,,1,24,1 0 0 0 0,,
r48u_20260914_DYNG_UDUC_ils_shadow_fix1,DYNG,UDUC,ils_shadow,ZHANG_USER_ILS_ROW,2024-07-17T00:30:00,DYNG,USER_WL_SD,,,,,2,28,0 0 0 1 0,,
r48u_20260914_DYNG_UDUC_ils_shadow_fix1,DYNG,UDUC,ils_shadow,ZHANG_USER_ILS_ROW,2024-07-17T00:30:00,DYNG,USER_WL_SD,,,,,3,59,0 0 1 0 0,,
r48u_20260914_DYNG_UDUC_ils_shadow_fix1,DYNG,UDUC,ils_shadow,ZHANG_USER_ILS_ROW,2024-07-17T00:30:00,DYNG,USER_L1_SD_CONDITIONAL,,,,,0,-198,-1  0  1  1 -1,,
r48u_20260914_DYNG_UDUC_ils_shadow_fix1,DYNG,UDUC,ils_shadow,ZHANG_USER_ILS_ROW,2024-07-17T00:30:00,DYNG,USER_L1_SD_CONDITIONAL,,,,,1,142,1  0 -1  2 -1,,
r48u_20260914_DYNG_UDUC_ils_shadow_fix1,DYNG,UDUC,ils_shadow,ZHANG_USER_ILS_ROW,2024-07-17T00:30:00,DYNG,USER_L1_SD_CONDITIONAL,,,,,2,143,1  0 -1  1  0,,
r48u_20260914_DYNG_UDUC_ils_shadow_fix1,DYNG,UDUC,ils_shadow,ZHANG_USER_ILS_NAMED_RECOVERY,2024-07-17T00:10:30,DYNG,USER_WL_SD,0,,,,,,,0,1
r48u_20260914_DYNG_UDUC_ils_shadow_fix1,DYNG,UDUC,ils_shadow,ZHANG_USER_ILS_NAMED_RECOVERY,2024-07-17T00:17:00,DYNG,USER_WL_SD,3,,,,,,,3,1
r48u_20260914_DYNG_UDUC_ils_shadow_fix1,DYNG,UDUC,ils_shadow,ZHANG_USER_ILS_NAMED_RECOVERY,2024-07-17T00:17:00,DYNG,USER_L1_SD_CONDITIONAL,0,,,,,,,0,1
r48u_20260914_DYNG_UDUC_ils_shadow_fix1,DYNG,UDUC,ils_shadow,ZHANG_USER_ILS_NAMED_RECOVERY,2024-07-17T00:17:30,DYNG,USER_WL_SD,3,,,,,,,3,1
r48u_20260914_DYNG_UDUC_ils_shadow_fix1,DYNG,UDUC,ils_shadow,ZHANG_USER_ILS_NAMED_RECOVERY,2024-07-17T00:17:30,DYNG,USER_L1_SD_CONDITIONAL,0,,,,,,,0,1
r48u_20260914_DYNG_UDUC_ils_shadow_fix1,DYNG,UDUC,ils_shadow,ZHANG_USER_ILS_NAMED_RECOVERY,2024-07-17T00:18:00,DYNG,USER_WL_SD,3,,,,,,,3,1
r48u_20260914_DYNG_UDUC_ils_shadow_fix1,DYNG,UDUC,ils_shadow,ZHANG_USER_ILS_NAMED_RECOVERY,2024-07-17T00:18:00,DYNG,USER_L1_SD_CONDITIONAL,0,,,,,,,0,1
r48u_20260914_DYNG_UDUC_ils_shadow_fix1,DYNG,UDUC,ils_shadow,ZHANG_USER_ILS_NAMED_RECOVERY,2024-07-17T00:18:30,DYNG,USER_WL_SD,3,,,,,,,3,1
r48u_20260914_DYNG_UDUC_ils_shadow_fix1,DYNG,UDUC,ils_shadow,ZHANG_USER_ILS_NAMED_RECOVERY,2024-07-17T00:18:30,DYNG,USER_L1_SD_CONDITIONAL,0,,,,,,,0,1
r48u_20260914_DYNG_UDUC_ils_shadow_fix1,DYNG,UDUC,ils_shadow,ZHANG_USER_ILS_NAMED_RECOVERY,2024-07-17T00:19:00,DYNG,USER_WL_SD,3,,,,,,,3,1
r48u_20260914_DYNG_UDUC_ils_shadow_fix1,DYNG,UDUC,ils_shadow,ZHANG_USER_ILS_NAMED_RECOVERY,2024-07-17T00:19:00,DYNG,USER_L1_SD_CONDITIONAL,0,,,,,,,0,1
r48u_20260914_DYNG_UDUC_ils_shadow_fix1,DYNG,UDUC,ils_shadow,ZHANG_USER_ILS_NAMED_RECOVERY,2024-07-17T00:19:30,DYNG,USER_WL_SD,3,,,,,,,3,1
r48u_20260914_DYNG_UDUC_ils_shadow_fix1,DYNG,UDUC,ils_shadow,ZHANG_USER_ILS_NAMED_RECOVERY,2024-07-17T00:19:30,DYNG,USER_L1_SD_CONDITIONAL,0,,,,,,,0,1
r48u_20260914_DYNG_UDUC_ils_shadow_fix1,DYNG,UDUC,ils_shadow,ZHANG_USER_ILS_NAMED_RECOVERY,2024-07-17T00:20:00,DYNG,USER_WL_SD,3,,,,,,,3,1
r48u_20260914_DYNG_UDUC_ils_shadow_fix1,DYNG,UDUC,ils_shadow,ZHANG_USER_ILS_NAMED_RECOVERY,2024-07-17T00:20:00,DYNG,USER_L1_SD_CONDITIONAL,0,,,,,,,0,1
r48u_20260914_DYNG_UDUC_ils_shadow_fix1,DYNG,UDUC,ils_shadow,ZHANG_USER_ILS_NAMED_RECOVERY,2024-07-17T00:20:30,DYNG,USER_WL_SD,3,,,,,,,3,1
r48u_20260914_DYNG_UDUC_ils_shadow_fix1,DYNG,UDUC,ils_shadow,ZHANG_USER_ILS_NAMED_RECOVERY,2024-07-17T00:20:30,DYNG,USER_L1_SD_CONDITIONAL,0,,,,,,,0,1
r48u_20260914_DYNG_UDUC_ils_shadow_fix1,DYNG,UDUC,ils_shadow,ZHANG_USER_ILS_NAMED_RECOVERY,2024-07-17T00:21:00,DYNG,USER_WL_SD,3,,,,,,,3,1
r48u_20260914_DYNG_UDUC_ils_shadow_fix1,DYNG,UDUC,ils_shadow,ZHANG_USER_ILS_NAMED_RECOVERY,2024-07-17T00:21:00,DYNG,USER_L1_SD_CONDITIONAL,0,,,,,,,0,1
r48u_20260914_DYNG_UDUC_ils_shadow_fix1,DYNG,UDUC,ils_shadow,ZHANG_USER_ILS_NAMED_RECOVERY,2024-07-17T00:21:30,DYNG,USER_WL_SD,3,,,,,,,3,1
r48u_20260914_DYNG_UDUC_ils_shadow_fix1,DYNG,UDUC,ils_shadow,ZHANG_USER_ILS_NAMED_RECOVERY,2024-07-17T00:21:30,DYNG,USER_L1_SD_CONDITIONAL,0,,,,,,,0,1
r48u_20260914_DYNG_UDUC_ils_shadow_fix1,DYNG,UDUC,ils_shadow,ZHANG_USER_ILS_NAMED_RECOVERY,2024-07-17T00:22:00,DYNG,USER_WL_SD,3,,,,,,,3,1
r48u_20260914_DYNG_UDUC_ils_shadow_fix1,DYNG,UDUC,ils_shadow,ZHANG_USER_ILS_NAMED_RECOVERY,2024-07-17T00:22:00,DYNG,USER_L1_SD_CONDITIONAL,0,,,,,,,0,1
r48u_20260914_DYNG_UDUC_ils_shadow_fix1,DYNG,UDUC,ils_shadow,ZHANG_USER_ILS_NAMED_RECOVERY,2024-07-17T00:22:30,DYNG,USER_WL_SD,3,,,,,,,3,1
r48u_20260914_DYNG_UDUC_ils_shadow_fix1,DYNG,UDUC,ils_shadow,ZHANG_USER_ILS_NAMED_RECOVERY,2024-07-17T00:22:30,DYNG,USER_L1_SD_CONDITIONAL,0,,,,,,,0,1
r48u_20260914_DYNG_UDUC_ils_shadow_fix1,DYNG,UDUC,ils_shadow,ZHANG_USER_ILS_NAMED_RECOVERY,2024-07-17T00:23:00,DYNG,USER_WL_SD,3,,,,,,,3,1
r48u_20260914_DYNG_UDUC_ils_shadow_fix1,DYNG,UDUC,ils_shadow,ZHANG_USER_ILS_NAMED_RECOVERY,2024-07-17T00:23:00,DYNG,USER_L1_SD_CONDITIONAL,0,,,,,,,0,1
r48u_20260914_DYNG_UDUC_ils_shadow_fix1,DYNG,UDUC,ils_shadow,ZHANG_USER_ILS_NAMED_RECOVERY,2024-07-17T00:23:30,DYNG,USER_WL_SD,3,,,,,,,3,1
r48u_20260914_DYNG_UDUC_ils_shadow_fix1,DYNG,UDUC,ils_shadow,ZHANG_USER_ILS_NAMED_RECOVERY,2024-07-17T00:23:30,DYNG,USER_L1_SD_CONDITIONAL,0,,,,,,,0,1
r48u_20260914_DYNG_UDUC_ils_shadow_fix1,DYNG,UDUC,ils_shadow,ZHANG_USER_ILS_NAMED_RECOVERY,2024-07-17T00:24:00,DYNG,USER_WL_SD,3,,,,,,,3,1
r48u_20260914_DYNG_UDUC_ils_shadow_fix1,DYNG,UDUC,ils_shadow,ZHANG_USER_ILS_NAMED_RECOVERY,2024-07-17T00:24:00,DYNG,USER_L1_SD_CONDITIONAL,1,,,,,,,0,1
r48u_20260914_DYNG_UDUC_ils_shadow_fix1,DYNG,UDUC,ils_shadow,ZHANG_USER_ILS_NAMED_RECOVERY,2024-07-17T00:24:30,DYNG,USER_WL_SD,4,,,,,,,4,1
r48u_20260914_DYNG_UDUC_ils_shadow_fix1,DYNG,UDUC,ils_shadow,ZHANG_USER_ILS_NAMED_RECOVERY,2024-07-17T00:24:30,DYNG,USER_L1_SD_CONDITIONAL,1,,,,,,,0,1
r48u_20260914_DYNG_UDUC_ils_shadow_fix1,DYNG,UDUC,ils_shadow,ZHANG_USER_ILS_NAMED_RECOVERY,2024-07-17T00:25:00,DYNG,USER_WL_SD,4,,,,,,,4,1
r48u_20260914_DYNG_UDUC_ils_shadow_fix1,DYNG,UDUC,ils_shadow,ZHANG_USER_ILS_NAMED_RECOVERY,2024-07-17T00:25:00,DYNG,USER_L1_SD_CONDITIONAL,1,,,,,,,0,1
r48u_20260914_DYNG_UDUC_ils_shadow_fix1,DYNG,UDUC,ils_shadow,ZHANG_USER_ILS_NAMED_RECOVERY,2024-07-17T00:26:00,DYNG,USER_WL_SD,4,,,,,,,4,1
r48u_20260914_DYNG_UDUC_ils_shadow_fix1,DYNG,UDUC,ils_shadow,ZHANG_USER_ILS_NAMED_RECOVERY,2024-07-17T00:26:00,DYNG,USER_L1_SD_CONDITIONAL,1,,,,,,,0,1
r48u_20260914_DYNG_UDUC_ils_shadow_fix1,DYNG,UDUC,ils_shadow,ZHANG_USER_ILS_NAMED_RECOVERY,2024-07-17T00:26:30,DYNG,USER_WL_SD,4,,,,,,,4,1
r48u_20260914_DYNG_UDUC_ils_shadow_fix1,DYNG,UDUC,ils_shadow,ZHANG_USER_ILS_NAMED_RECOVERY,2024-07-17T00:26:30,DYNG,USER_L1_SD_CONDITIONAL,1,,,,,,,0,1
r48u_20260914_DYNG_UDUC_ils_shadow_fix1,DYNG,UDUC,ils_shadow,ZHANG_USER_ILS_NAMED_RECOVERY,2024-07-17T00:27:00,DYNG,USER_WL_SD,5,,,,,,,5,1
r48u_20260914_DYNG_UDUC_ils_shadow_fix1,DYNG,UDUC,ils_shadow,ZHANG_USER_ILS_NAMED_RECOVERY,2024-07-17T00:27:00,DYNG,USER_L1_SD_CONDITIONAL,2,,,,,,,0,1
r48u_20260914_DYNG_UDUC_ils_shadow_fix1,DYNG,UDUC,ils_shadow,ZHANG_USER_ILS_NAMED_RECOVERY,2024-07-17T00:27:30,DYNG,USER_WL_SD,4,,,,,,,4,1
r48u_20260914_DYNG_UDUC_ils_shadow_fix1,DYNG,UDUC,ils_shadow,ZHANG_USER_ILS_NAMED_RECOVERY,2024-07-17T00:27:30,DYNG,USER_L1_SD_CONDITIONAL,2,,,,,,,0,1
r48u_20260914_DYNG_UDUC_ils_shadow_fix1,DYNG,UDUC,ils_shadow,ZHANG_USER_ILS_NAMED_RECOVERY,2024-07-17T00:28:00,DYNG,USER_WL_SD,4,,,,,,,4,1
r48u_20260914_DYNG_UDUC_ils_shadow_fix1,DYNG,UDUC,ils_shadow,ZHANG_USER_ILS_NAMED_RECOVERY,2024-07-17T00:28:00,DYNG,USER_L1_SD_CONDITIONAL,3,,,,,,,2,1
r48u_20260914_DYNG_UDUC_ils_shadow_fix1,DYNG,UDUC,ils_shadow,ZHANG_USER_ILS_NAMED_RECOVERY,2024-07-17T00:28:30,DYNG,USER_WL_SD,4,,,,,,,4,1
r48u_20260914_DYNG_UDUC_ils_shadow_fix1,DYNG,UDUC,ils_shadow,ZHANG_USER_ILS_NAMED_RECOVERY,2024-07-17T00:28:30,DYNG,USER_L1_SD_CONDITIONAL,3,,,,,,,2,1
r48u_20260914_DYNG_UDUC_ils_shadow_fix1,DYNG,UDUC,ils_shadow,ZHANG_USER_ILS_NAMED_RECOVERY,2024-07-17T00:29:00,DYNG,USER_WL_SD,4,,,,,,,4,1
r48u_20260914_DYNG_UDUC_ils_shadow_fix1,DYNG,UDUC,ils_shadow,ZHANG_USER_ILS_NAMED_RECOVERY,2024-07-17T00:29:00,DYNG,USER_L1_SD_CONDITIONAL,3,,,,,,,2,1
r48u_20260914_DYNG_UDUC_ils_shadow_fix1,DYNG,UDUC,ils_shadow,ZHANG_USER_ILS_NAMED_RECOVERY,2024-07-17T00:29:30,DYNG,USER_WL_SD,4,,,,,,,4,1
r48u_20260914_DYNG_UDUC_ils_shadow_fix1,DYNG,UDUC,ils_shadow,ZHANG_USER_ILS_NAMED_RECOVERY,2024-07-17T00:29:30,DYNG,USER_L1_SD_CONDITIONAL,3,,,,,,,2,1
r48u_20260914_DYNG_UDUC_ils_shadow_fix1,DYNG,UDUC,ils_shadow,ZHANG_USER_ILS_NAMED_RECOVERY,2024-07-17T00:30:00,DYNG,USER_WL_SD,4,,,,,,,4,1
r48u_20260914_DYNG_UDUC_ils_shadow_fix1,DYNG,UDUC,ils_shadow,ZHANG_USER_ILS_NAMED_RECOVERY,2024-07-17T00:30:00,DYNG,USER_L1_SD_CONDITIONAL,3,,,,,,,2,1
r48u_20260914_DYNG_UDUC_ils_feedback_fix1,DYNG,UDUC,ils_feedback,ZHANG_USER_ILS_RELATIONS,2024-07-17T00:10:30,DYNG,USER_WL_SD,0,4,1,0,,,,,
r48u_20260914_DYNG_UDUC_ils_feedback_fix1,DYNG,UDUC,ils_feedback,ZHANG_USER_ILS_RELATIONS,2024-07-17T00:17:00,DYNG,USER_WL_SD,3,4,1,0,,,,,
r48u_20260914_DYNG_UDUC_ils_feedback_fix1,DYNG,UDUC,ils_feedback,ZHANG_USER_ILS_RELATIONS,2024-07-17T00:17:00,DYNG,USER_L1_SD_CONDITIONAL,0,4,1,0,,,,,
r48u_20260914_DYNG_UDUC_ils_feedback_fix1,DYNG,UDUC,ils_feedback,ZHANG_USER_ILS_RELATIONS,2024-07-17T00:17:30,DYNG,USER_WL_SD,0,4,1,0,,,,,
r48u_20260914_DYNG_UDUC_ils_feedback_fix1,DYNG,UDUC,ils_feedback,ZHANG_USER_ILS_RELATIONS,2024-07-17T00:17:30,DYNG,USER_L1_SD_CONDITIONAL,0,4,1,0,,,,,
r48u_20260914_DYNG_UDUC_ils_feedback_fix1,DYNG,UDUC,ils_feedback,ZHANG_USER_ILS_RELATIONS,2024-07-17T00:18:00,DYNG,USER_WL_SD,0,4,1,0,,,,,
r48u_20260914_DYNG_UDUC_ils_feedback_fix1,DYNG,UDUC,ils_feedback,ZHANG_USER_ILS_RELATIONS,2024-07-17T00:18:30,DYNG,USER_WL_SD,0,4,1,0,,,,,
r48u_20260914_DYNG_UDUC_ils_feedback_fix1,DYNG,UDUC,ils_feedback,ZHANG_USER_ILS_RELATIONS,2024-07-17T00:19:00,DYNG,USER_WL_SD,0,4,1,0,,,,,
r48u_20260914_DYNG_UDUC_ils_feedback_fix1,DYNG,UDUC,ils_feedback,ZHANG_USER_ILS_RELATIONS,2024-07-17T00:19:30,DYNG,USER_WL_SD,0,4,1,0,,,,,
r48u_20260914_DYNG_UDUC_ils_feedback_fix1,DYNG,UDUC,ils_feedback,ZHANG_USER_ILS_RELATIONS,2024-07-17T00:20:00,DYNG,USER_WL_SD,0,4,1,0,,,,,
r48u_20260914_DYNG_UDUC_ils_feedback_fix1,DYNG,UDUC,ils_feedback,ZHANG_USER_ILS_RELATIONS,2024-07-17T00:20:30,DYNG,USER_WL_SD,0,5,1,0,,,,,
r48u_20260914_DYNG_UDUC_ils_feedback_fix1,DYNG,UDUC,ils_feedback,ZHANG_USER_ILS_RELATIONS,2024-07-17T00:21:00,DYNG,USER_WL_SD,0,4,1,0,,,,,
r48u_20260914_DYNG_UDUC_ils_feedback_fix1,DYNG,UDUC,ils_feedback,ZHANG_USER_ILS_RELATIONS,2024-07-17T00:21:30,DYNG,USER_WL_SD,0,5,1,0,,,,,
r48u_20260914_DYNG_UDUC_ils_feedback_fix1,DYNG,UDUC,ils_feedback,ZHANG_USER_ILS_RELATIONS,2024-07-17T00:22:00,DYNG,USER_WL_SD,0,5,1,0,,,,,
r48u_20260914_DYNG_UDUC_ils_feedback_fix1,DYNG,UDUC,ils_feedback,ZHANG_USER_ILS_RELATIONS,2024-07-17T00:22:00,DYNG,USER_L1_SD_CONDITIONAL,0,5,1,0,,,,,
r48u_20260914_DYNG_UDUC_ils_feedback_fix1,DYNG,UDUC,ils_feedback,ZHANG_USER_ILS_RELATIONS,2024-07-17T00:22:30,DYNG,USER_WL_SD,0,5,1,0,,,,,
r48u_20260914_DYNG_UDUC_ils_feedback_fix1,DYNG,UDUC,ils_feedback,ZHANG_USER_ILS_RELATIONS,2024-07-17T00:22:30,DYNG,USER_L1_SD_CONDITIONAL,0,5,1,0,,,,,
r48u_20260914_DYNG_UDUC_ils_feedback_fix1,DYNG,UDUC,ils_feedback,ZHANG_USER_ILS_RELATIONS,2024-07-17T00:23:00,DYNG,USER_WL_SD,0,5,1,0,,,,,
r48u_20260914_DYNG_UDUC_ils_feedback_fix1,DYNG,UDUC,ils_feedback,ZHANG_USER_ILS_RELATIONS,2024-07-17T00:23:30,DYNG,USER_WL_SD,0,4,1,0,,,,,
r48u_20260914_DYNG_UDUC_ils_feedback_fix1,DYNG,UDUC,ils_feedback,ZHANG_USER_ILS_RELATIONS,2024-07-17T00:24:00,DYNG,USER_WL_SD,0,4,1,0,,,,,
r48u_20260914_DYNG_UDUC_ils_feedback_fix1,DYNG,UDUC,ils_feedback,ZHANG_USER_ILS_RELATIONS,2024-07-17T00:24:30,DYNG,USER_WL_SD,0,4,1,0,,,,,
r48u_20260914_DYNG_UDUC_ils_feedback_fix1,DYNG,UDUC,ils_feedback,ZHANG_USER_ILS_RELATIONS,2024-07-17T00:25:00,DYNG,USER_WL_SD,0,4,1,0,,,,,
r48u_20260914_DYNG_UDUC_ils_feedback_fix1,DYNG,UDUC,ils_feedback,ZHANG_USER_ILS_RELATIONS,2024-07-17T00:26:00,DYNG,USER_WL_SD,0,4,1,0,,,,,
r48u_20260914_DYNG_UDUC_ils_feedback_fix1,DYNG,UDUC,ils_feedback,ZHANG_USER_ILS_RELATIONS,2024-07-17T00:26:30,DYNG,USER_WL_SD,0,4,1,0,,,,,
r48u_20260914_DYNG_UDUC_ils_feedback_fix1,DYNG,UDUC,ils_feedback,ZHANG_USER_ILS_RELATIONS,2024-07-17T00:27:00,DYNG,USER_WL_SD,0,5,1,0,,,,,
r48u_20260914_DYNG_UDUC_ils_feedback_fix1,DYNG,UDUC,ils_feedback,ZHANG_USER_ILS_RELATIONS,2024-07-17T00:27:30,DYNG,USER_WL_SD,0,5,1,0,,,,,
r48u_20260914_DYNG_UDUC_ils_feedback_fix1,DYNG,UDUC,ils_feedback,ZHANG_USER_ILS_RELATIONS,2024-07-17T00:28:00,DYNG,USER_WL_SD,0,5,1,0,,,,,
r48u_20260914_DYNG_UDUC_ils_feedback_fix1,DYNG,UDUC,ils_feedback,ZHANG_USER_ILS_RELATIONS,2024-07-17T00:28:30,DYNG,USER_WL_SD,0,5,1,0,,,,,
r48u_20260914_DYNG_UDUC_ils_feedback_fix1,DYNG,UDUC,ils_feedback,ZHANG_USER_ILS_RELATIONS,2024-07-17T00:29:00,DYNG,USER_WL_SD,0,5,1,0,,,,,
r48u_20260914_DYNG_UDUC_ils_feedback_fix1,DYNG,UDUC,ils_feedback,ZHANG_USER_ILS_RELATIONS,2024-07-17T00:29:30,DYNG,USER_WL_SD,0,5,1,0,,,,,
r48u_20260914_DYNG_UDUC_ils_feedback_fix1,DYNG,UDUC,ils_feedback,ZHANG_USER_ILS_RELATIONS,2024-07-17T00:30:00,DYNG,USER_WL_SD,0,5,1,0,,,,,
r48u_20260914_DYNG_UDUC_ils_feedback_fix1,DYNG,UDUC,ils_feedback,ZHANG_USER_ILS_ROW,2024-07-17T00:17:00,DYNG,USER_WL_SD,,,,,0,24,1 0 0 0,,
r48u_20260914_DYNG_UDUC_ils_feedback_fix1,DYNG,UDUC,ils_feedback,ZHANG_USER_ILS_ROW,2024-07-17T00:17:00,DYNG,USER_WL_SD,,,,,1,28,0 0 1 0,,
r48u_20260914_DYNG_UDUC_ils_feedback_fix1,DYNG,UDUC,ils_feedback,ZHANG_USER_ILS_ROW,2024-07-17T00:17:00,DYNG,USER_WL_SD,,,,,2,59,0 1 0 0,,
r48u_20260914_DYNG_UDUC_ils_feedback_fix1,DYNG,UDUC,ils_feedback,ZHANG_USER_ILS_NAMED_RECOVERY,2024-07-17T00:10:30,DYNG,USER_WL_SD,0,,,,,,,0,1
r48u_20260914_DYNG_UDUC_ils_feedback_fix1,DYNG,UDUC,ils_feedback,ZHANG_USER_ILS_NAMED_RECOVERY,2024-07-17T00:17:00,DYNG,USER_WL_SD,3,,,,,,,3,1
r48u_20260914_DYNG_UDUC_ils_feedback_fix1,DYNG,UDUC,ils_feedback,ZHANG_USER_ILS_NAMED_RECOVERY,2024-07-17T00:17:00,DYNG,USER_L1_SD_CONDITIONAL,0,,,,,,,0,1
r48u_20260914_DYNG_UDUC_ils_feedback_fix1,DYNG,UDUC,ils_feedback,ZHANG_USER_ILS_NAMED_RECOVERY,2024-07-17T00:17:30,DYNG,USER_WL_SD,0,,,,,,,0,1
r48u_20260914_DYNG_UDUC_ils_feedback_fix1,DYNG,UDUC,ils_feedback,ZHANG_USER_ILS_NAMED_RECOVERY,2024-07-17T00:17:30,DYNG,USER_L1_SD_CONDITIONAL,0,,,,,,,0,1
r48u_20260914_DYNG_UDUC_ils_feedback_fix1,DYNG,UDUC,ils_feedback,ZHANG_USER_ILS_NAMED_RECOVERY,2024-07-17T00:18:00,DYNG,USER_WL_SD,0,,,,,,,0,1
r48u_20260914_DYNG_UDUC_ils_feedback_fix1,DYNG,UDUC,ils_feedback,ZHANG_USER_ILS_NAMED_RECOVERY,2024-07-17T00:18:30,DYNG,USER_WL_SD,0,,,,,,,0,1
r48u_20260914_DYNG_UDUC_ils_feedback_fix1,DYNG,UDUC,ils_feedback,ZHANG_USER_ILS_NAMED_RECOVERY,2024-07-17T00:19:00,DYNG,USER_WL_SD,0,,,,,,,0,1
r48u_20260914_DYNG_UDUC_ils_feedback_fix1,DYNG,UDUC,ils_feedback,ZHANG_USER_ILS_NAMED_RECOVERY,2024-07-17T00:19:30,DYNG,USER_WL_SD,0,,,,,,,0,1
r48u_20260914_DYNG_UDUC_ils_feedback_fix1,DYNG,UDUC,ils_feedback,ZHANG_USER_ILS_NAMED_RECOVERY,2024-07-17T00:20:00,DYNG,USER_WL_SD,0,,,,,,,0,1
r48u_20260914_DYNG_UDUC_ils_feedback_fix1,DYNG,UDUC,ils_feedback,ZHANG_USER_ILS_NAMED_RECOVERY,2024-07-17T00:20:30,DYNG,USER_WL_SD,0,,,,,,,0,1
r48u_20260914_DYNG_UDUC_ils_feedback_fix1,DYNG,UDUC,ils_feedback,ZHANG_USER_ILS_NAMED_RECOVERY,2024-07-17T00:21:00,DYNG,USER_WL_SD,0,,,,,,,0,1
r48u_20260914_DYNG_UDUC_ils_feedback_fix1,DYNG,UDUC,ils_feedback,ZHANG_USER_ILS_NAMED_RECOVERY,2024-07-17T00:21:30,DYNG,USER_WL_SD,0,,,,,,,0,1
r48u_20260914_DYNG_UDUC_ils_feedback_fix1,DYNG,UDUC,ils_feedback,ZHANG_USER_ILS_NAMED_RECOVERY,2024-07-17T00:22:00,DYNG,USER_WL_SD,0,,,,,,,0,1
r48u_20260914_DYNG_UDUC_ils_feedback_fix1,DYNG,UDUC,ils_feedback,ZHANG_USER_ILS_NAMED_RECOVERY,2024-07-17T00:22:00,DYNG,USER_L1_SD_CONDITIONAL,0,,,,,,,0,1
r48u_20260914_DYNG_UDUC_ils_feedback_fix1,DYNG,UDUC,ils_feedback,ZHANG_USER_ILS_NAMED_RECOVERY,2024-07-17T00:22:30,DYNG,USER_WL_SD,0,,,,,,,0,1
r48u_20260914_DYNG_UDUC_ils_feedback_fix1,DYNG,UDUC,ils_feedback,ZHANG_USER_ILS_NAMED_RECOVERY,2024-07-17T00:22:30,DYNG,USER_L1_SD_CONDITIONAL,0,,,,,,,0,1
r48u_20260914_DYNG_UDUC_ils_feedback_fix1,DYNG,UDUC,ils_feedback,ZHANG_USER_ILS_NAMED_RECOVERY,2024-07-17T00:23:00,DYNG,USER_WL_SD,0,,,,,,,0,1
r48u_20260914_DYNG_UDUC_ils_feedback_fix1,DYNG,UDUC,ils_feedback,ZHANG_USER_ILS_NAMED_RECOVERY,2024-07-17T00:23:30,DYNG,USER_WL_SD,0,,,,,,,0,1
r48u_20260914_DYNG_UDUC_ils_feedback_fix1,DYNG,UDUC,ils_feedback,ZHANG_USER_ILS_NAMED_RECOVERY,2024-07-17T00:24:00,DYNG,USER_WL_SD,0,,,,,,,0,1
r48u_20260914_DYNG_UDUC_ils_feedback_fix1,DYNG,UDUC,ils_feedback,ZHANG_USER_ILS_NAMED_RECOVERY,2024-07-17T00:24:30,DYNG,USER_WL_SD,0,,,,,,,0,1
r48u_20260914_DYNG_UDUC_ils_feedback_fix1,DYNG,UDUC,ils_feedback,ZHANG_USER_ILS_NAMED_RECOVERY,2024-07-17T00:25:00,DYNG,USER_WL_SD,0,,,,,,,0,1
r48u_20260914_DYNG_UDUC_ils_feedback_fix1,DYNG,UDUC,ils_feedback,ZHANG_USER_ILS_NAMED_RECOVERY,2024-07-17T00:26:00,DYNG,USER_WL_SD,0,,,,,,,0,1
r48u_20260914_DYNG_UDUC_ils_feedback_fix1,DYNG,UDUC,ils_feedback,ZHANG_USER_ILS_NAMED_RECOVERY,2024-07-17T00:26:30,DYNG,USER_WL_SD,0,,,,,,,0,1
r48u_20260914_DYNG_UDUC_ils_feedback_fix1,DYNG,UDUC,ils_feedback,ZHANG_USER_ILS_NAMED_RECOVERY,2024-07-17T00:27:00,DYNG,USER_WL_SD,0,,,,,,,0,1
r48u_20260914_DYNG_UDUC_ils_feedback_fix1,DYNG,UDUC,ils_feedback,ZHANG_USER_ILS_NAMED_RECOVERY,2024-07-17T00:27:30,DYNG,USER_WL_SD,0,,,,,,,0,1
r48u_20260914_DYNG_UDUC_ils_feedback_fix1,DYNG,UDUC,ils_feedback,ZHANG_USER_ILS_NAMED_RECOVERY,2024-07-17T00:28:00,DYNG,USER_WL_SD,0,,,,,,,0,1
r48u_20260914_DYNG_UDUC_ils_feedback_fix1,DYNG,UDUC,ils_feedback,ZHANG_USER_ILS_NAMED_RECOVERY,2024-07-17T00:28:30,DYNG,USER_WL_SD,0,,,,,,,0,1
r48u_20260914_DYNG_UDUC_ils_feedback_fix1,DYNG,UDUC,ils_feedback,ZHANG_USER_ILS_NAMED_RECOVERY,2024-07-17T00:29:00,DYNG,USER_WL_SD,0,,,,,,,0,1
r48u_20260914_DYNG_UDUC_ils_feedback_fix1,DYNG,UDUC,ils_feedback,ZHANG_USER_ILS_NAMED_RECOVERY,2024-07-17T00:29:30,DYNG,USER_WL_SD,0,,,,,,,0,1
r48u_20260914_DYNG_UDUC_ils_feedback_fix1,DYNG,UDUC,ils_feedback,ZHANG_USER_ILS_NAMED_RECOVERY,2024-07-17T00:30:00,DYNG,USER_WL_SD,0,,,,,,,0,1
r48u_20260914_NICO_UDUC_ils_shadow_fix1,NICO,UDUC,ils_shadow,ZHANG_USER_ILS_RELATIONS,2024-07-17T00:10:30,NICO,USER_WL_SD,0,5,1,0,,,,,
r48u_20260914_NICO_UDUC_ils_shadow_fix1,NICO,UDUC,ils_shadow,ZHANG_USER_ILS_RELATIONS,2024-07-17T00:17:00,NICO,USER_WL_SD,2,4,1,0,,,,,
r48u_20260914_NICO_UDUC_ils_shadow_fix1,NICO,UDUC,ils_shadow,ZHANG_USER_ILS_RELATIONS,2024-07-17T00:17:00,NICO,USER_L1_SD_CONDITIONAL,0,4,1,0,,,,,
r48u_20260914_NICO_UDUC_ils_shadow_fix1,NICO,UDUC,ils_shadow,ZHANG_USER_ILS_RELATIONS,2024-07-17T00:17:30,NICO,USER_WL_SD,2,4,1,0,,,,,
r48u_20260914_NICO_UDUC_ils_shadow_fix1,NICO,UDUC,ils_shadow,ZHANG_USER_ILS_RELATIONS,2024-07-17T00:17:30,NICO,USER_L1_SD_CONDITIONAL,0,4,1,0,,,,,
r48u_20260914_NICO_UDUC_ils_shadow_fix1,NICO,UDUC,ils_shadow,ZHANG_USER_ILS_RELATIONS,2024-07-17T00:18:00,NICO,USER_WL_SD,2,4,1,0,,,,,
r48u_20260914_NICO_UDUC_ils_shadow_fix1,NICO,UDUC,ils_shadow,ZHANG_USER_ILS_RELATIONS,2024-07-17T00:18:00,NICO,USER_L1_SD_CONDITIONAL,0,4,1,0,,,,,
r48u_20260914_NICO_UDUC_ils_shadow_fix1,NICO,UDUC,ils_shadow,ZHANG_USER_ILS_RELATIONS,2024-07-17T00:18:30,NICO,USER_WL_SD,3,4,1,0,,,,,
r48u_20260914_NICO_UDUC_ils_shadow_fix1,NICO,UDUC,ils_shadow,ZHANG_USER_ILS_RELATIONS,2024-07-17T00:18:30,NICO,USER_L1_SD_CONDITIONAL,0,4,1,0,,,,,
r48u_20260914_NICO_UDUC_ils_shadow_fix1,NICO,UDUC,ils_shadow,ZHANG_USER_ILS_RELATIONS,2024-07-17T00:19:00,NICO,USER_WL_SD,3,5,1,0,,,,,
r48u_20260914_NICO_UDUC_ils_shadow_fix1,NICO,UDUC,ils_shadow,ZHANG_USER_ILS_RELATIONS,2024-07-17T00:19:00,NICO,USER_L1_SD_CONDITIONAL,0,5,1,0,,,,,
r48u_20260914_NICO_UDUC_ils_shadow_fix1,NICO,UDUC,ils_shadow,ZHANG_USER_ILS_RELATIONS,2024-07-17T00:19:30,NICO,USER_WL_SD,3,5,1,0,,,,,
r48u_20260914_NICO_UDUC_ils_shadow_fix1,NICO,UDUC,ils_shadow,ZHANG_USER_ILS_RELATIONS,2024-07-17T00:19:30,NICO,USER_L1_SD_CONDITIONAL,0,5,1,0,,,,,
r48u_20260914_NICO_UDUC_ils_shadow_fix1,NICO,UDUC,ils_shadow,ZHANG_USER_ILS_RELATIONS,2024-07-17T00:20:00,NICO,USER_WL_SD,3,4,1,0,,,,,
r48u_20260914_NICO_UDUC_ils_shadow_fix1,NICO,UDUC,ils_shadow,ZHANG_USER_ILS_RELATIONS,2024-07-17T00:20:00,NICO,USER_L1_SD_CONDITIONAL,0,4,1,0,,,,,
r48u_20260914_NICO_UDUC_ils_shadow_fix1,NICO,UDUC,ils_shadow,ZHANG_USER_ILS_RELATIONS,2024-07-17T00:20:30,NICO,USER_WL_SD,4,7,1,0,,,,,
r48u_20260914_NICO_UDUC_ils_shadow_fix1,NICO,UDUC,ils_shadow,ZHANG_USER_ILS_RELATIONS,2024-07-17T00:20:30,NICO,USER_L1_SD_CONDITIONAL,0,7,1,0,,,,,
r48u_20260914_NICO_UDUC_ils_shadow_fix1,NICO,UDUC,ils_shadow,ZHANG_USER_ILS_RELATIONS,2024-07-17T00:21:00,NICO,USER_WL_SD,3,4,1,0,,,,,
r48u_20260914_NICO_UDUC_ils_shadow_fix1,NICO,UDUC,ils_shadow,ZHANG_USER_ILS_RELATIONS,2024-07-17T00:21:00,NICO,USER_L1_SD_CONDITIONAL,0,4,1,0,,,,,
r48u_20260914_NICO_UDUC_ils_shadow_fix1,NICO,UDUC,ils_shadow,ZHANG_USER_ILS_RELATIONS,2024-07-17T00:21:30,NICO,USER_WL_SD,4,5,1,0,,,,,
r48u_20260914_NICO_UDUC_ils_shadow_fix1,NICO,UDUC,ils_shadow,ZHANG_USER_ILS_RELATIONS,2024-07-17T00:21:30,NICO,USER_L1_SD_CONDITIONAL,0,5,1,0,,,,,
r48u_20260914_NICO_UDUC_ils_shadow_fix1,NICO,UDUC,ils_shadow,ZHANG_USER_ILS_RELATIONS,2024-07-17T00:22:00,NICO,USER_WL_SD,4,6,1,0,,,,,
r48u_20260914_NICO_UDUC_ils_shadow_fix1,NICO,UDUC,ils_shadow,ZHANG_USER_ILS_RELATIONS,2024-07-17T00:22:00,NICO,USER_L1_SD_CONDITIONAL,1,6,1,0,,,,,
r48u_20260914_NICO_UDUC_ils_shadow_fix1,NICO,UDUC,ils_shadow,ZHANG_USER_ILS_RELATIONS,2024-07-17T00:22:30,NICO,USER_WL_SD,4,6,1,0,,,,,
r48u_20260914_NICO_UDUC_ils_shadow_fix1,NICO,UDUC,ils_shadow,ZHANG_USER_ILS_RELATIONS,2024-07-17T00:22:30,NICO,USER_L1_SD_CONDITIONAL,1,6,1,0,,,,,
r48u_20260914_NICO_UDUC_ils_shadow_fix1,NICO,UDUC,ils_shadow,ZHANG_USER_ILS_RELATIONS,2024-07-17T00:23:00,NICO,USER_WL_SD,4,6,1,0,,,,,
r48u_20260914_NICO_UDUC_ils_shadow_fix1,NICO,UDUC,ils_shadow,ZHANG_USER_ILS_RELATIONS,2024-07-17T00:23:00,NICO,USER_L1_SD_CONDITIONAL,1,6,1,0,,,,,
r48u_20260914_NICO_UDUC_ils_shadow_fix1,NICO,UDUC,ils_shadow,ZHANG_USER_ILS_RELATIONS,2024-07-17T00:23:30,NICO,USER_WL_SD,3,5,1,0,,,,,
r48u_20260914_NICO_UDUC_ils_shadow_fix1,NICO,UDUC,ils_shadow,ZHANG_USER_ILS_RELATIONS,2024-07-17T00:23:30,NICO,USER_L1_SD_CONDITIONAL,1,5,1,0,,,,,
r48u_20260914_NICO_UDUC_ils_shadow_fix1,NICO,UDUC,ils_shadow,ZHANG_USER_ILS_RELATIONS,2024-07-17T00:24:00,NICO,USER_WL_SD,3,5,1,0,,,,,
r48u_20260914_NICO_UDUC_ils_shadow_fix1,NICO,UDUC,ils_shadow,ZHANG_USER_ILS_RELATIONS,2024-07-17T00:24:00,NICO,USER_L1_SD_CONDITIONAL,1,5,1,0,,,,,
r48u_20260914_NICO_UDUC_ils_shadow_fix1,NICO,UDUC,ils_shadow,ZHANG_USER_ILS_RELATIONS,2024-07-17T00:24:30,NICO,USER_WL_SD,3,5,1,0,,,,,
r48u_20260914_NICO_UDUC_ils_shadow_fix1,NICO,UDUC,ils_shadow,ZHANG_USER_ILS_RELATIONS,2024-07-17T00:24:30,NICO,USER_L1_SD_CONDITIONAL,1,5,1,0,,,,,
r48u_20260914_NICO_UDUC_ils_shadow_fix1,NICO,UDUC,ils_shadow,ZHANG_USER_ILS_RELATIONS,2024-07-17T00:25:00,NICO,USER_WL_SD,3,5,1,0,,,,,
r48u_20260914_NICO_UDUC_ils_shadow_fix1,NICO,UDUC,ils_shadow,ZHANG_USER_ILS_RELATIONS,2024-07-17T00:25:00,NICO,USER_L1_SD_CONDITIONAL,1,5,1,0,,,,,
r48u_20260914_NICO_UDUC_ils_shadow_fix1,NICO,UDUC,ils_shadow,ZHANG_USER_ILS_RELATIONS,2024-07-17T00:26:00,NICO,USER_WL_SD,3,4,1,0,,,,,
r48u_20260914_NICO_UDUC_ils_shadow_fix1,NICO,UDUC,ils_shadow,ZHANG_USER_ILS_RELATIONS,2024-07-17T00:26:00,NICO,USER_L1_SD_CONDITIONAL,1,4,1,0,,,,,
r48u_20260914_NICO_UDUC_ils_shadow_fix1,NICO,UDUC,ils_shadow,ZHANG_USER_ILS_RELATIONS,2024-07-17T00:26:30,NICO,USER_WL_SD,3,4,1,0,,,,,
r48u_20260914_NICO_UDUC_ils_shadow_fix1,NICO,UDUC,ils_shadow,ZHANG_USER_ILS_RELATIONS,2024-07-17T00:26:30,NICO,USER_L1_SD_CONDITIONAL,1,4,1,0,,,,,
r48u_20260914_NICO_UDUC_ils_shadow_fix1,NICO,UDUC,ils_shadow,ZHANG_USER_ILS_RELATIONS,2024-07-17T00:27:00,NICO,USER_WL_SD,4,6,1,0,,,,,
r48u_20260914_NICO_UDUC_ils_shadow_fix1,NICO,UDUC,ils_shadow,ZHANG_USER_ILS_RELATIONS,2024-07-17T00:27:00,NICO,USER_L1_SD_CONDITIONAL,3,6,1,0,,,,,
r48u_20260914_NICO_UDUC_ils_shadow_fix1,NICO,UDUC,ils_shadow,ZHANG_USER_ILS_RELATIONS,2024-07-17T00:27:30,NICO,USER_WL_SD,3,6,1,0,,,,,
r48u_20260914_NICO_UDUC_ils_shadow_fix1,NICO,UDUC,ils_shadow,ZHANG_USER_ILS_RELATIONS,2024-07-17T00:27:30,NICO,USER_L1_SD_CONDITIONAL,1,6,1,0,,,,,
r48u_20260914_NICO_UDUC_ils_shadow_fix1,NICO,UDUC,ils_shadow,ZHANG_USER_ILS_RELATIONS,2024-07-17T00:28:00,NICO,USER_WL_SD,3,5,1,0,,,,,
r48u_20260914_NICO_UDUC_ils_shadow_fix1,NICO,UDUC,ils_shadow,ZHANG_USER_ILS_RELATIONS,2024-07-17T00:28:00,NICO,USER_L1_SD_CONDITIONAL,0,5,1,0,,,,,
r48u_20260914_NICO_UDUC_ils_shadow_fix1,NICO,UDUC,ils_shadow,ZHANG_USER_ILS_RELATIONS,2024-07-17T00:28:30,NICO,USER_WL_SD,3,5,1,0,,,,,
r48u_20260914_NICO_UDUC_ils_shadow_fix1,NICO,UDUC,ils_shadow,ZHANG_USER_ILS_RELATIONS,2024-07-17T00:28:30,NICO,USER_L1_SD_CONDITIONAL,0,5,1,0,,,,,
r48u_20260914_NICO_UDUC_ils_shadow_fix1,NICO,UDUC,ils_shadow,ZHANG_USER_ILS_RELATIONS,2024-07-17T00:29:00,NICO,USER_WL_SD,3,5,1,0,,,,,
r48u_20260914_NICO_UDUC_ils_shadow_fix1,NICO,UDUC,ils_shadow,ZHANG_USER_ILS_RELATIONS,2024-07-17T00:29:00,NICO,USER_L1_SD_CONDITIONAL,0,5,1,0,,,,,
r48u_20260914_NICO_UDUC_ils_shadow_fix1,NICO,UDUC,ils_shadow,ZHANG_USER_ILS_RELATIONS,2024-07-17T00:29:30,NICO,USER_WL_SD,3,5,1,0,,,,,
r48u_20260914_NICO_UDUC_ils_shadow_fix1,NICO,UDUC,ils_shadow,ZHANG_USER_ILS_RELATIONS,2024-07-17T00:29:30,NICO,USER_L1_SD_CONDITIONAL,2,5,1,0,,,,,
r48u_20260914_NICO_UDUC_ils_shadow_fix1,NICO,UDUC,ils_shadow,ZHANG_USER_ILS_RELATIONS,2024-07-17T00:30:00,NICO,USER_WL_SD,3,5,1,0,,,,,
r48u_20260914_NICO_UDUC_ils_shadow_fix1,NICO,UDUC,ils_shadow,ZHANG_USER_ILS_RELATIONS,2024-07-17T00:30:00,NICO,USER_L1_SD_CONDITIONAL,2,5,1,0,,,,,
r48u_20260914_NICO_UDUC_ils_shadow_fix1,NICO,UDUC,ils_shadow,ZHANG_USER_ILS_ROW,2024-07-17T00:17:00,NICO,USER_WL_SD,,,,,0,-17,0 1 0 0,,
r48u_20260914_NICO_UDUC_ils_shadow_fix1,NICO,UDUC,ils_shadow,ZHANG_USER_ILS_ROW,2024-07-17T00:17:00,NICO,USER_WL_SD,,,,,1,-44,1 0 0 0,,
r48u_20260914_NICO_UDUC_ils_shadow_fix1,NICO,UDUC,ils_shadow,ZHANG_USER_ILS_ROW,2024-07-17T00:17:30,NICO,USER_WL_SD,,,,,0,-17,0 1 0 0,,
r48u_20260914_NICO_UDUC_ils_shadow_fix1,NICO,UDUC,ils_shadow,ZHANG_USER_ILS_ROW,2024-07-17T00:17:30,NICO,USER_WL_SD,,,,,1,-44,1 0 0 0,,
r48u_20260914_NICO_UDUC_ils_shadow_fix1,NICO,UDUC,ils_shadow,ZHANG_USER_ILS_ROW,2024-07-17T00:18:00,NICO,USER_WL_SD,,,,,0,-17,0 1 0 0,,
r48u_20260914_NICO_UDUC_ils_shadow_fix1,NICO,UDUC,ils_shadow,ZHANG_USER_ILS_ROW,2024-07-17T00:18:00,NICO,USER_WL_SD,,,,,1,-44,1 0 0 0,,
r48u_20260914_NICO_UDUC_ils_shadow_fix1,NICO,UDUC,ils_shadow,ZHANG_USER_ILS_ROW,2024-07-17T00:18:30,NICO,USER_WL_SD,,,,,0,-17,0 1 0 0,,
r48u_20260914_NICO_UDUC_ils_shadow_fix1,NICO,UDUC,ils_shadow,ZHANG_USER_ILS_ROW,2024-07-17T00:18:30,NICO,USER_WL_SD,,,,,1,-27,0 0 1 0,,
r48u_20260914_NICO_UDUC_ils_shadow_fix1,NICO,UDUC,ils_shadow,ZHANG_USER_ILS_ROW,2024-07-17T00:18:30,NICO,USER_WL_SD,,,,,2,-44,1 0 0 0,,
r48u_20260914_NICO_UDUC_ils_shadow_fix1,NICO,UDUC,ils_shadow,ZHANG_USER_ILS_ROW,2024-07-17T00:19:00,NICO,USER_WL_SD,,,,,0,-17,0 1 0 0 0,,
r48u_20260914_NICO_UDUC_ils_shadow_fix1,NICO,UDUC,ils_shadow,ZHANG_USER_ILS_ROW,2024-07-17T00:19:00,NICO,USER_WL_SD,,,,,1,-27,0 0 0 1 0,,
r48u_20260914_NICO_UDUC_ils_shadow_fix1,NICO,UDUC,ils_shadow,ZHANG_USER_ILS_ROW,2024-07-17T00:19:00,NICO,USER_WL_SD,,,,,2,-44,1 0 0 0 0,,
r48u_20260914_NICO_UDUC_ils_shadow_fix1,NICO,UDUC,ils_shadow,ZHANG_USER_ILS_ROW,2024-07-17T00:19:30,NICO,USER_WL_SD,,,,,0,-17,0 1 0 0 0,,
r48u_20260914_NICO_UDUC_ils_shadow_fix1,NICO,UDUC,ils_shadow,ZHANG_USER_ILS_ROW,2024-07-17T00:19:30,NICO,USER_WL_SD,,,,,1,-44,1 0 0 0 0,,
r48u_20260914_NICO_UDUC_ils_shadow_fix1,NICO,UDUC,ils_shadow,ZHANG_USER_ILS_ROW,2024-07-17T00:19:30,NICO,USER_WL_SD,,,,,2,-27,0 0 0 1 0,,
r48u_20260914_NICO_UDUC_ils_shadow_fix1,NICO,UDUC,ils_shadow,ZHANG_USER_ILS_ROW,2024-07-17T00:20:00,NICO,USER_WL_SD,,,,,0,-17,0 1 0 0,,
r48u_20260914_NICO_UDUC_ils_shadow_fix1,NICO,UDUC,ils_shadow,ZHANG_USER_ILS_ROW,2024-07-17T00:20:00,NICO,USER_WL_SD,,,,,1,-44,1 0 0 0,,
r48u_20260914_NICO_UDUC_ils_shadow_fix1,NICO,UDUC,ils_shadow,ZHANG_USER_ILS_ROW,2024-07-17T00:20:00,NICO,USER_WL_SD,,,,,2,-27,0 0 1 0,,
r48u_20260914_NICO_UDUC_ils_shadow_fix1,NICO,UDUC,ils_shadow,ZHANG_USER_ILS_ROW,2024-07-17T00:20:30,NICO,USER_WL_SD,,,,,0,-48,0 1 0 0 0 0 0,,
r48u_20260914_NICO_UDUC_ils_shadow_fix1,NICO,UDUC,ils_shadow,ZHANG_USER_ILS_ROW,2024-07-17T00:20:30,NICO,USER_WL_SD,,,,,1,-17,0 0 0 1 0 0 0,,
r48u_20260914_NICO_UDUC_ils_shadow_fix1,NICO,UDUC,ils_shadow,ZHANG_USER_ILS_ROW,2024-07-17T00:20:30,NICO,USER_WL_SD,,,,,2,-44,1 0 0 0 0 0 0,,
r48u_20260914_NICO_UDUC_ils_shadow_fix1,NICO,UDUC,ils_shadow,ZHANG_USER_ILS_ROW,2024-07-17T00:20:30,NICO,USER_WL_SD,,,,,3,-27,0 0 0 0 0 1 0,,
r48u_20260914_NICO_UDUC_ils_shadow_fix1,NICO,UDUC,ils_shadow,ZHANG_USER_ILS_ROW,2024-07-17T00:21:00,NICO,USER_WL_SD,,,,,0,-17,0 1 0 0,,
r48u_20260914_NICO_UDUC_ils_shadow_fix1,NICO,UDUC,ils_shadow,ZHANG_USER_ILS_ROW,2024-07-17T00:21:00,NICO,USER_WL_SD,,,,,1,-44,1 0 0 0,,
r48u_20260914_NICO_UDUC_ils_shadow_fix1,NICO,UDUC,ils_shadow,ZHANG_USER_ILS_ROW,2024-07-17T00:21:00,NICO,USER_WL_SD,,,,,2,-27,0 0 1 0,,
r48u_20260914_NICO_UDUC_ils_shadow_fix1,NICO,UDUC,ils_shadow,ZHANG_USER_ILS_ROW,2024-07-17T00:21:30,NICO,USER_WL_SD,,,,,0,-48,0 1 0 0 0,,
r48u_20260914_NICO_UDUC_ils_shadow_fix1,NICO,UDUC,ils_shadow,ZHANG_USER_ILS_ROW,2024-07-17T00:21:30,NICO,USER_WL_SD,,,,,1,-17,0 0 1 0 0,,
r48u_20260914_NICO_UDUC_ils_shadow_fix1,NICO,UDUC,ils_shadow,ZHANG_USER_ILS_ROW,2024-07-17T00:21:30,NICO,USER_WL_SD,,,,,2,-44,1 0 0 0 0,,
r48u_20260914_NICO_UDUC_ils_shadow_fix1,NICO,UDUC,ils_shadow,ZHANG_USER_ILS_ROW,2024-07-17T00:21:30,NICO,USER_WL_SD,,,,,3,-27,0 0 0 1 0,,
r48u_20260914_NICO_UDUC_ils_shadow_fix1,NICO,UDUC,ils_shadow,ZHANG_USER_ILS_ROW,2024-07-17T00:22:00,NICO,USER_WL_SD,,,,,0,-48,0 1 0 0 0 0,,
r48u_20260914_NICO_UDUC_ils_shadow_fix1,NICO,UDUC,ils_shadow,ZHANG_USER_ILS_ROW,2024-07-17T00:22:00,NICO,USER_WL_SD,,,,,1,-17,0 0 0 1 0 0,,
r48u_20260914_NICO_UDUC_ils_shadow_fix1,NICO,UDUC,ils_shadow,ZHANG_USER_ILS_ROW,2024-07-17T00:22:00,NICO,USER_WL_SD,,,,,2,-44,1 0 0 0 0 0,,
r48u_20260914_NICO_UDUC_ils_shadow_fix1,NICO,UDUC,ils_shadow,ZHANG_USER_ILS_ROW,2024-07-17T00:22:00,NICO,USER_WL_SD,,,,,3,-27,0 0 0 0 1 0,,
r48u_20260914_NICO_UDUC_ils_shadow_fix1,NICO,UDUC,ils_shadow,ZHANG_USER_ILS_ROW,2024-07-17T00:22:00,NICO,USER_L1_SD_CONDITIONAL,,,,,0,272,1  0  0 -1  1  0,,
r48u_20260914_NICO_UDUC_ils_shadow_fix1,NICO,UDUC,ils_shadow,ZHANG_USER_ILS_ROW,2024-07-17T00:22:30,NICO,USER_WL_SD,,,,,0,-48,0 1 0 0 0 0,,
r48u_20260914_NICO_UDUC_ils_shadow_fix1,NICO,UDUC,ils_shadow,ZHANG_USER_ILS_ROW,2024-07-17T00:22:30,NICO,USER_WL_SD,,,,,1,-17,0 0 0 1 0 0,,
r48u_20260914_NICO_UDUC_ils_shadow_fix1,NICO,UDUC,ils_shadow,ZHANG_USER_ILS_ROW,2024-07-17T00:22:30,NICO,USER_WL_SD,,,,,2,-44,1 0 0 0 0 0,,
r48u_20260914_NICO_UDUC_ils_shadow_fix1,NICO,UDUC,ils_shadow,ZHANG_USER_ILS_ROW,2024-07-17T00:22:30,NICO,USER_WL_SD,,,,,3,-27,0 0 0 0 1 0,,
r48u_20260914_NICO_UDUC_ils_shadow_fix1,NICO,UDUC,ils_shadow,ZHANG_USER_ILS_ROW,2024-07-17T00:22:30,NICO,USER_L1_SD_CONDITIONAL,,,,,0,272,1  0  0 -1  1  0,,
r48u_20260914_NICO_UDUC_ils_shadow_fix1,NICO,UDUC,ils_shadow,ZHANG_USER_ILS_ROW,2024-07-17T00:23:00,NICO,USER_WL_SD,,,,,0,-48,0 1 0 0 0 0,,
r48u_20260914_NICO_UDUC_ils_shadow_fix1,NICO,UDUC,ils_shadow,ZHANG_USER_ILS_ROW,2024-07-17T00:23:00,NICO,USER_WL_SD,,,,,1,-17,0 0 0 1 0 0,,
r48u_20260914_NICO_UDUC_ils_shadow_fix1,NICO,UDUC,ils_shadow,ZHANG_USER_ILS_ROW,2024-07-17T00:23:00,NICO,USER_WL_SD,,,,,2,-44,1 0 0 0 0 0,,
r48u_20260914_NICO_UDUC_ils_shadow_fix1,NICO,UDUC,ils_shadow,ZHANG_USER_ILS_ROW,2024-07-17T00:23:00,NICO,USER_WL_SD,,,,,3,-27,0 0 0 0 1 0,,
r48u_20260914_NICO_UDUC_ils_shadow_fix1,NICO,UDUC,ils_shadow,ZHANG_USER_ILS_ROW,2024-07-17T00:23:00,NICO,USER_L1_SD_CONDITIONAL,,,,,0,272,1  0  0 -1  1  0,,
r48u_20260914_NICO_UDUC_ils_shadow_fix1,NICO,UDUC,ils_shadow,ZHANG_USER_ILS_ROW,2024-07-17T00:23:30,NICO,USER_WL_SD,,,,,0,-17,0 1 0 0 0,,
r48u_20260914_NICO_UDUC_ils_shadow_fix1,NICO,UDUC,ils_shadow,ZHANG_USER_ILS_ROW,2024-07-17T00:23:30,NICO,USER_WL_SD,,,,,1,-44,1 0 0 0 0,,
r48u_20260914_NICO_UDUC_ils_shadow_fix1,NICO,UDUC,ils_shadow,ZHANG_USER_ILS_ROW,2024-07-17T00:23:30,NICO,USER_WL_SD,,,,,2,-27,0 0 0 1 0,,
r48u_20260914_NICO_UDUC_ils_shadow_fix1,NICO,UDUC,ils_shadow,ZHANG_USER_ILS_ROW,2024-07-17T00:23:30,NICO,USER_L1_SD_CONDITIONAL,,,,,0,272,1 -1  0  1  0,,
r48u_20260914_NICO_UDUC_ils_shadow_fix1,NICO,UDUC,ils_shadow,ZHANG_USER_ILS_ROW,2024-07-17T00:24:00,NICO,USER_WL_SD,,,,,0,-17,0 1 0 0 0,,
r48u_20260914_NICO_UDUC_ils_shadow_fix1,NICO,UDUC,ils_shadow,ZHANG_USER_ILS_ROW,2024-07-17T00:24:00,NICO,USER_WL_SD,,,,,1,-44,1 0 0 0 0,,
r48u_20260914_NICO_UDUC_ils_shadow_fix1,NICO,UDUC,ils_shadow,ZHANG_USER_ILS_ROW,2024-07-17T00:24:00,NICO,USER_WL_SD,,,,,2,-27,0 0 0 1 0,,
r48u_20260914_NICO_UDUC_ils_shadow_fix1,NICO,UDUC,ils_shadow,ZHANG_USER_ILS_ROW,2024-07-17T00:24:00,NICO,USER_L1_SD_CONDITIONAL,,,,,0,272,1 -1  0  1  0,,
r48u_20260914_NICO_UDUC_ils_shadow_fix1,NICO,UDUC,ils_shadow,ZHANG_USER_ILS_ROW,2024-07-17T00:24:30,NICO,USER_WL_SD,,,,,0,-17,0 1 0 0 0,,
r48u_20260914_NICO_UDUC_ils_shadow_fix1,NICO,UDUC,ils_shadow,ZHANG_USER_ILS_ROW,2024-07-17T00:24:30,NICO,USER_WL_SD,,,,,1,-44,1 0 0 0 0,,
r48u_20260914_NICO_UDUC_ils_shadow_fix1,NICO,UDUC,ils_shadow,ZHANG_USER_ILS_ROW,2024-07-17T00:24:30,NICO,USER_WL_SD,,,,,2,-27,0 0 0 1 0,,
r48u_20260914_NICO_UDUC_ils_shadow_fix1,NICO,UDUC,ils_shadow,ZHANG_USER_ILS_ROW,2024-07-17T00:24:30,NICO,USER_L1_SD_CONDITIONAL,,,,,0,272,1 -1  0  1  0,,
r48u_20260914_NICO_UDUC_ils_shadow_fix1,NICO,UDUC,ils_shadow,ZHANG_USER_ILS_ROW,2024-07-17T00:25:00,NICO,USER_WL_SD,,,,,0,-17,0 1 0 0 0,,
r48u_20260914_NICO_UDUC_ils_shadow_fix1,NICO,UDUC,ils_shadow,ZHANG_USER_ILS_ROW,2024-07-17T00:25:00,NICO,USER_WL_SD,,,,,1,-44,1 0 0 0 0,,
r48u_20260914_NICO_UDUC_ils_shadow_fix1,NICO,UDUC,ils_shadow,ZHANG_USER_ILS_ROW,2024-07-17T00:25:00,NICO,USER_WL_SD,,,,,2,-27,0 0 0 1 0,,
r48u_20260914_NICO_UDUC_ils_shadow_fix1,NICO,UDUC,ils_shadow,ZHANG_USER_ILS_ROW,2024-07-17T00:25:00,NICO,USER_L1_SD_CONDITIONAL,,,,,0,272,1 -1  0  1  0,,
r48u_20260914_NICO_UDUC_ils_shadow_fix1,NICO,UDUC,ils_shadow,ZHANG_USER_ILS_ROW,2024-07-17T00:26:00,NICO,USER_WL_SD,,,,,0,-17,0 1 0 0,,
r48u_20260914_NICO_UDUC_ils_shadow_fix1,NICO,UDUC,ils_shadow,ZHANG_USER_ILS_ROW,2024-07-17T00:26:00,NICO,USER_WL_SD,,,,,1,-44,1 0 0 0,,
r48u_20260914_NICO_UDUC_ils_shadow_fix1,NICO,UDUC,ils_shadow,ZHANG_USER_ILS_ROW,2024-07-17T00:26:00,NICO,USER_WL_SD,,,,,2,-27,0 0 1 0,,
r48u_20260914_NICO_UDUC_ils_shadow_fix1,NICO,UDUC,ils_shadow,ZHANG_USER_ILS_ROW,2024-07-17T00:26:00,NICO,USER_L1_SD_CONDITIONAL,,,,,0,272,1 -1  1  0,,
r48u_20260914_NICO_UDUC_ils_shadow_fix1,NICO,UDUC,ils_shadow,ZHANG_USER_ILS_ROW,2024-07-17T00:26:30,NICO,USER_WL_SD,,,,,0,-17,0 1 0 0,,
r48u_20260914_NICO_UDUC_ils_shadow_fix1,NICO,UDUC,ils_shadow,ZHANG_USER_ILS_ROW,2024-07-17T00:26:30,NICO,USER_WL_SD,,,,,1,-44,1 0 0 0,,
r48u_20260914_NICO_UDUC_ils_shadow_fix1,NICO,UDUC,ils_shadow,ZHANG_USER_ILS_ROW,2024-07-17T00:26:30,NICO,USER_WL_SD,,,,,2,-27,0 0 1 0,,
r48u_20260914_NICO_UDUC_ils_shadow_fix1,NICO,UDUC,ils_shadow,ZHANG_USER_ILS_ROW,2024-07-17T00:26:30,NICO,USER_L1_SD_CONDITIONAL,,,,,0,272,1 -1  1  0,,
r48u_20260914_NICO_UDUC_ils_shadow_fix1,NICO,UDUC,ils_shadow,ZHANG_USER_ILS_ROW,2024-07-17T00:27:00,NICO,USER_WL_SD,,,,,0,-17,0 0 1 0 0 0,,
r48u_20260914_NICO_UDUC_ils_shadow_fix1,NICO,UDUC,ils_shadow,ZHANG_USER_ILS_ROW,2024-07-17T00:27:00,NICO,USER_WL_SD,,,,,1,-48,0 1 0 0 0 0,,
r48u_20260914_NICO_UDUC_ils_shadow_fix1,NICO,UDUC,ils_shadow,ZHANG_USER_ILS_ROW,2024-07-17T00:27:00,NICO,USER_WL_SD,,,,,2,-44,1 0 0 0 0 0,,
r48u_20260914_NICO_UDUC_ils_shadow_fix1,NICO,UDUC,ils_shadow,ZHANG_USER_ILS_ROW,2024-07-17T00:27:00,NICO,USER_WL_SD,,,,,3,-27,0 0 0 0 1 0,,
r48u_20260914_NICO_UDUC_ils_shadow_fix1,NICO,UDUC,ils_shadow,ZHANG_USER_ILS_ROW,2024-07-17T00:27:00,NICO,USER_L1_SD_CONDITIONAL,,,,,0,272,1  0 -1  0  1  0,,
r48u_20260914_NICO_UDUC_ils_shadow_fix1,NICO,UDUC,ils_shadow,ZHANG_USER_ILS_ROW,2024-07-17T00:27:00,NICO,USER_L1_SD_CONDITIONAL,,,,,1,78,2 -1 -1  0  1  0,,
r48u_20260914_NICO_UDUC_ils_shadow_fix1,NICO,UDUC,ils_shadow,ZHANG_USER_ILS_ROW,2024-07-17T00:27:00,NICO,USER_L1_SD_CONDITIONAL,,,,,2,-215,-3  1  2  0 -1  0,,
r48u_20260914_NICO_UDUC_ils_shadow_fix1,NICO,UDUC,ils_shadow,ZHANG_USER_ILS_ROW,2024-07-17T00:27:30,NICO,USER_WL_SD,,,,,0,-17,0 0 1 0 0 0,,
r48u_20260914_NICO_UDUC_ils_shadow_fix1,NICO,UDUC,ils_shadow,ZHANG_USER_ILS_ROW,2024-07-17T00:27:30,NICO,USER_WL_SD,,,,,1,-44,1 0 0 0 0 0,,
r48u_20260914_NICO_UDUC_ils_shadow_fix1,NICO,UDUC,ils_shadow,ZHANG_USER_ILS_ROW,2024-07-17T00:27:30,NICO,USER_WL_SD,,,,,2,-27,0 0 0 0 1 0,,
r48u_20260914_NICO_UDUC_ils_shadow_fix1,NICO,UDUC,ils_shadow,ZHANG_USER_ILS_ROW,2024-07-17T00:27:30,NICO,USER_L1_SD_CONDITIONAL,,,,,0,272,1  0 -1  0  1  0,,
r48u_20260914_NICO_UDUC_ils_shadow_fix1,NICO,UDUC,ils_shadow,ZHANG_USER_ILS_ROW,2024-07-17T00:28:00,NICO,USER_WL_SD,,,,,0,-17,0 0 1 0 0,,
r48u_20260914_NICO_UDUC_ils_shadow_fix1,NICO,UDUC,ils_shadow,ZHANG_USER_ILS_ROW,2024-07-17T00:28:00,NICO,USER_WL_SD,,,,,1,-44,1 0 0 0 0,,
r48u_20260914_NICO_UDUC_ils_shadow_fix1,NICO,UDUC,ils_shadow,ZHANG_USER_ILS_ROW,2024-07-17T00:28:00,NICO,USER_WL_SD,,,,,2,-27,0 0 0 1 0,,
r48u_20260914_NICO_UDUC_ils_shadow_fix1,NICO,UDUC,ils_shadow,ZHANG_USER_ILS_ROW,2024-07-17T00:28:30,NICO,USER_WL_SD,,,,,0,-17,0 0 1 0 0,,
r48u_20260914_NICO_UDUC_ils_shadow_fix1,NICO,UDUC,ils_shadow,ZHANG_USER_ILS_ROW,2024-07-17T00:28:30,NICO,USER_WL_SD,,,,,1,-44,1 0 0 0 0,,
r48u_20260914_NICO_UDUC_ils_shadow_fix1,NICO,UDUC,ils_shadow,ZHANG_USER_ILS_ROW,2024-07-17T00:28:30,NICO,USER_WL_SD,,,,,2,-27,0 0 0 1 0,,
r48u_20260914_NICO_UDUC_ils_shadow_fix1,NICO,UDUC,ils_shadow,ZHANG_USER_ILS_ROW,2024-07-17T00:29:00,NICO,USER_WL_SD,,,,,0,-17,0 0 1 0 0,,
r48u_20260914_NICO_UDUC_ils_shadow_fix1,NICO,UDUC,ils_shadow,ZHANG_USER_ILS_ROW,2024-07-17T00:29:00,NICO,USER_WL_SD,,,,,1,-44,1 0 0 0 0,,
r48u_20260914_NICO_UDUC_ils_shadow_fix1,NICO,UDUC,ils_shadow,ZHANG_USER_ILS_ROW,2024-07-17T00:29:00,NICO,USER_WL_SD,,,,,2,-27,0 0 0 1 0,,
r48u_20260914_NICO_UDUC_ils_shadow_fix1,NICO,UDUC,ils_shadow,ZHANG_USER_ILS_ROW,2024-07-17T00:29:30,NICO,USER_WL_SD,,,,,0,-17,0 0 1 0 0,,
r48u_20260914_NICO_UDUC_ils_shadow_fix1,NICO,UDUC,ils_shadow,ZHANG_USER_ILS_ROW,2024-07-17T00:29:30,NICO,USER_WL_SD,,,,,1,-44,1 0 0 0 0,,
r48u_20260914_NICO_UDUC_ils_shadow_fix1,NICO,UDUC,ils_shadow,ZHANG_USER_ILS_ROW,2024-07-17T00:29:30,NICO,USER_WL_SD,,,,,2,-27,0 0 0 1 0,,
r48u_20260914_NICO_UDUC_ils_shadow_fix1,NICO,UDUC,ils_shadow,ZHANG_USER_ILS_ROW,2024-07-17T00:29:30,NICO,USER_L1_SD_CONDITIONAL,,,,,0,272,1  0 -1  1  0,,
r48u_20260914_NICO_UDUC_ils_shadow_fix1,NICO,UDUC,ils_shadow,ZHANG_USER_ILS_ROW,2024-07-17T00:29:30,NICO,USER_L1_SD_CONDITIONAL,,,,,1,-137,-1  0  1  0  0,,
r48u_20260914_NICO_UDUC_ils_shadow_fix1,NICO,UDUC,ils_shadow,ZHANG_USER_ILS_ROW,2024-07-17T00:30:00,NICO,USER_WL_SD,,,,,0,-17,0 0 1 0 0,,
r48u_20260914_NICO_UDUC_ils_shadow_fix1,NICO,UDUC,ils_shadow,ZHANG_USER_ILS_ROW,2024-07-17T00:30:00,NICO,USER_WL_SD,,,,,1,-44,1 0 0 0 0,,
r48u_20260914_NICO_UDUC_ils_shadow_fix1,NICO,UDUC,ils_shadow,ZHANG_USER_ILS_ROW,2024-07-17T00:30:00,NICO,USER_WL_SD,,,,,2,-27,0 0 0 1 0,,
r48u_20260914_NICO_UDUC_ils_shadow_fix1,NICO,UDUC,ils_shadow,ZHANG_USER_ILS_ROW,2024-07-17T00:30:00,NICO,USER_L1_SD_CONDITIONAL,,,,,0,272,1  0 -1  1  0,,
r48u_20260914_NICO_UDUC_ils_shadow_fix1,NICO,UDUC,ils_shadow,ZHANG_USER_ILS_ROW,2024-07-17T00:30:00,NICO,USER_L1_SD_CONDITIONAL,,,,,1,-137,-1  0  1  0  0,,
r48u_20260914_NICO_UDUC_ils_shadow_fix1,NICO,UDUC,ils_shadow,ZHANG_USER_ILS_NAMED_RECOVERY,2024-07-17T00:10:30,NICO,USER_WL_SD,0,,,,,,,0,1
r48u_20260914_NICO_UDUC_ils_shadow_fix1,NICO,UDUC,ils_shadow,ZHANG_USER_ILS_NAMED_RECOVERY,2024-07-17T00:17:00,NICO,USER_WL_SD,2,,,,,,,2,1
r48u_20260914_NICO_UDUC_ils_shadow_fix1,NICO,UDUC,ils_shadow,ZHANG_USER_ILS_NAMED_RECOVERY,2024-07-17T00:17:00,NICO,USER_L1_SD_CONDITIONAL,0,,,,,,,0,1
r48u_20260914_NICO_UDUC_ils_shadow_fix1,NICO,UDUC,ils_shadow,ZHANG_USER_ILS_NAMED_RECOVERY,2024-07-17T00:17:30,NICO,USER_WL_SD,2,,,,,,,2,1
r48u_20260914_NICO_UDUC_ils_shadow_fix1,NICO,UDUC,ils_shadow,ZHANG_USER_ILS_NAMED_RECOVERY,2024-07-17T00:17:30,NICO,USER_L1_SD_CONDITIONAL,0,,,,,,,0,1
r48u_20260914_NICO_UDUC_ils_shadow_fix1,NICO,UDUC,ils_shadow,ZHANG_USER_ILS_NAMED_RECOVERY,2024-07-17T00:18:00,NICO,USER_WL_SD,2,,,,,,,2,1
r48u_20260914_NICO_UDUC_ils_shadow_fix1,NICO,UDUC,ils_shadow,ZHANG_USER_ILS_NAMED_RECOVERY,2024-07-17T00:18:00,NICO,USER_L1_SD_CONDITIONAL,0,,,,,,,0,1
r48u_20260914_NICO_UDUC_ils_shadow_fix1,NICO,UDUC,ils_shadow,ZHANG_USER_ILS_NAMED_RECOVERY,2024-07-17T00:18:30,NICO,USER_WL_SD,3,,,,,,,3,1
r48u_20260914_NICO_UDUC_ils_shadow_fix1,NICO,UDUC,ils_shadow,ZHANG_USER_ILS_NAMED_RECOVERY,2024-07-17T00:18:30,NICO,USER_L1_SD_CONDITIONAL,0,,,,,,,0,1
r48u_20260914_NICO_UDUC_ils_shadow_fix1,NICO,UDUC,ils_shadow,ZHANG_USER_ILS_NAMED_RECOVERY,2024-07-17T00:19:00,NICO,USER_WL_SD,3,,,,,,,3,1
r48u_20260914_NICO_UDUC_ils_shadow_fix1,NICO,UDUC,ils_shadow,ZHANG_USER_ILS_NAMED_RECOVERY,2024-07-17T00:19:00,NICO,USER_L1_SD_CONDITIONAL,0,,,,,,,0,1
r48u_20260914_NICO_UDUC_ils_shadow_fix1,NICO,UDUC,ils_shadow,ZHANG_USER_ILS_NAMED_RECOVERY,2024-07-17T00:19:30,NICO,USER_WL_SD,3,,,,,,,3,1
r48u_20260914_NICO_UDUC_ils_shadow_fix1,NICO,UDUC,ils_shadow,ZHANG_USER_ILS_NAMED_RECOVERY,2024-07-17T00:19:30,NICO,USER_L1_SD_CONDITIONAL,0,,,,,,,0,1
r48u_20260914_NICO_UDUC_ils_shadow_fix1,NICO,UDUC,ils_shadow,ZHANG_USER_ILS_NAMED_RECOVERY,2024-07-17T00:20:00,NICO,USER_WL_SD,3,,,,,,,3,1
r48u_20260914_NICO_UDUC_ils_shadow_fix1,NICO,UDUC,ils_shadow,ZHANG_USER_ILS_NAMED_RECOVERY,2024-07-17T00:20:00,NICO,USER_L1_SD_CONDITIONAL,0,,,,,,,0,1
r48u_20260914_NICO_UDUC_ils_shadow_fix1,NICO,UDUC,ils_shadow,ZHANG_USER_ILS_NAMED_RECOVERY,2024-07-17T00:20:30,NICO,USER_WL_SD,4,,,,,,,4,1
r48u_20260914_NICO_UDUC_ils_shadow_fix1,NICO,UDUC,ils_shadow,ZHANG_USER_ILS_NAMED_RECOVERY,2024-07-17T00:20:30,NICO,USER_L1_SD_CONDITIONAL,0,,,,,,,0,1
r48u_20260914_NICO_UDUC_ils_shadow_fix1,NICO,UDUC,ils_shadow,ZHANG_USER_ILS_NAMED_RECOVERY,2024-07-17T00:21:00,NICO,USER_WL_SD,3,,,,,,,3,1
r48u_20260914_NICO_UDUC_ils_shadow_fix1,NICO,UDUC,ils_shadow,ZHANG_USER_ILS_NAMED_RECOVERY,2024-07-17T00:21:00,NICO,USER_L1_SD_CONDITIONAL,0,,,,,,,0,1
r48u_20260914_NICO_UDUC_ils_shadow_fix1,NICO,UDUC,ils_shadow,ZHANG_USER_ILS_NAMED_RECOVERY,2024-07-17T00:21:30,NICO,USER_WL_SD,4,,,,,,,4,1
r48u_20260914_NICO_UDUC_ils_shadow_fix1,NICO,UDUC,ils_shadow,ZHANG_USER_ILS_NAMED_RECOVERY,2024-07-17T00:21:30,NICO,USER_L1_SD_CONDITIONAL,0,,,,,,,0,1
r48u_20260914_NICO_UDUC_ils_shadow_fix1,NICO,UDUC,ils_shadow,ZHANG_USER_ILS_NAMED_RECOVERY,2024-07-17T00:22:00,NICO,USER_WL_SD,4,,,,,,,4,1
r48u_20260914_NICO_UDUC_ils_shadow_fix1,NICO,UDUC,ils_shadow,ZHANG_USER_ILS_NAMED_RECOVERY,2024-07-17T00:22:00,NICO,USER_L1_SD_CONDITIONAL,1,,,,,,,0,1
r48u_20260914_NICO_UDUC_ils_shadow_fix1,NICO,UDUC,ils_shadow,ZHANG_USER_ILS_NAMED_RECOVERY,2024-07-17T00:22:30,NICO,USER_WL_SD,4,,,,,,,4,1
r48u_20260914_NICO_UDUC_ils_shadow_fix1,NICO,UDUC,ils_shadow,ZHANG_USER_ILS_NAMED_RECOVERY,2024-07-17T00:22:30,NICO,USER_L1_SD_CONDITIONAL,1,,,,,,,0,1
r48u_20260914_NICO_UDUC_ils_shadow_fix1,NICO,UDUC,ils_shadow,ZHANG_USER_ILS_NAMED_RECOVERY,2024-07-17T00:23:00,NICO,USER_WL_SD,4,,,,,,,4,1
r48u_20260914_NICO_UDUC_ils_shadow_fix1,NICO,UDUC,ils_shadow,ZHANG_USER_ILS_NAMED_RECOVERY,2024-07-17T00:23:00,NICO,USER_L1_SD_CONDITIONAL,1,,,,,,,0,1
r48u_20260914_NICO_UDUC_ils_shadow_fix1,NICO,UDUC,ils_shadow,ZHANG_USER_ILS_NAMED_RECOVERY,2024-07-17T00:23:30,NICO,USER_WL_SD,3,,,,,,,3,1
r48u_20260914_NICO_UDUC_ils_shadow_fix1,NICO,UDUC,ils_shadow,ZHANG_USER_ILS_NAMED_RECOVERY,2024-07-17T00:23:30,NICO,USER_L1_SD_CONDITIONAL,1,,,,,,,0,1
r48u_20260914_NICO_UDUC_ils_shadow_fix1,NICO,UDUC,ils_shadow,ZHANG_USER_ILS_NAMED_RECOVERY,2024-07-17T00:24:00,NICO,USER_WL_SD,3,,,,,,,3,1
r48u_20260914_NICO_UDUC_ils_shadow_fix1,NICO,UDUC,ils_shadow,ZHANG_USER_ILS_NAMED_RECOVERY,2024-07-17T00:24:00,NICO,USER_L1_SD_CONDITIONAL,1,,,,,,,0,1
r48u_20260914_NICO_UDUC_ils_shadow_fix1,NICO,UDUC,ils_shadow,ZHANG_USER_ILS_NAMED_RECOVERY,2024-07-17T00:24:30,NICO,USER_WL_SD,3,,,,,,,3,1
r48u_20260914_NICO_UDUC_ils_shadow_fix1,NICO,UDUC,ils_shadow,ZHANG_USER_ILS_NAMED_RECOVERY,2024-07-17T00:24:30,NICO,USER_L1_SD_CONDITIONAL,1,,,,,,,0,1
r48u_20260914_NICO_UDUC_ils_shadow_fix1,NICO,UDUC,ils_shadow,ZHANG_USER_ILS_NAMED_RECOVERY,2024-07-17T00:25:00,NICO,USER_WL_SD,3,,,,,,,3,1
r48u_20260914_NICO_UDUC_ils_shadow_fix1,NICO,UDUC,ils_shadow,ZHANG_USER_ILS_NAMED_RECOVERY,2024-07-17T00:25:00,NICO,USER_L1_SD_CONDITIONAL,1,,,,,,,0,1
r48u_20260914_NICO_UDUC_ils_shadow_fix1,NICO,UDUC,ils_shadow,ZHANG_USER_ILS_NAMED_RECOVERY,2024-07-17T00:26:00,NICO,USER_WL_SD,3,,,,,,,3,1
r48u_20260914_NICO_UDUC_ils_shadow_fix1,NICO,UDUC,ils_shadow,ZHANG_USER_ILS_NAMED_RECOVERY,2024-07-17T00:26:00,NICO,USER_L1_SD_CONDITIONAL,1,,,,,,,0,1
r48u_20260914_NICO_UDUC_ils_shadow_fix1,NICO,UDUC,ils_shadow,ZHANG_USER_ILS_NAMED_RECOVERY,2024-07-17T00:26:30,NICO,USER_WL_SD,3,,,,,,,3,1
r48u_20260914_NICO_UDUC_ils_shadow_fix1,NICO,UDUC,ils_shadow,ZHANG_USER_ILS_NAMED_RECOVERY,2024-07-17T00:26:30,NICO,USER_L1_SD_CONDITIONAL,1,,,,,,,0,1
r48u_20260914_NICO_UDUC_ils_shadow_fix1,NICO,UDUC,ils_shadow,ZHANG_USER_ILS_NAMED_RECOVERY,2024-07-17T00:27:00,NICO,USER_WL_SD,4,,,,,,,4,1
r48u_20260914_NICO_UDUC_ils_shadow_fix1,NICO,UDUC,ils_shadow,ZHANG_USER_ILS_NAMED_RECOVERY,2024-07-17T00:27:00,NICO,USER_L1_SD_CONDITIONAL,3,,,,,,,1,1
r48u_20260914_NICO_UDUC_ils_shadow_fix1,NICO,UDUC,ils_shadow,ZHANG_USER_ILS_NAMED_RECOVERY,2024-07-17T00:27:30,NICO,USER_WL_SD,3,,,,,,,3,1
r48u_20260914_NICO_UDUC_ils_shadow_fix1,NICO,UDUC,ils_shadow,ZHANG_USER_ILS_NAMED_RECOVERY,2024-07-17T00:27:30,NICO,USER_L1_SD_CONDITIONAL,1,,,,,,,0,1
r48u_20260914_NICO_UDUC_ils_shadow_fix1,NICO,UDUC,ils_shadow,ZHANG_USER_ILS_NAMED_RECOVERY,2024-07-17T00:28:00,NICO,USER_WL_SD,3,,,,,,,3,1
r48u_20260914_NICO_UDUC_ils_shadow_fix1,NICO,UDUC,ils_shadow,ZHANG_USER_ILS_NAMED_RECOVERY,2024-07-17T00:28:00,NICO,USER_L1_SD_CONDITIONAL,0,,,,,,,0,1
r48u_20260914_NICO_UDUC_ils_shadow_fix1,NICO,UDUC,ils_shadow,ZHANG_USER_ILS_NAMED_RECOVERY,2024-07-17T00:28:30,NICO,USER_WL_SD,3,,,,,,,3,1
r48u_20260914_NICO_UDUC_ils_shadow_fix1,NICO,UDUC,ils_shadow,ZHANG_USER_ILS_NAMED_RECOVERY,2024-07-17T00:28:30,NICO,USER_L1_SD_CONDITIONAL,0,,,,,,,0,1
r48u_20260914_NICO_UDUC_ils_shadow_fix1,NICO,UDUC,ils_shadow,ZHANG_USER_ILS_NAMED_RECOVERY,2024-07-17T00:29:00,NICO,USER_WL_SD,3,,,,,,,3,1
r48u_20260914_NICO_UDUC_ils_shadow_fix1,NICO,UDUC,ils_shadow,ZHANG_USER_ILS_NAMED_RECOVERY,2024-07-17T00:29:00,NICO,USER_L1_SD_CONDITIONAL,0,,,,,,,0,1
r48u_20260914_NICO_UDUC_ils_shadow_fix1,NICO,UDUC,ils_shadow,ZHANG_USER_ILS_NAMED_RECOVERY,2024-07-17T00:29:30,NICO,USER_WL_SD,3,,,,,,,3,1
r48u_20260914_NICO_UDUC_ils_shadow_fix1,NICO,UDUC,ils_shadow,ZHANG_USER_ILS_NAMED_RECOVERY,2024-07-17T00:29:30,NICO,USER_L1_SD_CONDITIONAL,2,,,,,,,1,1
r48u_20260914_NICO_UDUC_ils_shadow_fix1,NICO,UDUC,ils_shadow,ZHANG_USER_ILS_NAMED_RECOVERY,2024-07-17T00:30:00,NICO,USER_WL_SD,3,,,,,,,3,1
r48u_20260914_NICO_UDUC_ils_shadow_fix1,NICO,UDUC,ils_shadow,ZHANG_USER_ILS_NAMED_RECOVERY,2024-07-17T00:30:00,NICO,USER_L1_SD_CONDITIONAL,2,,,,,,,1,1
r48u_20260914_NICO_UDUC_ils_feedback_fix1,NICO,UDUC,ils_feedback,ZHANG_USER_ILS_RELATIONS,2024-07-17T00:10:30,NICO,USER_WL_SD,0,5,1,0,,,,,
r48u_20260914_NICO_UDUC_ils_feedback_fix1,NICO,UDUC,ils_feedback,ZHANG_USER_ILS_RELATIONS,2024-07-17T00:17:00,NICO,USER_WL_SD,2,4,1,0,,,,,
r48u_20260914_NICO_UDUC_ils_feedback_fix1,NICO,UDUC,ils_feedback,ZHANG_USER_ILS_RELATIONS,2024-07-17T00:17:00,NICO,USER_L1_SD_CONDITIONAL,0,4,1,0,,,,,
r48u_20260914_NICO_UDUC_ils_feedback_fix1,NICO,UDUC,ils_feedback,ZHANG_USER_ILS_RELATIONS,2024-07-17T00:17:30,NICO,USER_WL_SD,0,4,1,0,,,,,
r48u_20260914_NICO_UDUC_ils_feedback_fix1,NICO,UDUC,ils_feedback,ZHANG_USER_ILS_RELATIONS,2024-07-17T00:17:30,NICO,USER_L1_SD_CONDITIONAL,0,4,1,0,,,,,
r48u_20260914_NICO_UDUC_ils_feedback_fix1,NICO,UDUC,ils_feedback,ZHANG_USER_ILS_RELATIONS,2024-07-17T00:18:00,NICO,USER_WL_SD,0,4,1,0,,,,,
r48u_20260914_NICO_UDUC_ils_feedback_fix1,NICO,UDUC,ils_feedback,ZHANG_USER_ILS_RELATIONS,2024-07-17T00:18:00,NICO,USER_L1_SD_CONDITIONAL,0,4,1,0,,,,,
r48u_20260914_NICO_UDUC_ils_feedback_fix1,NICO,UDUC,ils_feedback,ZHANG_USER_ILS_RELATIONS,2024-07-17T00:18:30,NICO,USER_WL_SD,0,4,1,0,,,,,
r48u_20260914_NICO_UDUC_ils_feedback_fix1,NICO,UDUC,ils_feedback,ZHANG_USER_ILS_RELATIONS,2024-07-17T00:18:30,NICO,USER_L1_SD_CONDITIONAL,0,4,1,0,,,,,
r48u_20260914_NICO_UDUC_ils_feedback_fix1,NICO,UDUC,ils_feedback,ZHANG_USER_ILS_RELATIONS,2024-07-17T00:19:00,NICO,USER_WL_SD,0,5,1,0,,,,,
r48u_20260914_NICO_UDUC_ils_feedback_fix1,NICO,UDUC,ils_feedback,ZHANG_USER_ILS_RELATIONS,2024-07-17T00:19:00,NICO,USER_L1_SD_CONDITIONAL,0,5,1,0,,,,,
r48u_20260914_NICO_UDUC_ils_feedback_fix1,NICO,UDUC,ils_feedback,ZHANG_USER_ILS_RELATIONS,2024-07-17T00:19:30,NICO,USER_WL_SD,0,5,1,0,,,,,
r48u_20260914_NICO_UDUC_ils_feedback_fix1,NICO,UDUC,ils_feedback,ZHANG_USER_ILS_RELATIONS,2024-07-17T00:19:30,NICO,USER_L1_SD_CONDITIONAL,0,5,1,0,,,,,
r48u_20260914_NICO_UDUC_ils_feedback_fix1,NICO,UDUC,ils_feedback,ZHANG_USER_ILS_RELATIONS,2024-07-17T00:20:00,NICO,USER_WL_SD,1,4,1,0,,,,,
r48u_20260914_NICO_UDUC_ils_feedback_fix1,NICO,UDUC,ils_feedback,ZHANG_USER_ILS_RELATIONS,2024-07-17T00:20:00,NICO,USER_L1_SD_CONDITIONAL,0,4,1,0,,,,,
r48u_20260914_NICO_UDUC_ils_feedback_fix1,NICO,UDUC,ils_feedback,ZHANG_USER_ILS_RELATIONS,2024-07-17T00:20:30,NICO,USER_WL_SD,1,7,1,0,,,,,
r48u_20260914_NICO_UDUC_ils_feedback_fix1,NICO,UDUC,ils_feedback,ZHANG_USER_ILS_RELATIONS,2024-07-17T00:20:30,NICO,USER_L1_SD_CONDITIONAL,0,7,1,0,,,,,
r48u_20260914_NICO_UDUC_ils_feedback_fix1,NICO,UDUC,ils_feedback,ZHANG_USER_ILS_RELATIONS,2024-07-17T00:21:00,NICO,USER_WL_SD,0,4,1,0,,,,,
r48u_20260914_NICO_UDUC_ils_feedback_fix1,NICO,UDUC,ils_feedback,ZHANG_USER_ILS_RELATIONS,2024-07-17T00:21:00,NICO,USER_L1_SD_CONDITIONAL,0,4,1,0,,,,,
r48u_20260914_NICO_UDUC_ils_feedback_fix1,NICO,UDUC,ils_feedback,ZHANG_USER_ILS_RELATIONS,2024-07-17T00:21:30,NICO,USER_WL_SD,0,5,1,0,,,,,
r48u_20260914_NICO_UDUC_ils_feedback_fix1,NICO,UDUC,ils_feedback,ZHANG_USER_ILS_RELATIONS,2024-07-17T00:21:30,NICO,USER_L1_SD_CONDITIONAL,0,5,1,0,,,,,
r48u_20260914_NICO_UDUC_ils_feedback_fix1,NICO,UDUC,ils_feedback,ZHANG_USER_ILS_RELATIONS,2024-07-17T00:22:00,NICO,USER_WL_SD,0,6,1,0,,,,,
r48u_20260914_NICO_UDUC_ils_feedback_fix1,NICO,UDUC,ils_feedback,ZHANG_USER_ILS_RELATIONS,2024-07-17T00:22:00,NICO,USER_L1_SD_CONDITIONAL,1,6,1,0,,,,,
r48u_20260914_NICO_UDUC_ils_feedback_fix1,NICO,UDUC,ils_feedback,ZHANG_USER_ILS_RELATIONS,2024-07-17T00:22:30,NICO,USER_WL_SD,0,6,1,0,,,,,
r48u_20260914_NICO_UDUC_ils_feedback_fix1,NICO,UDUC,ils_feedback,ZHANG_USER_ILS_RELATIONS,2024-07-17T00:22:30,NICO,USER_L1_SD_CONDITIONAL,1,6,1,0,,,,,
r48u_20260914_NICO_UDUC_ils_feedback_fix1,NICO,UDUC,ils_feedback,ZHANG_USER_ILS_RELATIONS,2024-07-17T00:23:00,NICO,USER_WL_SD,0,6,1,0,,,,,
r48u_20260914_NICO_UDUC_ils_feedback_fix1,NICO,UDUC,ils_feedback,ZHANG_USER_ILS_RELATIONS,2024-07-17T00:23:00,NICO,USER_L1_SD_CONDITIONAL,1,6,1,0,,,,,
r48u_20260914_NICO_UDUC_ils_feedback_fix1,NICO,UDUC,ils_feedback,ZHANG_USER_ILS_RELATIONS,2024-07-17T00:23:30,NICO,USER_WL_SD,0,5,1,0,,,,,
r48u_20260914_NICO_UDUC_ils_feedback_fix1,NICO,UDUC,ils_feedback,ZHANG_USER_ILS_RELATIONS,2024-07-17T00:23:30,NICO,USER_L1_SD_CONDITIONAL,1,5,1,0,,,,,
r48u_20260914_NICO_UDUC_ils_feedback_fix1,NICO,UDUC,ils_feedback,ZHANG_USER_ILS_RELATIONS,2024-07-17T00:24:00,NICO,USER_WL_SD,0,5,1,0,,,,,
r48u_20260914_NICO_UDUC_ils_feedback_fix1,NICO,UDUC,ils_feedback,ZHANG_USER_ILS_RELATIONS,2024-07-17T00:24:00,NICO,USER_L1_SD_CONDITIONAL,1,5,1,0,,,,,
r48u_20260914_NICO_UDUC_ils_feedback_fix1,NICO,UDUC,ils_feedback,ZHANG_USER_ILS_RELATIONS,2024-07-17T00:24:30,NICO,USER_WL_SD,0,5,1,0,,,,,
r48u_20260914_NICO_UDUC_ils_feedback_fix1,NICO,UDUC,ils_feedback,ZHANG_USER_ILS_RELATIONS,2024-07-17T00:24:30,NICO,USER_L1_SD_CONDITIONAL,1,5,1,0,,,,,
r48u_20260914_NICO_UDUC_ils_feedback_fix1,NICO,UDUC,ils_feedback,ZHANG_USER_ILS_RELATIONS,2024-07-17T00:25:00,NICO,USER_WL_SD,0,5,1,0,,,,,
r48u_20260914_NICO_UDUC_ils_feedback_fix1,NICO,UDUC,ils_feedback,ZHANG_USER_ILS_RELATIONS,2024-07-17T00:25:00,NICO,USER_L1_SD_CONDITIONAL,1,5,1,0,,,,,
r48u_20260914_NICO_UDUC_ils_feedback_fix1,NICO,UDUC,ils_feedback,ZHANG_USER_ILS_RELATIONS,2024-07-17T00:26:00,NICO,USER_WL_SD,0,4,1,0,,,,,
r48u_20260914_NICO_UDUC_ils_feedback_fix1,NICO,UDUC,ils_feedback,ZHANG_USER_ILS_RELATIONS,2024-07-17T00:26:00,NICO,USER_L1_SD_CONDITIONAL,1,4,1,0,,,,,
r48u_20260914_NICO_UDUC_ils_feedback_fix1,NICO,UDUC,ils_feedback,ZHANG_USER_ILS_RELATIONS,2024-07-17T00:26:30,NICO,USER_WL_SD,0,4,1,0,,,,,
r48u_20260914_NICO_UDUC_ils_feedback_fix1,NICO,UDUC,ils_feedback,ZHANG_USER_ILS_RELATIONS,2024-07-17T00:26:30,NICO,USER_L1_SD_CONDITIONAL,1,4,1,0,,,,,
r48u_20260914_NICO_UDUC_ils_feedback_fix1,NICO,UDUC,ils_feedback,ZHANG_USER_ILS_RELATIONS,2024-07-17T00:27:00,NICO,USER_WL_SD,0,6,1,0,,,,,
r48u_20260914_NICO_UDUC_ils_feedback_fix1,NICO,UDUC,ils_feedback,ZHANG_USER_ILS_RELATIONS,2024-07-17T00:27:00,NICO,USER_L1_SD_CONDITIONAL,3,6,1,0,,,,,
r48u_20260914_NICO_UDUC_ils_feedback_fix1,NICO,UDUC,ils_feedback,ZHANG_USER_ILS_RELATIONS,2024-07-17T00:27:30,NICO,USER_WL_SD,0,6,1,0,,,,,
r48u_20260914_NICO_UDUC_ils_feedback_fix1,NICO,UDUC,ils_feedback,ZHANG_USER_ILS_RELATIONS,2024-07-17T00:28:00,NICO,USER_WL_SD,0,5,1,0,,,,,
r48u_20260914_NICO_UDUC_ils_feedback_fix1,NICO,UDUC,ils_feedback,ZHANG_USER_ILS_RELATIONS,2024-07-17T00:28:30,NICO,USER_WL_SD,0,5,1,0,,,,,
r48u_20260914_NICO_UDUC_ils_feedback_fix1,NICO,UDUC,ils_feedback,ZHANG_USER_ILS_RELATIONS,2024-07-17T00:29:00,NICO,USER_WL_SD,0,5,1,0,,,,,
r48u_20260914_NICO_UDUC_ils_feedback_fix1,NICO,UDUC,ils_feedback,ZHANG_USER_ILS_RELATIONS,2024-07-17T00:29:30,NICO,USER_WL_SD,0,5,1,0,,,,,
r48u_20260914_NICO_UDUC_ils_feedback_fix1,NICO,UDUC,ils_feedback,ZHANG_USER_ILS_RELATIONS,2024-07-17T00:30:00,NICO,USER_WL_SD,0,5,1,0,,,,,
r48u_20260914_NICO_UDUC_ils_feedback_fix1,NICO,UDUC,ils_feedback,ZHANG_USER_ILS_ROW,2024-07-17T00:17:00,NICO,USER_WL_SD,,,,,0,-17,0 1 0 0,,
r48u_20260914_NICO_UDUC_ils_feedback_fix1,NICO,UDUC,ils_feedback,ZHANG_USER_ILS_ROW,2024-07-17T00:17:00,NICO,USER_WL_SD,,,,,1,-44,1 0 0 0,,
r48u_20260914_NICO_UDUC_ils_feedback_fix1,NICO,UDUC,ils_feedback,ZHANG_USER_ILS_ROW,2024-07-17T00:20:00,NICO,USER_WL_SD,,,,,0,-27,0 0 1 0,,
r48u_20260914_NICO_UDUC_ils_feedback_fix1,NICO,UDUC,ils_feedback,ZHANG_USER_ILS_ROW,2024-07-17T00:20:30,NICO,USER_WL_SD,,,,,0,-48,0 1 0 0 0 0 0,,
r48u_20260914_NICO_UDUC_ils_feedback_fix1,NICO,UDUC,ils_feedback,ZHANG_USER_ILS_ROW,2024-07-17T00:22:00,NICO,USER_L1_SD_CONDITIONAL,,,,,0,272,1  0  0 -1  1  0,,
r48u_20260914_NICO_UDUC_ils_feedback_fix1,NICO,UDUC,ils_feedback,ZHANG_USER_ILS_ROW,2024-07-17T00:22:30,NICO,USER_L1_SD_CONDITIONAL,,,,,0,272,1  0  0 -1  1  0,,
r48u_20260914_NICO_UDUC_ils_feedback_fix1,NICO,UDUC,ils_feedback,ZHANG_USER_ILS_ROW,2024-07-17T00:23:00,NICO,USER_L1_SD_CONDITIONAL,,,,,0,272,1  0  0 -1  1  0,,
r48u_20260914_NICO_UDUC_ils_feedback_fix1,NICO,UDUC,ils_feedback,ZHANG_USER_ILS_ROW,2024-07-17T00:23:30,NICO,USER_L1_SD_CONDITIONAL,,,,,0,272,1 -1  0  1  0,,
r48u_20260914_NICO_UDUC_ils_feedback_fix1,NICO,UDUC,ils_feedback,ZHANG_USER_ILS_ROW,2024-07-17T00:24:00,NICO,USER_L1_SD_CONDITIONAL,,,,,0,272,1 -1  0  1  0,,
r48u_20260914_NICO_UDUC_ils_feedback_fix1,NICO,UDUC,ils_feedback,ZHANG_USER_ILS_ROW,2024-07-17T00:24:30,NICO,USER_L1_SD_CONDITIONAL,,,,,0,272,1 -1  0  1  0,,
r48u_20260914_NICO_UDUC_ils_feedback_fix1,NICO,UDUC,ils_feedback,ZHANG_USER_ILS_ROW,2024-07-17T00:25:00,NICO,USER_L1_SD_CONDITIONAL,,,,,0,272,1 -1  0  1  0,,
r48u_20260914_NICO_UDUC_ils_feedback_fix1,NICO,UDUC,ils_feedback,ZHANG_USER_ILS_ROW,2024-07-17T00:26:00,NICO,USER_L1_SD_CONDITIONAL,,,,,0,272,1 -1  1  0,,
r48u_20260914_NICO_UDUC_ils_feedback_fix1,NICO,UDUC,ils_feedback,ZHANG_USER_ILS_ROW,2024-07-17T00:26:30,NICO,USER_L1_SD_CONDITIONAL,,,,,0,272,1 -1  1  0,,
r48u_20260914_NICO_UDUC_ils_feedback_fix1,NICO,UDUC,ils_feedback,ZHANG_USER_ILS_ROW,2024-07-17T00:27:00,NICO,USER_L1_SD_CONDITIONAL,,,,,0,272,1  0 -1  0  1  0,,
r48u_20260914_NICO_UDUC_ils_feedback_fix1,NICO,UDUC,ils_feedback,ZHANG_USER_ILS_ROW,2024-07-17T00:27:00,NICO,USER_L1_SD_CONDITIONAL,,,,,1,78,2 -1 -1  0  1  0,,
r48u_20260914_NICO_UDUC_ils_feedback_fix1,NICO,UDUC,ils_feedback,ZHANG_USER_ILS_ROW,2024-07-17T00:27:00,NICO,USER_L1_SD_CONDITIONAL,,,,,2,-215,-3  1  2  0 -1  0,,
r48u_20260914_NICO_UDUC_ils_feedback_fix1,NICO,UDUC,ils_feedback,ZHANG_USER_ILS_NAMED_RECOVERY,2024-07-17T00:10:30,NICO,USER_WL_SD,0,,,,,,,0,1
r48u_20260914_NICO_UDUC_ils_feedback_fix1,NICO,UDUC,ils_feedback,ZHANG_USER_ILS_NAMED_RECOVERY,2024-07-17T00:17:00,NICO,USER_WL_SD,2,,,,,,,2,1
r48u_20260914_NICO_UDUC_ils_feedback_fix1,NICO,UDUC,ils_feedback,ZHANG_USER_ILS_NAMED_RECOVERY,2024-07-17T00:17:00,NICO,USER_L1_SD_CONDITIONAL,0,,,,,,,0,1
r48u_20260914_NICO_UDUC_ils_feedback_fix1,NICO,UDUC,ils_feedback,ZHANG_USER_ILS_NAMED_RECOVERY,2024-07-17T00:17:30,NICO,USER_WL_SD,0,,,,,,,0,1
r48u_20260914_NICO_UDUC_ils_feedback_fix1,NICO,UDUC,ils_feedback,ZHANG_USER_ILS_NAMED_RECOVERY,2024-07-17T00:17:30,NICO,USER_L1_SD_CONDITIONAL,0,,,,,,,0,1
r48u_20260914_NICO_UDUC_ils_feedback_fix1,NICO,UDUC,ils_feedback,ZHANG_USER_ILS_NAMED_RECOVERY,2024-07-17T00:18:00,NICO,USER_WL_SD,0,,,,,,,0,1
r48u_20260914_NICO_UDUC_ils_feedback_fix1,NICO,UDUC,ils_feedback,ZHANG_USER_ILS_NAMED_RECOVERY,2024-07-17T00:18:00,NICO,USER_L1_SD_CONDITIONAL,0,,,,,,,0,1
r48u_20260914_NICO_UDUC_ils_feedback_fix1,NICO,UDUC,ils_feedback,ZHANG_USER_ILS_NAMED_RECOVERY,2024-07-17T00:18:30,NICO,USER_WL_SD,0,,,,,,,0,1
r48u_20260914_NICO_UDUC_ils_feedback_fix1,NICO,UDUC,ils_feedback,ZHANG_USER_ILS_NAMED_RECOVERY,2024-07-17T00:18:30,NICO,USER_L1_SD_CONDITIONAL,0,,,,,,,0,1
r48u_20260914_NICO_UDUC_ils_feedback_fix1,NICO,UDUC,ils_feedback,ZHANG_USER_ILS_NAMED_RECOVERY,2024-07-17T00:19:00,NICO,USER_WL_SD,0,,,,,,,0,1
r48u_20260914_NICO_UDUC_ils_feedback_fix1,NICO,UDUC,ils_feedback,ZHANG_USER_ILS_NAMED_RECOVERY,2024-07-17T00:19:00,NICO,USER_L1_SD_CONDITIONAL,0,,,,,,,0,1
r48u_20260914_NICO_UDUC_ils_feedback_fix1,NICO,UDUC,ils_feedback,ZHANG_USER_ILS_NAMED_RECOVERY,2024-07-17T00:19:30,NICO,USER_WL_SD,0,,,,,,,0,1
r48u_20260914_NICO_UDUC_ils_feedback_fix1,NICO,UDUC,ils_feedback,ZHANG_USER_ILS_NAMED_RECOVERY,2024-07-17T00:19:30,NICO,USER_L1_SD_CONDITIONAL,0,,,,,,,0,1
r48u_20260914_NICO_UDUC_ils_feedback_fix1,NICO,UDUC,ils_feedback,ZHANG_USER_ILS_NAMED_RECOVERY,2024-07-17T00:20:00,NICO,USER_WL_SD,1,,,,,,,1,1
r48u_20260914_NICO_UDUC_ils_feedback_fix1,NICO,UDUC,ils_feedback,ZHANG_USER_ILS_NAMED_RECOVERY,2024-07-17T00:20:00,NICO,USER_L1_SD_CONDITIONAL,0,,,,,,,0,1
r48u_20260914_NICO_UDUC_ils_feedback_fix1,NICO,UDUC,ils_feedback,ZHANG_USER_ILS_NAMED_RECOVERY,2024-07-17T00:20:30,NICO,USER_WL_SD,1,,,,,,,1,1
r48u_20260914_NICO_UDUC_ils_feedback_fix1,NICO,UDUC,ils_feedback,ZHANG_USER_ILS_NAMED_RECOVERY,2024-07-17T00:20:30,NICO,USER_L1_SD_CONDITIONAL,0,,,,,,,0,1
r48u_20260914_NICO_UDUC_ils_feedback_fix1,NICO,UDUC,ils_feedback,ZHANG_USER_ILS_NAMED_RECOVERY,2024-07-17T00:21:00,NICO,USER_WL_SD,0,,,,,,,0,1
r48u_20260914_NICO_UDUC_ils_feedback_fix1,NICO,UDUC,ils_feedback,ZHANG_USER_ILS_NAMED_RECOVERY,2024-07-17T00:21:00,NICO,USER_L1_SD_CONDITIONAL,0,,,,,,,0,1
r48u_20260914_NICO_UDUC_ils_feedback_fix1,NICO,UDUC,ils_feedback,ZHANG_USER_ILS_NAMED_RECOVERY,2024-07-17T00:21:30,NICO,USER_WL_SD,0,,,,,,,0,1
r48u_20260914_NICO_UDUC_ils_feedback_fix1,NICO,UDUC,ils_feedback,ZHANG_USER_ILS_NAMED_RECOVERY,2024-07-17T00:21:30,NICO,USER_L1_SD_CONDITIONAL,0,,,,,,,0,1
r48u_20260914_NICO_UDUC_ils_feedback_fix1,NICO,UDUC,ils_feedback,ZHANG_USER_ILS_NAMED_RECOVERY,2024-07-17T00:22:00,NICO,USER_WL_SD,0,,,,,,,0,1
r48u_20260914_NICO_UDUC_ils_feedback_fix1,NICO,UDUC,ils_feedback,ZHANG_USER_ILS_NAMED_RECOVERY,2024-07-17T00:22:00,NICO,USER_L1_SD_CONDITIONAL,1,,,,,,,0,1
r48u_20260914_NICO_UDUC_ils_feedback_fix1,NICO,UDUC,ils_feedback,ZHANG_USER_ILS_NAMED_RECOVERY,2024-07-17T00:22:30,NICO,USER_WL_SD,0,,,,,,,0,1
r48u_20260914_NICO_UDUC_ils_feedback_fix1,NICO,UDUC,ils_feedback,ZHANG_USER_ILS_NAMED_RECOVERY,2024-07-17T00:22:30,NICO,USER_L1_SD_CONDITIONAL,1,,,,,,,0,1
r48u_20260914_NICO_UDUC_ils_feedback_fix1,NICO,UDUC,ils_feedback,ZHANG_USER_ILS_NAMED_RECOVERY,2024-07-17T00:23:00,NICO,USER_WL_SD,0,,,,,,,0,1
r48u_20260914_NICO_UDUC_ils_feedback_fix1,NICO,UDUC,ils_feedback,ZHANG_USER_ILS_NAMED_RECOVERY,2024-07-17T00:23:00,NICO,USER_L1_SD_CONDITIONAL,1,,,,,,,0,1
r48u_20260914_NICO_UDUC_ils_feedback_fix1,NICO,UDUC,ils_feedback,ZHANG_USER_ILS_NAMED_RECOVERY,2024-07-17T00:23:30,NICO,USER_WL_SD,0,,,,,,,0,1
r48u_20260914_NICO_UDUC_ils_feedback_fix1,NICO,UDUC,ils_feedback,ZHANG_USER_ILS_NAMED_RECOVERY,2024-07-17T00:23:30,NICO,USER_L1_SD_CONDITIONAL,1,,,,,,,0,1
r48u_20260914_NICO_UDUC_ils_feedback_fix1,NICO,UDUC,ils_feedback,ZHANG_USER_ILS_NAMED_RECOVERY,2024-07-17T00:24:00,NICO,USER_WL_SD,0,,,,,,,0,1
r48u_20260914_NICO_UDUC_ils_feedback_fix1,NICO,UDUC,ils_feedback,ZHANG_USER_ILS_NAMED_RECOVERY,2024-07-17T00:24:00,NICO,USER_L1_SD_CONDITIONAL,1,,,,,,,0,1
r48u_20260914_NICO_UDUC_ils_feedback_fix1,NICO,UDUC,ils_feedback,ZHANG_USER_ILS_NAMED_RECOVERY,2024-07-17T00:24:30,NICO,USER_WL_SD,0,,,,,,,0,1
r48u_20260914_NICO_UDUC_ils_feedback_fix1,NICO,UDUC,ils_feedback,ZHANG_USER_ILS_NAMED_RECOVERY,2024-07-17T00:24:30,NICO,USER_L1_SD_CONDITIONAL,1,,,,,,,0,1
r48u_20260914_NICO_UDUC_ils_feedback_fix1,NICO,UDUC,ils_feedback,ZHANG_USER_ILS_NAMED_RECOVERY,2024-07-17T00:25:00,NICO,USER_WL_SD,0,,,,,,,0,1
r48u_20260914_NICO_UDUC_ils_feedback_fix1,NICO,UDUC,ils_feedback,ZHANG_USER_ILS_NAMED_RECOVERY,2024-07-17T00:25:00,NICO,USER_L1_SD_CONDITIONAL,1,,,,,,,0,1
r48u_20260914_NICO_UDUC_ils_feedback_fix1,NICO,UDUC,ils_feedback,ZHANG_USER_ILS_NAMED_RECOVERY,2024-07-17T00:26:00,NICO,USER_WL_SD,0,,,,,,,0,1
r48u_20260914_NICO_UDUC_ils_feedback_fix1,NICO,UDUC,ils_feedback,ZHANG_USER_ILS_NAMED_RECOVERY,2024-07-17T00:26:00,NICO,USER_L1_SD_CONDITIONAL,1,,,,,,,0,1
r48u_20260914_NICO_UDUC_ils_feedback_fix1,NICO,UDUC,ils_feedback,ZHANG_USER_ILS_NAMED_RECOVERY,2024-07-17T00:26:30,NICO,USER_WL_SD,0,,,,,,,0,1
r48u_20260914_NICO_UDUC_ils_feedback_fix1,NICO,UDUC,ils_feedback,ZHANG_USER_ILS_NAMED_RECOVERY,2024-07-17T00:26:30,NICO,USER_L1_SD_CONDITIONAL,1,,,,,,,0,1
r48u_20260914_NICO_UDUC_ils_feedback_fix1,NICO,UDUC,ils_feedback,ZHANG_USER_ILS_NAMED_RECOVERY,2024-07-17T00:27:00,NICO,USER_WL_SD,0,,,,,,,0,1
r48u_20260914_NICO_UDUC_ils_feedback_fix1,NICO,UDUC,ils_feedback,ZHANG_USER_ILS_NAMED_RECOVERY,2024-07-17T00:27:00,NICO,USER_L1_SD_CONDITIONAL,3,,,,,,,1,1
r48u_20260914_NICO_UDUC_ils_feedback_fix1,NICO,UDUC,ils_feedback,ZHANG_USER_ILS_NAMED_RECOVERY,2024-07-17T00:27:30,NICO,USER_WL_SD,0,,,,,,,0,1
r48u_20260914_NICO_UDUC_ils_feedback_fix1,NICO,UDUC,ils_feedback,ZHANG_USER_ILS_NAMED_RECOVERY,2024-07-17T00:28:00,NICO,USER_WL_SD,0,,,,,,,0,1
r48u_20260914_NICO_UDUC_ils_feedback_fix1,NICO,UDUC,ils_feedback,ZHANG_USER_ILS_NAMED_RECOVERY,2024-07-17T00:28:30,NICO,USER_WL_SD,0,,,,,,,0,1
r48u_20260914_NICO_UDUC_ils_feedback_fix1,NICO,UDUC,ils_feedback,ZHANG_USER_ILS_NAMED_RECOVERY,2024-07-17T00:29:00,NICO,USER_WL_SD,0,,,,,,,0,1
r48u_20260914_NICO_UDUC_ils_feedback_fix1,NICO,UDUC,ils_feedback,ZHANG_USER_ILS_NAMED_RECOVERY,2024-07-17T00:29:30,NICO,USER_WL_SD,0,,,,,,,0,1
r48u_20260914_NICO_UDUC_ils_feedback_fix1,NICO,UDUC,ils_feedback,ZHANG_USER_ILS_NAMED_RECOVERY,2024-07-17T00:30:00,NICO,USER_WL_SD,0,,,,,,,0,1
r48u_20260914_BREW_UDUC_ils_shadow_fix1,BREW,UDUC,ils_shadow,ZHANG_USER_ILS_RELATIONS,2024-07-17T00:11:30,BREW,USER_WL_SD,0,1,1,0,,,,,
r48u_20260914_BREW_UDUC_ils_shadow_fix1,BREW,UDUC,ils_shadow,ZHANG_USER_ILS_RELATIONS,2024-07-17T00:12:00,BREW,USER_WL_SD,0,1,1,0,,,,,
r48u_20260914_BREW_UDUC_ils_shadow_fix1,BREW,UDUC,ils_shadow,ZHANG_USER_ILS_RELATIONS,2024-07-17T00:12:30,BREW,USER_WL_SD,0,1,1,0,,,,,
r48u_20260914_BREW_UDUC_ils_shadow_fix1,BREW,UDUC,ils_shadow,ZHANG_USER_ILS_RELATIONS,2024-07-17T00:13:00,BREW,USER_WL_SD,0,1,1,0,,,,,
r48u_20260914_BREW_UDUC_ils_shadow_fix1,BREW,UDUC,ils_shadow,ZHANG_USER_ILS_RELATIONS,2024-07-17T00:13:30,BREW,USER_WL_SD,0,1,1,0,,,,,
r48u_20260914_BREW_UDUC_ils_shadow_fix1,BREW,UDUC,ils_shadow,ZHANG_USER_ILS_RELATIONS,2024-07-17T00:14:00,BREW,USER_WL_SD,0,1,1,0,,,,,
r48u_20260914_BREW_UDUC_ils_shadow_fix1,BREW,UDUC,ils_shadow,ZHANG_USER_ILS_RELATIONS,2024-07-17T00:14:30,BREW,USER_WL_SD,0,1,1,0,,,,,
r48u_20260914_BREW_UDUC_ils_shadow_fix1,BREW,UDUC,ils_shadow,ZHANG_USER_ILS_RELATIONS,2024-07-17T00:15:00,BREW,USER_WL_SD,0,1,1,0,,,,,
r48u_20260914_BREW_UDUC_ils_shadow_fix1,BREW,UDUC,ils_shadow,ZHANG_USER_ILS_RELATIONS,2024-07-17T00:15:30,BREW,USER_WL_SD,0,1,1,0,,,,,
r48u_20260914_BREW_UDUC_ils_shadow_fix1,BREW,UDUC,ils_shadow,ZHANG_USER_ILS_RELATIONS,2024-07-17T00:16:00,BREW,USER_WL_SD,0,1,1,0,,,,,
r48u_20260914_BREW_UDUC_ils_shadow_fix1,BREW,UDUC,ils_shadow,ZHANG_USER_ILS_RELATIONS,2024-07-17T00:16:30,BREW,USER_WL_SD,0,1,1,0,,,,,
r48u_20260914_BREW_UDUC_ils_shadow_fix1,BREW,UDUC,ils_shadow,ZHANG_USER_ILS_RELATIONS,2024-07-17T00:17:00,BREW,USER_WL_SD,1,3,1,0,,,,,
r48u_20260914_BREW_UDUC_ils_shadow_fix1,BREW,UDUC,ils_shadow,ZHANG_USER_ILS_RELATIONS,2024-07-17T00:17:00,BREW,USER_L1_SD_CONDITIONAL,0,3,1,0,,,,,
r48u_20260914_BREW_UDUC_ils_shadow_fix1,BREW,UDUC,ils_shadow,ZHANG_USER_ILS_RELATIONS,2024-07-17T00:17:30,BREW,USER_WL_SD,1,3,1,0,,,,,
r48u_20260914_BREW_UDUC_ils_shadow_fix1,BREW,UDUC,ils_shadow,ZHANG_USER_ILS_RELATIONS,2024-07-17T00:17:30,BREW,USER_L1_SD_CONDITIONAL,0,3,1,0,,,,,
r48u_20260914_BREW_UDUC_ils_shadow_fix1,BREW,UDUC,ils_shadow,ZHANG_USER_ILS_RELATIONS,2024-07-17T00:18:00,BREW,USER_WL_SD,1,3,1,0,,,,,
r48u_20260914_BREW_UDUC_ils_shadow_fix1,BREW,UDUC,ils_shadow,ZHANG_USER_ILS_RELATIONS,2024-07-17T00:18:00,BREW,USER_L1_SD_CONDITIONAL,0,3,1,0,,,,,
r48u_20260914_BREW_UDUC_ils_shadow_fix1,BREW,UDUC,ils_shadow,ZHANG_USER_ILS_RELATIONS,2024-07-17T00:18:30,BREW,USER_WL_SD,1,3,1,0,,,,,
r48u_20260914_BREW_UDUC_ils_shadow_fix1,BREW,UDUC,ils_shadow,ZHANG_USER_ILS_RELATIONS,2024-07-17T00:18:30,BREW,USER_L1_SD_CONDITIONAL,0,3,1,0,,,,,
r48u_20260914_BREW_UDUC_ils_shadow_fix1,BREW,UDUC,ils_shadow,ZHANG_USER_ILS_RELATIONS,2024-07-17T00:19:00,BREW,USER_WL_SD,1,3,1,0,,,,,
r48u_20260914_BREW_UDUC_ils_shadow_fix1,BREW,UDUC,ils_shadow,ZHANG_USER_ILS_RELATIONS,2024-07-17T00:19:00,BREW,USER_L1_SD_CONDITIONAL,0,3,1,0,,,,,
r48u_20260914_BREW_UDUC_ils_shadow_fix1,BREW,UDUC,ils_shadow,ZHANG_USER_ILS_RELATIONS,2024-07-17T00:19:30,BREW,USER_WL_SD,1,3,1,0,,,,,
r48u_20260914_BREW_UDUC_ils_shadow_fix1,BREW,UDUC,ils_shadow,ZHANG_USER_ILS_RELATIONS,2024-07-17T00:19:30,BREW,USER_L1_SD_CONDITIONAL,0,3,1,0,,,,,
r48u_20260914_BREW_UDUC_ils_shadow_fix1,BREW,UDUC,ils_shadow,ZHANG_USER_ILS_RELATIONS,2024-07-17T00:20:00,BREW,USER_WL_SD,1,3,1,0,,,,,
r48u_20260914_BREW_UDUC_ils_shadow_fix1,BREW,UDUC,ils_shadow,ZHANG_USER_ILS_RELATIONS,2024-07-17T00:20:00,BREW,USER_L1_SD_CONDITIONAL,0,3,1,0,,,,,
r48u_20260914_BREW_UDUC_ils_shadow_fix1,BREW,UDUC,ils_shadow,ZHANG_USER_ILS_RELATIONS,2024-07-17T00:20:30,BREW,USER_WL_SD,1,4,1,0,,,,,
r48u_20260914_BREW_UDUC_ils_shadow_fix1,BREW,UDUC,ils_shadow,ZHANG_USER_ILS_RELATIONS,2024-07-17T00:20:30,BREW,USER_L1_SD_CONDITIONAL,0,4,1,0,,,,,
r48u_20260914_BREW_UDUC_ils_shadow_fix1,BREW,UDUC,ils_shadow,ZHANG_USER_ILS_RELATIONS,2024-07-17T00:21:00,BREW,USER_WL_SD,1,3,1,0,,,,,
r48u_20260914_BREW_UDUC_ils_shadow_fix1,BREW,UDUC,ils_shadow,ZHANG_USER_ILS_RELATIONS,2024-07-17T00:21:00,BREW,USER_L1_SD_CONDITIONAL,0,3,1,0,,,,,
r48u_20260914_BREW_UDUC_ils_shadow_fix1,BREW,UDUC,ils_shadow,ZHANG_USER_ILS_RELATIONS,2024-07-17T00:21:30,BREW,USER_WL_SD,1,3,1,0,,,,,
r48u_20260914_BREW_UDUC_ils_shadow_fix1,BREW,UDUC,ils_shadow,ZHANG_USER_ILS_RELATIONS,2024-07-17T00:21:30,BREW,USER_L1_SD_CONDITIONAL,0,3,1,0,,,,,
r48u_20260914_BREW_UDUC_ils_shadow_fix1,BREW,UDUC,ils_shadow,ZHANG_USER_ILS_RELATIONS,2024-07-17T00:22:00,BREW,USER_WL_SD,1,4,1,0,,,,,
r48u_20260914_BREW_UDUC_ils_shadow_fix1,BREW,UDUC,ils_shadow,ZHANG_USER_ILS_RELATIONS,2024-07-17T00:22:00,BREW,USER_L1_SD_CONDITIONAL,0,4,1,0,,,,,
r48u_20260914_BREW_UDUC_ils_shadow_fix1,BREW,UDUC,ils_shadow,ZHANG_USER_ILS_RELATIONS,2024-07-17T00:22:30,BREW,USER_WL_SD,2,4,1,0,,,,,
r48u_20260914_BREW_UDUC_ils_shadow_fix1,BREW,UDUC,ils_shadow,ZHANG_USER_ILS_RELATIONS,2024-07-17T00:22:30,BREW,USER_L1_SD_CONDITIONAL,0,4,1,0,,,,,
r48u_20260914_BREW_UDUC_ils_shadow_fix1,BREW,UDUC,ils_shadow,ZHANG_USER_ILS_RELATIONS,2024-07-17T00:23:00,BREW,USER_WL_SD,2,4,1,0,,,,,
r48u_20260914_BREW_UDUC_ils_shadow_fix1,BREW,UDUC,ils_shadow,ZHANG_USER_ILS_RELATIONS,2024-07-17T00:23:00,BREW,USER_L1_SD_CONDITIONAL,0,4,1,0,,,,,
r48u_20260914_BREW_UDUC_ils_shadow_fix1,BREW,UDUC,ils_shadow,ZHANG_USER_ILS_RELATIONS,2024-07-17T00:23:30,BREW,USER_WL_SD,2,3,1,0,,,,,
r48u_20260914_BREW_UDUC_ils_shadow_fix1,BREW,UDUC,ils_shadow,ZHANG_USER_ILS_RELATIONS,2024-07-17T00:23:30,BREW,USER_L1_SD_CONDITIONAL,1,3,1,0,,,,,
r48u_20260914_BREW_UDUC_ils_shadow_fix1,BREW,UDUC,ils_shadow,ZHANG_USER_ILS_RELATIONS,2024-07-17T00:24:00,BREW,USER_WL_SD,2,4,1,0,,,,,
r48u_20260914_BREW_UDUC_ils_shadow_fix1,BREW,UDUC,ils_shadow,ZHANG_USER_ILS_RELATIONS,2024-07-17T00:24:00,BREW,USER_L1_SD_CONDITIONAL,1,4,1,0,,,,,
r48u_20260914_BREW_UDUC_ils_shadow_fix1,BREW,UDUC,ils_shadow,ZHANG_USER_ILS_RELATIONS,2024-07-17T00:24:30,BREW,USER_WL_SD,2,4,1,0,,,,,
r48u_20260914_BREW_UDUC_ils_shadow_fix1,BREW,UDUC,ils_shadow,ZHANG_USER_ILS_RELATIONS,2024-07-17T00:24:30,BREW,USER_L1_SD_CONDITIONAL,1,4,1,0,,,,,
r48u_20260914_BREW_UDUC_ils_shadow_fix1,BREW,UDUC,ils_shadow,ZHANG_USER_ILS_RELATIONS,2024-07-17T00:25:00,BREW,USER_WL_SD,2,4,1,0,,,,,
r48u_20260914_BREW_UDUC_ils_shadow_fix1,BREW,UDUC,ils_shadow,ZHANG_USER_ILS_RELATIONS,2024-07-17T00:25:00,BREW,USER_L1_SD_CONDITIONAL,1,4,1,0,,,,,
r48u_20260914_BREW_UDUC_ils_shadow_fix1,BREW,UDUC,ils_shadow,ZHANG_USER_ILS_RELATIONS,2024-07-17T00:25:30,BREW,USER_WL_SD,0,1,1,0,,,,,
r48u_20260914_BREW_UDUC_ils_shadow_fix1,BREW,UDUC,ils_shadow,ZHANG_USER_ILS_RELATIONS,2024-07-17T00:25:30,BREW,USER_L1_SD_CONDITIONAL,0,1,1,0,,,,,
r48u_20260914_BREW_UDUC_ils_shadow_fix1,BREW,UDUC,ils_shadow,ZHANG_USER_ILS_RELATIONS,2024-07-17T00:26:00,BREW,USER_WL_SD,2,3,1,0,,,,,
r48u_20260914_BREW_UDUC_ils_shadow_fix1,BREW,UDUC,ils_shadow,ZHANG_USER_ILS_RELATIONS,2024-07-17T00:26:00,BREW,USER_L1_SD_CONDITIONAL,1,3,1,0,,,,,
r48u_20260914_BREW_UDUC_ils_shadow_fix1,BREW,UDUC,ils_shadow,ZHANG_USER_ILS_RELATIONS,2024-07-17T00:26:30,BREW,USER_WL_SD,2,3,1,0,,,,,
r48u_20260914_BREW_UDUC_ils_shadow_fix1,BREW,UDUC,ils_shadow,ZHANG_USER_ILS_RELATIONS,2024-07-17T00:26:30,BREW,USER_L1_SD_CONDITIONAL,1,3,1,0,,,,,
r48u_20260914_BREW_UDUC_ils_shadow_fix1,BREW,UDUC,ils_shadow,ZHANG_USER_ILS_RELATIONS,2024-07-17T00:27:00,BREW,USER_WL_SD,1,2,1,0,,,,,
r48u_20260914_BREW_UDUC_ils_shadow_fix1,BREW,UDUC,ils_shadow,ZHANG_USER_ILS_RELATIONS,2024-07-17T00:27:00,BREW,USER_L1_SD_CONDITIONAL,1,2,1,0,,,,,
r48u_20260914_BREW_UDUC_ils_shadow_fix1,BREW,UDUC,ils_shadow,ZHANG_USER_ILS_RELATIONS,2024-07-17T00:27:30,BREW,USER_WL_SD,1,2,1,0,,,,,
r48u_20260914_BREW_UDUC_ils_shadow_fix1,BREW,UDUC,ils_shadow,ZHANG_USER_ILS_RELATIONS,2024-07-17T00:27:30,BREW,USER_L1_SD_CONDITIONAL,1,2,1,0,,,,,
r48u_20260914_BREW_UDUC_ils_shadow_fix1,BREW,UDUC,ils_shadow,ZHANG_USER_ILS_RELATIONS,2024-07-17T00:28:00,BREW,USER_WL_SD,1,2,1,0,,,,,
r48u_20260914_BREW_UDUC_ils_shadow_fix1,BREW,UDUC,ils_shadow,ZHANG_USER_ILS_RELATIONS,2024-07-17T00:28:00,BREW,USER_L1_SD_CONDITIONAL,1,2,1,0,,,,,
r48u_20260914_BREW_UDUC_ils_shadow_fix1,BREW,UDUC,ils_shadow,ZHANG_USER_ILS_RELATIONS,2024-07-17T00:28:30,BREW,USER_WL_SD,2,3,1,0,,,,,
r48u_20260914_BREW_UDUC_ils_shadow_fix1,BREW,UDUC,ils_shadow,ZHANG_USER_ILS_RELATIONS,2024-07-17T00:28:30,BREW,USER_L1_SD_CONDITIONAL,1,3,1,0,,,,,
r48u_20260914_BREW_UDUC_ils_shadow_fix1,BREW,UDUC,ils_shadow,ZHANG_USER_ILS_RELATIONS,2024-07-17T00:29:00,BREW,USER_WL_SD,2,3,1,0,,,,,
r48u_20260914_BREW_UDUC_ils_shadow_fix1,BREW,UDUC,ils_shadow,ZHANG_USER_ILS_RELATIONS,2024-07-17T00:29:00,BREW,USER_L1_SD_CONDITIONAL,1,3,1,0,,,,,
r48u_20260914_BREW_UDUC_ils_shadow_fix1,BREW,UDUC,ils_shadow,ZHANG_USER_ILS_RELATIONS,2024-07-17T00:29:30,BREW,USER_WL_SD,2,3,1,0,,,,,
r48u_20260914_BREW_UDUC_ils_shadow_fix1,BREW,UDUC,ils_shadow,ZHANG_USER_ILS_RELATIONS,2024-07-17T00:29:30,BREW,USER_L1_SD_CONDITIONAL,1,3,1,0,,,,,
r48u_20260914_BREW_UDUC_ils_shadow_fix1,BREW,UDUC,ils_shadow,ZHANG_USER_ILS_RELATIONS,2024-07-17T00:30:00,BREW,USER_WL_SD,2,3,1,0,,,,,
r48u_20260914_BREW_UDUC_ils_shadow_fix1,BREW,UDUC,ils_shadow,ZHANG_USER_ILS_RELATIONS,2024-07-17T00:30:00,BREW,USER_L1_SD_CONDITIONAL,1,3,1,0,,,,,
r48u_20260914_BREW_UDUC_ils_shadow_fix1,BREW,UDUC,ils_shadow,ZHANG_USER_ILS_ROW,2024-07-17T00:17:00,BREW,USER_WL_SD,,,,,0,-73,0 0 1,,
r48u_20260914_BREW_UDUC_ils_shadow_fix1,BREW,UDUC,ils_shadow,ZHANG_USER_ILS_ROW,2024-07-17T00:17:30,BREW,USER_WL_SD,,,,,0,-73,0 0 1,,
r48u_20260914_BREW_UDUC_ils_shadow_fix1,BREW,UDUC,ils_shadow,ZHANG_USER_ILS_ROW,2024-07-17T00:18:00,BREW,USER_WL_SD,,,,,0,-73,0 0 1,,
r48u_20260914_BREW_UDUC_ils_shadow_fix1,BREW,UDUC,ils_shadow,ZHANG_USER_ILS_ROW,2024-07-17T00:18:30,BREW,USER_WL_SD,,,,,0,-73,0 0 1,,
r48u_20260914_BREW_UDUC_ils_shadow_fix1,BREW,UDUC,ils_shadow,ZHANG_USER_ILS_ROW,2024-07-17T00:19:00,BREW,USER_WL_SD,,,,,0,-73,0 0 1,,
r48u_20260914_BREW_UDUC_ils_shadow_fix1,BREW,UDUC,ils_shadow,ZHANG_USER_ILS_ROW,2024-07-17T00:19:30,BREW,USER_WL_SD,,,,,0,-73,0 0 1,,
r48u_20260914_BREW_UDUC_ils_shadow_fix1,BREW,UDUC,ils_shadow,ZHANG_USER_ILS_ROW,2024-07-17T00:20:00,BREW,USER_WL_SD,,,,,0,-73,0 0 1,,
r48u_20260914_BREW_UDUC_ils_shadow_fix1,BREW,UDUC,ils_shadow,ZHANG_USER_ILS_ROW,2024-07-17T00:20:30,BREW,USER_WL_SD,,,,,0,-73,0 0 0 1,,
r48u_20260914_BREW_UDUC_ils_shadow_fix1,BREW,UDUC,ils_shadow,ZHANG_USER_ILS_ROW,2024-07-17T00:21:00,BREW,USER_WL_SD,,,,,0,-73,0 0 1,,
r48u_20260914_BREW_UDUC_ils_shadow_fix1,BREW,UDUC,ils_shadow,ZHANG_USER_ILS_ROW,2024-07-17T00:21:30,BREW,USER_WL_SD,,,,,0,-73,0 0 1,,
r48u_20260914_BREW_UDUC_ils_shadow_fix1,BREW,UDUC,ils_shadow,ZHANG_USER_ILS_ROW,2024-07-17T00:22:00,BREW,USER_WL_SD,,,,,0,-73,0 0 0 1,,
r48u_20260914_BREW_UDUC_ils_shadow_fix1,BREW,UDUC,ils_shadow,ZHANG_USER_ILS_ROW,2024-07-17T00:22:30,BREW,USER_WL_SD,,,,,0,-73,0 0 0 1,,
r48u_20260914_BREW_UDUC_ils_shadow_fix1,BREW,UDUC,ils_shadow,ZHANG_USER_ILS_ROW,2024-07-17T00:22:30,BREW,USER_WL_SD,,,,,1,-19,1 0 0 0,,
r48u_20260914_BREW_UDUC_ils_shadow_fix1,BREW,UDUC,ils_shadow,ZHANG_USER_ILS_ROW,2024-07-17T00:23:00,BREW,USER_WL_SD,,,,,0,-73,0 0 0 1,,
r48u_20260914_BREW_UDUC_ils_shadow_fix1,BREW,UDUC,ils_shadow,ZHANG_USER_ILS_ROW,2024-07-17T00:23:00,BREW,USER_WL_SD,,,,,1,-19,1 0 0 0,,
r48u_20260914_BREW_UDUC_ils_shadow_fix1,BREW,UDUC,ils_shadow,ZHANG_USER_ILS_ROW,2024-07-17T00:23:30,BREW,USER_WL_SD,,,,,0,-73,0 0 1,,
r48u_20260914_BREW_UDUC_ils_shadow_fix1,BREW,UDUC,ils_shadow,ZHANG_USER_ILS_ROW,2024-07-17T00:23:30,BREW,USER_WL_SD,,,,,1,-19,1 0 0,,
r48u_20260914_BREW_UDUC_ils_shadow_fix1,BREW,UDUC,ils_shadow,ZHANG_USER_ILS_ROW,2024-07-17T00:23:30,BREW,USER_L1_SD_CONDITIONAL,,,,,0,-18,1 0 0,,
r48u_20260914_BREW_UDUC_ils_shadow_fix1,BREW,UDUC,ils_shadow,ZHANG_USER_ILS_ROW,2024-07-17T00:24:00,BREW,USER_WL_SD,,,,,0,73,0 0 0 1,,
r48u_20260914_BREW_UDUC_ils_shadow_fix1,BREW,UDUC,ils_shadow,ZHANG_USER_ILS_ROW,2024-07-17T00:24:00,BREW,USER_WL_SD,,,,,1,-19,1  0  0 -1,,
r48u_20260914_BREW_UDUC_ils_shadow_fix1,BREW,UDUC,ils_shadow,ZHANG_USER_ILS_ROW,2024-07-17T00:24:00,BREW,USER_L1_SD_CONDITIONAL,,,,,0,-18,1  0  0 -1,,
r48u_20260914_BREW_UDUC_ils_shadow_fix1,BREW,UDUC,ils_shadow,ZHANG_USER_ILS_ROW,2024-07-17T00:24:30,BREW,USER_WL_SD,,,,,0,73,0 0 0 1,,
r48u_20260914_BREW_UDUC_ils_shadow_fix1,BREW,UDUC,ils_shadow,ZHANG_USER_ILS_ROW,2024-07-17T00:24:30,BREW,USER_WL_SD,,,,,1,-19,1  0  0 -1,,
r48u_20260914_BREW_UDUC_ils_shadow_fix1,BREW,UDUC,ils_shadow,ZHANG_USER_ILS_ROW,2024-07-17T00:24:30,BREW,USER_L1_SD_CONDITIONAL,,,,,0,-18,1  0  0 -1,,
r48u_20260914_BREW_UDUC_ils_shadow_fix1,BREW,UDUC,ils_shadow,ZHANG_USER_ILS_ROW,2024-07-17T00:25:00,BREW,USER_WL_SD,,,,,0,73,0 0 0 1,,
r48u_20260914_BREW_UDUC_ils_shadow_fix1,BREW,UDUC,ils_shadow,ZHANG_USER_ILS_ROW,2024-07-17T00:25:00,BREW,USER_WL_SD,,,,,1,-19,1  0  0 -1,,
r48u_20260914_BREW_UDUC_ils_shadow_fix1,BREW,UDUC,ils_shadow,ZHANG_USER_ILS_ROW,2024-07-17T00:25:00,BREW,USER_L1_SD_CONDITIONAL,,,,,0,-18,1  0  0 -1,,
r48u_20260914_BREW_UDUC_ils_shadow_fix1,BREW,UDUC,ils_shadow,ZHANG_USER_ILS_ROW,2024-07-17T00:26:00,BREW,USER_WL_SD,,,,,0,54,1 0 0,,
r48u_20260914_BREW_UDUC_ils_shadow_fix1,BREW,UDUC,ils_shadow,ZHANG_USER_ILS_ROW,2024-07-17T00:26:00,BREW,USER_WL_SD,,,,,1,73,0 0 1,,
r48u_20260914_BREW_UDUC_ils_shadow_fix1,BREW,UDUC,ils_shadow,ZHANG_USER_ILS_ROW,2024-07-17T00:26:00,BREW,USER_L1_SD_CONDITIONAL,,,,,0,-18,1  0 -1,,
r48u_20260914_BREW_UDUC_ils_shadow_fix1,BREW,UDUC,ils_shadow,ZHANG_USER_ILS_ROW,2024-07-17T00:26:30,BREW,USER_WL_SD,,,,,0,54,1 0 0,,
r48u_20260914_BREW_UDUC_ils_shadow_fix1,BREW,UDUC,ils_shadow,ZHANG_USER_ILS_ROW,2024-07-17T00:26:30,BREW,USER_WL_SD,,,,,1,73,0 0 1,,
r48u_20260914_BREW_UDUC_ils_shadow_fix1,BREW,UDUC,ils_shadow,ZHANG_USER_ILS_ROW,2024-07-17T00:26:30,BREW,USER_L1_SD_CONDITIONAL,,,,,0,-18,1  0 -1,,
r48u_20260914_BREW_UDUC_ils_shadow_fix1,BREW,UDUC,ils_shadow,ZHANG_USER_ILS_ROW,2024-07-17T00:27:00,BREW,USER_WL_SD,,,,,0,-19,1 0,,
r48u_20260914_BREW_UDUC_ils_shadow_fix1,BREW,UDUC,ils_shadow,ZHANG_USER_ILS_ROW,2024-07-17T00:27:00,BREW,USER_L1_SD_CONDITIONAL,,,,,0,-18,1 0,,
r48u_20260914_BREW_UDUC_ils_shadow_fix1,BREW,UDUC,ils_shadow,ZHANG_USER_ILS_ROW,2024-07-17T00:27:30,BREW,USER_WL_SD,,,,,0,-19,1 0,,
r48u_20260914_BREW_UDUC_ils_shadow_fix1,BREW,UDUC,ils_shadow,ZHANG_USER_ILS_ROW,2024-07-17T00:27:30,BREW,USER_L1_SD_CONDITIONAL,,,,,0,-18,1 0,,
r48u_20260914_BREW_UDUC_ils_shadow_fix1,BREW,UDUC,ils_shadow,ZHANG_USER_ILS_ROW,2024-07-17T00:28:00,BREW,USER_WL_SD,,,,,0,-19,1 0,,
r48u_20260914_BREW_UDUC_ils_shadow_fix1,BREW,UDUC,ils_shadow,ZHANG_USER_ILS_ROW,2024-07-17T00:28:00,BREW,USER_L1_SD_CONDITIONAL,,,,,0,-18,1 0,,
r48u_20260914_BREW_UDUC_ils_shadow_fix1,BREW,UDUC,ils_shadow,ZHANG_USER_ILS_ROW,2024-07-17T00:28:30,BREW,USER_WL_SD,,,,,0,54,1 0 0,,
r48u_20260914_BREW_UDUC_ils_shadow_fix1,BREW,UDUC,ils_shadow,ZHANG_USER_ILS_ROW,2024-07-17T00:28:30,BREW,USER_WL_SD,,,,,1,73,0 0 1,,
r48u_20260914_BREW_UDUC_ils_shadow_fix1,BREW,UDUC,ils_shadow,ZHANG_USER_ILS_ROW,2024-07-17T00:28:30,BREW,USER_L1_SD_CONDITIONAL,,,,,0,-18,1  0 -1,,
r48u_20260914_BREW_UDUC_ils_shadow_fix1,BREW,UDUC,ils_shadow,ZHANG_USER_ILS_ROW,2024-07-17T00:29:00,BREW,USER_WL_SD,,,,,0,54,1 0 0,,
r48u_20260914_BREW_UDUC_ils_shadow_fix1,BREW,UDUC,ils_shadow,ZHANG_USER_ILS_ROW,2024-07-17T00:29:00,BREW,USER_WL_SD,,,,,1,73,0 0 1,,
r48u_20260914_BREW_UDUC_ils_shadow_fix1,BREW,UDUC,ils_shadow,ZHANG_USER_ILS_ROW,2024-07-17T00:29:00,BREW,USER_L1_SD_CONDITIONAL,,,,,0,-18,1  0 -1,,
r48u_20260914_BREW_UDUC_ils_shadow_fix1,BREW,UDUC,ils_shadow,ZHANG_USER_ILS_ROW,2024-07-17T00:29:30,BREW,USER_WL_SD,,,,,0,54,1 0 0,,
r48u_20260914_BREW_UDUC_ils_shadow_fix1,BREW,UDUC,ils_shadow,ZHANG_USER_ILS_ROW,2024-07-17T00:29:30,BREW,USER_WL_SD,,,,,1,73,0 0 1,,
r48u_20260914_BREW_UDUC_ils_shadow_fix1,BREW,UDUC,ils_shadow,ZHANG_USER_ILS_ROW,2024-07-17T00:29:30,BREW,USER_L1_SD_CONDITIONAL,,,,,0,-18,1  0 -1,,
r48u_20260914_BREW_UDUC_ils_shadow_fix1,BREW,UDUC,ils_shadow,ZHANG_USER_ILS_ROW,2024-07-17T00:30:00,BREW,USER_WL_SD,,,,,0,54,1 0 0,,
r48u_20260914_BREW_UDUC_ils_shadow_fix1,BREW,UDUC,ils_shadow,ZHANG_USER_ILS_ROW,2024-07-17T00:30:00,BREW,USER_WL_SD,,,,,1,73,0 0 1,,
r48u_20260914_BREW_UDUC_ils_shadow_fix1,BREW,UDUC,ils_shadow,ZHANG_USER_ILS_ROW,2024-07-17T00:30:00,BREW,USER_L1_SD_CONDITIONAL,,,,,0,-18,1  0 -1,,
r48u_20260914_BREW_UDUC_ils_shadow_fix1,BREW,UDUC,ils_shadow,ZHANG_USER_ILS_NAMED_RECOVERY,2024-07-17T00:11:30,BREW,USER_WL_SD,0,,,,,,,0,1
r48u_20260914_BREW_UDUC_ils_shadow_fix1,BREW,UDUC,ils_shadow,ZHANG_USER_ILS_NAMED_RECOVERY,2024-07-17T00:12:00,BREW,USER_WL_SD,0,,,,,,,0,1
r48u_20260914_BREW_UDUC_ils_shadow_fix1,BREW,UDUC,ils_shadow,ZHANG_USER_ILS_NAMED_RECOVERY,2024-07-17T00:12:30,BREW,USER_WL_SD,0,,,,,,,0,1
r48u_20260914_BREW_UDUC_ils_shadow_fix1,BREW,UDUC,ils_shadow,ZHANG_USER_ILS_NAMED_RECOVERY,2024-07-17T00:13:00,BREW,USER_WL_SD,0,,,,,,,0,1
r48u_20260914_BREW_UDUC_ils_shadow_fix1,BREW,UDUC,ils_shadow,ZHANG_USER_ILS_NAMED_RECOVERY,2024-07-17T00:13:30,BREW,USER_WL_SD,0,,,,,,,0,1
r48u_20260914_BREW_UDUC_ils_shadow_fix1,BREW,UDUC,ils_shadow,ZHANG_USER_ILS_NAMED_RECOVERY,2024-07-17T00:14:00,BREW,USER_WL_SD,0,,,,,,,0,1
r48u_20260914_BREW_UDUC_ils_shadow_fix1,BREW,UDUC,ils_shadow,ZHANG_USER_ILS_NAMED_RECOVERY,2024-07-17T00:14:30,BREW,USER_WL_SD,0,,,,,,,0,1
r48u_20260914_BREW_UDUC_ils_shadow_fix1,BREW,UDUC,ils_shadow,ZHANG_USER_ILS_NAMED_RECOVERY,2024-07-17T00:15:00,BREW,USER_WL_SD,0,,,,,,,0,1
r48u_20260914_BREW_UDUC_ils_shadow_fix1,BREW,UDUC,ils_shadow,ZHANG_USER_ILS_NAMED_RECOVERY,2024-07-17T00:15:30,BREW,USER_WL_SD,0,,,,,,,0,1
r48u_20260914_BREW_UDUC_ils_shadow_fix1,BREW,UDUC,ils_shadow,ZHANG_USER_ILS_NAMED_RECOVERY,2024-07-17T00:16:00,BREW,USER_WL_SD,0,,,,,,,0,1
r48u_20260914_BREW_UDUC_ils_shadow_fix1,BREW,UDUC,ils_shadow,ZHANG_USER_ILS_NAMED_RECOVERY,2024-07-17T00:16:30,BREW,USER_WL_SD,0,,,,,,,0,1
r48u_20260914_BREW_UDUC_ils_shadow_fix1,BREW,UDUC,ils_shadow,ZHANG_USER_ILS_NAMED_RECOVERY,2024-07-17T00:17:00,BREW,USER_WL_SD,1,,,,,,,1,1
r48u_20260914_BREW_UDUC_ils_shadow_fix1,BREW,UDUC,ils_shadow,ZHANG_USER_ILS_NAMED_RECOVERY,2024-07-17T00:17:00,BREW,USER_L1_SD_CONDITIONAL,0,,,,,,,0,1
r48u_20260914_BREW_UDUC_ils_shadow_fix1,BREW,UDUC,ils_shadow,ZHANG_USER_ILS_NAMED_RECOVERY,2024-07-17T00:17:30,BREW,USER_WL_SD,1,,,,,,,1,1
r48u_20260914_BREW_UDUC_ils_shadow_fix1,BREW,UDUC,ils_shadow,ZHANG_USER_ILS_NAMED_RECOVERY,2024-07-17T00:17:30,BREW,USER_L1_SD_CONDITIONAL,0,,,,,,,0,1
r48u_20260914_BREW_UDUC_ils_shadow_fix1,BREW,UDUC,ils_shadow,ZHANG_USER_ILS_NAMED_RECOVERY,2024-07-17T00:18:00,BREW,USER_WL_SD,1,,,,,,,1,1
r48u_20260914_BREW_UDUC_ils_shadow_fix1,BREW,UDUC,ils_shadow,ZHANG_USER_ILS_NAMED_RECOVERY,2024-07-17T00:18:00,BREW,USER_L1_SD_CONDITIONAL,0,,,,,,,0,1
r48u_20260914_BREW_UDUC_ils_shadow_fix1,BREW,UDUC,ils_shadow,ZHANG_USER_ILS_NAMED_RECOVERY,2024-07-17T00:18:30,BREW,USER_WL_SD,1,,,,,,,1,1
r48u_20260914_BREW_UDUC_ils_shadow_fix1,BREW,UDUC,ils_shadow,ZHANG_USER_ILS_NAMED_RECOVERY,2024-07-17T00:18:30,BREW,USER_L1_SD_CONDITIONAL,0,,,,,,,0,1
r48u_20260914_BREW_UDUC_ils_shadow_fix1,BREW,UDUC,ils_shadow,ZHANG_USER_ILS_NAMED_RECOVERY,2024-07-17T00:19:00,BREW,USER_WL_SD,1,,,,,,,1,1
r48u_20260914_BREW_UDUC_ils_shadow_fix1,BREW,UDUC,ils_shadow,ZHANG_USER_ILS_NAMED_RECOVERY,2024-07-17T00:19:00,BREW,USER_L1_SD_CONDITIONAL,0,,,,,,,0,1
r48u_20260914_BREW_UDUC_ils_shadow_fix1,BREW,UDUC,ils_shadow,ZHANG_USER_ILS_NAMED_RECOVERY,2024-07-17T00:19:30,BREW,USER_WL_SD,1,,,,,,,1,1
r48u_20260914_BREW_UDUC_ils_shadow_fix1,BREW,UDUC,ils_shadow,ZHANG_USER_ILS_NAMED_RECOVERY,2024-07-17T00:19:30,BREW,USER_L1_SD_CONDITIONAL,0,,,,,,,0,1
r48u_20260914_BREW_UDUC_ils_shadow_fix1,BREW,UDUC,ils_shadow,ZHANG_USER_ILS_NAMED_RECOVERY,2024-07-17T00:20:00,BREW,USER_WL_SD,1,,,,,,,1,1
r48u_20260914_BREW_UDUC_ils_shadow_fix1,BREW,UDUC,ils_shadow,ZHANG_USER_ILS_NAMED_RECOVERY,2024-07-17T00:20:00,BREW,USER_L1_SD_CONDITIONAL,0,,,,,,,0,1
r48u_20260914_BREW_UDUC_ils_shadow_fix1,BREW,UDUC,ils_shadow,ZHANG_USER_ILS_NAMED_RECOVERY,2024-07-17T00:20:30,BREW,USER_WL_SD,1,,,,,,,1,1
r48u_20260914_BREW_UDUC_ils_shadow_fix1,BREW,UDUC,ils_shadow,ZHANG_USER_ILS_NAMED_RECOVERY,2024-07-17T00:20:30,BREW,USER_L1_SD_CONDITIONAL,0,,,,,,,0,1
r48u_20260914_BREW_UDUC_ils_shadow_fix1,BREW,UDUC,ils_shadow,ZHANG_USER_ILS_NAMED_RECOVERY,2024-07-17T00:21:00,BREW,USER_WL_SD,1,,,,,,,1,1
r48u_20260914_BREW_UDUC_ils_shadow_fix1,BREW,UDUC,ils_shadow,ZHANG_USER_ILS_NAMED_RECOVERY,2024-07-17T00:21:00,BREW,USER_L1_SD_CONDITIONAL,0,,,,,,,0,1
r48u_20260914_BREW_UDUC_ils_shadow_fix1,BREW,UDUC,ils_shadow,ZHANG_USER_ILS_NAMED_RECOVERY,2024-07-17T00:21:30,BREW,USER_WL_SD,1,,,,,,,1,1
r48u_20260914_BREW_UDUC_ils_shadow_fix1,BREW,UDUC,ils_shadow,ZHANG_USER_ILS_NAMED_RECOVERY,2024-07-17T00:21:30,BREW,USER_L1_SD_CONDITIONAL,0,,,,,,,0,1
r48u_20260914_BREW_UDUC_ils_shadow_fix1,BREW,UDUC,ils_shadow,ZHANG_USER_ILS_NAMED_RECOVERY,2024-07-17T00:22:00,BREW,USER_WL_SD,1,,,,,,,1,1
r48u_20260914_BREW_UDUC_ils_shadow_fix1,BREW,UDUC,ils_shadow,ZHANG_USER_ILS_NAMED_RECOVERY,2024-07-17T00:22:00,BREW,USER_L1_SD_CONDITIONAL,0,,,,,,,0,1
r48u_20260914_BREW_UDUC_ils_shadow_fix1,BREW,UDUC,ils_shadow,ZHANG_USER_ILS_NAMED_RECOVERY,2024-07-17T00:22:30,BREW,USER_WL_SD,2,,,,,,,2,1
r48u_20260914_BREW_UDUC_ils_shadow_fix1,BREW,UDUC,ils_shadow,ZHANG_USER_ILS_NAMED_RECOVERY,2024-07-17T00:22:30,BREW,USER_L1_SD_CONDITIONAL,0,,,,,,,0,1
r48u_20260914_BREW_UDUC_ils_shadow_fix1,BREW,UDUC,ils_shadow,ZHANG_USER_ILS_NAMED_RECOVERY,2024-07-17T00:23:00,BREW,USER_WL_SD,2,,,,,,,2,1
r48u_20260914_BREW_UDUC_ils_shadow_fix1,BREW,UDUC,ils_shadow,ZHANG_USER_ILS_NAMED_RECOVERY,2024-07-17T00:23:00,BREW,USER_L1_SD_CONDITIONAL,0,,,,,,,0,1
r48u_20260914_BREW_UDUC_ils_shadow_fix1,BREW,UDUC,ils_shadow,ZHANG_USER_ILS_NAMED_RECOVERY,2024-07-17T00:23:30,BREW,USER_WL_SD,2,,,,,,,2,1
r48u_20260914_BREW_UDUC_ils_shadow_fix1,BREW,UDUC,ils_shadow,ZHANG_USER_ILS_NAMED_RECOVERY,2024-07-17T00:23:30,BREW,USER_L1_SD_CONDITIONAL,1,,,,,,,1,1
r48u_20260914_BREW_UDUC_ils_shadow_fix1,BREW,UDUC,ils_shadow,ZHANG_USER_ILS_NAMED_RECOVERY,2024-07-17T00:24:00,BREW,USER_WL_SD,2,,,,,,,2,1
r48u_20260914_BREW_UDUC_ils_shadow_fix1,BREW,UDUC,ils_shadow,ZHANG_USER_ILS_NAMED_RECOVERY,2024-07-17T00:24:00,BREW,USER_L1_SD_CONDITIONAL,1,,,,,,,0,1
r48u_20260914_BREW_UDUC_ils_shadow_fix1,BREW,UDUC,ils_shadow,ZHANG_USER_ILS_NAMED_RECOVERY,2024-07-17T00:24:30,BREW,USER_WL_SD,2,,,,,,,2,1
r48u_20260914_BREW_UDUC_ils_shadow_fix1,BREW,UDUC,ils_shadow,ZHANG_USER_ILS_NAMED_RECOVERY,2024-07-17T00:24:30,BREW,USER_L1_SD_CONDITIONAL,1,,,,,,,0,1
r48u_20260914_BREW_UDUC_ils_shadow_fix1,BREW,UDUC,ils_shadow,ZHANG_USER_ILS_NAMED_RECOVERY,2024-07-17T00:25:00,BREW,USER_WL_SD,2,,,,,,,2,1
r48u_20260914_BREW_UDUC_ils_shadow_fix1,BREW,UDUC,ils_shadow,ZHANG_USER_ILS_NAMED_RECOVERY,2024-07-17T00:25:00,BREW,USER_L1_SD_CONDITIONAL,1,,,,,,,0,1
r48u_20260914_BREW_UDUC_ils_shadow_fix1,BREW,UDUC,ils_shadow,ZHANG_USER_ILS_NAMED_RECOVERY,2024-07-17T00:25:30,BREW,USER_WL_SD,0,,,,,,,0,1
r48u_20260914_BREW_UDUC_ils_shadow_fix1,BREW,UDUC,ils_shadow,ZHANG_USER_ILS_NAMED_RECOVERY,2024-07-17T00:25:30,BREW,USER_L1_SD_CONDITIONAL,0,,,,,,,0,1
r48u_20260914_BREW_UDUC_ils_shadow_fix1,BREW,UDUC,ils_shadow,ZHANG_USER_ILS_NAMED_RECOVERY,2024-07-17T00:26:00,BREW,USER_WL_SD,2,,,,,,,2,1
r48u_20260914_BREW_UDUC_ils_shadow_fix1,BREW,UDUC,ils_shadow,ZHANG_USER_ILS_NAMED_RECOVERY,2024-07-17T00:26:00,BREW,USER_L1_SD_CONDITIONAL,1,,,,,,,0,1
r48u_20260914_BREW_UDUC_ils_shadow_fix1,BREW,UDUC,ils_shadow,ZHANG_USER_ILS_NAMED_RECOVERY,2024-07-17T00:26:30,BREW,USER_WL_SD,2,,,,,,,2,1
r48u_20260914_BREW_UDUC_ils_shadow_fix1,BREW,UDUC,ils_shadow,ZHANG_USER_ILS_NAMED_RECOVERY,2024-07-17T00:26:30,BREW,USER_L1_SD_CONDITIONAL,1,,,,,,,0,1
r48u_20260914_BREW_UDUC_ils_shadow_fix1,BREW,UDUC,ils_shadow,ZHANG_USER_ILS_NAMED_RECOVERY,2024-07-17T00:27:00,BREW,USER_WL_SD,1,,,,,,,1,1
r48u_20260914_BREW_UDUC_ils_shadow_fix1,BREW,UDUC,ils_shadow,ZHANG_USER_ILS_NAMED_RECOVERY,2024-07-17T00:27:00,BREW,USER_L1_SD_CONDITIONAL,1,,,,,,,1,1
r48u_20260914_BREW_UDUC_ils_shadow_fix1,BREW,UDUC,ils_shadow,ZHANG_USER_ILS_NAMED_RECOVERY,2024-07-17T00:27:30,BREW,USER_WL_SD,1,,,,,,,1,1
r48u_20260914_BREW_UDUC_ils_shadow_fix1,BREW,UDUC,ils_shadow,ZHANG_USER_ILS_NAMED_RECOVERY,2024-07-17T00:27:30,BREW,USER_L1_SD_CONDITIONAL,1,,,,,,,1,1
r48u_20260914_BREW_UDUC_ils_shadow_fix1,BREW,UDUC,ils_shadow,ZHANG_USER_ILS_NAMED_RECOVERY,2024-07-17T00:28:00,BREW,USER_WL_SD,1,,,,,,,1,1
r48u_20260914_BREW_UDUC_ils_shadow_fix1,BREW,UDUC,ils_shadow,ZHANG_USER_ILS_NAMED_RECOVERY,2024-07-17T00:28:00,BREW,USER_L1_SD_CONDITIONAL,1,,,,,,,1,1
r48u_20260914_BREW_UDUC_ils_shadow_fix1,BREW,UDUC,ils_shadow,ZHANG_USER_ILS_NAMED_RECOVERY,2024-07-17T00:28:30,BREW,USER_WL_SD,2,,,,,,,2,1
r48u_20260914_BREW_UDUC_ils_shadow_fix1,BREW,UDUC,ils_shadow,ZHANG_USER_ILS_NAMED_RECOVERY,2024-07-17T00:28:30,BREW,USER_L1_SD_CONDITIONAL,1,,,,,,,0,1
r48u_20260914_BREW_UDUC_ils_shadow_fix1,BREW,UDUC,ils_shadow,ZHANG_USER_ILS_NAMED_RECOVERY,2024-07-17T00:29:00,BREW,USER_WL_SD,2,,,,,,,2,1
r48u_20260914_BREW_UDUC_ils_shadow_fix1,BREW,UDUC,ils_shadow,ZHANG_USER_ILS_NAMED_RECOVERY,2024-07-17T00:29:00,BREW,USER_L1_SD_CONDITIONAL,1,,,,,,,0,1
r48u_20260914_BREW_UDUC_ils_shadow_fix1,BREW,UDUC,ils_shadow,ZHANG_USER_ILS_NAMED_RECOVERY,2024-07-17T00:29:30,BREW,USER_WL_SD,2,,,,,,,2,1
r48u_20260914_BREW_UDUC_ils_shadow_fix1,BREW,UDUC,ils_shadow,ZHANG_USER_ILS_NAMED_RECOVERY,2024-07-17T00:29:30,BREW,USER_L1_SD_CONDITIONAL,1,,,,,,,0,1
r48u_20260914_BREW_UDUC_ils_shadow_fix1,BREW,UDUC,ils_shadow,ZHANG_USER_ILS_NAMED_RECOVERY,2024-07-17T00:30:00,BREW,USER_WL_SD,2,,,,,,,2,1
r48u_20260914_BREW_UDUC_ils_shadow_fix1,BREW,UDUC,ils_shadow,ZHANG_USER_ILS_NAMED_RECOVERY,2024-07-17T00:30:00,BREW,USER_L1_SD_CONDITIONAL,1,,,,,,,0,1
r48u_20260914_BREW_UDUC_ils_feedback_fix1,BREW,UDUC,ils_feedback,ZHANG_USER_ILS_RELATIONS,2024-07-17T00:11:30,BREW,USER_WL_SD,0,1,1,0,,,,,
r48u_20260914_BREW_UDUC_ils_feedback_fix1,BREW,UDUC,ils_feedback,ZHANG_USER_ILS_RELATIONS,2024-07-17T00:12:00,BREW,USER_WL_SD,0,1,1,0,,,,,
r48u_20260914_BREW_UDUC_ils_feedback_fix1,BREW,UDUC,ils_feedback,ZHANG_USER_ILS_RELATIONS,2024-07-17T00:12:30,BREW,USER_WL_SD,0,1,1,0,,,,,
r48u_20260914_BREW_UDUC_ils_feedback_fix1,BREW,UDUC,ils_feedback,ZHANG_USER_ILS_RELATIONS,2024-07-17T00:13:00,BREW,USER_WL_SD,0,1,1,0,,,,,
r48u_20260914_BREW_UDUC_ils_feedback_fix1,BREW,UDUC,ils_feedback,ZHANG_USER_ILS_RELATIONS,2024-07-17T00:13:30,BREW,USER_WL_SD,0,1,1,0,,,,,
r48u_20260914_BREW_UDUC_ils_feedback_fix1,BREW,UDUC,ils_feedback,ZHANG_USER_ILS_RELATIONS,2024-07-17T00:14:00,BREW,USER_WL_SD,0,1,1,0,,,,,
r48u_20260914_BREW_UDUC_ils_feedback_fix1,BREW,UDUC,ils_feedback,ZHANG_USER_ILS_RELATIONS,2024-07-17T00:14:30,BREW,USER_WL_SD,0,1,1,0,,,,,
r48u_20260914_BREW_UDUC_ils_feedback_fix1,BREW,UDUC,ils_feedback,ZHANG_USER_ILS_RELATIONS,2024-07-17T00:15:00,BREW,USER_WL_SD,0,1,1,0,,,,,
r48u_20260914_BREW_UDUC_ils_feedback_fix1,BREW,UDUC,ils_feedback,ZHANG_USER_ILS_RELATIONS,2024-07-17T00:15:30,BREW,USER_WL_SD,0,1,1,0,,,,,
r48u_20260914_BREW_UDUC_ils_feedback_fix1,BREW,UDUC,ils_feedback,ZHANG_USER_ILS_RELATIONS,2024-07-17T00:16:00,BREW,USER_WL_SD,0,1,1,0,,,,,
r48u_20260914_BREW_UDUC_ils_feedback_fix1,BREW,UDUC,ils_feedback,ZHANG_USER_ILS_RELATIONS,2024-07-17T00:16:30,BREW,USER_WL_SD,0,1,1,0,,,,,
r48u_20260914_BREW_UDUC_ils_feedback_fix1,BREW,UDUC,ils_feedback,ZHANG_USER_ILS_RELATIONS,2024-07-17T00:17:00,BREW,USER_WL_SD,1,3,1,0,,,,,
r48u_20260914_BREW_UDUC_ils_feedback_fix1,BREW,UDUC,ils_feedback,ZHANG_USER_ILS_RELATIONS,2024-07-17T00:17:00,BREW,USER_L1_SD_CONDITIONAL,0,3,1,0,,,,,
r48u_20260914_BREW_UDUC_ils_feedback_fix1,BREW,UDUC,ils_feedback,ZHANG_USER_ILS_RELATIONS,2024-07-17T00:17:30,BREW,USER_WL_SD,0,3,1,0,,,,,
r48u_20260914_BREW_UDUC_ils_feedback_fix1,BREW,UDUC,ils_feedback,ZHANG_USER_ILS_RELATIONS,2024-07-17T00:17:30,BREW,USER_L1_SD_CONDITIONAL,0,3,1,0,,,,,
r48u_20260914_BREW_UDUC_ils_feedback_fix1,BREW,UDUC,ils_feedback,ZHANG_USER_ILS_RELATIONS,2024-07-17T00:18:00,BREW,USER_WL_SD,0,3,1,0,,,,,
r48u_20260914_BREW_UDUC_ils_feedback_fix1,BREW,UDUC,ils_feedback,ZHANG_USER_ILS_RELATIONS,2024-07-17T00:18:00,BREW,USER_L1_SD_CONDITIONAL,0,3,1,0,,,,,
r48u_20260914_BREW_UDUC_ils_feedback_fix1,BREW,UDUC,ils_feedback,ZHANG_USER_ILS_RELATIONS,2024-07-17T00:18:30,BREW,USER_WL_SD,0,3,1,0,,,,,
r48u_20260914_BREW_UDUC_ils_feedback_fix1,BREW,UDUC,ils_feedback,ZHANG_USER_ILS_RELATIONS,2024-07-17T00:18:30,BREW,USER_L1_SD_CONDITIONAL,0,3,1,0,,,,,
r48u_20260914_BREW_UDUC_ils_feedback_fix1,BREW,UDUC,ils_feedback,ZHANG_USER_ILS_RELATIONS,2024-07-17T00:19:00,BREW,USER_WL_SD,0,3,1,0,,,,,
r48u_20260914_BREW_UDUC_ils_feedback_fix1,BREW,UDUC,ils_feedback,ZHANG_USER_ILS_RELATIONS,2024-07-17T00:19:00,BREW,USER_L1_SD_CONDITIONAL,0,3,1,0,,,,,
r48u_20260914_BREW_UDUC_ils_feedback_fix1,BREW,UDUC,ils_feedback,ZHANG_USER_ILS_RELATIONS,2024-07-17T00:19:30,BREW,USER_WL_SD,0,3,1,0,,,,,
r48u_20260914_BREW_UDUC_ils_feedback_fix1,BREW,UDUC,ils_feedback,ZHANG_USER_ILS_RELATIONS,2024-07-17T00:19:30,BREW,USER_L1_SD_CONDITIONAL,0,3,1,0,,,,,
r48u_20260914_BREW_UDUC_ils_feedback_fix1,BREW,UDUC,ils_feedback,ZHANG_USER_ILS_RELATIONS,2024-07-17T00:20:00,BREW,USER_WL_SD,0,3,1,0,,,,,
r48u_20260914_BREW_UDUC_ils_feedback_fix1,BREW,UDUC,ils_feedback,ZHANG_USER_ILS_RELATIONS,2024-07-17T00:20:00,BREW,USER_L1_SD_CONDITIONAL,0,3,1,0,,,,,
r48u_20260914_BREW_UDUC_ils_feedback_fix1,BREW,UDUC,ils_feedback,ZHANG_USER_ILS_RELATIONS,2024-07-17T00:20:30,BREW,USER_WL_SD,0,4,1,0,,,,,
r48u_20260914_BREW_UDUC_ils_feedback_fix1,BREW,UDUC,ils_feedback,ZHANG_USER_ILS_RELATIONS,2024-07-17T00:20:30,BREW,USER_L1_SD_CONDITIONAL,0,4,1,0,,,,,
r48u_20260914_BREW_UDUC_ils_feedback_fix1,BREW,UDUC,ils_feedback,ZHANG_USER_ILS_RELATIONS,2024-07-17T00:21:00,BREW,USER_WL_SD,0,3,1,0,,,,,
r48u_20260914_BREW_UDUC_ils_feedback_fix1,BREW,UDUC,ils_feedback,ZHANG_USER_ILS_RELATIONS,2024-07-17T00:21:00,BREW,USER_L1_SD_CONDITIONAL,0,3,1,0,,,,,
r48u_20260914_BREW_UDUC_ils_feedback_fix1,BREW,UDUC,ils_feedback,ZHANG_USER_ILS_RELATIONS,2024-07-17T00:21:30,BREW,USER_WL_SD,0,3,1,0,,,,,
r48u_20260914_BREW_UDUC_ils_feedback_fix1,BREW,UDUC,ils_feedback,ZHANG_USER_ILS_RELATIONS,2024-07-17T00:21:30,BREW,USER_L1_SD_CONDITIONAL,0,3,1,0,,,,,
r48u_20260914_BREW_UDUC_ils_feedback_fix1,BREW,UDUC,ils_feedback,ZHANG_USER_ILS_RELATIONS,2024-07-17T00:22:00,BREW,USER_WL_SD,0,4,1,0,,,,,
r48u_20260914_BREW_UDUC_ils_feedback_fix1,BREW,UDUC,ils_feedback,ZHANG_USER_ILS_RELATIONS,2024-07-17T00:22:00,BREW,USER_L1_SD_CONDITIONAL,0,4,1,0,,,,,
r48u_20260914_BREW_UDUC_ils_feedback_fix1,BREW,UDUC,ils_feedback,ZHANG_USER_ILS_RELATIONS,2024-07-17T00:22:30,BREW,USER_WL_SD,0,4,1,0,,,,,
r48u_20260914_BREW_UDUC_ils_feedback_fix1,BREW,UDUC,ils_feedback,ZHANG_USER_ILS_RELATIONS,2024-07-17T00:22:30,BREW,USER_L1_SD_CONDITIONAL,0,4,1,0,,,,,
r48u_20260914_BREW_UDUC_ils_feedback_fix1,BREW,UDUC,ils_feedback,ZHANG_USER_ILS_RELATIONS,2024-07-17T00:23:00,BREW,USER_WL_SD,0,4,1,0,,,,,
r48u_20260914_BREW_UDUC_ils_feedback_fix1,BREW,UDUC,ils_feedback,ZHANG_USER_ILS_RELATIONS,2024-07-17T00:23:00,BREW,USER_L1_SD_CONDITIONAL,0,4,1,0,,,,,
r48u_20260914_BREW_UDUC_ils_feedback_fix1,BREW,UDUC,ils_feedback,ZHANG_USER_ILS_RELATIONS,2024-07-17T00:23:30,BREW,USER_WL_SD,0,3,1,0,,,,,
r48u_20260914_BREW_UDUC_ils_feedback_fix1,BREW,UDUC,ils_feedback,ZHANG_USER_ILS_RELATIONS,2024-07-17T00:23:30,BREW,USER_L1_SD_CONDITIONAL,0,3,1,0,,,,,
r48u_20260914_BREW_UDUC_ils_feedback_fix1,BREW,UDUC,ils_feedback,ZHANG_USER_ILS_RELATIONS,2024-07-17T00:24:00,BREW,USER_WL_SD,0,4,1,0,,,,,
r48u_20260914_BREW_UDUC_ils_feedback_fix1,BREW,UDUC,ils_feedback,ZHANG_USER_ILS_RELATIONS,2024-07-17T00:24:00,BREW,USER_L1_SD_CONDITIONAL,0,4,1,0,,,,,
r48u_20260914_BREW_UDUC_ils_feedback_fix1,BREW,UDUC,ils_feedback,ZHANG_USER_ILS_RELATIONS,2024-07-17T00:24:30,BREW,USER_WL_SD,0,4,1,0,,,,,
r48u_20260914_BREW_UDUC_ils_feedback_fix1,BREW,UDUC,ils_feedback,ZHANG_USER_ILS_RELATIONS,2024-07-17T00:24:30,BREW,USER_L1_SD_CONDITIONAL,0,4,1,0,,,,,
r48u_20260914_BREW_UDUC_ils_feedback_fix1,BREW,UDUC,ils_feedback,ZHANG_USER_ILS_RELATIONS,2024-07-17T00:25:00,BREW,USER_WL_SD,1,4,1,0,,,,,
r48u_20260914_BREW_UDUC_ils_feedback_fix1,BREW,UDUC,ils_feedback,ZHANG_USER_ILS_RELATIONS,2024-07-17T00:25:00,BREW,USER_L1_SD_CONDITIONAL,1,4,1,0,,,,,
r48u_20260914_BREW_UDUC_ils_feedback_fix1,BREW,UDUC,ils_feedback,ZHANG_USER_ILS_RELATIONS,2024-07-17T00:25:30,BREW,USER_WL_SD,0,1,1,0,,,,,
r48u_20260914_BREW_UDUC_ils_feedback_fix1,BREW,UDUC,ils_feedback,ZHANG_USER_ILS_RELATIONS,2024-07-17T00:26:00,BREW,USER_WL_SD,0,3,1,0,,,,,
r48u_20260914_BREW_UDUC_ils_feedback_fix1,BREW,UDUC,ils_feedback,ZHANG_USER_ILS_RELATIONS,2024-07-17T00:26:30,BREW,USER_WL_SD,0,3,1,0,,,,,
r48u_20260914_BREW_UDUC_ils_feedback_fix1,BREW,UDUC,ils_feedback,ZHANG_USER_ILS_RELATIONS,2024-07-17T00:27:00,BREW,USER_WL_SD,0,2,1,0,,,,,
r48u_20260914_BREW_UDUC_ils_feedback_fix1,BREW,UDUC,ils_feedback,ZHANG_USER_ILS_RELATIONS,2024-07-17T00:27:30,BREW,USER_WL_SD,0,2,1,0,,,,,
r48u_20260914_BREW_UDUC_ils_feedback_fix1,BREW,UDUC,ils_feedback,ZHANG_USER_ILS_RELATIONS,2024-07-17T00:28:00,BREW,USER_WL_SD,0,2,1,0,,,,,
r48u_20260914_BREW_UDUC_ils_feedback_fix1,BREW,UDUC,ils_feedback,ZHANG_USER_ILS_RELATIONS,2024-07-17T00:28:30,BREW,USER_WL_SD,0,3,1,0,,,,,
r48u_20260914_BREW_UDUC_ils_feedback_fix1,BREW,UDUC,ils_feedback,ZHANG_USER_ILS_RELATIONS,2024-07-17T00:29:00,BREW,USER_WL_SD,0,3,1,0,,,,,
r48u_20260914_BREW_UDUC_ils_feedback_fix1,BREW,UDUC,ils_feedback,ZHANG_USER_ILS_RELATIONS,2024-07-17T00:29:30,BREW,USER_WL_SD,0,3,1,0,,,,,
r48u_20260914_BREW_UDUC_ils_feedback_fix1,BREW,UDUC,ils_feedback,ZHANG_USER_ILS_RELATIONS,2024-07-17T00:30:00,BREW,USER_WL_SD,0,3,1,0,,,,,
r48u_20260914_BREW_UDUC_ils_feedback_fix1,BREW,UDUC,ils_feedback,ZHANG_USER_ILS_ROW,2024-07-17T00:17:00,BREW,USER_WL_SD,,,,,0,-73,0 0 1,,
r48u_20260914_BREW_UDUC_ils_feedback_fix1,BREW,UDUC,ils_feedback,ZHANG_USER_ILS_ROW,2024-07-17T00:25:00,BREW,USER_WL_SD,,,,,0,-19,1 0 0 0,,
r48u_20260914_BREW_UDUC_ils_feedback_fix1,BREW,UDUC,ils_feedback,ZHANG_USER_ILS_ROW,2024-07-17T00:25:00,BREW,USER_L1_SD_CONDITIONAL,,,,,0,-18,1 0 0 0,,
r48u_20260914_BREW_UDUC_ils_feedback_fix1,BREW,UDUC,ils_feedback,ZHANG_USER_ILS_NAMED_RECOVERY,2024-07-17T00:11:30,BREW,USER_WL_SD,0,,,,,,,0,1
r48u_20260914_BREW_UDUC_ils_feedback_fix1,BREW,UDUC,ils_feedback,ZHANG_USER_ILS_NAMED_RECOVERY,2024-07-17T00:12:00,BREW,USER_WL_SD,0,,,,,,,0,1
r48u_20260914_BREW_UDUC_ils_feedback_fix1,BREW,UDUC,ils_feedback,ZHANG_USER_ILS_NAMED_RECOVERY,2024-07-17T00:12:30,BREW,USER_WL_SD,0,,,,,,,0,1
r48u_20260914_BREW_UDUC_ils_feedback_fix1,BREW,UDUC,ils_feedback,ZHANG_USER_ILS_NAMED_RECOVERY,2024-07-17T00:13:00,BREW,USER_WL_SD,0,,,,,,,0,1
r48u_20260914_BREW_UDUC_ils_feedback_fix1,BREW,UDUC,ils_feedback,ZHANG_USER_ILS_NAMED_RECOVERY,2024-07-17T00:13:30,BREW,USER_WL_SD,0,,,,,,,0,1
r48u_20260914_BREW_UDUC_ils_feedback_fix1,BREW,UDUC,ils_feedback,ZHANG_USER_ILS_NAMED_RECOVERY,2024-07-17T00:14:00,BREW,USER_WL_SD,0,,,,,,,0,1
r48u_20260914_BREW_UDUC_ils_feedback_fix1,BREW,UDUC,ils_feedback,ZHANG_USER_ILS_NAMED_RECOVERY,2024-07-17T00:14:30,BREW,USER_WL_SD,0,,,,,,,0,1
r48u_20260914_BREW_UDUC_ils_feedback_fix1,BREW,UDUC,ils_feedback,ZHANG_USER_ILS_NAMED_RECOVERY,2024-07-17T00:15:00,BREW,USER_WL_SD,0,,,,,,,0,1
r48u_20260914_BREW_UDUC_ils_feedback_fix1,BREW,UDUC,ils_feedback,ZHANG_USER_ILS_NAMED_RECOVERY,2024-07-17T00:15:30,BREW,USER_WL_SD,0,,,,,,,0,1
r48u_20260914_BREW_UDUC_ils_feedback_fix1,BREW,UDUC,ils_feedback,ZHANG_USER_ILS_NAMED_RECOVERY,2024-07-17T00:16:00,BREW,USER_WL_SD,0,,,,,,,0,1
r48u_20260914_BREW_UDUC_ils_feedback_fix1,BREW,UDUC,ils_feedback,ZHANG_USER_ILS_NAMED_RECOVERY,2024-07-17T00:16:30,BREW,USER_WL_SD,0,,,,,,,0,1
r48u_20260914_BREW_UDUC_ils_feedback_fix1,BREW,UDUC,ils_feedback,ZHANG_USER_ILS_NAMED_RECOVERY,2024-07-17T00:17:00,BREW,USER_WL_SD,1,,,,,,,1,1
r48u_20260914_BREW_UDUC_ils_feedback_fix1,BREW,UDUC,ils_feedback,ZHANG_USER_ILS_NAMED_RECOVERY,2024-07-17T00:17:00,BREW,USER_L1_SD_CONDITIONAL,0,,,,,,,0,1
r48u_20260914_BREW_UDUC_ils_feedback_fix1,BREW,UDUC,ils_feedback,ZHANG_USER_ILS_NAMED_RECOVERY,2024-07-17T00:17:30,BREW,USER_WL_SD,0,,,,,,,0,1
r48u_20260914_BREW_UDUC_ils_feedback_fix1,BREW,UDUC,ils_feedback,ZHANG_USER_ILS_NAMED_RECOVERY,2024-07-17T00:17:30,BREW,USER_L1_SD_CONDITIONAL,0,,,,,,,0,1
r48u_20260914_BREW_UDUC_ils_feedback_fix1,BREW,UDUC,ils_feedback,ZHANG_USER_ILS_NAMED_RECOVERY,2024-07-17T00:18:00,BREW,USER_WL_SD,0,,,,,,,0,1
r48u_20260914_BREW_UDUC_ils_feedback_fix1,BREW,UDUC,ils_feedback,ZHANG_USER_ILS_NAMED_RECOVERY,2024-07-17T00:18:00,BREW,USER_L1_SD_CONDITIONAL,0,,,,,,,0,1
r48u_20260914_BREW_UDUC_ils_feedback_fix1,BREW,UDUC,ils_feedback,ZHANG_USER_ILS_NAMED_RECOVERY,2024-07-17T00:18:30,BREW,USER_WL_SD,0,,,,,,,0,1
r48u_20260914_BREW_UDUC_ils_feedback_fix1,BREW,UDUC,ils_feedback,ZHANG_USER_ILS_NAMED_RECOVERY,2024-07-17T00:18:30,BREW,USER_L1_SD_CONDITIONAL,0,,,,,,,0,1
r48u_20260914_BREW_UDUC_ils_feedback_fix1,BREW,UDUC,ils_feedback,ZHANG_USER_ILS_NAMED_RECOVERY,2024-07-17T00:19:00,BREW,USER_WL_SD,0,,,,,,,0,1
r48u_20260914_BREW_UDUC_ils_feedback_fix1,BREW,UDUC,ils_feedback,ZHANG_USER_ILS_NAMED_RECOVERY,2024-07-17T00:19:00,BREW,USER_L1_SD_CONDITIONAL,0,,,,,,,0,1
r48u_20260914_BREW_UDUC_ils_feedback_fix1,BREW,UDUC,ils_feedback,ZHANG_USER_ILS_NAMED_RECOVERY,2024-07-17T00:19:30,BREW,USER_WL_SD,0,,,,,,,0,1
r48u_20260914_BREW_UDUC_ils_feedback_fix1,BREW,UDUC,ils_feedback,ZHANG_USER_ILS_NAMED_RECOVERY,2024-07-17T00:19:30,BREW,USER_L1_SD_CONDITIONAL,0,,,,,,,0,1
r48u_20260914_BREW_UDUC_ils_feedback_fix1,BREW,UDUC,ils_feedback,ZHANG_USER_ILS_NAMED_RECOVERY,2024-07-17T00:20:00,BREW,USER_WL_SD,0,,,,,,,0,1
r48u_20260914_BREW_UDUC_ils_feedback_fix1,BREW,UDUC,ils_feedback,ZHANG_USER_ILS_NAMED_RECOVERY,2024-07-17T00:20:00,BREW,USER_L1_SD_CONDITIONAL,0,,,,,,,0,1
r48u_20260914_BREW_UDUC_ils_feedback_fix1,BREW,UDUC,ils_feedback,ZHANG_USER_ILS_NAMED_RECOVERY,2024-07-17T00:20:30,BREW,USER_WL_SD,0,,,,,,,0,1
r48u_20260914_BREW_UDUC_ils_feedback_fix1,BREW,UDUC,ils_feedback,ZHANG_USER_ILS_NAMED_RECOVERY,2024-07-17T00:20:30,BREW,USER_L1_SD_CONDITIONAL,0,,,,,,,0,1
r48u_20260914_BREW_UDUC_ils_feedback_fix1,BREW,UDUC,ils_feedback,ZHANG_USER_ILS_NAMED_RECOVERY,2024-07-17T00:21:00,BREW,USER_WL_SD,0,,,,,,,0,1
r48u_20260914_BREW_UDUC_ils_feedback_fix1,BREW,UDUC,ils_feedback,ZHANG_USER_ILS_NAMED_RECOVERY,2024-07-17T00:21:00,BREW,USER_L1_SD_CONDITIONAL,0,,,,,,,0,1
r48u_20260914_BREW_UDUC_ils_feedback_fix1,BREW,UDUC,ils_feedback,ZHANG_USER_ILS_NAMED_RECOVERY,2024-07-17T00:21:30,BREW,USER_WL_SD,0,,,,,,,0,1
r48u_20260914_BREW_UDUC_ils_feedback_fix1,BREW,UDUC,ils_feedback,ZHANG_USER_ILS_NAMED_RECOVERY,2024-07-17T00:21:30,BREW,USER_L1_SD_CONDITIONAL,0,,,,,,,0,1
r48u_20260914_BREW_UDUC_ils_feedback_fix1,BREW,UDUC,ils_feedback,ZHANG_USER_ILS_NAMED_RECOVERY,2024-07-17T00:22:00,BREW,USER_WL_SD,0,,,,,,,0,1
r48u_20260914_BREW_UDUC_ils_feedback_fix1,BREW,UDUC,ils_feedback,ZHANG_USER_ILS_NAMED_RECOVERY,2024-07-17T00:22:00,BREW,USER_L1_SD_CONDITIONAL,0,,,,,,,0,1
r48u_20260914_BREW_UDUC_ils_feedback_fix1,BREW,UDUC,ils_feedback,ZHANG_USER_ILS_NAMED_RECOVERY,2024-07-17T00:22:30,BREW,USER_WL_SD,0,,,,,,,0,1
r48u_20260914_BREW_UDUC_ils_feedback_fix1,BREW,UDUC,ils_feedback,ZHANG_USER_ILS_NAMED_RECOVERY,2024-07-17T00:22:30,BREW,USER_L1_SD_CONDITIONAL,0,,,,,,,0,1
r48u_20260914_BREW_UDUC_ils_feedback_fix1,BREW,UDUC,ils_feedback,ZHANG_USER_ILS_NAMED_RECOVERY,2024-07-17T00:23:00,BREW,USER_WL_SD,0,,,,,,,0,1
r48u_20260914_BREW_UDUC_ils_feedback_fix1,BREW,UDUC,ils_feedback,ZHANG_USER_ILS_NAMED_RECOVERY,2024-07-17T00:23:00,BREW,USER_L1_SD_CONDITIONAL,0,,,,,,,0,1
r48u_20260914_BREW_UDUC_ils_feedback_fix1,BREW,UDUC,ils_feedback,ZHANG_USER_ILS_NAMED_RECOVERY,2024-07-17T00:23:30,BREW,USER_WL_SD,0,,,,,,,0,1
r48u_20260914_BREW_UDUC_ils_feedback_fix1,BREW,UDUC,ils_feedback,ZHANG_USER_ILS_NAMED_RECOVERY,2024-07-17T00:23:30,BREW,USER_L1_SD_CONDITIONAL,0,,,,,,,0,1
r48u_20260914_BREW_UDUC_ils_feedback_fix1,BREW,UDUC,ils_feedback,ZHANG_USER_ILS_NAMED_RECOVERY,2024-07-17T00:24:00,BREW,USER_WL_SD,0,,,,,,,0,1
r48u_20260914_BREW_UDUC_ils_feedback_fix1,BREW,UDUC,ils_feedback,ZHANG_USER_ILS_NAMED_RECOVERY,2024-07-17T00:24:00,BREW,USER_L1_SD_CONDITIONAL,0,,,,,,,0,1
r48u_20260914_BREW_UDUC_ils_feedback_fix1,BREW,UDUC,ils_feedback,ZHANG_USER_ILS_NAMED_RECOVERY,2024-07-17T00:24:30,BREW,USER_WL_SD,0,,,,,,,0,1
r48u_20260914_BREW_UDUC_ils_feedback_fix1,BREW,UDUC,ils_feedback,ZHANG_USER_ILS_NAMED_RECOVERY,2024-07-17T00:24:30,BREW,USER_L1_SD_CONDITIONAL,0,,,,,,,0,1
r48u_20260914_BREW_UDUC_ils_feedback_fix1,BREW,UDUC,ils_feedback,ZHANG_USER_ILS_NAMED_RECOVERY,2024-07-17T00:25:00,BREW,USER_WL_SD,1,,,,,,,1,1
r48u_20260914_BREW_UDUC_ils_feedback_fix1,BREW,UDUC,ils_feedback,ZHANG_USER_ILS_NAMED_RECOVERY,2024-07-17T00:25:00,BREW,USER_L1_SD_CONDITIONAL,1,,,,,,,1,1
r48u_20260914_BREW_UDUC_ils_feedback_fix1,BREW,UDUC,ils_feedback,ZHANG_USER_ILS_NAMED_RECOVERY,2024-07-17T00:25:30,BREW,USER_WL_SD,0,,,,,,,0,1
r48u_20260914_BREW_UDUC_ils_feedback_fix1,BREW,UDUC,ils_feedback,ZHANG_USER_ILS_NAMED_RECOVERY,2024-07-17T00:26:00,BREW,USER_WL_SD,0,,,,,,,0,1
r48u_20260914_BREW_UDUC_ils_feedback_fix1,BREW,UDUC,ils_feedback,ZHANG_USER_ILS_NAMED_RECOVERY,2024-07-17T00:26:30,BREW,USER_WL_SD,0,,,,,,,0,1
r48u_20260914_BREW_UDUC_ils_feedback_fix1,BREW,UDUC,ils_feedback,ZHANG_USER_ILS_NAMED_RECOVERY,2024-07-17T00:27:00,BREW,USER_WL_SD,0,,,,,,,0,1
r48u_20260914_BREW_UDUC_ils_feedback_fix1,BREW,UDUC,ils_feedback,ZHANG_USER_ILS_NAMED_RECOVERY,2024-07-17T00:27:30,BREW,USER_WL_SD,0,,,,,,,0,1
r48u_20260914_BREW_UDUC_ils_feedback_fix1,BREW,UDUC,ils_feedback,ZHANG_USER_ILS_NAMED_RECOVERY,2024-07-17T00:28:00,BREW,USER_WL_SD,0,,,,,,,0,1
r48u_20260914_BREW_UDUC_ils_feedback_fix1,BREW,UDUC,ils_feedback,ZHANG_USER_ILS_NAMED_RECOVERY,2024-07-17T00:28:30,BREW,USER_WL_SD,0,,,,,,,0,1
r48u_20260914_BREW_UDUC_ils_feedback_fix1,BREW,UDUC,ils_feedback,ZHANG_USER_ILS_NAMED_RECOVERY,2024-07-17T00:29:00,BREW,USER_WL_SD,0,,,,,,,0,1
r48u_20260914_BREW_UDUC_ils_feedback_fix1,BREW,UDUC,ils_feedback,ZHANG_USER_ILS_NAMED_RECOVERY,2024-07-17T00:29:30,BREW,USER_WL_SD,0,,,,,,,0,1
r48u_20260914_BREW_UDUC_ils_feedback_fix1,BREW,UDUC,ils_feedback,ZHANG_USER_ILS_NAMED_RECOVERY,2024-07-17T00:30:00,BREW,USER_WL_SD,0,,,,,,,0,1
r48u_20260914_MARS_UDUC_ils_shadow_fix1,MARS,UDUC,ils_shadow,ZHANG_USER_ILS_RELATIONS,2024-07-17T00:10:30,MARS,USER_WL_SD,1,4,1,0,,,,,
r48u_20260914_MARS_UDUC_ils_shadow_fix1,MARS,UDUC,ils_shadow,ZHANG_USER_ILS_RELATIONS,2024-07-17T00:10:30,MARS,USER_L1_SD_CONDITIONAL,0,4,1,0,,,,,
r48u_20260914_MARS_UDUC_ils_shadow_fix1,MARS,UDUC,ils_shadow,ZHANG_USER_ILS_RELATIONS,2024-07-17T00:17:00,MARS,USER_WL_SD,2,4,1,0,,,,,
r48u_20260914_MARS_UDUC_ils_shadow_fix1,MARS,UDUC,ils_shadow,ZHANG_USER_ILS_RELATIONS,2024-07-17T00:17:00,MARS,USER_L1_SD_CONDITIONAL,0,4,1,0,,,,,
r48u_20260914_MARS_UDUC_ils_shadow_fix1,MARS,UDUC,ils_shadow,ZHANG_USER_ILS_RELATIONS,2024-07-17T00:17:30,MARS,USER_WL_SD,2,4,1,0,,,,,
r48u_20260914_MARS_UDUC_ils_shadow_fix1,MARS,UDUC,ils_shadow,ZHANG_USER_ILS_RELATIONS,2024-07-17T00:17:30,MARS,USER_L1_SD_CONDITIONAL,0,4,1,0,,,,,
r48u_20260914_MARS_UDUC_ils_shadow_fix1,MARS,UDUC,ils_shadow,ZHANG_USER_ILS_RELATIONS,2024-07-17T00:18:00,MARS,USER_WL_SD,3,4,1,0,,,,,
r48u_20260914_MARS_UDUC_ils_shadow_fix1,MARS,UDUC,ils_shadow,ZHANG_USER_ILS_RELATIONS,2024-07-17T00:18:00,MARS,USER_L1_SD_CONDITIONAL,0,4,1,0,,,,,
r48u_20260914_MARS_UDUC_ils_shadow_fix1,MARS,UDUC,ils_shadow,ZHANG_USER_ILS_RELATIONS,2024-07-17T00:18:30,MARS,USER_WL_SD,3,4,1,0,,,,,
r48u_20260914_MARS_UDUC_ils_shadow_fix1,MARS,UDUC,ils_shadow,ZHANG_USER_ILS_RELATIONS,2024-07-17T00:18:30,MARS,USER_L1_SD_CONDITIONAL,0,4,1,0,,,,,
r48u_20260914_MARS_UDUC_ils_shadow_fix1,MARS,UDUC,ils_shadow,ZHANG_USER_ILS_RELATIONS,2024-07-17T00:19:00,MARS,USER_WL_SD,3,4,1,0,,,,,
r48u_20260914_MARS_UDUC_ils_shadow_fix1,MARS,UDUC,ils_shadow,ZHANG_USER_ILS_RELATIONS,2024-07-17T00:19:00,MARS,USER_L1_SD_CONDITIONAL,0,4,1,0,,,,,
r48u_20260914_MARS_UDUC_ils_shadow_fix1,MARS,UDUC,ils_shadow,ZHANG_USER_ILS_RELATIONS,2024-07-17T00:19:30,MARS,USER_WL_SD,3,4,1,0,,,,,
r48u_20260914_MARS_UDUC_ils_shadow_fix1,MARS,UDUC,ils_shadow,ZHANG_USER_ILS_RELATIONS,2024-07-17T00:19:30,MARS,USER_L1_SD_CONDITIONAL,0,4,1,0,,,,,
r48u_20260914_MARS_UDUC_ils_shadow_fix1,MARS,UDUC,ils_shadow,ZHANG_USER_ILS_RELATIONS,2024-07-17T00:20:00,MARS,USER_WL_SD,3,4,1,0,,,,,
r48u_20260914_MARS_UDUC_ils_shadow_fix1,MARS,UDUC,ils_shadow,ZHANG_USER_ILS_RELATIONS,2024-07-17T00:20:00,MARS,USER_L1_SD_CONDITIONAL,0,4,1,0,,,,,
r48u_20260914_MARS_UDUC_ils_shadow_fix1,MARS,UDUC,ils_shadow,ZHANG_USER_ILS_RELATIONS,2024-07-17T00:20:30,MARS,USER_WL_SD,3,5,1,0,,,,,
r48u_20260914_MARS_UDUC_ils_shadow_fix1,MARS,UDUC,ils_shadow,ZHANG_USER_ILS_RELATIONS,2024-07-17T00:20:30,MARS,USER_L1_SD_CONDITIONAL,0,5,1,0,,,,,
r48u_20260914_MARS_UDUC_ils_shadow_fix1,MARS,UDUC,ils_shadow,ZHANG_USER_ILS_RELATIONS,2024-07-17T00:21:00,MARS,USER_WL_SD,3,4,1,0,,,,,
r48u_20260914_MARS_UDUC_ils_shadow_fix1,MARS,UDUC,ils_shadow,ZHANG_USER_ILS_RELATIONS,2024-07-17T00:21:00,MARS,USER_L1_SD_CONDITIONAL,0,4,1,0,,,,,
r48u_20260914_MARS_UDUC_ils_shadow_fix1,MARS,UDUC,ils_shadow,ZHANG_USER_ILS_RELATIONS,2024-07-17T00:21:30,MARS,USER_WL_SD,3,5,1,0,,,,,
r48u_20260914_MARS_UDUC_ils_shadow_fix1,MARS,UDUC,ils_shadow,ZHANG_USER_ILS_RELATIONS,2024-07-17T00:21:30,MARS,USER_L1_SD_CONDITIONAL,0,5,1,0,,,,,
r48u_20260914_MARS_UDUC_ils_shadow_fix1,MARS,UDUC,ils_shadow,ZHANG_USER_ILS_RELATIONS,2024-07-17T00:22:00,MARS,USER_WL_SD,3,5,1,0,,,,,
r48u_20260914_MARS_UDUC_ils_shadow_fix1,MARS,UDUC,ils_shadow,ZHANG_USER_ILS_RELATIONS,2024-07-17T00:22:00,MARS,USER_L1_SD_CONDITIONAL,0,5,1,0,,,,,
r48u_20260914_MARS_UDUC_ils_shadow_fix1,MARS,UDUC,ils_shadow,ZHANG_USER_ILS_RELATIONS,2024-07-17T00:22:30,MARS,USER_WL_SD,3,5,1,0,,,,,
r48u_20260914_MARS_UDUC_ils_shadow_fix1,MARS,UDUC,ils_shadow,ZHANG_USER_ILS_RELATIONS,2024-07-17T00:22:30,MARS,USER_L1_SD_CONDITIONAL,0,5,1,0,,,,,
r48u_20260914_MARS_UDUC_ils_shadow_fix1,MARS,UDUC,ils_shadow,ZHANG_USER_ILS_RELATIONS,2024-07-17T00:23:00,MARS,USER_WL_SD,3,5,1,0,,,,,
r48u_20260914_MARS_UDUC_ils_shadow_fix1,MARS,UDUC,ils_shadow,ZHANG_USER_ILS_RELATIONS,2024-07-17T00:23:00,MARS,USER_L1_SD_CONDITIONAL,0,5,1,0,,,,,
r48u_20260914_MARS_UDUC_ils_shadow_fix1,MARS,UDUC,ils_shadow,ZHANG_USER_ILS_RELATIONS,2024-07-17T00:23:30,MARS,USER_WL_SD,3,4,1,0,,,,,
r48u_20260914_MARS_UDUC_ils_shadow_fix1,MARS,UDUC,ils_shadow,ZHANG_USER_ILS_RELATIONS,2024-07-17T00:23:30,MARS,USER_L1_SD_CONDITIONAL,0,4,1,0,,,,,
r48u_20260914_MARS_UDUC_ils_shadow_fix1,MARS,UDUC,ils_shadow,ZHANG_USER_ILS_RELATIONS,2024-07-17T00:24:00,MARS,USER_WL_SD,3,4,1,0,,,,,
r48u_20260914_MARS_UDUC_ils_shadow_fix1,MARS,UDUC,ils_shadow,ZHANG_USER_ILS_RELATIONS,2024-07-17T00:24:00,MARS,USER_L1_SD_CONDITIONAL,0,4,1,0,,,,,
r48u_20260914_MARS_UDUC_ils_shadow_fix1,MARS,UDUC,ils_shadow,ZHANG_USER_ILS_RELATIONS,2024-07-17T00:24:30,MARS,USER_WL_SD,3,4,1,0,,,,,
r48u_20260914_MARS_UDUC_ils_shadow_fix1,MARS,UDUC,ils_shadow,ZHANG_USER_ILS_RELATIONS,2024-07-17T00:24:30,MARS,USER_L1_SD_CONDITIONAL,0,4,1,0,,,,,
r48u_20260914_MARS_UDUC_ils_shadow_fix1,MARS,UDUC,ils_shadow,ZHANG_USER_ILS_RELATIONS,2024-07-17T00:25:00,MARS,USER_WL_SD,3,4,1,0,,,,,
r48u_20260914_MARS_UDUC_ils_shadow_fix1,MARS,UDUC,ils_shadow,ZHANG_USER_ILS_RELATIONS,2024-07-17T00:25:00,MARS,USER_L1_SD_CONDITIONAL,0,4,1,0,,,,,
r48u_20260914_MARS_UDUC_ils_shadow_fix1,MARS,UDUC,ils_shadow,ZHANG_USER_ILS_RELATIONS,2024-07-17T00:26:00,MARS,USER_WL_SD,3,4,1,0,,,,,
r48u_20260914_MARS_UDUC_ils_shadow_fix1,MARS,UDUC,ils_shadow,ZHANG_USER_ILS_RELATIONS,2024-07-17T00:26:00,MARS,USER_L1_SD_CONDITIONAL,0,4,1,0,,,,,
r48u_20260914_MARS_UDUC_ils_shadow_fix1,MARS,UDUC,ils_shadow,ZHANG_USER_ILS_RELATIONS,2024-07-17T00:26:30,MARS,USER_WL_SD,3,4,1,0,,,,,
r48u_20260914_MARS_UDUC_ils_shadow_fix1,MARS,UDUC,ils_shadow,ZHANG_USER_ILS_RELATIONS,2024-07-17T00:26:30,MARS,USER_L1_SD_CONDITIONAL,0,4,1,0,,,,,
r48u_20260914_MARS_UDUC_ils_shadow_fix1,MARS,UDUC,ils_shadow,ZHANG_USER_ILS_RELATIONS,2024-07-17T00:27:00,MARS,USER_WL_SD,3,5,1,0,,,,,
r48u_20260914_MARS_UDUC_ils_shadow_fix1,MARS,UDUC,ils_shadow,ZHANG_USER_ILS_RELATIONS,2024-07-17T00:27:00,MARS,USER_L1_SD_CONDITIONAL,0,5,1,0,,,,,
r48u_20260914_MARS_UDUC_ils_shadow_fix1,MARS,UDUC,ils_shadow,ZHANG_USER_ILS_RELATIONS,2024-07-17T00:27:30,MARS,USER_WL_SD,3,5,1,0,,,,,
r48u_20260914_MARS_UDUC_ils_shadow_fix1,MARS,UDUC,ils_shadow,ZHANG_USER_ILS_RELATIONS,2024-07-17T00:27:30,MARS,USER_L1_SD_CONDITIONAL,0,5,1,0,,,,,
r48u_20260914_MARS_UDUC_ils_shadow_fix1,MARS,UDUC,ils_shadow,ZHANG_USER_ILS_RELATIONS,2024-07-17T00:28:00,MARS,USER_WL_SD,3,5,1,0,,,,,
r48u_20260914_MARS_UDUC_ils_shadow_fix1,MARS,UDUC,ils_shadow,ZHANG_USER_ILS_RELATIONS,2024-07-17T00:28:00,MARS,USER_L1_SD_CONDITIONAL,0,5,1,0,,,,,
r48u_20260914_MARS_UDUC_ils_shadow_fix1,MARS,UDUC,ils_shadow,ZHANG_USER_ILS_RELATIONS,2024-07-17T00:28:30,MARS,USER_WL_SD,3,5,1,0,,,,,
r48u_20260914_MARS_UDUC_ils_shadow_fix1,MARS,UDUC,ils_shadow,ZHANG_USER_ILS_RELATIONS,2024-07-17T00:28:30,MARS,USER_L1_SD_CONDITIONAL,0,5,1,0,,,,,
r48u_20260914_MARS_UDUC_ils_shadow_fix1,MARS,UDUC,ils_shadow,ZHANG_USER_ILS_RELATIONS,2024-07-17T00:29:00,MARS,USER_WL_SD,3,5,1,0,,,,,
r48u_20260914_MARS_UDUC_ils_shadow_fix1,MARS,UDUC,ils_shadow,ZHANG_USER_ILS_RELATIONS,2024-07-17T00:29:00,MARS,USER_L1_SD_CONDITIONAL,0,5,1,0,,,,,
r48u_20260914_MARS_UDUC_ils_shadow_fix1,MARS,UDUC,ils_shadow,ZHANG_USER_ILS_RELATIONS,2024-07-17T00:29:30,MARS,USER_WL_SD,3,6,1,0,,,,,
r48u_20260914_MARS_UDUC_ils_shadow_fix1,MARS,UDUC,ils_shadow,ZHANG_USER_ILS_RELATIONS,2024-07-17T00:29:30,MARS,USER_L1_SD_CONDITIONAL,0,6,1,0,,,,,
r48u_20260914_MARS_UDUC_ils_shadow_fix1,MARS,UDUC,ils_shadow,ZHANG_USER_ILS_RELATIONS,2024-07-17T00:30:00,MARS,USER_WL_SD,3,6,1,0,,,,,
r48u_20260914_MARS_UDUC_ils_shadow_fix1,MARS,UDUC,ils_shadow,ZHANG_USER_ILS_RELATIONS,2024-07-17T00:30:00,MARS,USER_L1_SD_CONDITIONAL,0,6,1,0,,,,,
r48u_20260914_MARS_UDUC_ils_shadow_fix1,MARS,UDUC,ils_shadow,ZHANG_USER_ILS_ROW,2024-07-17T00:10:30,MARS,USER_WL_SD,,,,,0,-13,0 0 1 0,,
r48u_20260914_MARS_UDUC_ils_shadow_fix1,MARS,UDUC,ils_shadow,ZHANG_USER_ILS_ROW,2024-07-17T00:17:00,MARS,USER_WL_SD,,,,,0,13,0  0 -1  1,,
r48u_20260914_MARS_UDUC_ils_shadow_fix1,MARS,UDUC,ils_shadow,ZHANG_USER_ILS_ROW,2024-07-17T00:17:00,MARS,USER_WL_SD,,,,,1,-13,0 0 1 0,,
r48u_20260914_MARS_UDUC_ils_shadow_fix1,MARS,UDUC,ils_shadow,ZHANG_USER_ILS_ROW,2024-07-17T00:17:30,MARS,USER_WL_SD,,,,,0,13,0  0 -1  1,,
r48u_20260914_MARS_UDUC_ils_shadow_fix1,MARS,UDUC,ils_shadow,ZHANG_USER_ILS_ROW,2024-07-17T00:17:30,MARS,USER_WL_SD,,,,,1,-13,0 0 1 0,,
r48u_20260914_MARS_UDUC_ils_shadow_fix1,MARS,UDUC,ils_shadow,ZHANG_USER_ILS_ROW,2024-07-17T00:18:00,MARS,USER_WL_SD,,,,,0,28,0  1 -1  0,,
r48u_20260914_MARS_UDUC_ils_shadow_fix1,MARS,UDUC,ils_shadow,ZHANG_USER_ILS_ROW,2024-07-17T00:18:00,MARS,USER_WL_SD,,,,,1,13,0  0 -1  1,,
r48u_20260914_MARS_UDUC_ils_shadow_fix1,MARS,UDUC,ils_shadow,ZHANG_USER_ILS_ROW,2024-07-17T00:18:00,MARS,USER_WL_SD,,,,,2,-13,0 0 1 0,,
r48u_20260914_MARS_UDUC_ils_shadow_fix1,MARS,UDUC,ils_shadow,ZHANG_USER_ILS_ROW,2024-07-17T00:18:30,MARS,USER_WL_SD,,,,,0,28,0  1 -1  0,,
r48u_20260914_MARS_UDUC_ils_shadow_fix1,MARS,UDUC,ils_shadow,ZHANG_USER_ILS_ROW,2024-07-17T00:18:30,MARS,USER_WL_SD,,,,,1,13,0  0 -1  1,,
r48u_20260914_MARS_UDUC_ils_shadow_fix1,MARS,UDUC,ils_shadow,ZHANG_USER_ILS_ROW,2024-07-17T00:18:30,MARS,USER_WL_SD,,,,,2,-13,0 0 1 0,,
r48u_20260914_MARS_UDUC_ils_shadow_fix1,MARS,UDUC,ils_shadow,ZHANG_USER_ILS_ROW,2024-07-17T00:19:00,MARS,USER_WL_SD,,,,,0,28,0  1 -1  0,,
r48u_20260914_MARS_UDUC_ils_shadow_fix1,MARS,UDUC,ils_shadow,ZHANG_USER_ILS_ROW,2024-07-17T00:19:00,MARS,USER_WL_SD,,,,,1,13,0  0 -1  1,,
r48u_20260914_MARS_UDUC_ils_shadow_fix1,MARS,UDUC,ils_shadow,ZHANG_USER_ILS_ROW,2024-07-17T00:19:00,MARS,USER_WL_SD,,,,,2,-13,0 0 1 0,,
r48u_20260914_MARS_UDUC_ils_shadow_fix1,MARS,UDUC,ils_shadow,ZHANG_USER_ILS_ROW,2024-07-17T00:19:30,MARS,USER_WL_SD,,,,,0,28,0  1 -1  0,,
r48u_20260914_MARS_UDUC_ils_shadow_fix1,MARS,UDUC,ils_shadow,ZHANG_USER_ILS_ROW,2024-07-17T00:19:30,MARS,USER_WL_SD,,,,,1,13,0  0 -1  1,,
r48u_20260914_MARS_UDUC_ils_shadow_fix1,MARS,UDUC,ils_shadow,ZHANG_USER_ILS_ROW,2024-07-17T00:19:30,MARS,USER_WL_SD,,,,,2,-13,0 0 1 0,,
r48u_20260914_MARS_UDUC_ils_shadow_fix1,MARS,UDUC,ils_shadow,ZHANG_USER_ILS_ROW,2024-07-17T00:20:00,MARS,USER_WL_SD,,,,,0,28,0  1 -1  0,,
r48u_20260914_MARS_UDUC_ils_shadow_fix1,MARS,UDUC,ils_shadow,ZHANG_USER_ILS_ROW,2024-07-17T00:20:00,MARS,USER_WL_SD,,,,,1,13,0  0 -1  1,,
r48u_20260914_MARS_UDUC_ils_shadow_fix1,MARS,UDUC,ils_shadow,ZHANG_USER_ILS_ROW,2024-07-17T00:20:00,MARS,USER_WL_SD,,,,,2,-13,0 0 1 0,,
r48u_20260914_MARS_UDUC_ils_shadow_fix1,MARS,UDUC,ils_shadow,ZHANG_USER_ILS_ROW,2024-07-17T00:20:30,MARS,USER_WL_SD,,,,,0,28,0  0  1 -1  0,,
r48u_20260914_MARS_UDUC_ils_shadow_fix1,MARS,UDUC,ils_shadow,ZHANG_USER_ILS_ROW,2024-07-17T00:20:30,MARS,USER_WL_SD,,,,,1,13,0  0  0 -1  1,,
r48u_20260914_MARS_UDUC_ils_shadow_fix1,MARS,UDUC,ils_shadow,ZHANG_USER_ILS_ROW,2024-07-17T00:20:30,MARS,USER_WL_SD,,,,,2,-13,0 0 0 1 0,,
r48u_20260914_MARS_UDUC_ils_shadow_fix1,MARS,UDUC,ils_shadow,ZHANG_USER_ILS_ROW,2024-07-17T00:21:00,MARS,USER_WL_SD,,,,,0,28,0  1 -1  0,,
r48u_20260914_MARS_UDUC_ils_shadow_fix1,MARS,UDUC,ils_shadow,ZHANG_USER_ILS_ROW,2024-07-17T00:21:00,MARS,USER_WL_SD,,,,,1,13,0  0 -1  1,,
r48u_20260914_MARS_UDUC_ils_shadow_fix1,MARS,UDUC,ils_shadow,ZHANG_USER_ILS_ROW,2024-07-17T00:21:00,MARS,USER_WL_SD,,,,,2,-13,0 0 1 0,,
r48u_20260914_MARS_UDUC_ils_shadow_fix1,MARS,UDUC,ils_shadow,ZHANG_USER_ILS_ROW,2024-07-17T00:21:30,MARS,USER_WL_SD,,,,,0,28,0  0  1 -1  0,,
r48u_20260914_MARS_UDUC_ils_shadow_fix1,MARS,UDUC,ils_shadow,ZHANG_USER_ILS_ROW,2024-07-17T00:21:30,MARS,USER_WL_SD,,,,,1,13,0  0  0 -1  1,,
r48u_20260914_MARS_UDUC_ils_shadow_fix1,MARS,UDUC,ils_shadow,ZHANG_USER_ILS_ROW,2024-07-17T00:21:30,MARS,USER_WL_SD,,,,,2,-13,0 0 0 1 0,,
r48u_20260914_MARS_UDUC_ils_shadow_fix1,MARS,UDUC,ils_shadow,ZHANG_USER_ILS_ROW,2024-07-17T00:22:00,MARS,USER_WL_SD,,,,,0,28,0  0  1 -1  0,,
r48u_20260914_MARS_UDUC_ils_shadow_fix1,MARS,UDUC,ils_shadow,ZHANG_USER_ILS_ROW,2024-07-17T00:22:00,MARS,USER_WL_SD,,,,,1,13,0  0  0 -1  1,,
r48u_20260914_MARS_UDUC_ils_shadow_fix1,MARS,UDUC,ils_shadow,ZHANG_USER_ILS_ROW,2024-07-17T00:22:00,MARS,USER_WL_SD,,,,,2,-13,0 0 0 1 0,,
r48u_20260914_MARS_UDUC_ils_shadow_fix1,MARS,UDUC,ils_shadow,ZHANG_USER_ILS_ROW,2024-07-17T00:22:30,MARS,USER_WL_SD,,,,,0,28,0  0  1 -1  0,,
r48u_20260914_MARS_UDUC_ils_shadow_fix1,MARS,UDUC,ils_shadow,ZHANG_USER_ILS_ROW,2024-07-17T00:22:30,MARS,USER_WL_SD,,,,,1,13,0  0  0 -1  1,,
r48u_20260914_MARS_UDUC_ils_shadow_fix1,MARS,UDUC,ils_shadow,ZHANG_USER_ILS_ROW,2024-07-17T00:22:30,MARS,USER_WL_SD,,,,,2,-13,0 0 0 1 0,,
r48u_20260914_MARS_UDUC_ils_shadow_fix1,MARS,UDUC,ils_shadow,ZHANG_USER_ILS_ROW,2024-07-17T00:23:00,MARS,USER_WL_SD,,,,,0,28,0  0  1 -1  0,,
r48u_20260914_MARS_UDUC_ils_shadow_fix1,MARS,UDUC,ils_shadow,ZHANG_USER_ILS_ROW,2024-07-17T00:23:00,MARS,USER_WL_SD,,,,,1,13,0  0  0 -1  1,,
r48u_20260914_MARS_UDUC_ils_shadow_fix1,MARS,UDUC,ils_shadow,ZHANG_USER_ILS_ROW,2024-07-17T00:23:00,MARS,USER_WL_SD,,,,,2,-13,0 0 0 1 0,,
r48u_20260914_MARS_UDUC_ils_shadow_fix1,MARS,UDUC,ils_shadow,ZHANG_USER_ILS_ROW,2024-07-17T00:23:30,MARS,USER_WL_SD,,,,,0,28,0  1 -1  0,,
r48u_20260914_MARS_UDUC_ils_shadow_fix1,MARS,UDUC,ils_shadow,ZHANG_USER_ILS_ROW,2024-07-17T00:23:30,MARS,USER_WL_SD,,,,,1,13,0  0 -1  1,,
r48u_20260914_MARS_UDUC_ils_shadow_fix1,MARS,UDUC,ils_shadow,ZHANG_USER_ILS_ROW,2024-07-17T00:23:30,MARS,USER_WL_SD,,,,,2,-13,0 0 1 0,,
r48u_20260914_MARS_UDUC_ils_shadow_fix1,MARS,UDUC,ils_shadow,ZHANG_USER_ILS_ROW,2024-07-17T00:24:00,MARS,USER_WL_SD,,,,,0,28,0  1 -1  0,,
r48u_20260914_MARS_UDUC_ils_shadow_fix1,MARS,UDUC,ils_shadow,ZHANG_USER_ILS_ROW,2024-07-17T00:24:00,MARS,USER_WL_SD,,,,,1,13,0  0 -1  1,,
r48u_20260914_MARS_UDUC_ils_shadow_fix1,MARS,UDUC,ils_shadow,ZHANG_USER_ILS_ROW,2024-07-17T00:24:00,MARS,USER_WL_SD,,,,,2,-13,0 0 1 0,,
r48u_20260914_MARS_UDUC_ils_shadow_fix1,MARS,UDUC,ils_shadow,ZHANG_USER_ILS_ROW,2024-07-17T00:24:30,MARS,USER_WL_SD,,,,,0,28,0  1 -1  0,,
r48u_20260914_MARS_UDUC_ils_shadow_fix1,MARS,UDUC,ils_shadow,ZHANG_USER_ILS_ROW,2024-07-17T00:24:30,MARS,USER_WL_SD,,,,,1,13,0  0 -1  1,,
r48u_20260914_MARS_UDUC_ils_shadow_fix1,MARS,UDUC,ils_shadow,ZHANG_USER_ILS_ROW,2024-07-17T00:24:30,MARS,USER_WL_SD,,,,,2,-13,0 0 1 0,,
r48u_20260914_MARS_UDUC_ils_shadow_fix1,MARS,UDUC,ils_shadow,ZHANG_USER_ILS_ROW,2024-07-17T00:25:00,MARS,USER_WL_SD,,,,,0,28,0  1 -1  0,,
r48u_20260914_MARS_UDUC_ils_shadow_fix1,MARS,UDUC,ils_shadow,ZHANG_USER_ILS_ROW,2024-07-17T00:25:00,MARS,USER_WL_SD,,,,,1,13,0  0 -1  1,,
r48u_20260914_MARS_UDUC_ils_shadow_fix1,MARS,UDUC,ils_shadow,ZHANG_USER_ILS_ROW,2024-07-17T00:25:00,MARS,USER_WL_SD,,,,,2,-13,0 0 1 0,,
r48u_20260914_MARS_UDUC_ils_shadow_fix1,MARS,UDUC,ils_shadow,ZHANG_USER_ILS_ROW,2024-07-17T00:26:00,MARS,USER_WL_SD,,,,,0,28,0  1 -1  0,,
r48u_20260914_MARS_UDUC_ils_shadow_fix1,MARS,UDUC,ils_shadow,ZHANG_USER_ILS_ROW,2024-07-17T00:26:00,MARS,USER_WL_SD,,,,,1,13,0  0 -1  1,,
r48u_20260914_MARS_UDUC_ils_shadow_fix1,MARS,UDUC,ils_shadow,ZHANG_USER_ILS_ROW,2024-07-17T00:26:00,MARS,USER_WL_SD,,,,,2,-13,0 0 1 0,,
r48u_20260914_MARS_UDUC_ils_shadow_fix1,MARS,UDUC,ils_shadow,ZHANG_USER_ILS_ROW,2024-07-17T00:26:30,MARS,USER_WL_SD,,,,,0,28,0  1 -1  0,,
r48u_20260914_MARS_UDUC_ils_shadow_fix1,MARS,UDUC,ils_shadow,ZHANG_USER_ILS_ROW,2024-07-17T00:26:30,MARS,USER_WL_SD,,,,,1,13,0  0 -1  1,,
r48u_20260914_MARS_UDUC_ils_shadow_fix1,MARS,UDUC,ils_shadow,ZHANG_USER_ILS_ROW,2024-07-17T00:26:30,MARS,USER_WL_SD,,,,,2,-13,0 0 1 0,,
r48u_20260914_MARS_UDUC_ils_shadow_fix1,MARS,UDUC,ils_shadow,ZHANG_USER_ILS_ROW,2024-07-17T00:27:00,MARS,USER_WL_SD,,,,,0,28,0  0  1 -1  0,,
r48u_20260914_MARS_UDUC_ils_shadow_fix1,MARS,UDUC,ils_shadow,ZHANG_USER_ILS_ROW,2024-07-17T00:27:00,MARS,USER_WL_SD,,,,,1,13,0  0  0 -1  1,,
r48u_20260914_MARS_UDUC_ils_shadow_fix1,MARS,UDUC,ils_shadow,ZHANG_USER_ILS_ROW,2024-07-17T00:27:00,MARS,USER_WL_SD,,,,,2,-13,0 0 0 1 0,,
r48u_20260914_MARS_UDUC_ils_shadow_fix1,MARS,UDUC,ils_shadow,ZHANG_USER_ILS_ROW,2024-07-17T00:27:30,MARS,USER_WL_SD,,,,,0,28,0  0  1 -1  0,,
r48u_20260914_MARS_UDUC_ils_shadow_fix1,MARS,UDUC,ils_shadow,ZHANG_USER_ILS_ROW,2024-07-17T00:27:30,MARS,USER_WL_SD,,,,,1,13,0  0  0 -1  1,,
r48u_20260914_MARS_UDUC_ils_shadow_fix1,MARS,UDUC,ils_shadow,ZHANG_USER_ILS_ROW,2024-07-17T00:27:30,MARS,USER_WL_SD,,,,,2,-13,0 0 0 1 0,,
r48u_20260914_MARS_UDUC_ils_shadow_fix1,MARS,UDUC,ils_shadow,ZHANG_USER_ILS_ROW,2024-07-17T00:28:00,MARS,USER_WL_SD,,,,,0,28,0  0  1 -1  0,,
r48u_20260914_MARS_UDUC_ils_shadow_fix1,MARS,UDUC,ils_shadow,ZHANG_USER_ILS_ROW,2024-07-17T00:28:00,MARS,USER_WL_SD,,,,,1,13,0  0  0 -1  1,,
r48u_20260914_MARS_UDUC_ils_shadow_fix1,MARS,UDUC,ils_shadow,ZHANG_USER_ILS_ROW,2024-07-17T00:28:00,MARS,USER_WL_SD,,,,,2,-13,0 0 0 1 0,,
r48u_20260914_MARS_UDUC_ils_shadow_fix1,MARS,UDUC,ils_shadow,ZHANG_USER_ILS_ROW,2024-07-17T00:28:30,MARS,USER_WL_SD,,,,,0,28,0  0  1 -1  0,,
r48u_20260914_MARS_UDUC_ils_shadow_fix1,MARS,UDUC,ils_shadow,ZHANG_USER_ILS_ROW,2024-07-17T00:28:30,MARS,USER_WL_SD,,,,,1,13,0  0  0 -1  1,,
r48u_20260914_MARS_UDUC_ils_shadow_fix1,MARS,UDUC,ils_shadow,ZHANG_USER_ILS_ROW,2024-07-17T00:28:30,MARS,USER_WL_SD,,,,,2,-13,0 0 0 1 0,,
r48u_20260914_MARS_UDUC_ils_shadow_fix1,MARS,UDUC,ils_shadow,ZHANG_USER_ILS_ROW,2024-07-17T00:29:00,MARS,USER_WL_SD,,,,,0,13,0  0  0 -1  1,,
r48u_20260914_MARS_UDUC_ils_shadow_fix1,MARS,UDUC,ils_shadow,ZHANG_USER_ILS_ROW,2024-07-17T00:29:00,MARS,USER_WL_SD,,,,,1,28,0  0  1 -1  0,,
r48u_20260914_MARS_UDUC_ils_shadow_fix1,MARS,UDUC,ils_shadow,ZHANG_USER_ILS_ROW,2024-07-17T00:29:00,MARS,USER_WL_SD,,,,,2,-13,0 0 0 1 0,,
r48u_20260914_MARS_UDUC_ils_shadow_fix1,MARS,UDUC,ils_shadow,ZHANG_USER_ILS_ROW,2024-07-17T00:29:30,MARS,USER_WL_SD,,,,,0,13,0  0  0 -1  0  1,,
r48u_20260914_MARS_UDUC_ils_shadow_fix1,MARS,UDUC,ils_shadow,ZHANG_USER_ILS_ROW,2024-07-17T00:29:30,MARS,USER_WL_SD,,,,,1,28,0  0  1 -1  0  0,,
r48u_20260914_MARS_UDUC_ils_shadow_fix1,MARS,UDUC,ils_shadow,ZHANG_USER_ILS_ROW,2024-07-17T00:29:30,MARS,USER_WL_SD,,,,,2,-13,0 0 0 1 0 0,,
r48u_20260914_MARS_UDUC_ils_shadow_fix1,MARS,UDUC,ils_shadow,ZHANG_USER_ILS_ROW,2024-07-17T00:30:00,MARS,USER_WL_SD,,,,,0,13,0  0  0 -1  0  1,,
r48u_20260914_MARS_UDUC_ils_shadow_fix1,MARS,UDUC,ils_shadow,ZHANG_USER_ILS_ROW,2024-07-17T00:30:00,MARS,USER_WL_SD,,,,,1,28,0  0  1 -1  0  0,,
r48u_20260914_MARS_UDUC_ils_shadow_fix1,MARS,UDUC,ils_shadow,ZHANG_USER_ILS_ROW,2024-07-17T00:30:00,MARS,USER_WL_SD,,,,,2,-13,0 0 0 1 0 0,,
r48u_20260914_MARS_UDUC_ils_shadow_fix1,MARS,UDUC,ils_shadow,ZHANG_USER_ILS_NAMED_RECOVERY,2024-07-17T00:10:30,MARS,USER_WL_SD,1,,,,,,,1,1
r48u_20260914_MARS_UDUC_ils_shadow_fix1,MARS,UDUC,ils_shadow,ZHANG_USER_ILS_NAMED_RECOVERY,2024-07-17T00:10:30,MARS,USER_L1_SD_CONDITIONAL,0,,,,,,,0,1
r48u_20260914_MARS_UDUC_ils_shadow_fix1,MARS,UDUC,ils_shadow,ZHANG_USER_ILS_NAMED_RECOVERY,2024-07-17T00:17:00,MARS,USER_WL_SD,2,,,,,,,2,1
r48u_20260914_MARS_UDUC_ils_shadow_fix1,MARS,UDUC,ils_shadow,ZHANG_USER_ILS_NAMED_RECOVERY,2024-07-17T00:17:00,MARS,USER_L1_SD_CONDITIONAL,0,,,,,,,0,1
r48u_20260914_MARS_UDUC_ils_shadow_fix1,MARS,UDUC,ils_shadow,ZHANG_USER_ILS_NAMED_RECOVERY,2024-07-17T00:17:30,MARS,USER_WL_SD,2,,,,,,,2,1
r48u_20260914_MARS_UDUC_ils_shadow_fix1,MARS,UDUC,ils_shadow,ZHANG_USER_ILS_NAMED_RECOVERY,2024-07-17T00:17:30,MARS,USER_L1_SD_CONDITIONAL,0,,,,,,,0,1
r48u_20260914_MARS_UDUC_ils_shadow_fix1,MARS,UDUC,ils_shadow,ZHANG_USER_ILS_NAMED_RECOVERY,2024-07-17T00:18:00,MARS,USER_WL_SD,3,,,,,,,3,1
r48u_20260914_MARS_UDUC_ils_shadow_fix1,MARS,UDUC,ils_shadow,ZHANG_USER_ILS_NAMED_RECOVERY,2024-07-17T00:18:00,MARS,USER_L1_SD_CONDITIONAL,0,,,,,,,0,1
r48u_20260914_MARS_UDUC_ils_shadow_fix1,MARS,UDUC,ils_shadow,ZHANG_USER_ILS_NAMED_RECOVERY,2024-07-17T00:18:30,MARS,USER_WL_SD,3,,,,,,,3,1
r48u_20260914_MARS_UDUC_ils_shadow_fix1,MARS,UDUC,ils_shadow,ZHANG_USER_ILS_NAMED_RECOVERY,2024-07-17T00:18:30,MARS,USER_L1_SD_CONDITIONAL,0,,,,,,,0,1
r48u_20260914_MARS_UDUC_ils_shadow_fix1,MARS,UDUC,ils_shadow,ZHANG_USER_ILS_NAMED_RECOVERY,2024-07-17T00:19:00,MARS,USER_WL_SD,3,,,,,,,3,1
r48u_20260914_MARS_UDUC_ils_shadow_fix1,MARS,UDUC,ils_shadow,ZHANG_USER_ILS_NAMED_RECOVERY,2024-07-17T00:19:00,MARS,USER_L1_SD_CONDITIONAL,0,,,,,,,0,1
r48u_20260914_MARS_UDUC_ils_shadow_fix1,MARS,UDUC,ils_shadow,ZHANG_USER_ILS_NAMED_RECOVERY,2024-07-17T00:19:30,MARS,USER_WL_SD,3,,,,,,,3,1
r48u_20260914_MARS_UDUC_ils_shadow_fix1,MARS,UDUC,ils_shadow,ZHANG_USER_ILS_NAMED_RECOVERY,2024-07-17T00:19:30,MARS,USER_L1_SD_CONDITIONAL,0,,,,,,,0,1
r48u_20260914_MARS_UDUC_ils_shadow_fix1,MARS,UDUC,ils_shadow,ZHANG_USER_ILS_NAMED_RECOVERY,2024-07-17T00:20:00,MARS,USER_WL_SD,3,,,,,,,3,1
r48u_20260914_MARS_UDUC_ils_shadow_fix1,MARS,UDUC,ils_shadow,ZHANG_USER_ILS_NAMED_RECOVERY,2024-07-17T00:20:00,MARS,USER_L1_SD_CONDITIONAL,0,,,,,,,0,1
r48u_20260914_MARS_UDUC_ils_shadow_fix1,MARS,UDUC,ils_shadow,ZHANG_USER_ILS_NAMED_RECOVERY,2024-07-17T00:20:30,MARS,USER_WL_SD,3,,,,,,,3,1
r48u_20260914_MARS_UDUC_ils_shadow_fix1,MARS,UDUC,ils_shadow,ZHANG_USER_ILS_NAMED_RECOVERY,2024-07-17T00:20:30,MARS,USER_L1_SD_CONDITIONAL,0,,,,,,,0,1
r48u_20260914_MARS_UDUC_ils_shadow_fix1,MARS,UDUC,ils_shadow,ZHANG_USER_ILS_NAMED_RECOVERY,2024-07-17T00:21:00,MARS,USER_WL_SD,3,,,,,,,3,1
r48u_20260914_MARS_UDUC_ils_shadow_fix1,MARS,UDUC,ils_shadow,ZHANG_USER_ILS_NAMED_RECOVERY,2024-07-17T00:21:00,MARS,USER_L1_SD_CONDITIONAL,0,,,,,,,0,1
r48u_20260914_MARS_UDUC_ils_shadow_fix1,MARS,UDUC,ils_shadow,ZHANG_USER_ILS_NAMED_RECOVERY,2024-07-17T00:21:30,MARS,USER_WL_SD,3,,,,,,,3,1
r48u_20260914_MARS_UDUC_ils_shadow_fix1,MARS,UDUC,ils_shadow,ZHANG_USER_ILS_NAMED_RECOVERY,2024-07-17T00:21:30,MARS,USER_L1_SD_CONDITIONAL,0,,,,,,,0,1
r48u_20260914_MARS_UDUC_ils_shadow_fix1,MARS,UDUC,ils_shadow,ZHANG_USER_ILS_NAMED_RECOVERY,2024-07-17T00:22:00,MARS,USER_WL_SD,3,,,,,,,3,1
r48u_20260914_MARS_UDUC_ils_shadow_fix1,MARS,UDUC,ils_shadow,ZHANG_USER_ILS_NAMED_RECOVERY,2024-07-17T00:22:00,MARS,USER_L1_SD_CONDITIONAL,0,,,,,,,0,1
r48u_20260914_MARS_UDUC_ils_shadow_fix1,MARS,UDUC,ils_shadow,ZHANG_USER_ILS_NAMED_RECOVERY,2024-07-17T00:22:30,MARS,USER_WL_SD,3,,,,,,,3,1
r48u_20260914_MARS_UDUC_ils_shadow_fix1,MARS,UDUC,ils_shadow,ZHANG_USER_ILS_NAMED_RECOVERY,2024-07-17T00:22:30,MARS,USER_L1_SD_CONDITIONAL,0,,,,,,,0,1
r48u_20260914_MARS_UDUC_ils_shadow_fix1,MARS,UDUC,ils_shadow,ZHANG_USER_ILS_NAMED_RECOVERY,2024-07-17T00:23:00,MARS,USER_WL_SD,3,,,,,,,3,1
r48u_20260914_MARS_UDUC_ils_shadow_fix1,MARS,UDUC,ils_shadow,ZHANG_USER_ILS_NAMED_RECOVERY,2024-07-17T00:23:00,MARS,USER_L1_SD_CONDITIONAL,0,,,,,,,0,1
r48u_20260914_MARS_UDUC_ils_shadow_fix1,MARS,UDUC,ils_shadow,ZHANG_USER_ILS_NAMED_RECOVERY,2024-07-17T00:23:30,MARS,USER_WL_SD,3,,,,,,,3,1
r48u_20260914_MARS_UDUC_ils_shadow_fix1,MARS,UDUC,ils_shadow,ZHANG_USER_ILS_NAMED_RECOVERY,2024-07-17T00:23:30,MARS,USER_L1_SD_CONDITIONAL,0,,,,,,,0,1
r48u_20260914_MARS_UDUC_ils_shadow_fix1,MARS,UDUC,ils_shadow,ZHANG_USER_ILS_NAMED_RECOVERY,2024-07-17T00:24:00,MARS,USER_WL_SD,3,,,,,,,3,1
r48u_20260914_MARS_UDUC_ils_shadow_fix1,MARS,UDUC,ils_shadow,ZHANG_USER_ILS_NAMED_RECOVERY,2024-07-17T00:24:00,MARS,USER_L1_SD_CONDITIONAL,0,,,,,,,0,1
r48u_20260914_MARS_UDUC_ils_shadow_fix1,MARS,UDUC,ils_shadow,ZHANG_USER_ILS_NAMED_RECOVERY,2024-07-17T00:24:30,MARS,USER_WL_SD,3,,,,,,,3,1
r48u_20260914_MARS_UDUC_ils_shadow_fix1,MARS,UDUC,ils_shadow,ZHANG_USER_ILS_NAMED_RECOVERY,2024-07-17T00:24:30,MARS,USER_L1_SD_CONDITIONAL,0,,,,,,,0,1
r48u_20260914_MARS_UDUC_ils_shadow_fix1,MARS,UDUC,ils_shadow,ZHANG_USER_ILS_NAMED_RECOVERY,2024-07-17T00:25:00,MARS,USER_WL_SD,3,,,,,,,3,1
r48u_20260914_MARS_UDUC_ils_shadow_fix1,MARS,UDUC,ils_shadow,ZHANG_USER_ILS_NAMED_RECOVERY,2024-07-17T00:25:00,MARS,USER_L1_SD_CONDITIONAL,0,,,,,,,0,1
r48u_20260914_MARS_UDUC_ils_shadow_fix1,MARS,UDUC,ils_shadow,ZHANG_USER_ILS_NAMED_RECOVERY,2024-07-17T00:26:00,MARS,USER_WL_SD,3,,,,,,,3,1
r48u_20260914_MARS_UDUC_ils_shadow_fix1,MARS,UDUC,ils_shadow,ZHANG_USER_ILS_NAMED_RECOVERY,2024-07-17T00:26:00,MARS,USER_L1_SD_CONDITIONAL,0,,,,,,,0,1
r48u_20260914_MARS_UDUC_ils_shadow_fix1,MARS,UDUC,ils_shadow,ZHANG_USER_ILS_NAMED_RECOVERY,2024-07-17T00:26:30,MARS,USER_WL_SD,3,,,,,,,3,1
r48u_20260914_MARS_UDUC_ils_shadow_fix1,MARS,UDUC,ils_shadow,ZHANG_USER_ILS_NAMED_RECOVERY,2024-07-17T00:26:30,MARS,USER_L1_SD_CONDITIONAL,0,,,,,,,0,1
r48u_20260914_MARS_UDUC_ils_shadow_fix1,MARS,UDUC,ils_shadow,ZHANG_USER_ILS_NAMED_RECOVERY,2024-07-17T00:27:00,MARS,USER_WL_SD,3,,,,,,,3,1
r48u_20260914_MARS_UDUC_ils_shadow_fix1,MARS,UDUC,ils_shadow,ZHANG_USER_ILS_NAMED_RECOVERY,2024-07-17T00:27:00,MARS,USER_L1_SD_CONDITIONAL,0,,,,,,,0,1
r48u_20260914_MARS_UDUC_ils_shadow_fix1,MARS,UDUC,ils_shadow,ZHANG_USER_ILS_NAMED_RECOVERY,2024-07-17T00:27:30,MARS,USER_WL_SD,3,,,,,,,3,1
r48u_20260914_MARS_UDUC_ils_shadow_fix1,MARS,UDUC,ils_shadow,ZHANG_USER_ILS_NAMED_RECOVERY,2024-07-17T00:27:30,MARS,USER_L1_SD_CONDITIONAL,0,,,,,,,0,1
r48u_20260914_MARS_UDUC_ils_shadow_fix1,MARS,UDUC,ils_shadow,ZHANG_USER_ILS_NAMED_RECOVERY,2024-07-17T00:28:00,MARS,USER_WL_SD,3,,,,,,,3,1
r48u_20260914_MARS_UDUC_ils_shadow_fix1,MARS,UDUC,ils_shadow,ZHANG_USER_ILS_NAMED_RECOVERY,2024-07-17T00:28:00,MARS,USER_L1_SD_CONDITIONAL,0,,,,,,,0,1
r48u_20260914_MARS_UDUC_ils_shadow_fix1,MARS,UDUC,ils_shadow,ZHANG_USER_ILS_NAMED_RECOVERY,2024-07-17T00:28:30,MARS,USER_WL_SD,3,,,,,,,3,1
r48u_20260914_MARS_UDUC_ils_shadow_fix1,MARS,UDUC,ils_shadow,ZHANG_USER_ILS_NAMED_RECOVERY,2024-07-17T00:28:30,MARS,USER_L1_SD_CONDITIONAL,0,,,,,,,0,1
r48u_20260914_MARS_UDUC_ils_shadow_fix1,MARS,UDUC,ils_shadow,ZHANG_USER_ILS_NAMED_RECOVERY,2024-07-17T00:29:00,MARS,USER_WL_SD,3,,,,,,,3,1
r48u_20260914_MARS_UDUC_ils_shadow_fix1,MARS,UDUC,ils_shadow,ZHANG_USER_ILS_NAMED_RECOVERY,2024-07-17T00:29:00,MARS,USER_L1_SD_CONDITIONAL,0,,,,,,,0,1
r48u_20260914_MARS_UDUC_ils_shadow_fix1,MARS,UDUC,ils_shadow,ZHANG_USER_ILS_NAMED_RECOVERY,2024-07-17T00:29:30,MARS,USER_WL_SD,3,,,,,,,3,1
r48u_20260914_MARS_UDUC_ils_shadow_fix1,MARS,UDUC,ils_shadow,ZHANG_USER_ILS_NAMED_RECOVERY,2024-07-17T00:29:30,MARS,USER_L1_SD_CONDITIONAL,0,,,,,,,0,1
r48u_20260914_MARS_UDUC_ils_shadow_fix1,MARS,UDUC,ils_shadow,ZHANG_USER_ILS_NAMED_RECOVERY,2024-07-17T00:30:00,MARS,USER_WL_SD,3,,,,,,,3,1
r48u_20260914_MARS_UDUC_ils_shadow_fix1,MARS,UDUC,ils_shadow,ZHANG_USER_ILS_NAMED_RECOVERY,2024-07-17T00:30:00,MARS,USER_L1_SD_CONDITIONAL,0,,,,,,,0,1
r48u_20260914_MARS_UDUC_ils_feedback_fix1,MARS,UDUC,ils_feedback,ZHANG_USER_ILS_RELATIONS,2024-07-17T00:10:30,MARS,USER_WL_SD,1,4,1,0,,,,,
r48u_20260914_MARS_UDUC_ils_feedback_fix1,MARS,UDUC,ils_feedback,ZHANG_USER_ILS_RELATIONS,2024-07-17T00:10:30,MARS,USER_L1_SD_CONDITIONAL,0,4,1,0,,,,,
r48u_20260914_MARS_UDUC_ils_feedback_fix1,MARS,UDUC,ils_feedback,ZHANG_USER_ILS_RELATIONS,2024-07-17T00:17:00,MARS,USER_WL_SD,0,4,1,0,,,,,
r48u_20260914_MARS_UDUC_ils_feedback_fix1,MARS,UDUC,ils_feedback,ZHANG_USER_ILS_RELATIONS,2024-07-17T00:17:00,MARS,USER_L1_SD_CONDITIONAL,0,4,1,0,,,,,
r48u_20260914_MARS_UDUC_ils_feedback_fix1,MARS,UDUC,ils_feedback,ZHANG_USER_ILS_RELATIONS,2024-07-17T00:17:30,MARS,USER_WL_SD,0,4,1,0,,,,,
r48u_20260914_MARS_UDUC_ils_feedback_fix1,MARS,UDUC,ils_feedback,ZHANG_USER_ILS_RELATIONS,2024-07-17T00:17:30,MARS,USER_L1_SD_CONDITIONAL,0,4,1,0,,,,,
r48u_20260914_MARS_UDUC_ils_feedback_fix1,MARS,UDUC,ils_feedback,ZHANG_USER_ILS_RELATIONS,2024-07-17T00:18:00,MARS,USER_WL_SD,0,4,1,0,,,,,
r48u_20260914_MARS_UDUC_ils_feedback_fix1,MARS,UDUC,ils_feedback,ZHANG_USER_ILS_RELATIONS,2024-07-17T00:18:00,MARS,USER_L1_SD_CONDITIONAL,0,4,1,0,,,,,
r48u_20260914_MARS_UDUC_ils_feedback_fix1,MARS,UDUC,ils_feedback,ZHANG_USER_ILS_RELATIONS,2024-07-17T00:18:30,MARS,USER_WL_SD,0,4,1,0,,,,,
r48u_20260914_MARS_UDUC_ils_feedback_fix1,MARS,UDUC,ils_feedback,ZHANG_USER_ILS_RELATIONS,2024-07-17T00:18:30,MARS,USER_L1_SD_CONDITIONAL,0,4,1,0,,,,,
r48u_20260914_MARS_UDUC_ils_feedback_fix1,MARS,UDUC,ils_feedback,ZHANG_USER_ILS_RELATIONS,2024-07-17T00:19:00,MARS,USER_WL_SD,0,4,1,0,,,,,
r48u_20260914_MARS_UDUC_ils_feedback_fix1,MARS,UDUC,ils_feedback,ZHANG_USER_ILS_RELATIONS,2024-07-17T00:19:00,MARS,USER_L1_SD_CONDITIONAL,0,4,1,0,,,,,
r48u_20260914_MARS_UDUC_ils_feedback_fix1,MARS,UDUC,ils_feedback,ZHANG_USER_ILS_RELATIONS,2024-07-17T00:19:30,MARS,USER_WL_SD,0,4,1,0,,,,,
r48u_20260914_MARS_UDUC_ils_feedback_fix1,MARS,UDUC,ils_feedback,ZHANG_USER_ILS_RELATIONS,2024-07-17T00:19:30,MARS,USER_L1_SD_CONDITIONAL,0,4,1,0,,,,,
r48u_20260914_MARS_UDUC_ils_feedback_fix1,MARS,UDUC,ils_feedback,ZHANG_USER_ILS_RELATIONS,2024-07-17T00:20:00,MARS,USER_WL_SD,0,4,1,0,,,,,
r48u_20260914_MARS_UDUC_ils_feedback_fix1,MARS,UDUC,ils_feedback,ZHANG_USER_ILS_RELATIONS,2024-07-17T00:20:00,MARS,USER_L1_SD_CONDITIONAL,0,4,1,0,,,,,
r48u_20260914_MARS_UDUC_ils_feedback_fix1,MARS,UDUC,ils_feedback,ZHANG_USER_ILS_RELATIONS,2024-07-17T00:20:30,MARS,USER_WL_SD,0,5,1,0,,,,,
r48u_20260914_MARS_UDUC_ils_feedback_fix1,MARS,UDUC,ils_feedback,ZHANG_USER_ILS_RELATIONS,2024-07-17T00:20:30,MARS,USER_L1_SD_CONDITIONAL,0,5,1,0,,,,,
r48u_20260914_MARS_UDUC_ils_feedback_fix1,MARS,UDUC,ils_feedback,ZHANG_USER_ILS_RELATIONS,2024-07-17T00:21:00,MARS,USER_WL_SD,0,4,1,0,,,,,
r48u_20260914_MARS_UDUC_ils_feedback_fix1,MARS,UDUC,ils_feedback,ZHANG_USER_ILS_RELATIONS,2024-07-17T00:21:00,MARS,USER_L1_SD_CONDITIONAL,0,4,1,0,,,,,
r48u_20260914_MARS_UDUC_ils_feedback_fix1,MARS,UDUC,ils_feedback,ZHANG_USER_ILS_RELATIONS,2024-07-17T00:21:30,MARS,USER_WL_SD,0,5,1,0,,,,,
r48u_20260914_MARS_UDUC_ils_feedback_fix1,MARS,UDUC,ils_feedback,ZHANG_USER_ILS_RELATIONS,2024-07-17T00:21:30,MARS,USER_L1_SD_CONDITIONAL,0,5,1,0,,,,,
r48u_20260914_MARS_UDUC_ils_feedback_fix1,MARS,UDUC,ils_feedback,ZHANG_USER_ILS_RELATIONS,2024-07-17T00:22:00,MARS,USER_WL_SD,0,5,1,0,,,,,
r48u_20260914_MARS_UDUC_ils_feedback_fix1,MARS,UDUC,ils_feedback,ZHANG_USER_ILS_RELATIONS,2024-07-17T00:22:00,MARS,USER_L1_SD_CONDITIONAL,0,5,1,0,,,,,
r48u_20260914_MARS_UDUC_ils_feedback_fix1,MARS,UDUC,ils_feedback,ZHANG_USER_ILS_RELATIONS,2024-07-17T00:22:30,MARS,USER_WL_SD,0,5,1,0,,,,,
r48u_20260914_MARS_UDUC_ils_feedback_fix1,MARS,UDUC,ils_feedback,ZHANG_USER_ILS_RELATIONS,2024-07-17T00:22:30,MARS,USER_L1_SD_CONDITIONAL,0,5,1,0,,,,,
r48u_20260914_MARS_UDUC_ils_feedback_fix1,MARS,UDUC,ils_feedback,ZHANG_USER_ILS_RELATIONS,2024-07-17T00:23:00,MARS,USER_WL_SD,0,5,1,0,,,,,
r48u_20260914_MARS_UDUC_ils_feedback_fix1,MARS,UDUC,ils_feedback,ZHANG_USER_ILS_RELATIONS,2024-07-17T00:23:00,MARS,USER_L1_SD_CONDITIONAL,0,5,1,0,,,,,
r48u_20260914_MARS_UDUC_ils_feedback_fix1,MARS,UDUC,ils_feedback,ZHANG_USER_ILS_RELATIONS,2024-07-17T00:23:30,MARS,USER_WL_SD,0,4,1,0,,,,,
r48u_20260914_MARS_UDUC_ils_feedback_fix1,MARS,UDUC,ils_feedback,ZHANG_USER_ILS_RELATIONS,2024-07-17T00:23:30,MARS,USER_L1_SD_CONDITIONAL,0,4,1,0,,,,,
r48u_20260914_MARS_UDUC_ils_feedback_fix1,MARS,UDUC,ils_feedback,ZHANG_USER_ILS_RELATIONS,2024-07-17T00:24:00,MARS,USER_WL_SD,0,4,1,0,,,,,
r48u_20260914_MARS_UDUC_ils_feedback_fix1,MARS,UDUC,ils_feedback,ZHANG_USER_ILS_RELATIONS,2024-07-17T00:24:00,MARS,USER_L1_SD_CONDITIONAL,0,4,1,0,,,,,
r48u_20260914_MARS_UDUC_ils_feedback_fix1,MARS,UDUC,ils_feedback,ZHANG_USER_ILS_RELATIONS,2024-07-17T00:24:30,MARS,USER_WL_SD,0,4,1,0,,,,,
r48u_20260914_MARS_UDUC_ils_feedback_fix1,MARS,UDUC,ils_feedback,ZHANG_USER_ILS_RELATIONS,2024-07-17T00:24:30,MARS,USER_L1_SD_CONDITIONAL,0,4,1,0,,,,,
r48u_20260914_MARS_UDUC_ils_feedback_fix1,MARS,UDUC,ils_feedback,ZHANG_USER_ILS_RELATIONS,2024-07-17T00:25:00,MARS,USER_WL_SD,0,4,1,0,,,,,
r48u_20260914_MARS_UDUC_ils_feedback_fix1,MARS,UDUC,ils_feedback,ZHANG_USER_ILS_RELATIONS,2024-07-17T00:25:00,MARS,USER_L1_SD_CONDITIONAL,0,4,1,0,,,,,
r48u_20260914_MARS_UDUC_ils_feedback_fix1,MARS,UDUC,ils_feedback,ZHANG_USER_ILS_RELATIONS,2024-07-17T00:26:00,MARS,USER_WL_SD,0,4,1,0,,,,,
r48u_20260914_MARS_UDUC_ils_feedback_fix1,MARS,UDUC,ils_feedback,ZHANG_USER_ILS_RELATIONS,2024-07-17T00:26:00,MARS,USER_L1_SD_CONDITIONAL,0,4,1,0,,,,,
r48u_20260914_MARS_UDUC_ils_feedback_fix1,MARS,UDUC,ils_feedback,ZHANG_USER_ILS_RELATIONS,2024-07-17T00:26:30,MARS,USER_WL_SD,0,4,1,0,,,,,
r48u_20260914_MARS_UDUC_ils_feedback_fix1,MARS,UDUC,ils_feedback,ZHANG_USER_ILS_RELATIONS,2024-07-17T00:26:30,MARS,USER_L1_SD_CONDITIONAL,0,4,1,0,,,,,
r48u_20260914_MARS_UDUC_ils_feedback_fix1,MARS,UDUC,ils_feedback,ZHANG_USER_ILS_RELATIONS,2024-07-17T00:27:00,MARS,USER_WL_SD,0,5,1,0,,,,,
r48u_20260914_MARS_UDUC_ils_feedback_fix1,MARS,UDUC,ils_feedback,ZHANG_USER_ILS_RELATIONS,2024-07-17T00:27:00,MARS,USER_L1_SD_CONDITIONAL,0,5,1,0,,,,,
r48u_20260914_MARS_UDUC_ils_feedback_fix1,MARS,UDUC,ils_feedback,ZHANG_USER_ILS_RELATIONS,2024-07-17T00:27:30,MARS,USER_WL_SD,0,5,1,0,,,,,
r48u_20260914_MARS_UDUC_ils_feedback_fix1,MARS,UDUC,ils_feedback,ZHANG_USER_ILS_RELATIONS,2024-07-17T00:27:30,MARS,USER_L1_SD_CONDITIONAL,0,5,1,0,,,,,
r48u_20260914_MARS_UDUC_ils_feedback_fix1,MARS,UDUC,ils_feedback,ZHANG_USER_ILS_RELATIONS,2024-07-17T00:28:00,MARS,USER_WL_SD,0,5,1,0,,,,,
r48u_20260914_MARS_UDUC_ils_feedback_fix1,MARS,UDUC,ils_feedback,ZHANG_USER_ILS_RELATIONS,2024-07-17T00:28:00,MARS,USER_L1_SD_CONDITIONAL,0,5,1,0,,,,,
r48u_20260914_MARS_UDUC_ils_feedback_fix1,MARS,UDUC,ils_feedback,ZHANG_USER_ILS_RELATIONS,2024-07-17T00:28:30,MARS,USER_WL_SD,0,5,1,0,,,,,
r48u_20260914_MARS_UDUC_ils_feedback_fix1,MARS,UDUC,ils_feedback,ZHANG_USER_ILS_RELATIONS,2024-07-17T00:28:30,MARS,USER_L1_SD_CONDITIONAL,0,5,1,0,,,,,
r48u_20260914_MARS_UDUC_ils_feedback_fix1,MARS,UDUC,ils_feedback,ZHANG_USER_ILS_RELATIONS,2024-07-17T00:29:00,MARS,USER_WL_SD,0,5,1,0,,,,,
r48u_20260914_MARS_UDUC_ils_feedback_fix1,MARS,UDUC,ils_feedback,ZHANG_USER_ILS_RELATIONS,2024-07-17T00:29:00,MARS,USER_L1_SD_CONDITIONAL,0,5,1,0,,,,,
r48u_20260914_MARS_UDUC_ils_feedback_fix1,MARS,UDUC,ils_feedback,ZHANG_USER_ILS_RELATIONS,2024-07-17T00:29:30,MARS,USER_WL_SD,0,6,1,0,,,,,
r48u_20260914_MARS_UDUC_ils_feedback_fix1,MARS,UDUC,ils_feedback,ZHANG_USER_ILS_RELATIONS,2024-07-17T00:29:30,MARS,USER_L1_SD_CONDITIONAL,0,6,1,0,,,,,
r48u_20260914_MARS_UDUC_ils_feedback_fix1,MARS,UDUC,ils_feedback,ZHANG_USER_ILS_RELATIONS,2024-07-17T00:30:00,MARS,USER_WL_SD,0,6,1,0,,,,,
r48u_20260914_MARS_UDUC_ils_feedback_fix1,MARS,UDUC,ils_feedback,ZHANG_USER_ILS_RELATIONS,2024-07-17T00:30:00,MARS,USER_L1_SD_CONDITIONAL,0,6,1,0,,,,,
r48u_20260914_MARS_UDUC_ils_feedback_fix1,MARS,UDUC,ils_feedback,ZHANG_USER_ILS_ROW,2024-07-17T00:10:30,MARS,USER_WL_SD,,,,,0,-13,0 0 1 0,,
r48u_20260914_MARS_UDUC_ils_feedback_fix1,MARS,UDUC,ils_feedback,ZHANG_USER_ILS_NAMED_RECOVERY,2024-07-17T00:10:30,MARS,USER_WL_SD,1,,,,,,,1,1
r48u_20260914_MARS_UDUC_ils_feedback_fix1,MARS,UDUC,ils_feedback,ZHANG_USER_ILS_NAMED_RECOVERY,2024-07-17T00:10:30,MARS,USER_L1_SD_CONDITIONAL,0,,,,,,,0,1
r48u_20260914_MARS_UDUC_ils_feedback_fix1,MARS,UDUC,ils_feedback,ZHANG_USER_ILS_NAMED_RECOVERY,2024-07-17T00:17:00,MARS,USER_WL_SD,0,,,,,,,0,1
r48u_20260914_MARS_UDUC_ils_feedback_fix1,MARS,UDUC,ils_feedback,ZHANG_USER_ILS_NAMED_RECOVERY,2024-07-17T00:17:00,MARS,USER_L1_SD_CONDITIONAL,0,,,,,,,0,1
r48u_20260914_MARS_UDUC_ils_feedback_fix1,MARS,UDUC,ils_feedback,ZHANG_USER_ILS_NAMED_RECOVERY,2024-07-17T00:17:30,MARS,USER_WL_SD,0,,,,,,,0,1
r48u_20260914_MARS_UDUC_ils_feedback_fix1,MARS,UDUC,ils_feedback,ZHANG_USER_ILS_NAMED_RECOVERY,2024-07-17T00:17:30,MARS,USER_L1_SD_CONDITIONAL,0,,,,,,,0,1
r48u_20260914_MARS_UDUC_ils_feedback_fix1,MARS,UDUC,ils_feedback,ZHANG_USER_ILS_NAMED_RECOVERY,2024-07-17T00:18:00,MARS,USER_WL_SD,0,,,,,,,0,1
r48u_20260914_MARS_UDUC_ils_feedback_fix1,MARS,UDUC,ils_feedback,ZHANG_USER_ILS_NAMED_RECOVERY,2024-07-17T00:18:00,MARS,USER_L1_SD_CONDITIONAL,0,,,,,,,0,1
r48u_20260914_MARS_UDUC_ils_feedback_fix1,MARS,UDUC,ils_feedback,ZHANG_USER_ILS_NAMED_RECOVERY,2024-07-17T00:18:30,MARS,USER_WL_SD,0,,,,,,,0,1
r48u_20260914_MARS_UDUC_ils_feedback_fix1,MARS,UDUC,ils_feedback,ZHANG_USER_ILS_NAMED_RECOVERY,2024-07-17T00:18:30,MARS,USER_L1_SD_CONDITIONAL,0,,,,,,,0,1
r48u_20260914_MARS_UDUC_ils_feedback_fix1,MARS,UDUC,ils_feedback,ZHANG_USER_ILS_NAMED_RECOVERY,2024-07-17T00:19:00,MARS,USER_WL_SD,0,,,,,,,0,1
r48u_20260914_MARS_UDUC_ils_feedback_fix1,MARS,UDUC,ils_feedback,ZHANG_USER_ILS_NAMED_RECOVERY,2024-07-17T00:19:00,MARS,USER_L1_SD_CONDITIONAL,0,,,,,,,0,1
r48u_20260914_MARS_UDUC_ils_feedback_fix1,MARS,UDUC,ils_feedback,ZHANG_USER_ILS_NAMED_RECOVERY,2024-07-17T00:19:30,MARS,USER_WL_SD,0,,,,,,,0,1
r48u_20260914_MARS_UDUC_ils_feedback_fix1,MARS,UDUC,ils_feedback,ZHANG_USER_ILS_NAMED_RECOVERY,2024-07-17T00:19:30,MARS,USER_L1_SD_CONDITIONAL,0,,,,,,,0,1
r48u_20260914_MARS_UDUC_ils_feedback_fix1,MARS,UDUC,ils_feedback,ZHANG_USER_ILS_NAMED_RECOVERY,2024-07-17T00:20:00,MARS,USER_WL_SD,0,,,,,,,0,1
r48u_20260914_MARS_UDUC_ils_feedback_fix1,MARS,UDUC,ils_feedback,ZHANG_USER_ILS_NAMED_RECOVERY,2024-07-17T00:20:00,MARS,USER_L1_SD_CONDITIONAL,0,,,,,,,0,1
r48u_20260914_MARS_UDUC_ils_feedback_fix1,MARS,UDUC,ils_feedback,ZHANG_USER_ILS_NAMED_RECOVERY,2024-07-17T00:20:30,MARS,USER_WL_SD,0,,,,,,,0,1
r48u_20260914_MARS_UDUC_ils_feedback_fix1,MARS,UDUC,ils_feedback,ZHANG_USER_ILS_NAMED_RECOVERY,2024-07-17T00:20:30,MARS,USER_L1_SD_CONDITIONAL,0,,,,,,,0,1
r48u_20260914_MARS_UDUC_ils_feedback_fix1,MARS,UDUC,ils_feedback,ZHANG_USER_ILS_NAMED_RECOVERY,2024-07-17T00:21:00,MARS,USER_WL_SD,0,,,,,,,0,1
r48u_20260914_MARS_UDUC_ils_feedback_fix1,MARS,UDUC,ils_feedback,ZHANG_USER_ILS_NAMED_RECOVERY,2024-07-17T00:21:00,MARS,USER_L1_SD_CONDITIONAL,0,,,,,,,0,1
r48u_20260914_MARS_UDUC_ils_feedback_fix1,MARS,UDUC,ils_feedback,ZHANG_USER_ILS_NAMED_RECOVERY,2024-07-17T00:21:30,MARS,USER_WL_SD,0,,,,,,,0,1
r48u_20260914_MARS_UDUC_ils_feedback_fix1,MARS,UDUC,ils_feedback,ZHANG_USER_ILS_NAMED_RECOVERY,2024-07-17T00:21:30,MARS,USER_L1_SD_CONDITIONAL,0,,,,,,,0,1
r48u_20260914_MARS_UDUC_ils_feedback_fix1,MARS,UDUC,ils_feedback,ZHANG_USER_ILS_NAMED_RECOVERY,2024-07-17T00:22:00,MARS,USER_WL_SD,0,,,,,,,0,1
r48u_20260914_MARS_UDUC_ils_feedback_fix1,MARS,UDUC,ils_feedback,ZHANG_USER_ILS_NAMED_RECOVERY,2024-07-17T00:22:00,MARS,USER_L1_SD_CONDITIONAL,0,,,,,,,0,1
r48u_20260914_MARS_UDUC_ils_feedback_fix1,MARS,UDUC,ils_feedback,ZHANG_USER_ILS_NAMED_RECOVERY,2024-07-17T00:22:30,MARS,USER_WL_SD,0,,,,,,,0,1
r48u_20260914_MARS_UDUC_ils_feedback_fix1,MARS,UDUC,ils_feedback,ZHANG_USER_ILS_NAMED_RECOVERY,2024-07-17T00:22:30,MARS,USER_L1_SD_CONDITIONAL,0,,,,,,,0,1
r48u_20260914_MARS_UDUC_ils_feedback_fix1,MARS,UDUC,ils_feedback,ZHANG_USER_ILS_NAMED_RECOVERY,2024-07-17T00:23:00,MARS,USER_WL_SD,0,,,,,,,0,1
r48u_20260914_MARS_UDUC_ils_feedback_fix1,MARS,UDUC,ils_feedback,ZHANG_USER_ILS_NAMED_RECOVERY,2024-07-17T00:23:00,MARS,USER_L1_SD_CONDITIONAL,0,,,,,,,0,1
r48u_20260914_MARS_UDUC_ils_feedback_fix1,MARS,UDUC,ils_feedback,ZHANG_USER_ILS_NAMED_RECOVERY,2024-07-17T00:23:30,MARS,USER_WL_SD,0,,,,,,,0,1
r48u_20260914_MARS_UDUC_ils_feedback_fix1,MARS,UDUC,ils_feedback,ZHANG_USER_ILS_NAMED_RECOVERY,2024-07-17T00:23:30,MARS,USER_L1_SD_CONDITIONAL,0,,,,,,,0,1
r48u_20260914_MARS_UDUC_ils_feedback_fix1,MARS,UDUC,ils_feedback,ZHANG_USER_ILS_NAMED_RECOVERY,2024-07-17T00:24:00,MARS,USER_WL_SD,0,,,,,,,0,1
r48u_20260914_MARS_UDUC_ils_feedback_fix1,MARS,UDUC,ils_feedback,ZHANG_USER_ILS_NAMED_RECOVERY,2024-07-17T00:24:00,MARS,USER_L1_SD_CONDITIONAL,0,,,,,,,0,1
r48u_20260914_MARS_UDUC_ils_feedback_fix1,MARS,UDUC,ils_feedback,ZHANG_USER_ILS_NAMED_RECOVERY,2024-07-17T00:24:30,MARS,USER_WL_SD,0,,,,,,,0,1
r48u_20260914_MARS_UDUC_ils_feedback_fix1,MARS,UDUC,ils_feedback,ZHANG_USER_ILS_NAMED_RECOVERY,2024-07-17T00:24:30,MARS,USER_L1_SD_CONDITIONAL,0,,,,,,,0,1
r48u_20260914_MARS_UDUC_ils_feedback_fix1,MARS,UDUC,ils_feedback,ZHANG_USER_ILS_NAMED_RECOVERY,2024-07-17T00:25:00,MARS,USER_WL_SD,0,,,,,,,0,1
r48u_20260914_MARS_UDUC_ils_feedback_fix1,MARS,UDUC,ils_feedback,ZHANG_USER_ILS_NAMED_RECOVERY,2024-07-17T00:25:00,MARS,USER_L1_SD_CONDITIONAL,0,,,,,,,0,1
r48u_20260914_MARS_UDUC_ils_feedback_fix1,MARS,UDUC,ils_feedback,ZHANG_USER_ILS_NAMED_RECOVERY,2024-07-17T00:26:00,MARS,USER_WL_SD,0,,,,,,,0,1
r48u_20260914_MARS_UDUC_ils_feedback_fix1,MARS,UDUC,ils_feedback,ZHANG_USER_ILS_NAMED_RECOVERY,2024-07-17T00:26:00,MARS,USER_L1_SD_CONDITIONAL,0,,,,,,,0,1
r48u_20260914_MARS_UDUC_ils_feedback_fix1,MARS,UDUC,ils_feedback,ZHANG_USER_ILS_NAMED_RECOVERY,2024-07-17T00:26:30,MARS,USER_WL_SD,0,,,,,,,0,1
r48u_20260914_MARS_UDUC_ils_feedback_fix1,MARS,UDUC,ils_feedback,ZHANG_USER_ILS_NAMED_RECOVERY,2024-07-17T00:26:30,MARS,USER_L1_SD_CONDITIONAL,0,,,,,,,0,1
r48u_20260914_MARS_UDUC_ils_feedback_fix1,MARS,UDUC,ils_feedback,ZHANG_USER_ILS_NAMED_RECOVERY,2024-07-17T00:27:00,MARS,USER_WL_SD,0,,,,,,,0,1
r48u_20260914_MARS_UDUC_ils_feedback_fix1,MARS,UDUC,ils_feedback,ZHANG_USER_ILS_NAMED_RECOVERY,2024-07-17T00:27:00,MARS,USER_L1_SD_CONDITIONAL,0,,,,,,,0,1
r48u_20260914_MARS_UDUC_ils_feedback_fix1,MARS,UDUC,ils_feedback,ZHANG_USER_ILS_NAMED_RECOVERY,2024-07-17T00:27:30,MARS,USER_WL_SD,0,,,,,,,0,1
r48u_20260914_MARS_UDUC_ils_feedback_fix1,MARS,UDUC,ils_feedback,ZHANG_USER_ILS_NAMED_RECOVERY,2024-07-17T00:27:30,MARS,USER_L1_SD_CONDITIONAL,0,,,,,,,0,1
r48u_20260914_MARS_UDUC_ils_feedback_fix1,MARS,UDUC,ils_feedback,ZHANG_USER_ILS_NAMED_RECOVERY,2024-07-17T00:28:00,MARS,USER_WL_SD,0,,,,,,,0,1
r48u_20260914_MARS_UDUC_ils_feedback_fix1,MARS,UDUC,ils_feedback,ZHANG_USER_ILS_NAMED_RECOVERY,2024-07-17T00:28:00,MARS,USER_L1_SD_CONDITIONAL,0,,,,,,,0,1
r48u_20260914_MARS_UDUC_ils_feedback_fix1,MARS,UDUC,ils_feedback,ZHANG_USER_ILS_NAMED_RECOVERY,2024-07-17T00:28:30,MARS,USER_WL_SD,0,,,,,,,0,1
r48u_20260914_MARS_UDUC_ils_feedback_fix1,MARS,UDUC,ils_feedback,ZHANG_USER_ILS_NAMED_RECOVERY,2024-07-17T00:28:30,MARS,USER_L1_SD_CONDITIONAL,0,,,,,,,0,1
r48u_20260914_MARS_UDUC_ils_feedback_fix1,MARS,UDUC,ils_feedback,ZHANG_USER_ILS_NAMED_RECOVERY,2024-07-17T00:29:00,MARS,USER_WL_SD,0,,,,,,,0,1
r48u_20260914_MARS_UDUC_ils_feedback_fix1,MARS,UDUC,ils_feedback,ZHANG_USER_ILS_NAMED_RECOVERY,2024-07-17T00:29:00,MARS,USER_L1_SD_CONDITIONAL,0,,,,,,,0,1
r48u_20260914_MARS_UDUC_ils_feedback_fix1,MARS,UDUC,ils_feedback,ZHANG_USER_ILS_NAMED_RECOVERY,2024-07-17T00:29:30,MARS,USER_WL_SD,0,,,,,,,0,1
r48u_20260914_MARS_UDUC_ils_feedback_fix1,MARS,UDUC,ils_feedback,ZHANG_USER_ILS_NAMED_RECOVERY,2024-07-17T00:29:30,MARS,USER_L1_SD_CONDITIONAL,0,,,,,,,0,1
r48u_20260914_MARS_UDUC_ils_feedback_fix1,MARS,UDUC,ils_feedback,ZHANG_USER_ILS_NAMED_RECOVERY,2024-07-17T00:30:00,MARS,USER_WL_SD,0,,,,,,,0,1
r48u_20260914_MARS_UDUC_ils_feedback_fix1,MARS,UDUC,ils_feedback,ZHANG_USER_ILS_NAMED_RECOVERY,2024-07-17T00:30:00,MARS,USER_L1_SD_CONDITIONAL,0,,,,,,,0,1
r48u_20260914_JPLM_UDUC_ils_shadow_fix1,JPLM,UDUC,ils_shadow,ZHANG_USER_ILS_RELATIONS,2024-07-17T00:11:30,JPLM,USER_WL_SD,0,1,1,0,,,,,
r48u_20260914_JPLM_UDUC_ils_shadow_fix1,JPLM,UDUC,ils_shadow,ZHANG_USER_ILS_RELATIONS,2024-07-17T00:12:00,JPLM,USER_WL_SD,0,1,1,0,,,,,
r48u_20260914_JPLM_UDUC_ils_shadow_fix1,JPLM,UDUC,ils_shadow,ZHANG_USER_ILS_RELATIONS,2024-07-17T00:12:30,JPLM,USER_WL_SD,0,1,1,0,,,,,
r48u_20260914_JPLM_UDUC_ils_shadow_fix1,JPLM,UDUC,ils_shadow,ZHANG_USER_ILS_RELATIONS,2024-07-17T00:13:00,JPLM,USER_WL_SD,0,1,1,0,,,,,
r48u_20260914_JPLM_UDUC_ils_shadow_fix1,JPLM,UDUC,ils_shadow,ZHANG_USER_ILS_RELATIONS,2024-07-17T00:13:30,JPLM,USER_WL_SD,0,1,1,0,,,,,
r48u_20260914_JPLM_UDUC_ils_shadow_fix1,JPLM,UDUC,ils_shadow,ZHANG_USER_ILS_RELATIONS,2024-07-17T00:14:00,JPLM,USER_WL_SD,0,1,1,0,,,,,
r48u_20260914_JPLM_UDUC_ils_shadow_fix1,JPLM,UDUC,ils_shadow,ZHANG_USER_ILS_RELATIONS,2024-07-17T00:14:30,JPLM,USER_WL_SD,0,1,1,0,,,,,
r48u_20260914_JPLM_UDUC_ils_shadow_fix1,JPLM,UDUC,ils_shadow,ZHANG_USER_ILS_RELATIONS,2024-07-17T00:15:00,JPLM,USER_WL_SD,0,1,1,0,,,,,
r48u_20260914_JPLM_UDUC_ils_shadow_fix1,JPLM,UDUC,ils_shadow,ZHANG_USER_ILS_RELATIONS,2024-07-17T00:15:30,JPLM,USER_WL_SD,0,1,1,0,,,,,
r48u_20260914_JPLM_UDUC_ils_shadow_fix1,JPLM,UDUC,ils_shadow,ZHANG_USER_ILS_RELATIONS,2024-07-17T00:16:00,JPLM,USER_WL_SD,1,1,1,0,,,,,
r48u_20260914_JPLM_UDUC_ils_shadow_fix1,JPLM,UDUC,ils_shadow,ZHANG_USER_ILS_RELATIONS,2024-07-17T00:16:00,JPLM,USER_L1_SD_CONDITIONAL,0,1,1,0,,,,,
r48u_20260914_JPLM_UDUC_ils_shadow_fix1,JPLM,UDUC,ils_shadow,ZHANG_USER_ILS_RELATIONS,2024-07-17T00:16:30,JPLM,USER_WL_SD,1,1,1,0,,,,,
r48u_20260914_JPLM_UDUC_ils_shadow_fix1,JPLM,UDUC,ils_shadow,ZHANG_USER_ILS_RELATIONS,2024-07-17T00:16:30,JPLM,USER_L1_SD_CONDITIONAL,0,1,1,0,,,,,
r48u_20260914_JPLM_UDUC_ils_shadow_fix1,JPLM,UDUC,ils_shadow,ZHANG_USER_ILS_RELATIONS,2024-07-17T00:17:00,JPLM,USER_WL_SD,2,2,1,0,,,,,
r48u_20260914_JPLM_UDUC_ils_shadow_fix1,JPLM,UDUC,ils_shadow,ZHANG_USER_ILS_RELATIONS,2024-07-17T00:17:00,JPLM,USER_L1_SD_CONDITIONAL,0,2,1,0,,,,,
r48u_20260914_JPLM_UDUC_ils_shadow_fix1,JPLM,UDUC,ils_shadow,ZHANG_USER_ILS_RELATIONS,2024-07-17T00:17:30,JPLM,USER_WL_SD,2,2,1,0,,,,,
r48u_20260914_JPLM_UDUC_ils_shadow_fix1,JPLM,UDUC,ils_shadow,ZHANG_USER_ILS_RELATIONS,2024-07-17T00:17:30,JPLM,USER_L1_SD_CONDITIONAL,0,2,1,0,,,,,
r48u_20260914_JPLM_UDUC_ils_shadow_fix1,JPLM,UDUC,ils_shadow,ZHANG_USER_ILS_RELATIONS,2024-07-17T00:18:00,JPLM,USER_WL_SD,2,2,1,0,,,,,
r48u_20260914_JPLM_UDUC_ils_shadow_fix1,JPLM,UDUC,ils_shadow,ZHANG_USER_ILS_RELATIONS,2024-07-17T00:18:00,JPLM,USER_L1_SD_CONDITIONAL,0,2,1,0,,,,,
r48u_20260914_JPLM_UDUC_ils_shadow_fix1,JPLM,UDUC,ils_shadow,ZHANG_USER_ILS_RELATIONS,2024-07-17T00:18:30,JPLM,USER_WL_SD,2,2,1,0,,,,,
r48u_20260914_JPLM_UDUC_ils_shadow_fix1,JPLM,UDUC,ils_shadow,ZHANG_USER_ILS_RELATIONS,2024-07-17T00:18:30,JPLM,USER_L1_SD_CONDITIONAL,0,2,1,0,,,,,
r48u_20260914_JPLM_UDUC_ils_shadow_fix1,JPLM,UDUC,ils_shadow,ZHANG_USER_ILS_RELATIONS,2024-07-17T00:19:00,JPLM,USER_WL_SD,2,3,1,0,,,,,
r48u_20260914_JPLM_UDUC_ils_shadow_fix1,JPLM,UDUC,ils_shadow,ZHANG_USER_ILS_RELATIONS,2024-07-17T00:19:00,JPLM,USER_L1_SD_CONDITIONAL,0,3,1,0,,,,,
r48u_20260914_JPLM_UDUC_ils_shadow_fix1,JPLM,UDUC,ils_shadow,ZHANG_USER_ILS_RELATIONS,2024-07-17T00:19:30,JPLM,USER_WL_SD,2,3,1,0,,,,,
r48u_20260914_JPLM_UDUC_ils_shadow_fix1,JPLM,UDUC,ils_shadow,ZHANG_USER_ILS_RELATIONS,2024-07-17T00:19:30,JPLM,USER_L1_SD_CONDITIONAL,0,3,1,0,,,,,
r48u_20260914_JPLM_UDUC_ils_shadow_fix1,JPLM,UDUC,ils_shadow,ZHANG_USER_ILS_RELATIONS,2024-07-17T00:20:00,JPLM,USER_WL_SD,2,3,1,0,,,,,
r48u_20260914_JPLM_UDUC_ils_shadow_fix1,JPLM,UDUC,ils_shadow,ZHANG_USER_ILS_RELATIONS,2024-07-17T00:20:00,JPLM,USER_L1_SD_CONDITIONAL,0,3,1,0,,,,,
r48u_20260914_JPLM_UDUC_ils_shadow_fix1,JPLM,UDUC,ils_shadow,ZHANG_USER_ILS_RELATIONS,2024-07-17T00:20:30,JPLM,USER_WL_SD,2,3,1,0,,,,,
r48u_20260914_JPLM_UDUC_ils_shadow_fix1,JPLM,UDUC,ils_shadow,ZHANG_USER_ILS_RELATIONS,2024-07-17T00:20:30,JPLM,USER_L1_SD_CONDITIONAL,0,3,1,0,,,,,
r48u_20260914_JPLM_UDUC_ils_shadow_fix1,JPLM,UDUC,ils_shadow,ZHANG_USER_ILS_RELATIONS,2024-07-17T00:21:00,JPLM,USER_WL_SD,2,3,1,0,,,,,
r48u_20260914_JPLM_UDUC_ils_shadow_fix1,JPLM,UDUC,ils_shadow,ZHANG_USER_ILS_RELATIONS,2024-07-17T00:21:00,JPLM,USER_L1_SD_CONDITIONAL,0,3,1,0,,,,,
r48u_20260914_JPLM_UDUC_ils_shadow_fix1,JPLM,UDUC,ils_shadow,ZHANG_USER_ILS_RELATIONS,2024-07-17T00:21:30,JPLM,USER_WL_SD,2,3,1,0,,,,,
r48u_20260914_JPLM_UDUC_ils_shadow_fix1,JPLM,UDUC,ils_shadow,ZHANG_USER_ILS_RELATIONS,2024-07-17T00:21:30,JPLM,USER_L1_SD_CONDITIONAL,0,3,1,0,,,,,
r48u_20260914_JPLM_UDUC_ils_shadow_fix1,JPLM,UDUC,ils_shadow,ZHANG_USER_ILS_RELATIONS,2024-07-17T00:22:00,JPLM,USER_WL_SD,2,3,1,0,,,,,
r48u_20260914_JPLM_UDUC_ils_shadow_fix1,JPLM,UDUC,ils_shadow,ZHANG_USER_ILS_RELATIONS,2024-07-17T00:22:00,JPLM,USER_L1_SD_CONDITIONAL,0,3,1,0,,,,,
r48u_20260914_JPLM_UDUC_ils_shadow_fix1,JPLM,UDUC,ils_shadow,ZHANG_USER_ILS_RELATIONS,2024-07-17T00:22:30,JPLM,USER_WL_SD,2,3,1,0,,,,,
r48u_20260914_JPLM_UDUC_ils_shadow_fix1,JPLM,UDUC,ils_shadow,ZHANG_USER_ILS_RELATIONS,2024-07-17T00:22:30,JPLM,USER_L1_SD_CONDITIONAL,0,3,1,0,,,,,
r48u_20260914_JPLM_UDUC_ils_shadow_fix1,JPLM,UDUC,ils_shadow,ZHANG_USER_ILS_RELATIONS,2024-07-17T00:23:00,JPLM,USER_WL_SD,2,3,1,0,,,,,
r48u_20260914_JPLM_UDUC_ils_shadow_fix1,JPLM,UDUC,ils_shadow,ZHANG_USER_ILS_RELATIONS,2024-07-17T00:23:00,JPLM,USER_L1_SD_CONDITIONAL,0,3,1,0,,,,,
r48u_20260914_JPLM_UDUC_ils_shadow_fix1,JPLM,UDUC,ils_shadow,ZHANG_USER_ILS_RELATIONS,2024-07-17T00:23:30,JPLM,USER_WL_SD,2,2,1,0,,,,,
r48u_20260914_JPLM_UDUC_ils_shadow_fix1,JPLM,UDUC,ils_shadow,ZHANG_USER_ILS_RELATIONS,2024-07-17T00:23:30,JPLM,USER_L1_SD_CONDITIONAL,0,2,1,0,,,,,
r48u_20260914_JPLM_UDUC_ils_shadow_fix1,JPLM,UDUC,ils_shadow,ZHANG_USER_ILS_RELATIONS,2024-07-17T00:24:00,JPLM,USER_WL_SD,2,3,1,0,,,,,
r48u_20260914_JPLM_UDUC_ils_shadow_fix1,JPLM,UDUC,ils_shadow,ZHANG_USER_ILS_RELATIONS,2024-07-17T00:24:00,JPLM,USER_L1_SD_CONDITIONAL,0,3,1,0,,,,,
r48u_20260914_JPLM_UDUC_ils_shadow_fix1,JPLM,UDUC,ils_shadow,ZHANG_USER_ILS_RELATIONS,2024-07-17T00:24:30,JPLM,USER_WL_SD,2,3,1,0,,,,,
r48u_20260914_JPLM_UDUC_ils_shadow_fix1,JPLM,UDUC,ils_shadow,ZHANG_USER_ILS_RELATIONS,2024-07-17T00:24:30,JPLM,USER_L1_SD_CONDITIONAL,0,3,1,0,,,,,
r48u_20260914_JPLM_UDUC_ils_shadow_fix1,JPLM,UDUC,ils_shadow,ZHANG_USER_ILS_RELATIONS,2024-07-17T00:25:00,JPLM,USER_WL_SD,2,3,1,0,,,,,
r48u_20260914_JPLM_UDUC_ils_shadow_fix1,JPLM,UDUC,ils_shadow,ZHANG_USER_ILS_RELATIONS,2024-07-17T00:25:00,JPLM,USER_L1_SD_CONDITIONAL,0,3,1,0,,,,,
r48u_20260914_JPLM_UDUC_ils_shadow_fix1,JPLM,UDUC,ils_shadow,ZHANG_USER_ILS_RELATIONS,2024-07-17T00:25:30,JPLM,USER_WL_SD,1,2,1,0,,,,,
r48u_20260914_JPLM_UDUC_ils_shadow_fix1,JPLM,UDUC,ils_shadow,ZHANG_USER_ILS_RELATIONS,2024-07-17T00:25:30,JPLM,USER_L1_SD_CONDITIONAL,0,2,1,0,,,,,
r48u_20260914_JPLM_UDUC_ils_shadow_fix1,JPLM,UDUC,ils_shadow,ZHANG_USER_ILS_RELATIONS,2024-07-17T00:26:00,JPLM,USER_WL_SD,2,3,1,0,,,,,
r48u_20260914_JPLM_UDUC_ils_shadow_fix1,JPLM,UDUC,ils_shadow,ZHANG_USER_ILS_RELATIONS,2024-07-17T00:26:00,JPLM,USER_L1_SD_CONDITIONAL,0,3,1,0,,,,,
r48u_20260914_JPLM_UDUC_ils_shadow_fix1,JPLM,UDUC,ils_shadow,ZHANG_USER_ILS_RELATIONS,2024-07-17T00:26:30,JPLM,USER_WL_SD,2,3,1,0,,,,,
r48u_20260914_JPLM_UDUC_ils_shadow_fix1,JPLM,UDUC,ils_shadow,ZHANG_USER_ILS_RELATIONS,2024-07-17T00:26:30,JPLM,USER_L1_SD_CONDITIONAL,0,3,1,0,,,,,
r48u_20260914_JPLM_UDUC_ils_shadow_fix1,JPLM,UDUC,ils_shadow,ZHANG_USER_ILS_RELATIONS,2024-07-17T00:27:00,JPLM,USER_WL_SD,1,2,1,0,,,,,
r48u_20260914_JPLM_UDUC_ils_shadow_fix1,JPLM,UDUC,ils_shadow,ZHANG_USER_ILS_RELATIONS,2024-07-17T00:27:00,JPLM,USER_L1_SD_CONDITIONAL,0,2,1,0,,,,,
r48u_20260914_JPLM_UDUC_ils_shadow_fix1,JPLM,UDUC,ils_shadow,ZHANG_USER_ILS_RELATIONS,2024-07-17T00:27:30,JPLM,USER_WL_SD,1,2,1,0,,,,,
r48u_20260914_JPLM_UDUC_ils_shadow_fix1,JPLM,UDUC,ils_shadow,ZHANG_USER_ILS_RELATIONS,2024-07-17T00:27:30,JPLM,USER_L1_SD_CONDITIONAL,0,2,1,0,,,,,
r48u_20260914_JPLM_UDUC_ils_shadow_fix1,JPLM,UDUC,ils_shadow,ZHANG_USER_ILS_RELATIONS,2024-07-17T00:28:00,JPLM,USER_WL_SD,1,2,1,0,,,,,
r48u_20260914_JPLM_UDUC_ils_shadow_fix1,JPLM,UDUC,ils_shadow,ZHANG_USER_ILS_RELATIONS,2024-07-17T00:28:00,JPLM,USER_L1_SD_CONDITIONAL,0,2,1,0,,,,,
r48u_20260914_JPLM_UDUC_ils_shadow_fix1,JPLM,UDUC,ils_shadow,ZHANG_USER_ILS_RELATIONS,2024-07-17T00:28:30,JPLM,USER_WL_SD,2,3,1,0,,,,,
r48u_20260914_JPLM_UDUC_ils_shadow_fix1,JPLM,UDUC,ils_shadow,ZHANG_USER_ILS_RELATIONS,2024-07-17T00:28:30,JPLM,USER_L1_SD_CONDITIONAL,0,3,1,0,,,,,
r48u_20260914_JPLM_UDUC_ils_shadow_fix1,JPLM,UDUC,ils_shadow,ZHANG_USER_ILS_RELATIONS,2024-07-17T00:29:00,JPLM,USER_WL_SD,2,3,1,0,,,,,
r48u_20260914_JPLM_UDUC_ils_shadow_fix1,JPLM,UDUC,ils_shadow,ZHANG_USER_ILS_RELATIONS,2024-07-17T00:29:00,JPLM,USER_L1_SD_CONDITIONAL,0,3,1,0,,,,,
r48u_20260914_JPLM_UDUC_ils_shadow_fix1,JPLM,UDUC,ils_shadow,ZHANG_USER_ILS_RELATIONS,2024-07-17T00:29:30,JPLM,USER_WL_SD,2,3,1,0,,,,,
r48u_20260914_JPLM_UDUC_ils_shadow_fix1,JPLM,UDUC,ils_shadow,ZHANG_USER_ILS_RELATIONS,2024-07-17T00:29:30,JPLM,USER_L1_SD_CONDITIONAL,0,3,1,0,,,,,
r48u_20260914_JPLM_UDUC_ils_shadow_fix1,JPLM,UDUC,ils_shadow,ZHANG_USER_ILS_RELATIONS,2024-07-17T00:30:00,JPLM,USER_WL_SD,2,3,1,0,,,,,
r48u_20260914_JPLM_UDUC_ils_shadow_fix1,JPLM,UDUC,ils_shadow,ZHANG_USER_ILS_RELATIONS,2024-07-17T00:30:00,JPLM,USER_L1_SD_CONDITIONAL,0,3,1,0,,,,,
r48u_20260914_JPLM_UDUC_ils_shadow_fix1,JPLM,UDUC,ils_shadow,ZHANG_USER_ILS_ROW,2024-07-17T00:16:00,JPLM,USER_WL_SD,,,,,0,35,1,,
r48u_20260914_JPLM_UDUC_ils_shadow_fix1,JPLM,UDUC,ils_shadow,ZHANG_USER_ILS_ROW,2024-07-17T00:16:30,JPLM,USER_WL_SD,,,,,0,35,1,,
r48u_20260914_JPLM_UDUC_ils_shadow_fix1,JPLM,UDUC,ils_shadow,ZHANG_USER_ILS_ROW,2024-07-17T00:17:00,JPLM,USER_WL_SD,,,,,0,35,1 0,,
r48u_20260914_JPLM_UDUC_ils_shadow_fix1,JPLM,UDUC,ils_shadow,ZHANG_USER_ILS_ROW,2024-07-17T00:17:00,JPLM,USER_WL_SD,,,,,1,45,0 1,,
r48u_20260914_JPLM_UDUC_ils_shadow_fix1,JPLM,UDUC,ils_shadow,ZHANG_USER_ILS_ROW,2024-07-17T00:17:30,JPLM,USER_WL_SD,,,,,0,35,1 0,,
r48u_20260914_JPLM_UDUC_ils_shadow_fix1,JPLM,UDUC,ils_shadow,ZHANG_USER_ILS_ROW,2024-07-17T00:17:30,JPLM,USER_WL_SD,,,,,1,45,0 1,,
r48u_20260914_JPLM_UDUC_ils_shadow_fix1,JPLM,UDUC,ils_shadow,ZHANG_USER_ILS_ROW,2024-07-17T00:18:00,JPLM,USER_WL_SD,,,,,0,35,1 0,,
r48u_20260914_JPLM_UDUC_ils_shadow_fix1,JPLM,UDUC,ils_shadow,ZHANG_USER_ILS_ROW,2024-07-17T00:18:00,JPLM,USER_WL_SD,,,,,1,45,0 1,,
r48u_20260914_JPLM_UDUC_ils_shadow_fix1,JPLM,UDUC,ils_shadow,ZHANG_USER_ILS_ROW,2024-07-17T00:18:30,JPLM,USER_WL_SD,,,,,0,35,1 0,,
r48u_20260914_JPLM_UDUC_ils_shadow_fix1,JPLM,UDUC,ils_shadow,ZHANG_USER_ILS_ROW,2024-07-17T00:18:30,JPLM,USER_WL_SD,,,,,1,45,0 1,,
r48u_20260914_JPLM_UDUC_ils_shadow_fix1,JPLM,UDUC,ils_shadow,ZHANG_USER_ILS_ROW,2024-07-17T00:19:00,JPLM,USER_WL_SD,,,,,0,35,1 0 0,,
r48u_20260914_JPLM_UDUC_ils_shadow_fix1,JPLM,UDUC,ils_shadow,ZHANG_USER_ILS_ROW,2024-07-17T00:19:00,JPLM,USER_WL_SD,,,,,1,45,0 0 1,,
r48u_20260914_JPLM_UDUC_ils_shadow_fix1,JPLM,UDUC,ils_shadow,ZHANG_USER_ILS_ROW,2024-07-17T00:19:30,JPLM,USER_WL_SD,,,,,0,45,0 0 1,,
r48u_20260914_JPLM_UDUC_ils_shadow_fix1,JPLM,UDUC,ils_shadow,ZHANG_USER_ILS_ROW,2024-07-17T00:19:30,JPLM,USER_WL_SD,,,,,1,35,1 0 0,,
r48u_20260914_JPLM_UDUC_ils_shadow_fix1,JPLM,UDUC,ils_shadow,ZHANG_USER_ILS_ROW,2024-07-17T00:20:00,JPLM,USER_WL_SD,,,,,0,45,0 0 1,,
r48u_20260914_JPLM_UDUC_ils_shadow_fix1,JPLM,UDUC,ils_shadow,ZHANG_USER_ILS_ROW,2024-07-17T00:20:00,JPLM,USER_WL_SD,,,,,1,35,1 0 0,,
r48u_20260914_JPLM_UDUC_ils_shadow_fix1,JPLM,UDUC,ils_shadow,ZHANG_USER_ILS_ROW,2024-07-17T00:20:30,JPLM,USER_WL_SD,,,,,0,35,1 0 0,,
r48u_20260914_JPLM_UDUC_ils_shadow_fix1,JPLM,UDUC,ils_shadow,ZHANG_USER_ILS_ROW,2024-07-17T00:20:30,JPLM,USER_WL_SD,,,,,1,45,0 0 1,,
r48u_20260914_JPLM_UDUC_ils_shadow_fix1,JPLM,UDUC,ils_shadow,ZHANG_USER_ILS_ROW,2024-07-17T00:21:00,JPLM,USER_WL_SD,,,,,0,35,1 0 0,,
r48u_20260914_JPLM_UDUC_ils_shadow_fix1,JPLM,UDUC,ils_shadow,ZHANG_USER_ILS_ROW,2024-07-17T00:21:00,JPLM,USER_WL_SD,,,,,1,45,0 0 1,,
r48u_20260914_JPLM_UDUC_ils_shadow_fix1,JPLM,UDUC,ils_shadow,ZHANG_USER_ILS_ROW,2024-07-17T00:21:30,JPLM,USER_WL_SD,,,,,0,45,0 0 1,,
r48u_20260914_JPLM_UDUC_ils_shadow_fix1,JPLM,UDUC,ils_shadow,ZHANG_USER_ILS_ROW,2024-07-17T00:21:30,JPLM,USER_WL_SD,,,,,1,35,1 0 0,,
r48u_20260914_JPLM_UDUC_ils_shadow_fix1,JPLM,UDUC,ils_shadow,ZHANG_USER_ILS_ROW,2024-07-17T00:22:00,JPLM,USER_WL_SD,,,,,0,45,0 0 1,,
r48u_20260914_JPLM_UDUC_ils_shadow_fix1,JPLM,UDUC,ils_shadow,ZHANG_USER_ILS_ROW,2024-07-17T00:22:00,JPLM,USER_WL_SD,,,,,1,35,1 0 0,,
r48u_20260914_JPLM_UDUC_ils_shadow_fix1,JPLM,UDUC,ils_shadow,ZHANG_USER_ILS_ROW,2024-07-17T00:22:30,JPLM,USER_WL_SD,,,,,0,35,1 0 0,,
r48u_20260914_JPLM_UDUC_ils_shadow_fix1,JPLM,UDUC,ils_shadow,ZHANG_USER_ILS_ROW,2024-07-17T00:22:30,JPLM,USER_WL_SD,,,,,1,45,0 0 1,,
r48u_20260914_JPLM_UDUC_ils_shadow_fix1,JPLM,UDUC,ils_shadow,ZHANG_USER_ILS_ROW,2024-07-17T00:23:00,JPLM,USER_WL_SD,,,,,0,35,1 0 0,,
r48u_20260914_JPLM_UDUC_ils_shadow_fix1,JPLM,UDUC,ils_shadow,ZHANG_USER_ILS_ROW,2024-07-17T00:23:00,JPLM,USER_WL_SD,,,,,1,45,0 0 1,,
r48u_20260914_JPLM_UDUC_ils_shadow_fix1,JPLM,UDUC,ils_shadow,ZHANG_USER_ILS_ROW,2024-07-17T00:23:30,JPLM,USER_WL_SD,,,,,0,35,1 0,,
r48u_20260914_JPLM_UDUC_ils_shadow_fix1,JPLM,UDUC,ils_shadow,ZHANG_USER_ILS_ROW,2024-07-17T00:23:30,JPLM,USER_WL_SD,,,,,1,45,0 1,,
r48u_20260914_JPLM_UDUC_ils_shadow_fix1,JPLM,UDUC,ils_shadow,ZHANG_USER_ILS_ROW,2024-07-17T00:24:00,JPLM,USER_WL_SD,,,,,0,35,1 0 0,,
r48u_20260914_JPLM_UDUC_ils_shadow_fix1,JPLM,UDUC,ils_shadow,ZHANG_USER_ILS_ROW,2024-07-17T00:24:00,JPLM,USER_WL_SD,,,,,1,45,0 0 1,,
r48u_20260914_JPLM_UDUC_ils_shadow_fix1,JPLM,UDUC,ils_shadow,ZHANG_USER_ILS_ROW,2024-07-17T00:24:30,JPLM,USER_WL_SD,,,,,0,35,1 0 0,,
r48u_20260914_JPLM_UDUC_ils_shadow_fix1,JPLM,UDUC,ils_shadow,ZHANG_USER_ILS_ROW,2024-07-17T00:24:30,JPLM,USER_WL_SD,,,,,1,45,0 0 1,,
r48u_20260914_JPLM_UDUC_ils_shadow_fix1,JPLM,UDUC,ils_shadow,ZHANG_USER_ILS_ROW,2024-07-17T00:25:00,JPLM,USER_WL_SD,,,,,0,35,1 0 0,,
r48u_20260914_JPLM_UDUC_ils_shadow_fix1,JPLM,UDUC,ils_shadow,ZHANG_USER_ILS_ROW,2024-07-17T00:25:00,JPLM,USER_WL_SD,,,,,1,45,0 0 1,,
r48u_20260914_JPLM_UDUC_ils_shadow_fix1,JPLM,UDUC,ils_shadow,ZHANG_USER_ILS_ROW,2024-07-17T00:25:30,JPLM,USER_WL_SD,,,,,0,35,1 0,,
r48u_20260914_JPLM_UDUC_ils_shadow_fix1,JPLM,UDUC,ils_shadow,ZHANG_USER_ILS_ROW,2024-07-17T00:26:00,JPLM,USER_WL_SD,,,,,0,35,1 0 0,,
r48u_20260914_JPLM_UDUC_ils_shadow_fix1,JPLM,UDUC,ils_shadow,ZHANG_USER_ILS_ROW,2024-07-17T00:26:00,JPLM,USER_WL_SD,,,,,1,45,0 0 1,,
r48u_20260914_JPLM_UDUC_ils_shadow_fix1,JPLM,UDUC,ils_shadow,ZHANG_USER_ILS_ROW,2024-07-17T00:26:30,JPLM,USER_WL_SD,,,,,0,35,1 0 0,,
r48u_20260914_JPLM_UDUC_ils_shadow_fix1,JPLM,UDUC,ils_shadow,ZHANG_USER_ILS_ROW,2024-07-17T00:26:30,JPLM,USER_WL_SD,,,,,1,45,0 0 1,,
r48u_20260914_JPLM_UDUC_ils_shadow_fix1,JPLM,UDUC,ils_shadow,ZHANG_USER_ILS_ROW,2024-07-17T00:27:00,JPLM,USER_WL_SD,,,,,0,-10,1 0,,
r48u_20260914_JPLM_UDUC_ils_shadow_fix1,JPLM,UDUC,ils_shadow,ZHANG_USER_ILS_ROW,2024-07-17T00:27:30,JPLM,USER_WL_SD,,,,,0,-10,1 0,,
r48u_20260914_JPLM_UDUC_ils_shadow_fix1,JPLM,UDUC,ils_shadow,ZHANG_USER_ILS_ROW,2024-07-17T00:28:00,JPLM,USER_WL_SD,,,,,0,-10,1 0,,
r48u_20260914_JPLM_UDUC_ils_shadow_fix1,JPLM,UDUC,ils_shadow,ZHANG_USER_ILS_ROW,2024-07-17T00:28:30,JPLM,USER_WL_SD,,,,,0,35,1 0 0,,
r48u_20260914_JPLM_UDUC_ils_shadow_fix1,JPLM,UDUC,ils_shadow,ZHANG_USER_ILS_ROW,2024-07-17T00:28:30,JPLM,USER_WL_SD,,,,,1,45,0 0 1,,
r48u_20260914_JPLM_UDUC_ils_shadow_fix1,JPLM,UDUC,ils_shadow,ZHANG_USER_ILS_ROW,2024-07-17T00:29:00,JPLM,USER_WL_SD,,,,,0,35,1 0 0,,
r48u_20260914_JPLM_UDUC_ils_shadow_fix1,JPLM,UDUC,ils_shadow,ZHANG_USER_ILS_ROW,2024-07-17T00:29:00,JPLM,USER_WL_SD,,,,,1,45,0 0 1,,
r48u_20260914_JPLM_UDUC_ils_shadow_fix1,JPLM,UDUC,ils_shadow,ZHANG_USER_ILS_ROW,2024-07-17T00:29:30,JPLM,USER_WL_SD,,,,,0,35,1 0 0,,
r48u_20260914_JPLM_UDUC_ils_shadow_fix1,JPLM,UDUC,ils_shadow,ZHANG_USER_ILS_ROW,2024-07-17T00:29:30,JPLM,USER_WL_SD,,,,,1,45,0 0 1,,
r48u_20260914_JPLM_UDUC_ils_shadow_fix1,JPLM,UDUC,ils_shadow,ZHANG_USER_ILS_ROW,2024-07-17T00:30:00,JPLM,USER_WL_SD,,,,,0,35,1 0 0,,
r48u_20260914_JPLM_UDUC_ils_shadow_fix1,JPLM,UDUC,ils_shadow,ZHANG_USER_ILS_ROW,2024-07-17T00:30:00,JPLM,USER_WL_SD,,,,,1,45,0 0 1,,
r48u_20260914_JPLM_UDUC_ils_shadow_fix1,JPLM,UDUC,ils_shadow,ZHANG_USER_ILS_NAMED_RECOVERY,2024-07-17T00:11:30,JPLM,USER_WL_SD,0,,,,,,,0,1
r48u_20260914_JPLM_UDUC_ils_shadow_fix1,JPLM,UDUC,ils_shadow,ZHANG_USER_ILS_NAMED_RECOVERY,2024-07-17T00:12:00,JPLM,USER_WL_SD,0,,,,,,,0,1
r48u_20260914_JPLM_UDUC_ils_shadow_fix1,JPLM,UDUC,ils_shadow,ZHANG_USER_ILS_NAMED_RECOVERY,2024-07-17T00:12:30,JPLM,USER_WL_SD,0,,,,,,,0,1
r48u_20260914_JPLM_UDUC_ils_shadow_fix1,JPLM,UDUC,ils_shadow,ZHANG_USER_ILS_NAMED_RECOVERY,2024-07-17T00:13:00,JPLM,USER_WL_SD,0,,,,,,,0,1
r48u_20260914_JPLM_UDUC_ils_shadow_fix1,JPLM,UDUC,ils_shadow,ZHANG_USER_ILS_NAMED_RECOVERY,2024-07-17T00:13:30,JPLM,USER_WL_SD,0,,,,,,,0,1
r48u_20260914_JPLM_UDUC_ils_shadow_fix1,JPLM,UDUC,ils_shadow,ZHANG_USER_ILS_NAMED_RECOVERY,2024-07-17T00:14:00,JPLM,USER_WL_SD,0,,,,,,,0,1
r48u_20260914_JPLM_UDUC_ils_shadow_fix1,JPLM,UDUC,ils_shadow,ZHANG_USER_ILS_NAMED_RECOVERY,2024-07-17T00:14:30,JPLM,USER_WL_SD,0,,,,,,,0,1
r48u_20260914_JPLM_UDUC_ils_shadow_fix1,JPLM,UDUC,ils_shadow,ZHANG_USER_ILS_NAMED_RECOVERY,2024-07-17T00:15:00,JPLM,USER_WL_SD,0,,,,,,,0,1
r48u_20260914_JPLM_UDUC_ils_shadow_fix1,JPLM,UDUC,ils_shadow,ZHANG_USER_ILS_NAMED_RECOVERY,2024-07-17T00:15:30,JPLM,USER_WL_SD,0,,,,,,,0,1
r48u_20260914_JPLM_UDUC_ils_shadow_fix1,JPLM,UDUC,ils_shadow,ZHANG_USER_ILS_NAMED_RECOVERY,2024-07-17T00:16:00,JPLM,USER_WL_SD,1,,,,,,,1,1
r48u_20260914_JPLM_UDUC_ils_shadow_fix1,JPLM,UDUC,ils_shadow,ZHANG_USER_ILS_NAMED_RECOVERY,2024-07-17T00:16:00,JPLM,USER_L1_SD_CONDITIONAL,0,,,,,,,0,1
r48u_20260914_JPLM_UDUC_ils_shadow_fix1,JPLM,UDUC,ils_shadow,ZHANG_USER_ILS_NAMED_RECOVERY,2024-07-17T00:16:30,JPLM,USER_WL_SD,1,,,,,,,1,1
r48u_20260914_JPLM_UDUC_ils_shadow_fix1,JPLM,UDUC,ils_shadow,ZHANG_USER_ILS_NAMED_RECOVERY,2024-07-17T00:16:30,JPLM,USER_L1_SD_CONDITIONAL,0,,,,,,,0,1
r48u_20260914_JPLM_UDUC_ils_shadow_fix1,JPLM,UDUC,ils_shadow,ZHANG_USER_ILS_NAMED_RECOVERY,2024-07-17T00:17:00,JPLM,USER_WL_SD,2,,,,,,,2,1
r48u_20260914_JPLM_UDUC_ils_shadow_fix1,JPLM,UDUC,ils_shadow,ZHANG_USER_ILS_NAMED_RECOVERY,2024-07-17T00:17:00,JPLM,USER_L1_SD_CONDITIONAL,0,,,,,,,0,1
r48u_20260914_JPLM_UDUC_ils_shadow_fix1,JPLM,UDUC,ils_shadow,ZHANG_USER_ILS_NAMED_RECOVERY,2024-07-17T00:17:30,JPLM,USER_WL_SD,2,,,,,,,2,1
r48u_20260914_JPLM_UDUC_ils_shadow_fix1,JPLM,UDUC,ils_shadow,ZHANG_USER_ILS_NAMED_RECOVERY,2024-07-17T00:17:30,JPLM,USER_L1_SD_CONDITIONAL,0,,,,,,,0,1
r48u_20260914_JPLM_UDUC_ils_shadow_fix1,JPLM,UDUC,ils_shadow,ZHANG_USER_ILS_NAMED_RECOVERY,2024-07-17T00:18:00,JPLM,USER_WL_SD,2,,,,,,,2,1
r48u_20260914_JPLM_UDUC_ils_shadow_fix1,JPLM,UDUC,ils_shadow,ZHANG_USER_ILS_NAMED_RECOVERY,2024-07-17T00:18:00,JPLM,USER_L1_SD_CONDITIONAL,0,,,,,,,0,1
r48u_20260914_JPLM_UDUC_ils_shadow_fix1,JPLM,UDUC,ils_shadow,ZHANG_USER_ILS_NAMED_RECOVERY,2024-07-17T00:18:30,JPLM,USER_WL_SD,2,,,,,,,2,1
r48u_20260914_JPLM_UDUC_ils_shadow_fix1,JPLM,UDUC,ils_shadow,ZHANG_USER_ILS_NAMED_RECOVERY,2024-07-17T00:18:30,JPLM,USER_L1_SD_CONDITIONAL,0,,,,,,,0,1
r48u_20260914_JPLM_UDUC_ils_shadow_fix1,JPLM,UDUC,ils_shadow,ZHANG_USER_ILS_NAMED_RECOVERY,2024-07-17T00:19:00,JPLM,USER_WL_SD,2,,,,,,,2,1
r48u_20260914_JPLM_UDUC_ils_shadow_fix1,JPLM,UDUC,ils_shadow,ZHANG_USER_ILS_NAMED_RECOVERY,2024-07-17T00:19:00,JPLM,USER_L1_SD_CONDITIONAL,0,,,,,,,0,1
r48u_20260914_JPLM_UDUC_ils_shadow_fix1,JPLM,UDUC,ils_shadow,ZHANG_USER_ILS_NAMED_RECOVERY,2024-07-17T00:19:30,JPLM,USER_WL_SD,2,,,,,,,2,1
r48u_20260914_JPLM_UDUC_ils_shadow_fix1,JPLM,UDUC,ils_shadow,ZHANG_USER_ILS_NAMED_RECOVERY,2024-07-17T00:19:30,JPLM,USER_L1_SD_CONDITIONAL,0,,,,,,,0,1
r48u_20260914_JPLM_UDUC_ils_shadow_fix1,JPLM,UDUC,ils_shadow,ZHANG_USER_ILS_NAMED_RECOVERY,2024-07-17T00:20:00,JPLM,USER_WL_SD,2,,,,,,,2,1
r48u_20260914_JPLM_UDUC_ils_shadow_fix1,JPLM,UDUC,ils_shadow,ZHANG_USER_ILS_NAMED_RECOVERY,2024-07-17T00:20:00,JPLM,USER_L1_SD_CONDITIONAL,0,,,,,,,0,1
r48u_20260914_JPLM_UDUC_ils_shadow_fix1,JPLM,UDUC,ils_shadow,ZHANG_USER_ILS_NAMED_RECOVERY,2024-07-17T00:20:30,JPLM,USER_WL_SD,2,,,,,,,2,1
r48u_20260914_JPLM_UDUC_ils_shadow_fix1,JPLM,UDUC,ils_shadow,ZHANG_USER_ILS_NAMED_RECOVERY,2024-07-17T00:20:30,JPLM,USER_L1_SD_CONDITIONAL,0,,,,,,,0,1
r48u_20260914_JPLM_UDUC_ils_shadow_fix1,JPLM,UDUC,ils_shadow,ZHANG_USER_ILS_NAMED_RECOVERY,2024-07-17T00:21:00,JPLM,USER_WL_SD,2,,,,,,,2,1
r48u_20260914_JPLM_UDUC_ils_shadow_fix1,JPLM,UDUC,ils_shadow,ZHANG_USER_ILS_NAMED_RECOVERY,2024-07-17T00:21:00,JPLM,USER_L1_SD_CONDITIONAL,0,,,,,,,0,1
r48u_20260914_JPLM_UDUC_ils_shadow_fix1,JPLM,UDUC,ils_shadow,ZHANG_USER_ILS_NAMED_RECOVERY,2024-07-17T00:21:30,JPLM,USER_WL_SD,2,,,,,,,2,1
r48u_20260914_JPLM_UDUC_ils_shadow_fix1,JPLM,UDUC,ils_shadow,ZHANG_USER_ILS_NAMED_RECOVERY,2024-07-17T00:21:30,JPLM,USER_L1_SD_CONDITIONAL,0,,,,,,,0,1
r48u_20260914_JPLM_UDUC_ils_shadow_fix1,JPLM,UDUC,ils_shadow,ZHANG_USER_ILS_NAMED_RECOVERY,2024-07-17T00:22:00,JPLM,USER_WL_SD,2,,,,,,,2,1
r48u_20260914_JPLM_UDUC_ils_shadow_fix1,JPLM,UDUC,ils_shadow,ZHANG_USER_ILS_NAMED_RECOVERY,2024-07-17T00:22:00,JPLM,USER_L1_SD_CONDITIONAL,0,,,,,,,0,1
r48u_20260914_JPLM_UDUC_ils_shadow_fix1,JPLM,UDUC,ils_shadow,ZHANG_USER_ILS_NAMED_RECOVERY,2024-07-17T00:22:30,JPLM,USER_WL_SD,2,,,,,,,2,1
r48u_20260914_JPLM_UDUC_ils_shadow_fix1,JPLM,UDUC,ils_shadow,ZHANG_USER_ILS_NAMED_RECOVERY,2024-07-17T00:22:30,JPLM,USER_L1_SD_CONDITIONAL,0,,,,,,,0,1
r48u_20260914_JPLM_UDUC_ils_shadow_fix1,JPLM,UDUC,ils_shadow,ZHANG_USER_ILS_NAMED_RECOVERY,2024-07-17T00:23:00,JPLM,USER_WL_SD,2,,,,,,,2,1
r48u_20260914_JPLM_UDUC_ils_shadow_fix1,JPLM,UDUC,ils_shadow,ZHANG_USER_ILS_NAMED_RECOVERY,2024-07-17T00:23:00,JPLM,USER_L1_SD_CONDITIONAL,0,,,,,,,0,1
r48u_20260914_JPLM_UDUC_ils_shadow_fix1,JPLM,UDUC,ils_shadow,ZHANG_USER_ILS_NAMED_RECOVERY,2024-07-17T00:23:30,JPLM,USER_WL_SD,2,,,,,,,2,1
r48u_20260914_JPLM_UDUC_ils_shadow_fix1,JPLM,UDUC,ils_shadow,ZHANG_USER_ILS_NAMED_RECOVERY,2024-07-17T00:23:30,JPLM,USER_L1_SD_CONDITIONAL,0,,,,,,,0,1
r48u_20260914_JPLM_UDUC_ils_shadow_fix1,JPLM,UDUC,ils_shadow,ZHANG_USER_ILS_NAMED_RECOVERY,2024-07-17T00:24:00,JPLM,USER_WL_SD,2,,,,,,,2,1
r48u_20260914_JPLM_UDUC_ils_shadow_fix1,JPLM,UDUC,ils_shadow,ZHANG_USER_ILS_NAMED_RECOVERY,2024-07-17T00:24:00,JPLM,USER_L1_SD_CONDITIONAL,0,,,,,,,0,1
r48u_20260914_JPLM_UDUC_ils_shadow_fix1,JPLM,UDUC,ils_shadow,ZHANG_USER_ILS_NAMED_RECOVERY,2024-07-17T00:24:30,JPLM,USER_WL_SD,2,,,,,,,2,1
r48u_20260914_JPLM_UDUC_ils_shadow_fix1,JPLM,UDUC,ils_shadow,ZHANG_USER_ILS_NAMED_RECOVERY,2024-07-17T00:24:30,JPLM,USER_L1_SD_CONDITIONAL,0,,,,,,,0,1
r48u_20260914_JPLM_UDUC_ils_shadow_fix1,JPLM,UDUC,ils_shadow,ZHANG_USER_ILS_NAMED_RECOVERY,2024-07-17T00:25:00,JPLM,USER_WL_SD,2,,,,,,,2,1
r48u_20260914_JPLM_UDUC_ils_shadow_fix1,JPLM,UDUC,ils_shadow,ZHANG_USER_ILS_NAMED_RECOVERY,2024-07-17T00:25:00,JPLM,USER_L1_SD_CONDITIONAL,0,,,,,,,0,1
r48u_20260914_JPLM_UDUC_ils_shadow_fix1,JPLM,UDUC,ils_shadow,ZHANG_USER_ILS_NAMED_RECOVERY,2024-07-17T00:25:30,JPLM,USER_WL_SD,1,,,,,,,1,1
r48u_20260914_JPLM_UDUC_ils_shadow_fix1,JPLM,UDUC,ils_shadow,ZHANG_USER_ILS_NAMED_RECOVERY,2024-07-17T00:25:30,JPLM,USER_L1_SD_CONDITIONAL,0,,,,,,,0,1
r48u_20260914_JPLM_UDUC_ils_shadow_fix1,JPLM,UDUC,ils_shadow,ZHANG_USER_ILS_NAMED_RECOVERY,2024-07-17T00:26:00,JPLM,USER_WL_SD,2,,,,,,,2,1
r48u_20260914_JPLM_UDUC_ils_shadow_fix1,JPLM,UDUC,ils_shadow,ZHANG_USER_ILS_NAMED_RECOVERY,2024-07-17T00:26:00,JPLM,USER_L1_SD_CONDITIONAL,0,,,,,,,0,1
r48u_20260914_JPLM_UDUC_ils_shadow_fix1,JPLM,UDUC,ils_shadow,ZHANG_USER_ILS_NAMED_RECOVERY,2024-07-17T00:26:30,JPLM,USER_WL_SD,2,,,,,,,2,1
r48u_20260914_JPLM_UDUC_ils_shadow_fix1,JPLM,UDUC,ils_shadow,ZHANG_USER_ILS_NAMED_RECOVERY,2024-07-17T00:26:30,JPLM,USER_L1_SD_CONDITIONAL,0,,,,,,,0,1
r48u_20260914_JPLM_UDUC_ils_shadow_fix1,JPLM,UDUC,ils_shadow,ZHANG_USER_ILS_NAMED_RECOVERY,2024-07-17T00:27:00,JPLM,USER_WL_SD,1,,,,,,,1,1
r48u_20260914_JPLM_UDUC_ils_shadow_fix1,JPLM,UDUC,ils_shadow,ZHANG_USER_ILS_NAMED_RECOVERY,2024-07-17T00:27:00,JPLM,USER_L1_SD_CONDITIONAL,0,,,,,,,0,1
r48u_20260914_JPLM_UDUC_ils_shadow_fix1,JPLM,UDUC,ils_shadow,ZHANG_USER_ILS_NAMED_RECOVERY,2024-07-17T00:27:30,JPLM,USER_WL_SD,1,,,,,,,1,1
r48u_20260914_JPLM_UDUC_ils_shadow_fix1,JPLM,UDUC,ils_shadow,ZHANG_USER_ILS_NAMED_RECOVERY,2024-07-17T00:27:30,JPLM,USER_L1_SD_CONDITIONAL,0,,,,,,,0,1
r48u_20260914_JPLM_UDUC_ils_shadow_fix1,JPLM,UDUC,ils_shadow,ZHANG_USER_ILS_NAMED_RECOVERY,2024-07-17T00:28:00,JPLM,USER_WL_SD,1,,,,,,,1,1
r48u_20260914_JPLM_UDUC_ils_shadow_fix1,JPLM,UDUC,ils_shadow,ZHANG_USER_ILS_NAMED_RECOVERY,2024-07-17T00:28:00,JPLM,USER_L1_SD_CONDITIONAL,0,,,,,,,0,1
r48u_20260914_JPLM_UDUC_ils_shadow_fix1,JPLM,UDUC,ils_shadow,ZHANG_USER_ILS_NAMED_RECOVERY,2024-07-17T00:28:30,JPLM,USER_WL_SD,2,,,,,,,2,1
r48u_20260914_JPLM_UDUC_ils_shadow_fix1,JPLM,UDUC,ils_shadow,ZHANG_USER_ILS_NAMED_RECOVERY,2024-07-17T00:28:30,JPLM,USER_L1_SD_CONDITIONAL,0,,,,,,,0,1
r48u_20260914_JPLM_UDUC_ils_shadow_fix1,JPLM,UDUC,ils_shadow,ZHANG_USER_ILS_NAMED_RECOVERY,2024-07-17T00:29:00,JPLM,USER_WL_SD,2,,,,,,,2,1
r48u_20260914_JPLM_UDUC_ils_shadow_fix1,JPLM,UDUC,ils_shadow,ZHANG_USER_ILS_NAMED_RECOVERY,2024-07-17T00:29:00,JPLM,USER_L1_SD_CONDITIONAL,0,,,,,,,0,1
r48u_20260914_JPLM_UDUC_ils_shadow_fix1,JPLM,UDUC,ils_shadow,ZHANG_USER_ILS_NAMED_RECOVERY,2024-07-17T00:29:30,JPLM,USER_WL_SD,2,,,,,,,2,1
r48u_20260914_JPLM_UDUC_ils_shadow_fix1,JPLM,UDUC,ils_shadow,ZHANG_USER_ILS_NAMED_RECOVERY,2024-07-17T00:29:30,JPLM,USER_L1_SD_CONDITIONAL,0,,,,,,,0,1
r48u_20260914_JPLM_UDUC_ils_shadow_fix1,JPLM,UDUC,ils_shadow,ZHANG_USER_ILS_NAMED_RECOVERY,2024-07-17T00:30:00,JPLM,USER_WL_SD,2,,,,,,,2,1
r48u_20260914_JPLM_UDUC_ils_shadow_fix1,JPLM,UDUC,ils_shadow,ZHANG_USER_ILS_NAMED_RECOVERY,2024-07-17T00:30:00,JPLM,USER_L1_SD_CONDITIONAL,0,,,,,,,0,1
r48u_20260914_JPLM_UDUC_ils_feedback_fix1,JPLM,UDUC,ils_feedback,ZHANG_USER_ILS_RELATIONS,2024-07-17T00:11:30,JPLM,USER_WL_SD,0,1,1,0,,,,,
r48u_20260914_JPLM_UDUC_ils_feedback_fix1,JPLM,UDUC,ils_feedback,ZHANG_USER_ILS_RELATIONS,2024-07-17T00:12:00,JPLM,USER_WL_SD,0,1,1,0,,,,,
r48u_20260914_JPLM_UDUC_ils_feedback_fix1,JPLM,UDUC,ils_feedback,ZHANG_USER_ILS_RELATIONS,2024-07-17T00:12:30,JPLM,USER_WL_SD,0,1,1,0,,,,,
r48u_20260914_JPLM_UDUC_ils_feedback_fix1,JPLM,UDUC,ils_feedback,ZHANG_USER_ILS_RELATIONS,2024-07-17T00:13:00,JPLM,USER_WL_SD,0,1,1,0,,,,,
r48u_20260914_JPLM_UDUC_ils_feedback_fix1,JPLM,UDUC,ils_feedback,ZHANG_USER_ILS_RELATIONS,2024-07-17T00:13:30,JPLM,USER_WL_SD,0,1,1,0,,,,,
r48u_20260914_JPLM_UDUC_ils_feedback_fix1,JPLM,UDUC,ils_feedback,ZHANG_USER_ILS_RELATIONS,2024-07-17T00:14:00,JPLM,USER_WL_SD,0,1,1,0,,,,,
r48u_20260914_JPLM_UDUC_ils_feedback_fix1,JPLM,UDUC,ils_feedback,ZHANG_USER_ILS_RELATIONS,2024-07-17T00:14:30,JPLM,USER_WL_SD,0,1,1,0,,,,,
r48u_20260914_JPLM_UDUC_ils_feedback_fix1,JPLM,UDUC,ils_feedback,ZHANG_USER_ILS_RELATIONS,2024-07-17T00:15:00,JPLM,USER_WL_SD,0,1,1,0,,,,,
r48u_20260914_JPLM_UDUC_ils_feedback_fix1,JPLM,UDUC,ils_feedback,ZHANG_USER_ILS_RELATIONS,2024-07-17T00:15:30,JPLM,USER_WL_SD,0,1,1,0,,,,,
r48u_20260914_JPLM_UDUC_ils_feedback_fix1,JPLM,UDUC,ils_feedback,ZHANG_USER_ILS_RELATIONS,2024-07-17T00:16:00,JPLM,USER_WL_SD,1,1,1,0,,,,,
r48u_20260914_JPLM_UDUC_ils_feedback_fix1,JPLM,UDUC,ils_feedback,ZHANG_USER_ILS_RELATIONS,2024-07-17T00:16:00,JPLM,USER_L1_SD_CONDITIONAL,0,1,1,0,,,,,
r48u_20260914_JPLM_UDUC_ils_feedback_fix1,JPLM,UDUC,ils_feedback,ZHANG_USER_ILS_RELATIONS,2024-07-17T00:16:30,JPLM,USER_WL_SD,0,1,1,0,,,,,
r48u_20260914_JPLM_UDUC_ils_feedback_fix1,JPLM,UDUC,ils_feedback,ZHANG_USER_ILS_RELATIONS,2024-07-17T00:16:30,JPLM,USER_L1_SD_CONDITIONAL,0,1,1,0,,,,,
r48u_20260914_JPLM_UDUC_ils_feedback_fix1,JPLM,UDUC,ils_feedback,ZHANG_USER_ILS_RELATIONS,2024-07-17T00:17:00,JPLM,USER_WL_SD,1,2,1,0,,,,,
r48u_20260914_JPLM_UDUC_ils_feedback_fix1,JPLM,UDUC,ils_feedback,ZHANG_USER_ILS_RELATIONS,2024-07-17T00:17:00,JPLM,USER_L1_SD_CONDITIONAL,0,2,1,0,,,,,
r48u_20260914_JPLM_UDUC_ils_feedback_fix1,JPLM,UDUC,ils_feedback,ZHANG_USER_ILS_RELATIONS,2024-07-17T00:17:30,JPLM,USER_WL_SD,0,2,1,0,,,,,
r48u_20260914_JPLM_UDUC_ils_feedback_fix1,JPLM,UDUC,ils_feedback,ZHANG_USER_ILS_RELATIONS,2024-07-17T00:18:00,JPLM,USER_WL_SD,0,2,1,0,,,,,
r48u_20260914_JPLM_UDUC_ils_feedback_fix1,JPLM,UDUC,ils_feedback,ZHANG_USER_ILS_RELATIONS,2024-07-17T00:18:30,JPLM,USER_WL_SD,0,2,1,0,,,,,
r48u_20260914_JPLM_UDUC_ils_feedback_fix1,JPLM,UDUC,ils_feedback,ZHANG_USER_ILS_RELATIONS,2024-07-17T00:19:00,JPLM,USER_WL_SD,0,3,1,0,,,,,
r48u_20260914_JPLM_UDUC_ils_feedback_fix1,JPLM,UDUC,ils_feedback,ZHANG_USER_ILS_RELATIONS,2024-07-17T00:19:30,JPLM,USER_WL_SD,0,3,1,0,,,,,
r48u_20260914_JPLM_UDUC_ils_feedback_fix1,JPLM,UDUC,ils_feedback,ZHANG_USER_ILS_RELATIONS,2024-07-17T00:20:00,JPLM,USER_WL_SD,0,3,1,0,,,,,
r48u_20260914_JPLM_UDUC_ils_feedback_fix1,JPLM,UDUC,ils_feedback,ZHANG_USER_ILS_RELATIONS,2024-07-17T00:20:30,JPLM,USER_WL_SD,0,3,1,0,,,,,
r48u_20260914_JPLM_UDUC_ils_feedback_fix1,JPLM,UDUC,ils_feedback,ZHANG_USER_ILS_RELATIONS,2024-07-17T00:21:00,JPLM,USER_WL_SD,0,3,1,0,,,,,
r48u_20260914_JPLM_UDUC_ils_feedback_fix1,JPLM,UDUC,ils_feedback,ZHANG_USER_ILS_RELATIONS,2024-07-17T00:21:30,JPLM,USER_WL_SD,0,3,1,0,,,,,
r48u_20260914_JPLM_UDUC_ils_feedback_fix1,JPLM,UDUC,ils_feedback,ZHANG_USER_ILS_RELATIONS,2024-07-17T00:22:00,JPLM,USER_WL_SD,0,3,1,0,,,,,
r48u_20260914_JPLM_UDUC_ils_feedback_fix1,JPLM,UDUC,ils_feedback,ZHANG_USER_ILS_RELATIONS,2024-07-17T00:22:30,JPLM,USER_WL_SD,0,3,1,0,,,,,
r48u_20260914_JPLM_UDUC_ils_feedback_fix1,JPLM,UDUC,ils_feedback,ZHANG_USER_ILS_RELATIONS,2024-07-17T00:23:00,JPLM,USER_WL_SD,0,3,1,0,,,,,
r48u_20260914_JPLM_UDUC_ils_feedback_fix1,JPLM,UDUC,ils_feedback,ZHANG_USER_ILS_RELATIONS,2024-07-17T00:23:30,JPLM,USER_WL_SD,0,2,1,0,,,,,
r48u_20260914_JPLM_UDUC_ils_feedback_fix1,JPLM,UDUC,ils_feedback,ZHANG_USER_ILS_RELATIONS,2024-07-17T00:24:00,JPLM,USER_WL_SD,0,3,1,0,,,,,
r48u_20260914_JPLM_UDUC_ils_feedback_fix1,JPLM,UDUC,ils_feedback,ZHANG_USER_ILS_RELATIONS,2024-07-17T00:24:30,JPLM,USER_WL_SD,0,3,1,0,,,,,
r48u_20260914_JPLM_UDUC_ils_feedback_fix1,JPLM,UDUC,ils_feedback,ZHANG_USER_ILS_RELATIONS,2024-07-17T00:25:00,JPLM,USER_WL_SD,0,3,1,0,,,,,
r48u_20260914_JPLM_UDUC_ils_feedback_fix1,JPLM,UDUC,ils_feedback,ZHANG_USER_ILS_RELATIONS,2024-07-17T00:25:30,JPLM,USER_WL_SD,0,2,1,0,,,,,
r48u_20260914_JPLM_UDUC_ils_feedback_fix1,JPLM,UDUC,ils_feedback,ZHANG_USER_ILS_RELATIONS,2024-07-17T00:26:00,JPLM,USER_WL_SD,0,3,1,0,,,,,
r48u_20260914_JPLM_UDUC_ils_feedback_fix1,JPLM,UDUC,ils_feedback,ZHANG_USER_ILS_RELATIONS,2024-07-17T00:26:30,JPLM,USER_WL_SD,0,3,1,0,,,,,
r48u_20260914_JPLM_UDUC_ils_feedback_fix1,JPLM,UDUC,ils_feedback,ZHANG_USER_ILS_RELATIONS,2024-07-17T00:27:00,JPLM,USER_WL_SD,0,2,1,0,,,,,
r48u_20260914_JPLM_UDUC_ils_feedback_fix1,JPLM,UDUC,ils_feedback,ZHANG_USER_ILS_RELATIONS,2024-07-17T00:27:30,JPLM,USER_WL_SD,0,2,1,0,,,,,
r48u_20260914_JPLM_UDUC_ils_feedback_fix1,JPLM,UDUC,ils_feedback,ZHANG_USER_ILS_RELATIONS,2024-07-17T00:28:00,JPLM,USER_WL_SD,0,2,1,0,,,,,
r48u_20260914_JPLM_UDUC_ils_feedback_fix1,JPLM,UDUC,ils_feedback,ZHANG_USER_ILS_RELATIONS,2024-07-17T00:28:30,JPLM,USER_WL_SD,0,3,1,0,,,,,
r48u_20260914_JPLM_UDUC_ils_feedback_fix1,JPLM,UDUC,ils_feedback,ZHANG_USER_ILS_RELATIONS,2024-07-17T00:29:00,JPLM,USER_WL_SD,0,3,1,0,,,,,
r48u_20260914_JPLM_UDUC_ils_feedback_fix1,JPLM,UDUC,ils_feedback,ZHANG_USER_ILS_RELATIONS,2024-07-17T00:29:30,JPLM,USER_WL_SD,0,3,1,0,,,,,
r48u_20260914_JPLM_UDUC_ils_feedback_fix1,JPLM,UDUC,ils_feedback,ZHANG_USER_ILS_RELATIONS,2024-07-17T00:30:00,JPLM,USER_WL_SD,0,3,1,0,,,,,
r48u_20260914_JPLM_UDUC_ils_feedback_fix1,JPLM,UDUC,ils_feedback,ZHANG_USER_ILS_ROW,2024-07-17T00:16:00,JPLM,USER_WL_SD,,,,,0,35,1,,
r48u_20260914_JPLM_UDUC_ils_feedback_fix1,JPLM,UDUC,ils_feedback,ZHANG_USER_ILS_ROW,2024-07-17T00:17:00,JPLM,USER_WL_SD,,,,,0,45,0 1,,
r48u_20260914_JPLM_UDUC_ils_feedback_fix1,JPLM,UDUC,ils_feedback,ZHANG_USER_ILS_NAMED_RECOVERY,2024-07-17T00:11:30,JPLM,USER_WL_SD,0,,,,,,,0,1
r48u_20260914_JPLM_UDUC_ils_feedback_fix1,JPLM,UDUC,ils_feedback,ZHANG_USER_ILS_NAMED_RECOVERY,2024-07-17T00:12:00,JPLM,USER_WL_SD,0,,,,,,,0,1
r48u_20260914_JPLM_UDUC_ils_feedback_fix1,JPLM,UDUC,ils_feedback,ZHANG_USER_ILS_NAMED_RECOVERY,2024-07-17T00:12:30,JPLM,USER_WL_SD,0,,,,,,,0,1
r48u_20260914_JPLM_UDUC_ils_feedback_fix1,JPLM,UDUC,ils_feedback,ZHANG_USER_ILS_NAMED_RECOVERY,2024-07-17T00:13:00,JPLM,USER_WL_SD,0,,,,,,,0,1
r48u_20260914_JPLM_UDUC_ils_feedback_fix1,JPLM,UDUC,ils_feedback,ZHANG_USER_ILS_NAMED_RECOVERY,2024-07-17T00:13:30,JPLM,USER_WL_SD,0,,,,,,,0,1
r48u_20260914_JPLM_UDUC_ils_feedback_fix1,JPLM,UDUC,ils_feedback,ZHANG_USER_ILS_NAMED_RECOVERY,2024-07-17T00:14:00,JPLM,USER_WL_SD,0,,,,,,,0,1
r48u_20260914_JPLM_UDUC_ils_feedback_fix1,JPLM,UDUC,ils_feedback,ZHANG_USER_ILS_NAMED_RECOVERY,2024-07-17T00:14:30,JPLM,USER_WL_SD,0,,,,,,,0,1
r48u_20260914_JPLM_UDUC_ils_feedback_fix1,JPLM,UDUC,ils_feedback,ZHANG_USER_ILS_NAMED_RECOVERY,2024-07-17T00:15:00,JPLM,USER_WL_SD,0,,,,,,,0,1
r48u_20260914_JPLM_UDUC_ils_feedback_fix1,JPLM,UDUC,ils_feedback,ZHANG_USER_ILS_NAMED_RECOVERY,2024-07-17T00:15:30,JPLM,USER_WL_SD,0,,,,,,,0,1
r48u_20260914_JPLM_UDUC_ils_feedback_fix1,JPLM,UDUC,ils_feedback,ZHANG_USER_ILS_NAMED_RECOVERY,2024-07-17T00:16:00,JPLM,USER_WL_SD,1,,,,,,,1,1
r48u_20260914_JPLM_UDUC_ils_feedback_fix1,JPLM,UDUC,ils_feedback,ZHANG_USER_ILS_NAMED_RECOVERY,2024-07-17T00:16:00,JPLM,USER_L1_SD_CONDITIONAL,0,,,,,,,0,1
r48u_20260914_JPLM_UDUC_ils_feedback_fix1,JPLM,UDUC,ils_feedback,ZHANG_USER_ILS_NAMED_RECOVERY,2024-07-17T00:16:30,JPLM,USER_WL_SD,0,,,,,,,0,1
r48u_20260914_JPLM_UDUC_ils_feedback_fix1,JPLM,UDUC,ils_feedback,ZHANG_USER_ILS_NAMED_RECOVERY,2024-07-17T00:16:30,JPLM,USER_L1_SD_CONDITIONAL,0,,,,,,,0,1
r48u_20260914_JPLM_UDUC_ils_feedback_fix1,JPLM,UDUC,ils_feedback,ZHANG_USER_ILS_NAMED_RECOVERY,2024-07-17T00:17:00,JPLM,USER_WL_SD,1,,,,,,,1,1
r48u_20260914_JPLM_UDUC_ils_feedback_fix1,JPLM,UDUC,ils_feedback,ZHANG_USER_ILS_NAMED_RECOVERY,2024-07-17T00:17:00,JPLM,USER_L1_SD_CONDITIONAL,0,,,,,,,0,1
r48u_20260914_JPLM_UDUC_ils_feedback_fix1,JPLM,UDUC,ils_feedback,ZHANG_USER_ILS_NAMED_RECOVERY,2024-07-17T00:17:30,JPLM,USER_WL_SD,0,,,,,,,0,1
r48u_20260914_JPLM_UDUC_ils_feedback_fix1,JPLM,UDUC,ils_feedback,ZHANG_USER_ILS_NAMED_RECOVERY,2024-07-17T00:18:00,JPLM,USER_WL_SD,0,,,,,,,0,1
r48u_20260914_JPLM_UDUC_ils_feedback_fix1,JPLM,UDUC,ils_feedback,ZHANG_USER_ILS_NAMED_RECOVERY,2024-07-17T00:18:30,JPLM,USER_WL_SD,0,,,,,,,0,1
r48u_20260914_JPLM_UDUC_ils_feedback_fix1,JPLM,UDUC,ils_feedback,ZHANG_USER_ILS_NAMED_RECOVERY,2024-07-17T00:19:00,JPLM,USER_WL_SD,0,,,,,,,0,1
r48u_20260914_JPLM_UDUC_ils_feedback_fix1,JPLM,UDUC,ils_feedback,ZHANG_USER_ILS_NAMED_RECOVERY,2024-07-17T00:19:30,JPLM,USER_WL_SD,0,,,,,,,0,1
r48u_20260914_JPLM_UDUC_ils_feedback_fix1,JPLM,UDUC,ils_feedback,ZHANG_USER_ILS_NAMED_RECOVERY,2024-07-17T00:20:00,JPLM,USER_WL_SD,0,,,,,,,0,1
r48u_20260914_JPLM_UDUC_ils_feedback_fix1,JPLM,UDUC,ils_feedback,ZHANG_USER_ILS_NAMED_RECOVERY,2024-07-17T00:20:30,JPLM,USER_WL_SD,0,,,,,,,0,1
r48u_20260914_JPLM_UDUC_ils_feedback_fix1,JPLM,UDUC,ils_feedback,ZHANG_USER_ILS_NAMED_RECOVERY,2024-07-17T00:21:00,JPLM,USER_WL_SD,0,,,,,,,0,1
r48u_20260914_JPLM_UDUC_ils_feedback_fix1,JPLM,UDUC,ils_feedback,ZHANG_USER_ILS_NAMED_RECOVERY,2024-07-17T00:21:30,JPLM,USER_WL_SD,0,,,,,,,0,1
r48u_20260914_JPLM_UDUC_ils_feedback_fix1,JPLM,UDUC,ils_feedback,ZHANG_USER_ILS_NAMED_RECOVERY,2024-07-17T00:22:00,JPLM,USER_WL_SD,0,,,,,,,0,1
r48u_20260914_JPLM_UDUC_ils_feedback_fix1,JPLM,UDUC,ils_feedback,ZHANG_USER_ILS_NAMED_RECOVERY,2024-07-17T00:22:30,JPLM,USER_WL_SD,0,,,,,,,0,1
r48u_20260914_JPLM_UDUC_ils_feedback_fix1,JPLM,UDUC,ils_feedback,ZHANG_USER_ILS_NAMED_RECOVERY,2024-07-17T00:23:00,JPLM,USER_WL_SD,0,,,,,,,0,1
r48u_20260914_JPLM_UDUC_ils_feedback_fix1,JPLM,UDUC,ils_feedback,ZHANG_USER_ILS_NAMED_RECOVERY,2024-07-17T00:23:30,JPLM,USER_WL_SD,0,,,,,,,0,1
r48u_20260914_JPLM_UDUC_ils_feedback_fix1,JPLM,UDUC,ils_feedback,ZHANG_USER_ILS_NAMED_RECOVERY,2024-07-17T00:24:00,JPLM,USER_WL_SD,0,,,,,,,0,1
r48u_20260914_JPLM_UDUC_ils_feedback_fix1,JPLM,UDUC,ils_feedback,ZHANG_USER_ILS_NAMED_RECOVERY,2024-07-17T00:24:30,JPLM,USER_WL_SD,0,,,,,,,0,1
r48u_20260914_JPLM_UDUC_ils_feedback_fix1,JPLM,UDUC,ils_feedback,ZHANG_USER_ILS_NAMED_RECOVERY,2024-07-17T00:25:00,JPLM,USER_WL_SD,0,,,,,,,0,1
r48u_20260914_JPLM_UDUC_ils_feedback_fix1,JPLM,UDUC,ils_feedback,ZHANG_USER_ILS_NAMED_RECOVERY,2024-07-17T00:25:30,JPLM,USER_WL_SD,0,,,,,,,0,1
r48u_20260914_JPLM_UDUC_ils_feedback_fix1,JPLM,UDUC,ils_feedback,ZHANG_USER_ILS_NAMED_RECOVERY,2024-07-17T00:26:00,JPLM,USER_WL_SD,0,,,,,,,0,1
r48u_20260914_JPLM_UDUC_ils_feedback_fix1,JPLM,UDUC,ils_feedback,ZHANG_USER_ILS_NAMED_RECOVERY,2024-07-17T00:26:30,JPLM,USER_WL_SD,0,,,,,,,0,1
r48u_20260914_JPLM_UDUC_ils_feedback_fix1,JPLM,UDUC,ils_feedback,ZHANG_USER_ILS_NAMED_RECOVERY,2024-07-17T00:27:00,JPLM,USER_WL_SD,0,,,,,,,0,1
r48u_20260914_JPLM_UDUC_ils_feedback_fix1,JPLM,UDUC,ils_feedback,ZHANG_USER_ILS_NAMED_RECOVERY,2024-07-17T00:27:30,JPLM,USER_WL_SD,0,,,,,,,0,1
r48u_20260914_JPLM_UDUC_ils_feedback_fix1,JPLM,UDUC,ils_feedback,ZHANG_USER_ILS_NAMED_RECOVERY,2024-07-17T00:28:00,JPLM,USER_WL_SD,0,,,,,,,0,1
r48u_20260914_JPLM_UDUC_ils_feedback_fix1,JPLM,UDUC,ils_feedback,ZHANG_USER_ILS_NAMED_RECOVERY,2024-07-17T00:28:30,JPLM,USER_WL_SD,0,,,,,,,0,1
r48u_20260914_JPLM_UDUC_ils_feedback_fix1,JPLM,UDUC,ils_feedback,ZHANG_USER_ILS_NAMED_RECOVERY,2024-07-17T00:29:00,JPLM,USER_WL_SD,0,,,,,,,0,1
r48u_20260914_JPLM_UDUC_ils_feedback_fix1,JPLM,UDUC,ils_feedback,ZHANG_USER_ILS_NAMED_RECOVERY,2024-07-17T00:29:30,JPLM,USER_WL_SD,0,,,,,,,0,1
r48u_20260914_JPLM_UDUC_ils_feedback_fix1,JPLM,UDUC,ils_feedback,ZHANG_USER_ILS_NAMED_RECOVERY,2024-07-17T00:30:00,JPLM,USER_WL_SD,0,,,,,,,0,1
