case,station,model,mode,time,label,requested_rank,stochastic_rank,minimum_fix_count,bootstrap_eligible_rank,bootstrap_best_1d,bootstrap_full,effective_sucthr,actual_ar_mode,ratio_test_executed,local_nis_test_executed,local_nis_alpha,whole_nis_alpha,search_exit_reason
r48u_20260914_DYNG_IF_round_shadow_fix1,DYNG,IF,round_shadow,2024-07-17T00:10:30,USER_IF_WL_SD,5,5,3,0,0,0,0.99,ROUND,0,0,0,1e-06,NON_LAMBDA_MODE
r48u_20260914_DYNG_IF_round_shadow_fix1,DYNG,IF,round_shadow,2024-07-17T00:17:00,USER_IF_WL_SD,5,5,3,0,0,0,0.99,ROUND,0,0,0,1e-06,NON_LAMBDA_MODE
r48u_20260914_DYNG_IF_round_shadow_fix1,DYNG,IF,round_shadow,2024-07-17T00:17:30,USER_IF_WL_SD,5,5,3,0,0,0,0.99,ROUND,0,0,0,1e-06,NON_LAMBDA_MODE
r48u_20260914_DYNG_IF_round_shadow_fix1,DYNG,IF,round_shadow,2024-07-17T00:18:00,USER_IF_WL_SD,5,5,3,0,0,0,0.99,ROUND,0,0,0,1e-06,NON_LAMBDA_MODE
r48u_20260914_DYNG_IF_round_shadow_fix1,DYNG,IF,round_shadow,2024-07-17T00:18:30,USER_IF_WL_SD,5,5,3,0,0,0,0.99,ROUND,0,0,0,1e-06,NON_LAMBDA_MODE
r48u_20260914_DYNG_IF_round_shadow_fix1,DYNG,IF,round_shadow,2024-07-17T00:19:00,USER_IF_WL_SD,5,5,3,0,0,0,0.99,ROUND,0,0,0,1e-06,NON_LAMBDA_MODE
r48u_20260914_DYNG_IF_round_shadow_fix1,DYNG,IF,round_shadow,2024-07-17T00:19:30,USER_IF_WL_SD,5,5,3,0,0,0,0.99,ROUND,0,0,0,1e-06,NON_LAMBDA_MODE
r48u_20260914_DYNG_IF_round_shadow_fix1,DYNG,IF,round_shadow,2024-07-17T00:20:00,USER_IF_WL_SD,5,5,3,0,0,0,0.99,ROUND,0,0,0,1e-06,NON_LAMBDA_MODE
r48u_20260914_DYNG_IF_round_shadow_fix1,DYNG,IF,round_shadow,2024-07-17T00:20:30,USER_IF_WL_SD,6,6,3,0,0,0,0.99,ROUND,0,0,0,1e-06,NON_LAMBDA_MODE
r48u_20260914_DYNG_IF_round_shadow_fix1,DYNG,IF,round_shadow,2024-07-17T00:20:30,USER_IF_L1_SD_CONDITIONAL,1,1,3,0,0,0,0.99,ROUND,0,0,0,1e-06,NON_LAMBDA_MODE
r48u_20260914_DYNG_IF_round_shadow_fix1,DYNG,IF,round_shadow,2024-07-17T00:21:00,USER_IF_WL_SD,5,5,3,0,0,0,0.99,ROUND,0,0,0,1e-06,NON_LAMBDA_MODE
r48u_20260914_DYNG_IF_round_shadow_fix1,DYNG,IF,round_shadow,2024-07-17T00:21:00,USER_IF_L1_SD_CONDITIONAL,1,1,3,0,0,0,0.99,ROUND,0,0,0,1e-06,NON_LAMBDA_MODE
r48u_20260914_DYNG_IF_round_shadow_fix1,DYNG,IF,round_shadow,2024-07-17T00:21:30,USER_IF_WL_SD,6,6,3,0,0,0,0.99,ROUND,0,0,0,1e-06,NON_LAMBDA_MODE
r48u_20260914_DYNG_IF_round_shadow_fix1,DYNG,IF,round_shadow,2024-07-17T00:21:30,USER_IF_L1_SD_CONDITIONAL,1,1,3,0,0,0,0.99,ROUND,0,0,0,1e-06,NON_LAMBDA_MODE
r48u_20260914_DYNG_IF_round_shadow_fix1,DYNG,IF,round_shadow,2024-07-17T00:22:00,USER_IF_WL_SD,6,6,3,0,0,0,0.99,ROUND,0,0,0,1e-06,NON_LAMBDA_MODE
r48u_20260914_DYNG_IF_round_shadow_fix1,DYNG,IF,round_shadow,2024-07-17T00:22:00,USER_IF_L1_SD_CONDITIONAL,1,1,3,0,0,0,0.99,ROUND,0,0,0,1e-06,NON_LAMBDA_MODE
r48u_20260914_DYNG_IF_round_shadow_fix1,DYNG,IF,round_shadow,2024-07-17T00:22:30,USER_IF_WL_SD,6,6,3,0,0,0,0.99,ROUND,0,0,0,1e-06,NON_LAMBDA_MODE
r48u_20260914_DYNG_IF_round_shadow_fix1,DYNG,IF,round_shadow,2024-07-17T00:22:30,USER_IF_L1_SD_CONDITIONAL,1,1,3,0,0,0,0.99,ROUND,0,0,0,1e-06,NON_LAMBDA_MODE
r48u_20260914_DYNG_IF_round_shadow_fix1,DYNG,IF,round_shadow,2024-07-17T00:23:00,USER_IF_WL_SD,6,6,3,0,0,0,0.99,ROUND,0,0,0,1e-06,NON_LAMBDA_MODE
r48u_20260914_DYNG_IF_round_shadow_fix1,DYNG,IF,round_shadow,2024-07-17T00:23:00,USER_IF_L1_SD_CONDITIONAL,1,1,3,0,0,0,0.99,ROUND,0,0,0,1e-06,NON_LAMBDA_MODE
r48u_20260914_DYNG_IF_round_shadow_fix1,DYNG,IF,round_shadow,2024-07-17T00:23:30,USER_IF_WL_SD,5,5,3,0,0,0,0.99,ROUND,0,0,0,1e-06,NON_LAMBDA_MODE
r48u_20260914_DYNG_IF_round_shadow_fix1,DYNG,IF,round_shadow,2024-07-17T00:23:30,USER_IF_L1_SD_CONDITIONAL,2,2,3,0,0,0,0.99,ROUND,0,0,0,1e-06,NON_LAMBDA_MODE
r48u_20260914_DYNG_IF_round_shadow_fix1,DYNG,IF,round_shadow,2024-07-17T00:24:00,USER_IF_WL_SD,5,5,3,0,0,0,0.99,ROUND,0,0,0,1e-06,NON_LAMBDA_MODE
r48u_20260914_DYNG_IF_round_shadow_fix1,DYNG,IF,round_shadow,2024-07-17T00:24:00,USER_IF_L1_SD_CONDITIONAL,2,2,3,0,0,0,0.99,ROUND,0,0,0,1e-06,NON_LAMBDA_MODE
r48u_20260914_DYNG_IF_round_shadow_fix1,DYNG,IF,round_shadow,2024-07-17T00:24:30,USER_IF_WL_SD,5,5,3,0,0,0,0.99,ROUND,0,0,0,1e-06,NON_LAMBDA_MODE
r48u_20260914_DYNG_IF_round_shadow_fix1,DYNG,IF,round_shadow,2024-07-17T00:24:30,USER_IF_L1_SD_CONDITIONAL,2,2,3,0,0,0,0.99,ROUND,0,0,0,1e-06,NON_LAMBDA_MODE
r48u_20260914_DYNG_IF_round_shadow_fix1,DYNG,IF,round_shadow,2024-07-17T00:25:00,USER_IF_WL_SD,5,5,3,0,0,0,0.99,ROUND,0,0,0,1e-06,NON_LAMBDA_MODE
r48u_20260914_DYNG_IF_round_shadow_fix1,DYNG,IF,round_shadow,2024-07-17T00:25:00,USER_IF_L1_SD_CONDITIONAL,2,2,3,0,0,0,0.99,ROUND,0,0,0,1e-06,NON_LAMBDA_MODE
r48u_20260914_DYNG_IF_round_shadow_fix1,DYNG,IF,round_shadow,2024-07-17T00:26:00,USER_IF_WL_SD,5,5,3,0,0,0,0.99,ROUND,0,0,0,1e-06,NON_LAMBDA_MODE
r48u_20260914_DYNG_IF_round_shadow_fix1,DYNG,IF,round_shadow,2024-07-17T00:26:00,USER_IF_L1_SD_CONDITIONAL,2,2,3,0,0,0,0.99,ROUND,0,0,0,1e-06,NON_LAMBDA_MODE
r48u_20260914_DYNG_IF_round_shadow_fix1,DYNG,IF,round_shadow,2024-07-17T00:26:30,USER_IF_WL_SD,5,5,3,0,0,0,0.99,ROUND,0,0,0,1e-06,NON_LAMBDA_MODE
r48u_20260914_DYNG_IF_round_shadow_fix1,DYNG,IF,round_shadow,2024-07-17T00:26:30,USER_IF_L1_SD_CONDITIONAL,3,3,3,0,0,0,0.99,ROUND,0,0,0,1e-06,NON_LAMBDA_MODE
r48u_20260914_DYNG_IF_round_shadow_fix1,DYNG,IF,round_shadow,2024-07-17T00:27:00,USER_IF_WL_SD,6,6,3,0,0,0,0.99,ROUND,0,0,0,1e-06,NON_LAMBDA_MODE
r48u_20260914_DYNG_IF_round_shadow_fix1,DYNG,IF,round_shadow,2024-07-17T00:27:00,USER_IF_L1_SD_CONDITIONAL,3,3,3,0,0,0,0.99,ROUND,0,0,0,1e-06,NON_LAMBDA_MODE
r48u_20260914_DYNG_IF_round_shadow_fix1,DYNG,IF,round_shadow,2024-07-17T00:27:30,USER_IF_WL_SD,6,6,3,0,0,0,0.99,ROUND,0,0,0,1e-06,NON_LAMBDA_MODE
r48u_20260914_DYNG_IF_round_shadow_fix1,DYNG,IF,round_shadow,2024-07-17T00:27:30,USER_IF_L1_SD_CONDITIONAL,3,3,3,0,0,0,0.99,ROUND,0,0,0,1e-06,NON_LAMBDA_MODE
r48u_20260914_DYNG_IF_round_shadow_fix1,DYNG,IF,round_shadow,2024-07-17T00:28:00,USER_IF_WL_SD,6,6,3,0,0,0,0.99,ROUND,0,0,0,1e-06,NON_LAMBDA_MODE
r48u_20260914_DYNG_IF_round_shadow_fix1,DYNG,IF,round_shadow,2024-07-17T00:28:00,USER_IF_L1_SD_CONDITIONAL,3,3,3,0,0,0,0.99,ROUND,0,0,0,1e-06,NON_LAMBDA_MODE
r48u_20260914_DYNG_IF_round_shadow_fix1,DYNG,IF,round_shadow,2024-07-17T00:28:30,USER_IF_WL_SD,6,6,3,0,0,0,0.99,ROUND,0,0,0,1e-06,NON_LAMBDA_MODE
r48u_20260914_DYNG_IF_round_shadow_fix1,DYNG,IF,round_shadow,2024-07-17T00:28:30,USER_IF_L1_SD_CONDITIONAL,3,3,3,0,0,0,0.99,ROUND,0,0,0,1e-06,NON_LAMBDA_MODE
r48u_20260914_DYNG_IF_round_shadow_fix1,DYNG,IF,round_shadow,2024-07-17T00:29:00,USER_IF_WL_SD,6,6,3,0,0,0,0.99,ROUND,0,0,0,1e-06,NON_LAMBDA_MODE
r48u_20260914_DYNG_IF_round_shadow_fix1,DYNG,IF,round_shadow,2024-07-17T00:29:00,USER_IF_L1_SD_CONDITIONAL,3,3,3,0,0,0,0.99,ROUND,0,0,0,1e-06,NON_LAMBDA_MODE
r48u_20260914_DYNG_IF_round_shadow_fix1,DYNG,IF,round_shadow,2024-07-17T00:29:30,USER_IF_WL_SD,6,6,3,0,0,0,0.99,ROUND,0,0,0,1e-06,NON_LAMBDA_MODE
r48u_20260914_DYNG_IF_round_shadow_fix1,DYNG,IF,round_shadow,2024-07-17T00:29:30,USER_IF_L1_SD_CONDITIONAL,3,3,3,0,0,0,0.99,ROUND,0,0,0,1e-06,NON_LAMBDA_MODE
r48u_20260914_DYNG_IF_round_shadow_fix1,DYNG,IF,round_shadow,2024-07-17T00:30:00,USER_IF_WL_SD,6,6,3,0,0,0,0.99,ROUND,0,0,0,1e-06,NON_LAMBDA_MODE
r48u_20260914_DYNG_IF_round_shadow_fix1,DYNG,IF,round_shadow,2024-07-17T00:30:00,USER_IF_L1_SD_CONDITIONAL,3,3,3,0,0,0,0.99,ROUND,0,0,0,1e-06,NON_LAMBDA_MODE
r48u_20260914_DYNG_IF_round_feedback_fix1,DYNG,IF,round_feedback,2024-07-17T00:10:30,USER_IF_WL_SD,5,5,3,0,0,0,0.99,ROUND,0,0,0,1e-06,NON_LAMBDA_MODE
r48u_20260914_DYNG_IF_round_feedback_fix1,DYNG,IF,round_feedback,2024-07-17T00:17:00,USER_IF_WL_SD,5,5,3,0,0,0,0.99,ROUND,0,0,0,1e-06,NON_LAMBDA_MODE
r48u_20260914_DYNG_IF_round_feedback_fix1,DYNG,IF,round_feedback,2024-07-17T00:17:30,USER_IF_WL_SD,5,5,3,0,0,0,0.99,ROUND,0,0,0,1e-06,NON_LAMBDA_MODE
r48u_20260914_DYNG_IF_round_feedback_fix1,DYNG,IF,round_feedback,2024-07-17T00:18:00,USER_IF_WL_SD,5,5,3,0,0,0,0.99,ROUND,0,0,0,1e-06,NON_LAMBDA_MODE
r48u_20260914_DYNG_IF_round_feedback_fix1,DYNG,IF,round_feedback,2024-07-17T00:18:30,USER_IF_WL_SD,5,5,3,0,0,0,0.99,ROUND,0,0,0,1e-06,NON_LAMBDA_MODE
r48u_20260914_DYNG_IF_round_feedback_fix1,DYNG,IF,round_feedback,2024-07-17T00:19:00,USER_IF_WL_SD,5,5,3,0,0,0,0.99,ROUND,0,0,0,1e-06,NON_LAMBDA_MODE
r48u_20260914_DYNG_IF_round_feedback_fix1,DYNG,IF,round_feedback,2024-07-17T00:19:30,USER_IF_WL_SD,5,5,3,0,0,0,0.99,ROUND,0,0,0,1e-06,NON_LAMBDA_MODE
r48u_20260914_DYNG_IF_round_feedback_fix1,DYNG,IF,round_feedback,2024-07-17T00:20:00,USER_IF_WL_SD,5,5,3,0,0,0,0.99,ROUND,0,0,0,1e-06,NON_LAMBDA_MODE
r48u_20260914_DYNG_IF_round_feedback_fix1,DYNG,IF,round_feedback,2024-07-17T00:20:30,USER_IF_WL_SD,6,6,3,0,0,0,0.99,ROUND,0,0,0,1e-06,NON_LAMBDA_MODE
r48u_20260914_DYNG_IF_round_feedback_fix1,DYNG,IF,round_feedback,2024-07-17T00:20:30,USER_IF_L1_SD_CONDITIONAL,1,1,3,0,0,0,0.99,ROUND,0,0,0,1e-06,NON_LAMBDA_MODE
r48u_20260914_DYNG_IF_round_feedback_fix1,DYNG,IF,round_feedback,2024-07-17T00:21:00,USER_IF_WL_SD,5,5,3,0,0,0,0.99,ROUND,0,0,0,1e-06,NON_LAMBDA_MODE
r48u_20260914_DYNG_IF_round_feedback_fix1,DYNG,IF,round_feedback,2024-07-17T00:21:00,USER_IF_L1_SD_CONDITIONAL,1,1,3,0,0,0,0.99,ROUND,0,0,0,1e-06,NON_LAMBDA_MODE
r48u_20260914_DYNG_IF_round_feedback_fix1,DYNG,IF,round_feedback,2024-07-17T00:21:30,USER_IF_WL_SD,6,6,3,0,0,0,0.99,ROUND,0,0,0,1e-06,NON_LAMBDA_MODE
r48u_20260914_DYNG_IF_round_feedback_fix1,DYNG,IF,round_feedback,2024-07-17T00:21:30,USER_IF_L1_SD_CONDITIONAL,1,1,3,0,0,0,0.99,ROUND,0,0,0,1e-06,NON_LAMBDA_MODE
r48u_20260914_DYNG_IF_round_feedback_fix1,DYNG,IF,round_feedback,2024-07-17T00:22:00,USER_IF_WL_SD,6,6,3,0,0,0,0.99,ROUND,0,0,0,1e-06,NON_LAMBDA_MODE
r48u_20260914_DYNG_IF_round_feedback_fix1,DYNG,IF,round_feedback,2024-07-17T00:22:00,USER_IF_L1_SD_CONDITIONAL,1,1,3,0,0,0,0.99,ROUND,0,0,0,1e-06,NON_LAMBDA_MODE
r48u_20260914_DYNG_IF_round_feedback_fix1,DYNG,IF,round_feedback,2024-07-17T00:22:30,USER_IF_WL_SD,6,6,3,0,0,0,0.99,ROUND,0,0,0,1e-06,NON_LAMBDA_MODE
r48u_20260914_DYNG_IF_round_feedback_fix1,DYNG,IF,round_feedback,2024-07-17T00:22:30,USER_IF_L1_SD_CONDITIONAL,1,1,3,0,0,0,0.99,ROUND,0,0,0,1e-06,NON_LAMBDA_MODE
r48u_20260914_DYNG_IF_round_feedback_fix1,DYNG,IF,round_feedback,2024-07-17T00:23:00,USER_IF_WL_SD,6,6,3,0,0,0,0.99,ROUND,0,0,0,1e-06,NON_LAMBDA_MODE
r48u_20260914_DYNG_IF_round_feedback_fix1,DYNG,IF,round_feedback,2024-07-17T00:23:00,USER_IF_L1_SD_CONDITIONAL,1,1,3,0,0,0,0.99,ROUND,0,0,0,1e-06,NON_LAMBDA_MODE
r48u_20260914_DYNG_IF_round_feedback_fix1,DYNG,IF,round_feedback,2024-07-17T00:23:30,USER_IF_WL_SD,5,5,3,0,0,0,0.99,ROUND,0,0,0,1e-06,NON_LAMBDA_MODE
r48u_20260914_DYNG_IF_round_feedback_fix1,DYNG,IF,round_feedback,2024-07-17T00:23:30,USER_IF_L1_SD_CONDITIONAL,2,2,3,0,0,0,0.99,ROUND,0,0,0,1e-06,NON_LAMBDA_MODE
r48u_20260914_DYNG_IF_round_feedback_fix1,DYNG,IF,round_feedback,2024-07-17T00:24:00,USER_IF_WL_SD,5,5,3,0,0,0,0.99,ROUND,0,0,0,1e-06,NON_LAMBDA_MODE
r48u_20260914_DYNG_IF_round_feedback_fix1,DYNG,IF,round_feedback,2024-07-17T00:24:00,USER_IF_L1_SD_CONDITIONAL,2,2,3,0,0,0,0.99,ROUND,0,0,0,1e-06,NON_LAMBDA_MODE
r48u_20260914_DYNG_IF_round_feedback_fix1,DYNG,IF,round_feedback,2024-07-17T00:24:30,USER_IF_WL_SD,5,5,3,0,0,0,0.99,ROUND,0,0,0,1e-06,NON_LAMBDA_MODE
r48u_20260914_DYNG_IF_round_feedback_fix1,DYNG,IF,round_feedback,2024-07-17T00:24:30,USER_IF_L1_SD_CONDITIONAL,2,2,3,0,0,0,0.99,ROUND,0,0,0,1e-06,NON_LAMBDA_MODE
r48u_20260914_DYNG_IF_round_feedback_fix1,DYNG,IF,round_feedback,2024-07-17T00:25:00,USER_IF_WL_SD,5,5,3,0,0,0,0.99,ROUND,0,0,0,1e-06,NON_LAMBDA_MODE
r48u_20260914_DYNG_IF_round_feedback_fix1,DYNG,IF,round_feedback,2024-07-17T00:25:00,USER_IF_L1_SD_CONDITIONAL,2,2,3,0,0,0,0.99,ROUND,0,0,0,1e-06,NON_LAMBDA_MODE
r48u_20260914_DYNG_IF_round_feedback_fix1,DYNG,IF,round_feedback,2024-07-17T00:26:00,USER_IF_WL_SD,5,5,3,0,0,0,0.99,ROUND,0,0,0,1e-06,NON_LAMBDA_MODE
r48u_20260914_DYNG_IF_round_feedback_fix1,DYNG,IF,round_feedback,2024-07-17T00:26:00,USER_IF_L1_SD_CONDITIONAL,2,2,3,0,0,0,0.99,ROUND,0,0,0,1e-06,NON_LAMBDA_MODE
r48u_20260914_DYNG_IF_round_feedback_fix1,DYNG,IF,round_feedback,2024-07-17T00:26:30,USER_IF_WL_SD,5,5,3,0,0,0,0.99,ROUND,0,0,0,1e-06,NON_LAMBDA_MODE
r48u_20260914_DYNG_IF_round_feedback_fix1,DYNG,IF,round_feedback,2024-07-17T00:26:30,USER_IF_L1_SD_CONDITIONAL,3,3,3,0,0,0,0.99,ROUND,0,0,0,1e-06,NON_LAMBDA_MODE
r48u_20260914_DYNG_IF_round_feedback_fix1,DYNG,IF,round_feedback,2024-07-17T00:27:00,USER_IF_WL_SD,6,6,3,0,0,0,0.99,ROUND,0,0,0,1e-06,NON_LAMBDA_MODE
r48u_20260914_DYNG_IF_round_feedback_fix1,DYNG,IF,round_feedback,2024-07-17T00:27:00,USER_IF_L1_SD_CONDITIONAL,3,3,3,0,0,0,0.99,ROUND,0,0,0,1e-06,NON_LAMBDA_MODE
r48u_20260914_DYNG_IF_round_feedback_fix1,DYNG,IF,round_feedback,2024-07-17T00:27:30,USER_IF_WL_SD,6,6,3,0,0,0,0.99,ROUND,0,0,0,1e-06,NON_LAMBDA_MODE
r48u_20260914_DYNG_IF_round_feedback_fix1,DYNG,IF,round_feedback,2024-07-17T00:27:30,USER_IF_L1_SD_CONDITIONAL,3,3,3,0,0,0,0.99,ROUND,0,0,0,1e-06,NON_LAMBDA_MODE
r48u_20260914_DYNG_IF_round_feedback_fix1,DYNG,IF,round_feedback,2024-07-17T00:28:00,USER_IF_WL_SD,6,6,3,0,0,0,0.99,ROUND,0,0,0,1e-06,NON_LAMBDA_MODE
r48u_20260914_DYNG_IF_round_feedback_fix1,DYNG,IF,round_feedback,2024-07-17T00:28:00,USER_IF_L1_SD_CONDITIONAL,3,3,3,0,0,0,0.99,ROUND,0,0,0,1e-06,NON_LAMBDA_MODE
r48u_20260914_DYNG_IF_round_feedback_fix1,DYNG,IF,round_feedback,2024-07-17T00:28:30,USER_IF_WL_SD,6,6,3,0,0,0,0.99,ROUND,0,0,0,1e-06,NON_LAMBDA_MODE
r48u_20260914_DYNG_IF_round_feedback_fix1,DYNG,IF,round_feedback,2024-07-17T00:28:30,USER_IF_L1_SD_CONDITIONAL,3,3,3,0,0,0,0.99,ROUND,0,0,0,1e-06,NON_LAMBDA_MODE
r48u_20260914_DYNG_IF_round_feedback_fix1,DYNG,IF,round_feedback,2024-07-17T00:29:00,USER_IF_WL_SD,6,6,3,0,0,0,0.99,ROUND,0,0,0,1e-06,NON_LAMBDA_MODE
r48u_20260914_DYNG_IF_round_feedback_fix1,DYNG,IF,round_feedback,2024-07-17T00:29:00,USER_IF_L1_SD_CONDITIONAL,3,3,3,0,0,0,0.99,ROUND,0,0,0,1e-06,NON_LAMBDA_MODE
r48u_20260914_DYNG_IF_round_feedback_fix1,DYNG,IF,round_feedback,2024-07-17T00:29:30,USER_IF_WL_SD,6,6,3,0,0,0,0.99,ROUND,0,0,0,1e-06,NON_LAMBDA_MODE
r48u_20260914_DYNG_IF_round_feedback_fix1,DYNG,IF,round_feedback,2024-07-17T00:29:30,USER_IF_L1_SD_CONDITIONAL,3,3,3,0,0,0,0.99,ROUND,0,0,0,1e-06,NON_LAMBDA_MODE
r48u_20260914_DYNG_IF_round_feedback_fix1,DYNG,IF,round_feedback,2024-07-17T00:30:00,USER_IF_WL_SD,6,6,3,0,0,0,0.99,ROUND,0,0,0,1e-06,NON_LAMBDA_MODE
r48u_20260914_DYNG_IF_round_feedback_fix1,DYNG,IF,round_feedback,2024-07-17T00:30:00,USER_IF_L1_SD_CONDITIONAL,3,3,3,0,0,0,0.99,ROUND,0,0,0,1e-06,NON_LAMBDA_MODE
r48u_20260914_DYNG_IF_ils_shadow_fix1,DYNG,IF,ils_shadow,2024-07-17T00:10:30,USER_IF_WL_SD,5,5,1,0,0.668474,0.0333298,0.999,LAMBDA_ALT,0,0,0,1e-06,BEST_1D_BOOTSTRAP_TOO_LOW
r48u_20260914_DYNG_IF_ils_shadow_fix1,DYNG,IF,ils_shadow,2024-07-17T00:17:00,USER_IF_WL_SD,5,5,1,0,0.677429,0.0370753,0.999,LAMBDA_ALT,0,0,0,1e-06,BEST_1D_BOOTSTRAP_TOO_LOW
r48u_20260914_DYNG_IF_ils_shadow_fix1,DYNG,IF,ils_shadow,2024-07-17T00:17:30,USER_IF_WL_SD,5,5,1,0,0.83816,0.140241,0.999,LAMBDA_ALT,0,0,0,1e-06,BEST_1D_BOOTSTRAP_TOO_LOW
r48u_20260914_DYNG_IF_ils_shadow_fix1,DYNG,IF,ils_shadow,2024-07-17T00:18:00,USER_IF_WL_SD,5,5,1,0,0.913369,0.267978,0.999,LAMBDA_ALT,0,0,0,1e-06,BEST_1D_BOOTSTRAP_TOO_LOW
r48u_20260914_DYNG_IF_ils_shadow_fix1,DYNG,IF,ils_shadow,2024-07-17T00:18:30,USER_IF_WL_SD,5,5,1,0,0.952135,0.392636,0.999,LAMBDA_ALT,0,0,0,1e-06,BEST_1D_BOOTSTRAP_TOO_LOW
r48u_20260914_DYNG_IF_ils_shadow_fix1,DYNG,IF,ils_shadow,2024-07-17T00:19:00,USER_IF_WL_SD,5,5,1,0,0.973039,0.50279,0.999,LAMBDA_ALT,0,0,0,1e-06,BEST_1D_BOOTSTRAP_TOO_LOW
r48u_20260914_DYNG_IF_ils_shadow_fix1,DYNG,IF,ils_shadow,2024-07-17T00:19:30,USER_IF_WL_SD,5,5,1,0,0.984613,0.59524,0.999,LAMBDA_ALT,0,0,0,1e-06,BEST_1D_BOOTSTRAP_TOO_LOW
r48u_20260914_DYNG_IF_ils_shadow_fix1,DYNG,IF,ils_shadow,2024-07-17T00:20:00,USER_IF_WL_SD,5,5,1,0,0.991038,0.670048,0.999,LAMBDA_ALT,0,0,0,1e-06,BEST_1D_BOOTSTRAP_TOO_LOW
r48u_20260914_DYNG_IF_ils_shadow_fix1,DYNG,IF,ils_shadow,2024-07-17T00:20:30,USER_IF_WL_SD,6,6,1,0,0.994798,0.376565,0.999,LAMBDA_ALT,0,0,0,1e-06,BEST_1D_BOOTSTRAP_TOO_LOW
r48u_20260914_DYNG_IF_ils_shadow_fix1,DYNG,IF,ils_shadow,2024-07-17T00:21:00,USER_IF_WL_SD,5,5,1,0,0.996933,0.780929,0.999,LAMBDA_ALT,0,0,0,1e-06,BEST_1D_BOOTSTRAP_TOO_LOW
r48u_20260914_DYNG_IF_ils_shadow_fix1,DYNG,IF,ils_shadow,2024-07-17T00:21:30,USER_IF_WL_SD,6,6,1,0,0.998201,0.557061,0.999,LAMBDA_ALT,0,0,0,1e-06,BEST_1D_BOOTSTRAP_TOO_LOW
r48u_20260914_DYNG_IF_ils_shadow_fix1,DYNG,IF,ils_shadow,2024-07-17T00:22:00,USER_IF_WL_SD,6,6,1,0,0.99894,0.662905,0.999,LAMBDA_ALT,0,0,0,1e-06,BEST_1D_BOOTSTRAP_TOO_LOW
r48u_20260914_DYNG_IF_ils_shadow_fix1,DYNG,IF,ils_shadow,2024-07-17T00:22:30,USER_IF_WL_SD,6,6,1,1,0.999374,0.740185,0.999,LAMBDA_ALT,1,0,0,1e-06,ACCEPTED
r48u_20260914_DYNG_IF_ils_shadow_fix1,DYNG,IF,ils_shadow,2024-07-17T00:22:30,USER_IF_L1_SD_CONDITIONAL,1,1,1,0,0.252715,0.252715,0.999,LAMBDA_ALT,0,0,0,1e-06,BEST_1D_BOOTSTRAP_TOO_LOW
r48u_20260914_DYNG_IF_ils_shadow_fix1,DYNG,IF,ils_shadow,2024-07-17T00:23:00,USER_IF_WL_SD,6,6,1,1,0.999629,0.798127,0.999,LAMBDA_ALT,1,0,0,1e-06,ACCEPTED
r48u_20260914_DYNG_IF_ils_shadow_fix1,DYNG,IF,ils_shadow,2024-07-17T00:23:00,USER_IF_L1_SD_CONDITIONAL,1,1,1,0,0.256073,0.256073,0.999,LAMBDA_ALT,0,0,0,1e-06,BEST_1D_BOOTSTRAP_TOO_LOW
r48u_20260914_DYNG_IF_ils_shadow_fix1,DYNG,IF,ils_shadow,2024-07-17T00:23:30,USER_IF_WL_SD,5,5,1,1,0.999777,0.917936,0.999,LAMBDA_ALT,1,0,0,1e-06,ACCEPTED
r48u_20260914_DYNG_IF_ils_shadow_fix1,DYNG,IF,ils_shadow,2024-07-17T00:23:30,USER_IF_L1_SD_CONDITIONAL,1,1,1,0,0.259375,0.259375,0.999,LAMBDA_ALT,0,0,0,1e-06,BEST_1D_BOOTSTRAP_TOO_LOW
r48u_20260914_DYNG_IF_ils_shadow_fix1,DYNG,IF,ils_shadow,2024-07-17T00:24:00,USER_IF_WL_SD,5,5,1,1,0.999866,0.931909,0.999,LAMBDA_ALT,1,0,0,1e-06,ACCEPTED
r48u_20260914_DYNG_IF_ils_shadow_fix1,DYNG,IF,ils_shadow,2024-07-17T00:24:00,USER_IF_L1_SD_CONDITIONAL,1,1,1,0,0.262625,0.262625,0.999,LAMBDA_ALT,0,0,0,1e-06,BEST_1D_BOOTSTRAP_TOO_LOW
r48u_20260914_DYNG_IF_ils_shadow_fix1,DYNG,IF,ils_shadow,2024-07-17T00:24:30,USER_IF_WL_SD,5,5,1,1,0.99992,0.943369,0.999,LAMBDA_ALT,1,0,0,1e-06,ACCEPTED
r48u_20260914_DYNG_IF_ils_shadow_fix1,DYNG,IF,ils_shadow,2024-07-17T00:24:30,USER_IF_L1_SD_CONDITIONAL,1,1,1,0,0.265824,0.265824,0.999,LAMBDA_ALT,0,0,0,1e-06,BEST_1D_BOOTSTRAP_TOO_LOW
r48u_20260914_DYNG_IF_ils_shadow_fix1,DYNG,IF,ils_shadow,2024-07-17T00:25:00,USER_IF_WL_SD,5,5,1,2,0.999952,0.952799,0.999,LAMBDA_ALT,1,0,0,1e-06,ACCEPTED
r48u_20260914_DYNG_IF_ils_shadow_fix1,DYNG,IF,ils_shadow,2024-07-17T00:25:00,USER_IF_L1_SD_CONDITIONAL,2,2,1,0,0.270948,0.0416336,0.999,LAMBDA_ALT,0,0,0,1e-06,BEST_1D_BOOTSTRAP_TOO_LOW
r48u_20260914_DYNG_IF_ils_shadow_fix1,DYNG,IF,ils_shadow,2024-07-17T00:26:00,USER_IF_WL_SD,5,5,1,2,0.999971,0.960645,0.999,LAMBDA_ALT,1,0,0,1e-06,ACCEPTED
r48u_20260914_DYNG_IF_ils_shadow_fix1,DYNG,IF,ils_shadow,2024-07-17T00:26:00,USER_IF_L1_SD_CONDITIONAL,2,2,1,0,0.277067,0.0434057,0.999,LAMBDA_ALT,0,0,0,1e-06,BEST_1D_BOOTSTRAP_TOO_LOW
r48u_20260914_DYNG_IF_ils_shadow_fix1,DYNG,IF,ils_shadow,2024-07-17T00:26:30,USER_IF_WL_SD,5,5,1,2,0.999982,0.96705,0.999,LAMBDA_ALT,1,0,0,1e-06,ACCEPTED
r48u_20260914_DYNG_IF_ils_shadow_fix1,DYNG,IF,ils_shadow,2024-07-17T00:26:30,USER_IF_L1_SD_CONDITIONAL,2,2,1,0,0.280187,0.0443205,0.999,LAMBDA_ALT,0,0,0,1e-06,BEST_1D_BOOTSTRAP_TOO_LOW
r48u_20260914_DYNG_IF_ils_shadow_fix1,DYNG,IF,ils_shadow,2024-07-17T00:27:00,USER_IF_WL_SD,6,6,1,2,0.999989,0.5252,0.999,LAMBDA_ALT,1,0,0,1e-06,ACCEPTED
r48u_20260914_DYNG_IF_ils_shadow_fix1,DYNG,IF,ils_shadow,2024-07-17T00:27:00,USER_IF_L1_SD_CONDITIONAL,2,2,1,0,0.283264,0.0452332,0.999,LAMBDA_ALT,0,0,0,1e-06,BEST_1D_BOOTSTRAP_TOO_LOW
r48u_20260914_DYNG_IF_ils_shadow_fix1,DYNG,IF,ils_shadow,2024-07-17T00:27:30,USER_IF_WL_SD,6,6,1,2,0.999994,0.688735,0.999,LAMBDA_ALT,1,0,0,1e-06,ACCEPTED
r48u_20260914_DYNG_IF_ils_shadow_fix1,DYNG,IF,ils_shadow,2024-07-17T00:27:30,USER_IF_L1_SD_CONDITIONAL,2,2,1,0,0.286296,0.0461428,0.999,LAMBDA_ALT,0,0,0,1e-06,BEST_1D_BOOTSTRAP_TOO_LOW
r48u_20260914_DYNG_IF_ils_shadow_fix1,DYNG,IF,ils_shadow,2024-07-17T00:28:00,USER_IF_WL_SD,6,6,1,2,0.999996,0.785773,0.999,LAMBDA_ALT,1,0,0,1e-06,ACCEPTED
r48u_20260914_DYNG_IF_ils_shadow_fix1,DYNG,IF,ils_shadow,2024-07-17T00:28:00,USER_IF_L1_SD_CONDITIONAL,2,2,1,0,0.289283,0.0470493,0.999,LAMBDA_ALT,0,0,0,1e-06,BEST_1D_BOOTSTRAP_TOO_LOW
r48u_20260914_DYNG_IF_ils_shadow_fix1,DYNG,IF,ils_shadow,2024-07-17T00:28:30,USER_IF_WL_SD,6,6,1,3,0.999998,0.848492,0.999,LAMBDA_ALT,1,0,0,1e-06,ACCEPTED
r48u_20260914_DYNG_IF_ils_shadow_fix1,DYNG,IF,ils_shadow,2024-07-17T00:28:30,USER_IF_L1_SD_CONDITIONAL,3,3,1,0,0.292265,0.0069701,0.999,LAMBDA_ALT,0,0,0,1e-06,BEST_1D_BOOTSTRAP_TOO_LOW
r48u_20260914_DYNG_IF_ils_shadow_fix1,DYNG,IF,ils_shadow,2024-07-17T00:29:00,USER_IF_WL_SD,6,6,1,3,0.999999,0.891595,0.999,LAMBDA_ALT,1,0,0,1e-06,ACCEPTED
r48u_20260914_DYNG_IF_ils_shadow_fix1,DYNG,IF,ils_shadow,2024-07-17T00:29:00,USER_IF_L1_SD_CONDITIONAL,3,3,1,0,0.295165,0.00714923,0.999,LAMBDA_ALT,0,0,0,1e-06,BEST_1D_BOOTSTRAP_TOO_LOW
r48u_20260914_DYNG_IF_ils_shadow_fix1,DYNG,IF,ils_shadow,2024-07-17T00:29:30,USER_IF_WL_SD,6,6,1,3,0.999999,0.921599,0.999,LAMBDA_ALT,1,0,0,1e-06,ACCEPTED
r48u_20260914_DYNG_IF_ils_shadow_fix1,DYNG,IF,ils_shadow,2024-07-17T00:29:30,USER_IF_L1_SD_CONDITIONAL,3,3,1,0,0.298024,0.00732872,0.999,LAMBDA_ALT,0,0,0,1e-06,BEST_1D_BOOTSTRAP_TOO_LOW
r48u_20260914_DYNG_IF_ils_shadow_fix1,DYNG,IF,ils_shadow,2024-07-17T00:30:00,USER_IF_WL_SD,6,6,1,3,0.999999,0.942821,0.999,LAMBDA_ALT,1,0,0,1e-06,ACCEPTED
r48u_20260914_DYNG_IF_ils_shadow_fix1,DYNG,IF,ils_shadow,2024-07-17T00:30:00,USER_IF_L1_SD_CONDITIONAL,3,3,1,0,0.300841,0.00750855,0.999,LAMBDA_ALT,0,0,0,1e-06,BEST_1D_BOOTSTRAP_TOO_LOW
r48u_20260914_DYNG_IF_ils_feedback_fix1,DYNG,IF,ils_feedback,2024-07-17T00:10:30,USER_IF_WL_SD,5,5,1,0,0.668474,0.0333298,0.999,LAMBDA_ALT,0,0,0,1e-06,BEST_1D_BOOTSTRAP_TOO_LOW
r48u_20260914_DYNG_IF_ils_feedback_fix1,DYNG,IF,ils_feedback,2024-07-17T00:17:00,USER_IF_WL_SD,5,5,1,0,0.677429,0.0370753,0.999,LAMBDA_ALT,0,0,0,1e-06,BEST_1D_BOOTSTRAP_TOO_LOW
r48u_20260914_DYNG_IF_ils_feedback_fix1,DYNG,IF,ils_feedback,2024-07-17T00:17:30,USER_IF_WL_SD,5,5,1,0,0.83816,0.140241,0.999,LAMBDA_ALT,0,0,0,1e-06,BEST_1D_BOOTSTRAP_TOO_LOW
r48u_20260914_DYNG_IF_ils_feedback_fix1,DYNG,IF,ils_feedback,2024-07-17T00:18:00,USER_IF_WL_SD,5,5,1,0,0.913369,0.267978,0.999,LAMBDA_ALT,0,0,0,1e-06,BEST_1D_BOOTSTRAP_TOO_LOW
r48u_20260914_DYNG_IF_ils_feedback_fix1,DYNG,IF,ils_feedback,2024-07-17T00:18:30,USER_IF_WL_SD,5,5,1,0,0.952135,0.392636,0.999,LAMBDA_ALT,0,0,0,1e-06,BEST_1D_BOOTSTRAP_TOO_LOW
r48u_20260914_DYNG_IF_ils_feedback_fix1,DYNG,IF,ils_feedback,2024-07-17T00:19:00,USER_IF_WL_SD,5,5,1,0,0.973039,0.50279,0.999,LAMBDA_ALT,0,0,0,1e-06,BEST_1D_BOOTSTRAP_TOO_LOW
r48u_20260914_DYNG_IF_ils_feedback_fix1,DYNG,IF,ils_feedback,2024-07-17T00:19:30,USER_IF_WL_SD,5,5,1,0,0.984613,0.59524,0.999,LAMBDA_ALT,0,0,0,1e-06,BEST_1D_BOOTSTRAP_TOO_LOW
r48u_20260914_DYNG_IF_ils_feedback_fix1,DYNG,IF,ils_feedback,2024-07-17T00:20:00,USER_IF_WL_SD,5,5,1,0,0.991038,0.670048,0.999,LAMBDA_ALT,0,0,0,1e-06,BEST_1D_BOOTSTRAP_TOO_LOW
r48u_20260914_DYNG_IF_ils_feedback_fix1,DYNG,IF,ils_feedback,2024-07-17T00:20:30,USER_IF_WL_SD,6,6,1,0,0.994798,0.376565,0.999,LAMBDA_ALT,0,0,0,1e-06,BEST_1D_BOOTSTRAP_TOO_LOW
r48u_20260914_DYNG_IF_ils_feedback_fix1,DYNG,IF,ils_feedback,2024-07-17T00:21:00,USER_IF_WL_SD,5,5,1,0,0.996933,0.780929,0.999,LAMBDA_ALT,0,0,0,1e-06,BEST_1D_BOOTSTRAP_TOO_LOW
r48u_20260914_DYNG_IF_ils_feedback_fix1,DYNG,IF,ils_feedback,2024-07-17T00:21:30,USER_IF_WL_SD,6,6,1,0,0.998201,0.557061,0.999,LAMBDA_ALT,0,0,0,1e-06,BEST_1D_BOOTSTRAP_TOO_LOW
r48u_20260914_DYNG_IF_ils_feedback_fix1,DYNG,IF,ils_feedback,2024-07-17T00:22:00,USER_IF_WL_SD,6,6,1,0,0.99894,0.662905,0.999,LAMBDA_ALT,0,0,0,1e-06,BEST_1D_BOOTSTRAP_TOO_LOW
r48u_20260914_DYNG_IF_ils_feedback_fix1,DYNG,IF,ils_feedback,2024-07-17T00:22:30,USER_IF_WL_SD,6,6,1,1,0.999374,0.740185,0.999,LAMBDA_ALT,1,0,0,1e-06,ACCEPTED
r48u_20260914_DYNG_IF_ils_feedback_fix1,DYNG,IF,ils_feedback,2024-07-17T00:22:30,USER_IF_L1_SD_CONDITIONAL,1,1,1,0,0.252715,0.252715,0.999,LAMBDA_ALT,0,0,0,1e-06,BEST_1D_BOOTSTRAP_TOO_LOW
r48u_20260914_DYNG_IF_ils_feedback_fix1,DYNG,IF,ils_feedback,2024-07-17T00:23:00,USER_IF_WL_SD,6,6,1,1,0.999629,0.798127,0.999,LAMBDA_ALT,1,0,0,1e-06,ACCEPTED
r48u_20260914_DYNG_IF_ils_feedback_fix1,DYNG,IF,ils_feedback,2024-07-17T00:23:00,USER_IF_L1_SD_CONDITIONAL,1,1,1,0,0.256073,0.256073,0.999,LAMBDA_ALT,0,0,0,1e-06,BEST_1D_BOOTSTRAP_TOO_LOW
r48u_20260914_DYNG_IF_ils_feedback_fix1,DYNG,IF,ils_feedback,2024-07-17T00:23:30,USER_IF_WL_SD,5,5,1,1,0.999777,0.917936,0.999,LAMBDA_ALT,1,0,0,1e-06,ACCEPTED
r48u_20260914_DYNG_IF_ils_feedback_fix1,DYNG,IF,ils_feedback,2024-07-17T00:23:30,USER_IF_L1_SD_CONDITIONAL,1,1,1,0,0.259375,0.259375,0.999,LAMBDA_ALT,0,0,0,1e-06,BEST_1D_BOOTSTRAP_TOO_LOW
r48u_20260914_DYNG_IF_ils_feedback_fix1,DYNG,IF,ils_feedback,2024-07-17T00:24:00,USER_IF_WL_SD,5,5,1,1,0.999866,0.931909,0.999,LAMBDA_ALT,1,0,0,1e-06,ACCEPTED
r48u_20260914_DYNG_IF_ils_feedback_fix1,DYNG,IF,ils_feedback,2024-07-17T00:24:00,USER_IF_L1_SD_CONDITIONAL,1,1,1,0,0.262625,0.262625,0.999,LAMBDA_ALT,0,0,0,1e-06,BEST_1D_BOOTSTRAP_TOO_LOW
r48u_20260914_DYNG_IF_ils_feedback_fix1,DYNG,IF,ils_feedback,2024-07-17T00:24:30,USER_IF_WL_SD,5,5,1,1,0.99992,0.943369,0.999,LAMBDA_ALT,1,0,0,1e-06,ACCEPTED
r48u_20260914_DYNG_IF_ils_feedback_fix1,DYNG,IF,ils_feedback,2024-07-17T00:24:30,USER_IF_L1_SD_CONDITIONAL,1,1,1,0,0.265824,0.265824,0.999,LAMBDA_ALT,0,0,0,1e-06,BEST_1D_BOOTSTRAP_TOO_LOW
r48u_20260914_DYNG_IF_ils_feedback_fix1,DYNG,IF,ils_feedback,2024-07-17T00:25:00,USER_IF_WL_SD,5,5,1,2,0.999952,0.952799,0.999,LAMBDA_ALT,1,0,0,1e-06,ACCEPTED
r48u_20260914_DYNG_IF_ils_feedback_fix1,DYNG,IF,ils_feedback,2024-07-17T00:25:00,USER_IF_L1_SD_CONDITIONAL,2,2,1,0,0.270948,0.0416336,0.999,LAMBDA_ALT,0,0,0,1e-06,BEST_1D_BOOTSTRAP_TOO_LOW
r48u_20260914_DYNG_IF_ils_feedback_fix1,DYNG,IF,ils_feedback,2024-07-17T00:26:00,USER_IF_WL_SD,5,5,1,2,0.999971,0.960645,0.999,LAMBDA_ALT,1,0,0,1e-06,ACCEPTED
r48u_20260914_DYNG_IF_ils_feedback_fix1,DYNG,IF,ils_feedback,2024-07-17T00:26:00,USER_IF_L1_SD_CONDITIONAL,2,2,1,0,0.277067,0.0434057,0.999,LAMBDA_ALT,0,0,0,1e-06,BEST_1D_BOOTSTRAP_TOO_LOW
r48u_20260914_DYNG_IF_ils_feedback_fix1,DYNG,IF,ils_feedback,2024-07-17T00:26:30,USER_IF_WL_SD,5,5,1,2,0.999982,0.96705,0.999,LAMBDA_ALT,1,0,0,1e-06,ACCEPTED
r48u_20260914_DYNG_IF_ils_feedback_fix1,DYNG,IF,ils_feedback,2024-07-17T00:26:30,USER_IF_L1_SD_CONDITIONAL,2,2,1,0,0.280187,0.0443205,0.999,LAMBDA_ALT,0,0,0,1e-06,BEST_1D_BOOTSTRAP_TOO_LOW
r48u_20260914_DYNG_IF_ils_feedback_fix1,DYNG,IF,ils_feedback,2024-07-17T00:27:00,USER_IF_WL_SD,6,6,1,2,0.999989,0.5252,0.999,LAMBDA_ALT,1,0,0,1e-06,ACCEPTED
r48u_20260914_DYNG_IF_ils_feedback_fix1,DYNG,IF,ils_feedback,2024-07-17T00:27:00,USER_IF_L1_SD_CONDITIONAL,2,2,1,0,0.283264,0.0452332,0.999,LAMBDA_ALT,0,0,0,1e-06,BEST_1D_BOOTSTRAP_TOO_LOW
r48u_20260914_DYNG_IF_ils_feedback_fix1,DYNG,IF,ils_feedback,2024-07-17T00:27:30,USER_IF_WL_SD,6,6,1,2,0.999994,0.688735,0.999,LAMBDA_ALT,1,0,0,1e-06,ACCEPTED
r48u_20260914_DYNG_IF_ils_feedback_fix1,DYNG,IF,ils_feedback,2024-07-17T00:27:30,USER_IF_L1_SD_CONDITIONAL,2,2,1,0,0.286296,0.0461428,0.999,LAMBDA_ALT,0,0,0,1e-06,BEST_1D_BOOTSTRAP_TOO_LOW
r48u_20260914_DYNG_IF_ils_feedback_fix1,DYNG,IF,ils_feedback,2024-07-17T00:28:00,USER_IF_WL_SD,6,6,1,2,0.999996,0.785773,0.999,LAMBDA_ALT,1,0,0,1e-06,ACCEPTED
r48u_20260914_DYNG_IF_ils_feedback_fix1,DYNG,IF,ils_feedback,2024-07-17T00:28:00,USER_IF_L1_SD_CONDITIONAL,2,2,1,0,0.289283,0.0470493,0.999,LAMBDA_ALT,0,0,0,1e-06,BEST_1D_BOOTSTRAP_TOO_LOW
r48u_20260914_DYNG_IF_ils_feedback_fix1,DYNG,IF,ils_feedback,2024-07-17T00:28:30,USER_IF_WL_SD,6,6,1,3,0.999998,0.848492,0.999,LAMBDA_ALT,1,0,0,1e-06,ACCEPTED
r48u_20260914_DYNG_IF_ils_feedback_fix1,DYNG,IF,ils_feedback,2024-07-17T00:28:30,USER_IF_L1_SD_CONDITIONAL,3,3,1,0,0.292265,0.0069701,0.999,LAMBDA_ALT,0,0,0,1e-06,BEST_1D_BOOTSTRAP_TOO_LOW
r48u_20260914_DYNG_IF_ils_feedback_fix1,DYNG,IF,ils_feedback,2024-07-17T00:29:00,USER_IF_WL_SD,6,6,1,3,0.999999,0.891595,0.999,LAMBDA_ALT,1,0,0,1e-06,ACCEPTED
r48u_20260914_DYNG_IF_ils_feedback_fix1,DYNG,IF,ils_feedback,2024-07-17T00:29:00,USER_IF_L1_SD_CONDITIONAL,3,3,1,0,0.295165,0.00714923,0.999,LAMBDA_ALT,0,0,0,1e-06,BEST_1D_BOOTSTRAP_TOO_LOW
r48u_20260914_DYNG_IF_ils_feedback_fix1,DYNG,IF,ils_feedback,2024-07-17T00:29:30,USER_IF_WL_SD,6,6,1,3,0.999999,0.921599,0.999,LAMBDA_ALT,1,0,0,1e-06,ACCEPTED
r48u_20260914_DYNG_IF_ils_feedback_fix1,DYNG,IF,ils_feedback,2024-07-17T00:29:30,USER_IF_L1_SD_CONDITIONAL,3,3,1,0,0.298024,0.00732872,0.999,LAMBDA_ALT,0,0,0,1e-06,BEST_1D_BOOTSTRAP_TOO_LOW
r48u_20260914_DYNG_IF_ils_feedback_fix1,DYNG,IF,ils_feedback,2024-07-17T00:30:00,USER_IF_WL_SD,6,6,1,3,0.999999,0.942821,0.999,LAMBDA_ALT,1,0,0,1e-06,ACCEPTED
r48u_20260914_DYNG_IF_ils_feedback_fix1,DYNG,IF,ils_feedback,2024-07-17T00:30:00,USER_IF_L1_SD_CONDITIONAL,3,3,1,0,0.300841,0.00750855,0.999,LAMBDA_ALT,0,0,0,1e-06,BEST_1D_BOOTSTRAP_TOO_LOW
r48u_20260914_NICO_IF_round_shadow_fix1,NICO,IF,round_shadow,2024-07-17T00:10:30,USER_IF_WL_SD,6,6,3,0,0,0,0.99,ROUND,0,0,0,1e-06,NON_LAMBDA_MODE
r48u_20260914_NICO_IF_round_shadow_fix1,NICO,IF,round_shadow,2024-07-17T00:17:00,USER_IF_WL_SD,5,5,3,0,0,0,0.99,ROUND,0,0,0,1e-06,NON_LAMBDA_MODE
r48u_20260914_NICO_IF_round_shadow_fix1,NICO,IF,round_shadow,2024-07-17T00:17:30,USER_IF_WL_SD,5,5,3,0,0,0,0.99,ROUND,0,0,0,1e-06,NON_LAMBDA_MODE
r48u_20260914_NICO_IF_round_shadow_fix1,NICO,IF,round_shadow,2024-07-17T00:18:00,USER_IF_WL_SD,5,5,3,0,0,0,0.99,ROUND,0,0,0,1e-06,NON_LAMBDA_MODE
r48u_20260914_NICO_IF_round_shadow_fix1,NICO,IF,round_shadow,2024-07-17T00:18:30,USER_IF_WL_SD,5,5,3,0,0,0,0.99,ROUND,0,0,0,1e-06,NON_LAMBDA_MODE
r48u_20260914_NICO_IF_round_shadow_fix1,NICO,IF,round_shadow,2024-07-17T00:19:00,USER_IF_WL_SD,5,5,3,0,0,0,0.99,ROUND,0,0,0,1e-06,NON_LAMBDA_MODE
r48u_20260914_NICO_IF_round_shadow_fix1,NICO,IF,round_shadow,2024-07-17T00:19:30,USER_IF_WL_SD,5,5,3,0,0,0,0.99,ROUND,0,0,0,1e-06,NON_LAMBDA_MODE
r48u_20260914_NICO_IF_round_shadow_fix1,NICO,IF,round_shadow,2024-07-17T00:20:00,USER_IF_WL_SD,5,5,3,0,0,0,0.99,ROUND,0,0,0,1e-06,NON_LAMBDA_MODE
r48u_20260914_NICO_IF_round_shadow_fix1,NICO,IF,round_shadow,2024-07-17T00:20:30,USER_IF_WL_SD,6,6,3,0,0,0,0.99,ROUND,0,0,0,1e-06,NON_LAMBDA_MODE
r48u_20260914_NICO_IF_round_shadow_fix1,NICO,IF,round_shadow,2024-07-17T00:21:00,USER_IF_WL_SD,5,5,3,0,0,0,0.99,ROUND,0,0,0,1e-06,NON_LAMBDA_MODE
r48u_20260914_NICO_IF_round_shadow_fix1,NICO,IF,round_shadow,2024-07-17T00:21:30,USER_IF_WL_SD,6,6,3,0,0,0,0.99,ROUND,0,0,0,1e-06,NON_LAMBDA_MODE
r48u_20260914_NICO_IF_round_shadow_fix1,NICO,IF,round_shadow,2024-07-17T00:21:30,USER_IF_L1_SD_CONDITIONAL,1,1,3,0,0,0,0.99,ROUND,0,0,0,1e-06,NON_LAMBDA_MODE
r48u_20260914_NICO_IF_round_shadow_fix1,NICO,IF,round_shadow,2024-07-17T00:22:00,USER_IF_WL_SD,6,6,3,0,0,0,0.99,ROUND,0,0,0,1e-06,NON_LAMBDA_MODE
r48u_20260914_NICO_IF_round_shadow_fix1,NICO,IF,round_shadow,2024-07-17T00:22:00,USER_IF_L1_SD_CONDITIONAL,1,1,3,0,0,0,0.99,ROUND,0,0,0,1e-06,NON_LAMBDA_MODE
r48u_20260914_NICO_IF_round_shadow_fix1,NICO,IF,round_shadow,2024-07-17T00:22:30,USER_IF_WL_SD,6,6,3,0,0,0,0.99,ROUND,0,0,0,1e-06,NON_LAMBDA_MODE
r48u_20260914_NICO_IF_round_shadow_fix1,NICO,IF,round_shadow,2024-07-17T00:22:30,USER_IF_L1_SD_CONDITIONAL,1,1,3,0,0,0,0.99,ROUND,0,0,0,1e-06,NON_LAMBDA_MODE
r48u_20260914_NICO_IF_round_shadow_fix1,NICO,IF,round_shadow,2024-07-17T00:23:00,USER_IF_WL_SD,6,6,3,0,0,0,0.99,ROUND,0,0,0,1e-06,NON_LAMBDA_MODE
r48u_20260914_NICO_IF_round_shadow_fix1,NICO,IF,round_shadow,2024-07-17T00:23:00,USER_IF_L1_SD_CONDITIONAL,2,2,3,0,0,0,0.99,ROUND,0,0,0,1e-06,NON_LAMBDA_MODE
r48u_20260914_NICO_IF_round_shadow_fix1,NICO,IF,round_shadow,2024-07-17T00:23:30,USER_IF_WL_SD,5,5,3,0,0,0,0.99,ROUND,0,0,0,1e-06,NON_LAMBDA_MODE
r48u_20260914_NICO_IF_round_shadow_fix1,NICO,IF,round_shadow,2024-07-17T00:23:30,USER_IF_L1_SD_CONDITIONAL,2,2,3,0,0,0,0.99,ROUND,0,0,0,1e-06,NON_LAMBDA_MODE
r48u_20260914_NICO_IF_round_shadow_fix1,NICO,IF,round_shadow,2024-07-17T00:24:00,USER_IF_WL_SD,5,5,3,0,0,0,0.99,ROUND,0,0,0,1e-06,NON_LAMBDA_MODE
r48u_20260914_NICO_IF_round_shadow_fix1,NICO,IF,round_shadow,2024-07-17T00:24:00,USER_IF_L1_SD_CONDITIONAL,2,2,3,0,0,0,0.99,ROUND,0,0,0,1e-06,NON_LAMBDA_MODE
r48u_20260914_NICO_IF_round_shadow_fix1,NICO,IF,round_shadow,2024-07-17T00:24:30,USER_IF_WL_SD,5,5,3,0,0,0,0.99,ROUND,0,0,0,1e-06,NON_LAMBDA_MODE
r48u_20260914_NICO_IF_round_shadow_fix1,NICO,IF,round_shadow,2024-07-17T00:24:30,USER_IF_L1_SD_CONDITIONAL,2,2,3,0,0,0,0.99,ROUND,0,0,0,1e-06,NON_LAMBDA_MODE
r48u_20260914_NICO_IF_round_shadow_fix1,NICO,IF,round_shadow,2024-07-17T00:25:00,USER_IF_WL_SD,5,5,3,0,0,0,0.99,ROUND,0,0,0,1e-06,NON_LAMBDA_MODE
r48u_20260914_NICO_IF_round_shadow_fix1,NICO,IF,round_shadow,2024-07-17T00:25:00,USER_IF_L1_SD_CONDITIONAL,2,2,3,0,0,0,0.99,ROUND,0,0,0,1e-06,NON_LAMBDA_MODE
r48u_20260914_NICO_IF_round_shadow_fix1,NICO,IF,round_shadow,2024-07-17T00:26:00,USER_IF_WL_SD,5,5,3,0,0,0,0.99,ROUND,0,0,0,1e-06,NON_LAMBDA_MODE
r48u_20260914_NICO_IF_round_shadow_fix1,NICO,IF,round_shadow,2024-07-17T00:26:00,USER_IF_L1_SD_CONDITIONAL,3,3,3,0,0,0,0.99,ROUND,0,0,0,1e-06,NON_LAMBDA_MODE
r48u_20260914_NICO_IF_round_shadow_fix1,NICO,IF,round_shadow,2024-07-17T00:26:30,USER_IF_WL_SD,5,5,3,0,0,0,0.99,ROUND,0,0,0,1e-06,NON_LAMBDA_MODE
r48u_20260914_NICO_IF_round_shadow_fix1,NICO,IF,round_shadow,2024-07-17T00:26:30,USER_IF_L1_SD_CONDITIONAL,3,3,3,0,0,0,0.99,ROUND,0,0,0,1e-06,NON_LAMBDA_MODE
r48u_20260914_NICO_IF_round_shadow_fix1,NICO,IF,round_shadow,2024-07-17T00:27:00,USER_IF_WL_SD,6,6,3,0,0,0,0.99,ROUND,0,0,0,1e-06,NON_LAMBDA_MODE
r48u_20260914_NICO_IF_round_shadow_fix1,NICO,IF,round_shadow,2024-07-17T00:27:00,USER_IF_L1_SD_CONDITIONAL,3,3,3,0,0,0,0.99,ROUND,0,0,0,1e-06,NON_LAMBDA_MODE
r48u_20260914_NICO_IF_round_shadow_fix1,NICO,IF,round_shadow,2024-07-17T00:27:30,USER_IF_WL_SD,6,6,3,0,0,0,0.99,ROUND,0,0,0,1e-06,NON_LAMBDA_MODE
r48u_20260914_NICO_IF_round_shadow_fix1,NICO,IF,round_shadow,2024-07-17T00:27:30,USER_IF_L1_SD_CONDITIONAL,3,3,3,0,0,0,0.99,ROUND,0,0,0,1e-06,NON_LAMBDA_MODE
r48u_20260914_NICO_IF_round_shadow_fix1,NICO,IF,round_shadow,2024-07-17T00:28:00,USER_IF_WL_SD,6,6,3,0,0,0,0.99,ROUND,0,0,0,1e-06,NON_LAMBDA_MODE
r48u_20260914_NICO_IF_round_shadow_fix1,NICO,IF,round_shadow,2024-07-17T00:28:00,USER_IF_L1_SD_CONDITIONAL,3,3,3,0,0,0,0.99,ROUND,0,0,0,1e-06,NON_LAMBDA_MODE
r48u_20260914_NICO_IF_round_shadow_fix1,NICO,IF,round_shadow,2024-07-17T00:28:30,USER_IF_WL_SD,6,6,3,0,0,0,0.99,ROUND,0,0,0,1e-06,NON_LAMBDA_MODE
r48u_20260914_NICO_IF_round_shadow_fix1,NICO,IF,round_shadow,2024-07-17T00:28:30,USER_IF_L1_SD_CONDITIONAL,3,3,3,0,0,0,0.99,ROUND,0,0,0,1e-06,NON_LAMBDA_MODE
r48u_20260914_NICO_IF_round_shadow_fix1,NICO,IF,round_shadow,2024-07-17T00:29:00,USER_IF_WL_SD,6,6,3,0,0,0,0.99,ROUND,0,0,0,1e-06,NON_LAMBDA_MODE
r48u_20260914_NICO_IF_round_shadow_fix1,NICO,IF,round_shadow,2024-07-17T00:29:00,USER_IF_L1_SD_CONDITIONAL,3,3,3,0,0,0,0.99,ROUND,0,0,0,1e-06,NON_LAMBDA_MODE
r48u_20260914_NICO_IF_round_shadow_fix1,NICO,IF,round_shadow,2024-07-17T00:29:30,USER_IF_WL_SD,6,6,3,0,0,0,0.99,ROUND,0,0,0,1e-06,NON_LAMBDA_MODE
r48u_20260914_NICO_IF_round_shadow_fix1,NICO,IF,round_shadow,2024-07-17T00:29:30,USER_IF_L1_SD_CONDITIONAL,3,3,3,0,0,0,0.99,ROUND,0,0,0,1e-06,NON_LAMBDA_MODE
r48u_20260914_NICO_IF_round_shadow_fix1,NICO,IF,round_shadow,2024-07-17T00:30:00,USER_IF_WL_SD,6,6,3,0,0,0,0.99,ROUND,0,0,0,1e-06,NON_LAMBDA_MODE
r48u_20260914_NICO_IF_round_shadow_fix1,NICO,IF,round_shadow,2024-07-17T00:30:00,USER_IF_L1_SD_CONDITIONAL,3,3,3,0,0,0,0.99,ROUND,0,0,0,1e-06,NON_LAMBDA_MODE
r48u_20260914_NICO_IF_round_feedback_fix1,NICO,IF,round_feedback,2024-07-17T00:10:30,USER_IF_WL_SD,6,6,3,0,0,0,0.99,ROUND,0,0,0,1e-06,NON_LAMBDA_MODE
r48u_20260914_NICO_IF_round_feedback_fix1,NICO,IF,round_feedback,2024-07-17T00:17:00,USER_IF_WL_SD,5,5,3,0,0,0,0.99,ROUND,0,0,0,1e-06,NON_LAMBDA_MODE
r48u_20260914_NICO_IF_round_feedback_fix1,NICO,IF,round_feedback,2024-07-17T00:17:30,USER_IF_WL_SD,5,5,3,0,0,0,0.99,ROUND,0,0,0,1e-06,NON_LAMBDA_MODE
r48u_20260914_NICO_IF_round_feedback_fix1,NICO,IF,round_feedback,2024-07-17T00:18:00,USER_IF_WL_SD,5,5,3,0,0,0,0.99,ROUND,0,0,0,1e-06,NON_LAMBDA_MODE
r48u_20260914_NICO_IF_round_feedback_fix1,NICO,IF,round_feedback,2024-07-17T00:18:30,USER_IF_WL_SD,5,5,3,0,0,0,0.99,ROUND,0,0,0,1e-06,NON_LAMBDA_MODE
r48u_20260914_NICO_IF_round_feedback_fix1,NICO,IF,round_feedback,2024-07-17T00:19:00,USER_IF_WL_SD,5,5,3,0,0,0,0.99,ROUND,0,0,0,1e-06,NON_LAMBDA_MODE
r48u_20260914_NICO_IF_round_feedback_fix1,NICO,IF,round_feedback,2024-07-17T00:19:30,USER_IF_WL_SD,5,5,3,0,0,0,0.99,ROUND,0,0,0,1e-06,NON_LAMBDA_MODE
r48u_20260914_NICO_IF_round_feedback_fix1,NICO,IF,round_feedback,2024-07-17T00:20:00,USER_IF_WL_SD,5,5,3,0,0,0,0.99,ROUND,0,0,0,1e-06,NON_LAMBDA_MODE
r48u_20260914_NICO_IF_round_feedback_fix1,NICO,IF,round_feedback,2024-07-17T00:20:30,USER_IF_WL_SD,6,6,3,0,0,0,0.99,ROUND,0,0,0,1e-06,NON_LAMBDA_MODE
r48u_20260914_NICO_IF_round_feedback_fix1,NICO,IF,round_feedback,2024-07-17T00:21:00,USER_IF_WL_SD,5,5,3,0,0,0,0.99,ROUND,0,0,0,1e-06,NON_LAMBDA_MODE
r48u_20260914_NICO_IF_round_feedback_fix1,NICO,IF,round_feedback,2024-07-17T00:21:30,USER_IF_WL_SD,6,6,3,0,0,0,0.99,ROUND,0,0,0,1e-06,NON_LAMBDA_MODE
r48u_20260914_NICO_IF_round_feedback_fix1,NICO,IF,round_feedback,2024-07-17T00:21:30,USER_IF_L1_SD_CONDITIONAL,1,1,3,0,0,0,0.99,ROUND,0,0,0,1e-06,NON_LAMBDA_MODE
r48u_20260914_NICO_IF_round_feedback_fix1,NICO,IF,round_feedback,2024-07-17T00:22:00,USER_IF_WL_SD,6,6,3,0,0,0,0.99,ROUND,0,0,0,1e-06,NON_LAMBDA_MODE
r48u_20260914_NICO_IF_round_feedback_fix1,NICO,IF,round_feedback,2024-07-17T00:22:00,USER_IF_L1_SD_CONDITIONAL,1,1,3,0,0,0,0.99,ROUND,0,0,0,1e-06,NON_LAMBDA_MODE
r48u_20260914_NICO_IF_round_feedback_fix1,NICO,IF,round_feedback,2024-07-17T00:22:30,USER_IF_WL_SD,6,6,3,0,0,0,0.99,ROUND,0,0,0,1e-06,NON_LAMBDA_MODE
r48u_20260914_NICO_IF_round_feedback_fix1,NICO,IF,round_feedback,2024-07-17T00:22:30,USER_IF_L1_SD_CONDITIONAL,1,1,3,0,0,0,0.99,ROUND,0,0,0,1e-06,NON_LAMBDA_MODE
r48u_20260914_NICO_IF_round_feedback_fix1,NICO,IF,round_feedback,2024-07-17T00:23:00,USER_IF_WL_SD,6,6,3,0,0,0,0.99,ROUND,0,0,0,1e-06,NON_LAMBDA_MODE
r48u_20260914_NICO_IF_round_feedback_fix1,NICO,IF,round_feedback,2024-07-17T00:23:00,USER_IF_L1_SD_CONDITIONAL,2,2,3,0,0,0,0.99,ROUND,0,0,0,1e-06,NON_LAMBDA_MODE
r48u_20260914_NICO_IF_round_feedback_fix1,NICO,IF,round_feedback,2024-07-17T00:23:30,USER_IF_WL_SD,5,5,3,0,0,0,0.99,ROUND,0,0,0,1e-06,NON_LAMBDA_MODE
r48u_20260914_NICO_IF_round_feedback_fix1,NICO,IF,round_feedback,2024-07-17T00:23:30,USER_IF_L1_SD_CONDITIONAL,2,2,3,0,0,0,0.99,ROUND,0,0,0,1e-06,NON_LAMBDA_MODE
r48u_20260914_NICO_IF_round_feedback_fix1,NICO,IF,round_feedback,2024-07-17T00:24:00,USER_IF_WL_SD,5,5,3,0,0,0,0.99,ROUND,0,0,0,1e-06,NON_LAMBDA_MODE
r48u_20260914_NICO_IF_round_feedback_fix1,NICO,IF,round_feedback,2024-07-17T00:24:00,USER_IF_L1_SD_CONDITIONAL,2,2,3,0,0,0,0.99,ROUND,0,0,0,1e-06,NON_LAMBDA_MODE
r48u_20260914_NICO_IF_round_feedback_fix1,NICO,IF,round_feedback,2024-07-17T00:24:30,USER_IF_WL_SD,5,5,3,0,0,0,0.99,ROUND,0,0,0,1e-06,NON_LAMBDA_MODE
r48u_20260914_NICO_IF_round_feedback_fix1,NICO,IF,round_feedback,2024-07-17T00:24:30,USER_IF_L1_SD_CONDITIONAL,2,2,3,0,0,0,0.99,ROUND,0,0,0,1e-06,NON_LAMBDA_MODE
r48u_20260914_NICO_IF_round_feedback_fix1,NICO,IF,round_feedback,2024-07-17T00:25:00,USER_IF_WL_SD,5,5,3,0,0,0,0.99,ROUND,0,0,0,1e-06,NON_LAMBDA_MODE
r48u_20260914_NICO_IF_round_feedback_fix1,NICO,IF,round_feedback,2024-07-17T00:25:00,USER_IF_L1_SD_CONDITIONAL,2,2,3,0,0,0,0.99,ROUND,0,0,0,1e-06,NON_LAMBDA_MODE
r48u_20260914_NICO_IF_round_feedback_fix1,NICO,IF,round_feedback,2024-07-17T00:26:00,USER_IF_WL_SD,5,5,3,0,0,0,0.99,ROUND,0,0,0,1e-06,NON_LAMBDA_MODE
r48u_20260914_NICO_IF_round_feedback_fix1,NICO,IF,round_feedback,2024-07-17T00:26:00,USER_IF_L1_SD_CONDITIONAL,3,3,3,0,0,0,0.99,ROUND,0,0,0,1e-06,NON_LAMBDA_MODE
r48u_20260914_NICO_IF_round_feedback_fix1,NICO,IF,round_feedback,2024-07-17T00:26:30,USER_IF_WL_SD,5,5,3,0,0,0,0.99,ROUND,0,0,0,1e-06,NON_LAMBDA_MODE
r48u_20260914_NICO_IF_round_feedback_fix1,NICO,IF,round_feedback,2024-07-17T00:26:30,USER_IF_L1_SD_CONDITIONAL,3,3,3,0,0,0,0.99,ROUND,0,0,0,1e-06,NON_LAMBDA_MODE
r48u_20260914_NICO_IF_round_feedback_fix1,NICO,IF,round_feedback,2024-07-17T00:27:00,USER_IF_WL_SD,6,6,3,0,0,0,0.99,ROUND,0,0,0,1e-06,NON_LAMBDA_MODE
r48u_20260914_NICO_IF_round_feedback_fix1,NICO,IF,round_feedback,2024-07-17T00:27:00,USER_IF_L1_SD_CONDITIONAL,3,3,3,0,0,0,0.99,ROUND,0,0,0,1e-06,NON_LAMBDA_MODE
r48u_20260914_NICO_IF_round_feedback_fix1,NICO,IF,round_feedback,2024-07-17T00:27:30,USER_IF_WL_SD,6,6,3,0,0,0,0.99,ROUND,0,0,0,1e-06,NON_LAMBDA_MODE
r48u_20260914_NICO_IF_round_feedback_fix1,NICO,IF,round_feedback,2024-07-17T00:27:30,USER_IF_L1_SD_CONDITIONAL,3,3,3,0,0,0,0.99,ROUND,0,0,0,1e-06,NON_LAMBDA_MODE
r48u_20260914_NICO_IF_round_feedback_fix1,NICO,IF,round_feedback,2024-07-17T00:28:00,USER_IF_WL_SD,6,6,3,0,0,0,0.99,ROUND,0,0,0,1e-06,NON_LAMBDA_MODE
r48u_20260914_NICO_IF_round_feedback_fix1,NICO,IF,round_feedback,2024-07-17T00:28:00,USER_IF_L1_SD_CONDITIONAL,3,3,3,0,0,0,0.99,ROUND,0,0,0,1e-06,NON_LAMBDA_MODE
r48u_20260914_NICO_IF_round_feedback_fix1,NICO,IF,round_feedback,2024-07-17T00:28:30,USER_IF_WL_SD,6,6,3,0,0,0,0.99,ROUND,0,0,0,1e-06,NON_LAMBDA_MODE
r48u_20260914_NICO_IF_round_feedback_fix1,NICO,IF,round_feedback,2024-07-17T00:28:30,USER_IF_L1_SD_CONDITIONAL,3,3,3,0,0,0,0.99,ROUND,0,0,0,1e-06,NON_LAMBDA_MODE
r48u_20260914_NICO_IF_round_feedback_fix1,NICO,IF,round_feedback,2024-07-17T00:29:00,USER_IF_WL_SD,6,6,3,0,0,0,0.99,ROUND,0,0,0,1e-06,NON_LAMBDA_MODE
r48u_20260914_NICO_IF_round_feedback_fix1,NICO,IF,round_feedback,2024-07-17T00:29:00,USER_IF_L1_SD_CONDITIONAL,3,3,3,0,0,0,0.99,ROUND,0,0,0,1e-06,NON_LAMBDA_MODE
r48u_20260914_NICO_IF_round_feedback_fix1,NICO,IF,round_feedback,2024-07-17T00:29:30,USER_IF_WL_SD,6,6,3,0,0,0,0.99,ROUND,0,0,0,1e-06,NON_LAMBDA_MODE
r48u_20260914_NICO_IF_round_feedback_fix1,NICO,IF,round_feedback,2024-07-17T00:29:30,USER_IF_L1_SD_CONDITIONAL,3,3,3,0,0,0,0.99,ROUND,0,0,0,1e-06,NON_LAMBDA_MODE
r48u_20260914_NICO_IF_round_feedback_fix1,NICO,IF,round_feedback,2024-07-17T00:30:00,USER_IF_WL_SD,6,6,3,0,0,0,0.99,ROUND,0,0,0,1e-06,NON_LAMBDA_MODE
r48u_20260914_NICO_IF_round_feedback_fix1,NICO,IF,round_feedback,2024-07-17T00:30:00,USER_IF_L1_SD_CONDITIONAL,3,3,3,0,0,0,0.99,ROUND,0,0,0,1e-06,NON_LAMBDA_MODE
r48u_20260914_NICO_IF_ils_shadow_fix1,NICO,IF,ils_shadow,2024-07-17T00:10:30,USER_IF_WL_SD,6,6,1,0,0.640854,0.00407514,0.999,LAMBDA_ALT,0,0,0,1e-06,BEST_1D_BOOTSTRAP_TOO_LOW
r48u_20260914_NICO_IF_ils_shadow_fix1,NICO,IF,ils_shadow,2024-07-17T00:17:00,USER_IF_WL_SD,5,5,1,0,0.653614,0.022353,0.999,LAMBDA_ALT,0,0,0,1e-06,BEST_1D_BOOTSTRAP_TOO_LOW
r48u_20260914_NICO_IF_ils_shadow_fix1,NICO,IF,ils_shadow,2024-07-17T00:17:30,USER_IF_WL_SD,5,5,1,0,0.81719,0.0874149,0.999,LAMBDA_ALT,0,0,0,1e-06,BEST_1D_BOOTSTRAP_TOO_LOW
r48u_20260914_NICO_IF_ils_shadow_fix1,NICO,IF,ils_shadow,2024-07-17T00:18:00,USER_IF_WL_SD,5,5,1,0,0.897381,0.172256,0.999,LAMBDA_ALT,0,0,0,1e-06,BEST_1D_BOOTSTRAP_TOO_LOW
r48u_20260914_NICO_IF_ils_shadow_fix1,NICO,IF,ils_shadow,2024-07-17T00:18:30,USER_IF_WL_SD,5,5,1,0,0.940646,0.259475,0.999,LAMBDA_ALT,0,0,0,1e-06,BEST_1D_BOOTSTRAP_TOO_LOW
r48u_20260914_NICO_IF_ils_shadow_fix1,NICO,IF,ils_shadow,2024-07-17T00:19:00,USER_IF_WL_SD,5,5,1,0,0.965047,0.340882,0.999,LAMBDA_ALT,0,0,0,1e-06,BEST_1D_BOOTSTRAP_TOO_LOW
r48u_20260914_NICO_IF_ils_shadow_fix1,NICO,IF,ils_shadow,2024-07-17T00:19:30,USER_IF_WL_SD,5,5,1,0,0.979167,0.413292,0.999,LAMBDA_ALT,0,0,0,1e-06,BEST_1D_BOOTSTRAP_TOO_LOW
r48u_20260914_NICO_IF_ils_shadow_fix1,NICO,IF,ils_shadow,2024-07-17T00:20:00,USER_IF_WL_SD,5,5,1,0,0.987361,0.475824,0.999,LAMBDA_ALT,0,0,0,1e-06,BEST_1D_BOOTSTRAP_TOO_LOW
r48u_20260914_NICO_IF_ils_shadow_fix1,NICO,IF,ils_shadow,2024-07-17T00:20:30,USER_IF_WL_SD,6,6,1,0,0.992353,0.324793,0.999,LAMBDA_ALT,0,0,0,1e-06,BEST_1D_BOOTSTRAP_TOO_LOW
r48u_20260914_NICO_IF_ils_shadow_fix1,NICO,IF,ils_shadow,2024-07-17T00:21:00,USER_IF_WL_SD,5,5,1,0,0.995311,0.577725,0.999,LAMBDA_ALT,0,0,0,1e-06,BEST_1D_BOOTSTRAP_TOO_LOW
r48u_20260914_NICO_IF_ils_shadow_fix1,NICO,IF,ils_shadow,2024-07-17T00:21:30,USER_IF_WL_SD,6,6,1,0,0.997138,0.482423,0.999,LAMBDA_ALT,0,0,0,1e-06,BEST_1D_BOOTSTRAP_TOO_LOW
r48u_20260914_NICO_IF_ils_shadow_fix1,NICO,IF,ils_shadow,2024-07-17T00:22:00,USER_IF_WL_SD,6,6,1,0,0.998247,0.567978,0.999,LAMBDA_ALT,0,0,0,1e-06,BEST_1D_BOOTSTRAP_TOO_LOW
r48u_20260914_NICO_IF_ils_shadow_fix1,NICO,IF,ils_shadow,2024-07-17T00:22:30,USER_IF_WL_SD,6,6,1,0,0.998923,0.630084,0.999,LAMBDA_ALT,0,0,0,1e-06,BEST_1D_BOOTSTRAP_TOO_LOW
r48u_20260914_NICO_IF_ils_shadow_fix1,NICO,IF,ils_shadow,2024-07-17T00:23:00,USER_IF_WL_SD,6,6,1,1,0.999337,0.67735,0.999,LAMBDA_ALT,1,0,0,1e-06,ACCEPTED
r48u_20260914_NICO_IF_ils_shadow_fix1,NICO,IF,ils_shadow,2024-07-17T00:23:00,USER_IF_L1_SD_CONDITIONAL,1,1,1,0,0.413475,0.413475,0.999,LAMBDA_ALT,0,0,0,1e-06,BEST_1D_BOOTSTRAP_TOO_LOW
r48u_20260914_NICO_IF_ils_shadow_fix1,NICO,IF,ils_shadow,2024-07-17T00:23:30,USER_IF_WL_SD,5,5,1,1,0.999588,0.738274,0.999,LAMBDA_ALT,1,0,0,1e-06,ACCEPTED
r48u_20260914_NICO_IF_ils_shadow_fix1,NICO,IF,ils_shadow,2024-07-17T00:23:30,USER_IF_L1_SD_CONDITIONAL,1,1,1,0,0.420591,0.420591,0.999,LAMBDA_ALT,0,0,0,1e-06,BEST_1D_BOOTSTRAP_TOO_LOW
r48u_20260914_NICO_IF_ils_shadow_fix1,NICO,IF,ils_shadow,2024-07-17T00:24:00,USER_IF_WL_SD,5,5,1,1,0.999744,0.760076,0.999,LAMBDA_ALT,1,0,0,1e-06,ACCEPTED
r48u_20260914_NICO_IF_ils_shadow_fix1,NICO,IF,ils_shadow,2024-07-17T00:24:00,USER_IF_L1_SD_CONDITIONAL,1,1,1,0,0.427803,0.427803,0.999,LAMBDA_ALT,0,0,0,1e-06,BEST_1D_BOOTSTRAP_TOO_LOW
r48u_20260914_NICO_IF_ils_shadow_fix1,NICO,IF,ils_shadow,2024-07-17T00:24:30,USER_IF_WL_SD,5,5,1,1,0.999841,0.779633,0.999,LAMBDA_ALT,1,0,0,1e-06,ACCEPTED
r48u_20260914_NICO_IF_ils_shadow_fix1,NICO,IF,ils_shadow,2024-07-17T00:24:30,USER_IF_L1_SD_CONDITIONAL,1,1,1,0,0.435052,0.435052,0.999,LAMBDA_ALT,0,0,0,1e-06,BEST_1D_BOOTSTRAP_TOO_LOW
r48u_20260914_NICO_IF_ils_shadow_fix1,NICO,IF,ils_shadow,2024-07-17T00:25:00,USER_IF_WL_SD,5,5,1,2,0.999901,0.797257,0.999,LAMBDA_ALT,1,0,0,1e-06,ACCEPTED
r48u_20260914_NICO_IF_ils_shadow_fix1,NICO,IF,ils_shadow,2024-07-17T00:25:00,USER_IF_L1_SD_CONDITIONAL,2,2,1,0,0.443171,0.0942369,0.999,LAMBDA_ALT,0,0,0,1e-06,BEST_1D_BOOTSTRAP_TOO_LOW
r48u_20260914_NICO_IF_ils_shadow_fix1,NICO,IF,ils_shadow,2024-07-17T00:26:00,USER_IF_WL_SD,5,5,1,2,0.999938,0.813389,0.999,LAMBDA_ALT,1,0,0,1e-06,ACCEPTED
r48u_20260914_NICO_IF_ils_shadow_fix1,NICO,IF,ils_shadow,2024-07-17T00:26:00,USER_IF_L1_SD_CONDITIONAL,2,2,1,0,0.754769,0.153779,0.999,LAMBDA_ALT,0,0,0,1e-06,BEST_1D_BOOTSTRAP_TOO_LOW
r48u_20260914_NICO_IF_ils_shadow_fix1,NICO,IF,ils_shadow,2024-07-17T00:26:30,USER_IF_WL_SD,5,5,1,2,0.999962,0.827945,0.999,LAMBDA_ALT,1,0,0,1e-06,ACCEPTED
r48u_20260914_NICO_IF_ils_shadow_fix1,NICO,IF,ils_shadow,2024-07-17T00:26:30,USER_IF_L1_SD_CONDITIONAL,2,2,1,0,0.755395,0.155233,0.999,LAMBDA_ALT,0,0,0,1e-06,BEST_1D_BOOTSTRAP_TOO_LOW
r48u_20260914_NICO_IF_ils_shadow_fix1,NICO,IF,ils_shadow,2024-07-17T00:27:00,USER_IF_WL_SD,6,6,1,2,0.999976,0.531785,0.999,LAMBDA_ALT,1,0,0,1e-06,ACCEPTED
r48u_20260914_NICO_IF_ils_shadow_fix1,NICO,IF,ils_shadow,2024-07-17T00:27:00,USER_IF_L1_SD_CONDITIONAL,2,2,1,0,0.75601,0.156675,0.999,LAMBDA_ALT,0,0,0,1e-06,BEST_1D_BOOTSTRAP_TOO_LOW
r48u_20260914_NICO_IF_ils_shadow_fix1,NICO,IF,ils_shadow,2024-07-17T00:27:30,USER_IF_WL_SD,6,6,1,2,0.999985,0.680889,0.999,LAMBDA_ALT,1,0,0,1e-06,ACCEPTED
r48u_20260914_NICO_IF_ils_shadow_fix1,NICO,IF,ils_shadow,2024-07-17T00:27:30,USER_IF_L1_SD_CONDITIONAL,2,2,1,0,0.756614,0.158102,0.999,LAMBDA_ALT,0,0,0,1e-06,BEST_1D_BOOTSTRAP_TOO_LOW
r48u_20260914_NICO_IF_ils_shadow_fix1,NICO,IF,ils_shadow,2024-07-17T00:28:00,USER_IF_WL_SD,6,6,1,2,0.999991,0.76279,0.999,LAMBDA_ALT,1,0,0,1e-06,ACCEPTED
r48u_20260914_NICO_IF_ils_shadow_fix1,NICO,IF,ils_shadow,2024-07-17T00:28:00,USER_IF_L1_SD_CONDITIONAL,2,2,1,0,0.757209,0.159515,0.999,LAMBDA_ALT,0,0,0,1e-06,BEST_1D_BOOTSTRAP_TOO_LOW
r48u_20260914_NICO_IF_ils_shadow_fix1,NICO,IF,ils_shadow,2024-07-17T00:28:30,USER_IF_WL_SD,6,6,1,3,0.999994,0.812741,0.999,LAMBDA_ALT,1,0,0,1e-06,ACCEPTED
r48u_20260914_NICO_IF_ils_shadow_fix1,NICO,IF,ils_shadow,2024-07-17T00:28:30,USER_IF_L1_SD_CONDITIONAL,3,3,1,0,0.935699,0.210106,0.999,LAMBDA_ALT,0,0,0,1e-06,BEST_1D_BOOTSTRAP_TOO_LOW
r48u_20260914_NICO_IF_ils_shadow_fix1,NICO,IF,ils_shadow,2024-07-17T00:29:00,USER_IF_WL_SD,6,6,1,3,0.999996,0.846118,0.999,LAMBDA_ALT,1,0,0,1e-06,ACCEPTED
r48u_20260914_NICO_IF_ils_shadow_fix1,NICO,IF,ils_shadow,2024-07-17T00:29:00,USER_IF_L1_SD_CONDITIONAL,3,3,1,0,0.936084,0.21151,0.999,LAMBDA_ALT,0,0,0,1e-06,BEST_1D_BOOTSTRAP_TOO_LOW
r48u_20260914_NICO_IF_ils_shadow_fix1,NICO,IF,ils_shadow,2024-07-17T00:29:30,USER_IF_WL_SD,6,6,1,3,0.999998,0.869297,0.999,LAMBDA_ALT,1,0,0,1e-06,ACCEPTED
r48u_20260914_NICO_IF_ils_shadow_fix1,NICO,IF,ils_shadow,2024-07-17T00:29:30,USER_IF_L1_SD_CONDITIONAL,3,3,1,0,0.936457,0.2129,0.999,LAMBDA_ALT,0,0,0,1e-06,BEST_1D_BOOTSTRAP_TOO_LOW
r48u_20260914_NICO_IF_ils_shadow_fix1,NICO,IF,ils_shadow,2024-07-17T00:30:00,USER_IF_WL_SD,6,6,1,3,0.999999,0.886202,0.999,LAMBDA_ALT,1,0,0,1e-06,ACCEPTED
r48u_20260914_NICO_IF_ils_shadow_fix1,NICO,IF,ils_shadow,2024-07-17T00:30:00,USER_IF_L1_SD_CONDITIONAL,3,3,1,0,0.93682,0.214275,0.999,LAMBDA_ALT,0,0,0,1e-06,BEST_1D_BOOTSTRAP_TOO_LOW
r48u_20260914_NICO_IF_ils_feedback_fix1,NICO,IF,ils_feedback,2024-07-17T00:10:30,USER_IF_WL_SD,6,6,1,0,0.640854,0.00407514,0.999,LAMBDA_ALT,0,0,0,1e-06,BEST_1D_BOOTSTRAP_TOO_LOW
r48u_20260914_NICO_IF_ils_feedback_fix1,NICO,IF,ils_feedback,2024-07-17T00:17:00,USER_IF_WL_SD,5,5,1,0,0.653614,0.022353,0.999,LAMBDA_ALT,0,0,0,1e-06,BEST_1D_BOOTSTRAP_TOO_LOW
r48u_20260914_NICO_IF_ils_feedback_fix1,NICO,IF,ils_feedback,2024-07-17T00:17:30,USER_IF_WL_SD,5,5,1,0,0.81719,0.0874149,0.999,LAMBDA_ALT,0,0,0,1e-06,BEST_1D_BOOTSTRAP_TOO_LOW
r48u_20260914_NICO_IF_ils_feedback_fix1,NICO,IF,ils_feedback,2024-07-17T00:18:00,USER_IF_WL_SD,5,5,1,0,0.897381,0.172256,0.999,LAMBDA_ALT,0,0,0,1e-06,BEST_1D_BOOTSTRAP_TOO_LOW
r48u_20260914_NICO_IF_ils_feedback_fix1,NICO,IF,ils_feedback,2024-07-17T00:18:30,USER_IF_WL_SD,5,5,1,0,0.940646,0.259475,0.999,LAMBDA_ALT,0,0,0,1e-06,BEST_1D_BOOTSTRAP_TOO_LOW
r48u_20260914_NICO_IF_ils_feedback_fix1,NICO,IF,ils_feedback,2024-07-17T00:19:00,USER_IF_WL_SD,5,5,1,0,0.965047,0.340882,0.999,LAMBDA_ALT,0,0,0,1e-06,BEST_1D_BOOTSTRAP_TOO_LOW
r48u_20260914_NICO_IF_ils_feedback_fix1,NICO,IF,ils_feedback,2024-07-17T00:19:30,USER_IF_WL_SD,5,5,1,0,0.979167,0.413292,0.999,LAMBDA_ALT,0,0,0,1e-06,BEST_1D_BOOTSTRAP_TOO_LOW
r48u_20260914_NICO_IF_ils_feedback_fix1,NICO,IF,ils_feedback,2024-07-17T00:20:00,USER_IF_WL_SD,5,5,1,0,0.987361,0.475824,0.999,LAMBDA_ALT,0,0,0,1e-06,BEST_1D_BOOTSTRAP_TOO_LOW
r48u_20260914_NICO_IF_ils_feedback_fix1,NICO,IF,ils_feedback,2024-07-17T00:20:30,USER_IF_WL_SD,6,6,1,0,0.992353,0.324793,0.999,LAMBDA_ALT,0,0,0,1e-06,BEST_1D_BOOTSTRAP_TOO_LOW
r48u_20260914_NICO_IF_ils_feedback_fix1,NICO,IF,ils_feedback,2024-07-17T00:21:00,USER_IF_WL_SD,5,5,1,0,0.995311,0.577725,0.999,LAMBDA_ALT,0,0,0,1e-06,BEST_1D_BOOTSTRAP_TOO_LOW
r48u_20260914_NICO_IF_ils_feedback_fix1,NICO,IF,ils_feedback,2024-07-17T00:21:30,USER_IF_WL_SD,6,6,1,0,0.997138,0.482423,0.999,LAMBDA_ALT,0,0,0,1e-06,BEST_1D_BOOTSTRAP_TOO_LOW
r48u_20260914_NICO_IF_ils_feedback_fix1,NICO,IF,ils_feedback,2024-07-17T00:22:00,USER_IF_WL_SD,6,6,1,0,0.998247,0.567978,0.999,LAMBDA_ALT,0,0,0,1e-06,BEST_1D_BOOTSTRAP_TOO_LOW
r48u_20260914_NICO_IF_ils_feedback_fix1,NICO,IF,ils_feedback,2024-07-17T00:22:30,USER_IF_WL_SD,6,6,1,0,0.998923,0.630084,0.999,LAMBDA_ALT,0,0,0,1e-06,BEST_1D_BOOTSTRAP_TOO_LOW
r48u_20260914_NICO_IF_ils_feedback_fix1,NICO,IF,ils_feedback,2024-07-17T00:23:00,USER_IF_WL_SD,6,6,1,1,0.999337,0.67735,0.999,LAMBDA_ALT,1,0,0,1e-06,ACCEPTED
r48u_20260914_NICO_IF_ils_feedback_fix1,NICO,IF,ils_feedback,2024-07-17T00:23:00,USER_IF_L1_SD_CONDITIONAL,1,1,1,0,0.413475,0.413475,0.999,LAMBDA_ALT,0,0,0,1e-06,BEST_1D_BOOTSTRAP_TOO_LOW
r48u_20260914_NICO_IF_ils_feedback_fix1,NICO,IF,ils_feedback,2024-07-17T00:23:30,USER_IF_WL_SD,5,5,1,1,0.999588,0.738274,0.999,LAMBDA_ALT,1,0,0,1e-06,ACCEPTED
r48u_20260914_NICO_IF_ils_feedback_fix1,NICO,IF,ils_feedback,2024-07-17T00:23:30,USER_IF_L1_SD_CONDITIONAL,1,1,1,0,0.420591,0.420591,0.999,LAMBDA_ALT,0,0,0,1e-06,BEST_1D_BOOTSTRAP_TOO_LOW
r48u_20260914_NICO_IF_ils_feedback_fix1,NICO,IF,ils_feedback,2024-07-17T00:24:00,USER_IF_WL_SD,5,5,1,1,0.999744,0.760076,0.999,LAMBDA_ALT,1,0,0,1e-06,ACCEPTED
r48u_20260914_NICO_IF_ils_feedback_fix1,NICO,IF,ils_feedback,2024-07-17T00:24:00,USER_IF_L1_SD_CONDITIONAL,1,1,1,0,0.427803,0.427803,0.999,LAMBDA_ALT,0,0,0,1e-06,BEST_1D_BOOTSTRAP_TOO_LOW
r48u_20260914_NICO_IF_ils_feedback_fix1,NICO,IF,ils_feedback,2024-07-17T00:24:30,USER_IF_WL_SD,5,5,1,1,0.999841,0.779633,0.999,LAMBDA_ALT,1,0,0,1e-06,ACCEPTED
r48u_20260914_NICO_IF_ils_feedback_fix1,NICO,IF,ils_feedback,2024-07-17T00:24:30,USER_IF_L1_SD_CONDITIONAL,1,1,1,0,0.435052,0.435052,0.999,LAMBDA_ALT,0,0,0,1e-06,BEST_1D_BOOTSTRAP_TOO_LOW
r48u_20260914_NICO_IF_ils_feedback_fix1,NICO,IF,ils_feedback,2024-07-17T00:25:00,USER_IF_WL_SD,5,5,1,2,0.999901,0.797257,0.999,LAMBDA_ALT,1,0,0,1e-06,ACCEPTED
r48u_20260914_NICO_IF_ils_feedback_fix1,NICO,IF,ils_feedback,2024-07-17T00:25:00,USER_IF_L1_SD_CONDITIONAL,2,2,1,0,0.443171,0.0942369,0.999,LAMBDA_ALT,0,0,0,1e-06,BEST_1D_BOOTSTRAP_TOO_LOW
r48u_20260914_NICO_IF_ils_feedback_fix1,NICO,IF,ils_feedback,2024-07-17T00:26:00,USER_IF_WL_SD,5,5,1,2,0.999938,0.813389,0.999,LAMBDA_ALT,1,0,0,1e-06,ACCEPTED
r48u_20260914_NICO_IF_ils_feedback_fix1,NICO,IF,ils_feedback,2024-07-17T00:26:00,USER_IF_L1_SD_CONDITIONAL,2,2,1,0,0.754769,0.153779,0.999,LAMBDA_ALT,0,0,0,1e-06,BEST_1D_BOOTSTRAP_TOO_LOW
r48u_20260914_NICO_IF_ils_feedback_fix1,NICO,IF,ils_feedback,2024-07-17T00:26:30,USER_IF_WL_SD,5,5,1,2,0.999962,0.827945,0.999,LAMBDA_ALT,1,0,0,1e-06,ACCEPTED
r48u_20260914_NICO_IF_ils_feedback_fix1,NICO,IF,ils_feedback,2024-07-17T00:26:30,USER_IF_L1_SD_CONDITIONAL,2,2,1,0,0.755395,0.155233,0.999,LAMBDA_ALT,0,0,0,1e-06,BEST_1D_BOOTSTRAP_TOO_LOW
r48u_20260914_NICO_IF_ils_feedback_fix1,NICO,IF,ils_feedback,2024-07-17T00:27:00,USER_IF_WL_SD,6,6,1,2,0.999976,0.531785,0.999,LAMBDA_ALT,1,0,0,1e-06,ACCEPTED
r48u_20260914_NICO_IF_ils_feedback_fix1,NICO,IF,ils_feedback,2024-07-17T00:27:00,USER_IF_L1_SD_CONDITIONAL,2,2,1,0,0.75601,0.156675,0.999,LAMBDA_ALT,0,0,0,1e-06,BEST_1D_BOOTSTRAP_TOO_LOW
r48u_20260914_NICO_IF_ils_feedback_fix1,NICO,IF,ils_feedback,2024-07-17T00:27:30,USER_IF_WL_SD,6,6,1,2,0.999985,0.680889,0.999,LAMBDA_ALT,1,0,0,1e-06,ACCEPTED
r48u_20260914_NICO_IF_ils_feedback_fix1,NICO,IF,ils_feedback,2024-07-17T00:27:30,USER_IF_L1_SD_CONDITIONAL,2,2,1,0,0.756614,0.158102,0.999,LAMBDA_ALT,0,0,0,1e-06,BEST_1D_BOOTSTRAP_TOO_LOW
r48u_20260914_NICO_IF_ils_feedback_fix1,NICO,IF,ils_feedback,2024-07-17T00:28:00,USER_IF_WL_SD,6,6,1,2,0.999991,0.76279,0.999,LAMBDA_ALT,1,0,0,1e-06,ACCEPTED
r48u_20260914_NICO_IF_ils_feedback_fix1,NICO,IF,ils_feedback,2024-07-17T00:28:00,USER_IF_L1_SD_CONDITIONAL,2,2,1,0,0.757209,0.159515,0.999,LAMBDA_ALT,0,0,0,1e-06,BEST_1D_BOOTSTRAP_TOO_LOW
r48u_20260914_NICO_IF_ils_feedback_fix1,NICO,IF,ils_feedback,2024-07-17T00:28:30,USER_IF_WL_SD,6,6,1,3,0.999994,0.812741,0.999,LAMBDA_ALT,1,0,0,1e-06,ACCEPTED
r48u_20260914_NICO_IF_ils_feedback_fix1,NICO,IF,ils_feedback,2024-07-17T00:28:30,USER_IF_L1_SD_CONDITIONAL,3,3,1,0,0.935699,0.210106,0.999,LAMBDA_ALT,0,0,0,1e-06,BEST_1D_BOOTSTRAP_TOO_LOW
r48u_20260914_NICO_IF_ils_feedback_fix1,NICO,IF,ils_feedback,2024-07-17T00:29:00,USER_IF_WL_SD,6,6,1,3,0.999996,0.846118,0.999,LAMBDA_ALT,1,0,0,1e-06,ACCEPTED
r48u_20260914_NICO_IF_ils_feedback_fix1,NICO,IF,ils_feedback,2024-07-17T00:29:00,USER_IF_L1_SD_CONDITIONAL,3,3,1,0,0.936084,0.21151,0.999,LAMBDA_ALT,0,0,0,1e-06,BEST_1D_BOOTSTRAP_TOO_LOW
r48u_20260914_NICO_IF_ils_feedback_fix1,NICO,IF,ils_feedback,2024-07-17T00:29:30,USER_IF_WL_SD,6,6,1,3,0.999998,0.869297,0.999,LAMBDA_ALT,1,0,0,1e-06,ACCEPTED
r48u_20260914_NICO_IF_ils_feedback_fix1,NICO,IF,ils_feedback,2024-07-17T00:29:30,USER_IF_L1_SD_CONDITIONAL,3,3,1,0,0.936457,0.2129,0.999,LAMBDA_ALT,0,0,0,1e-06,BEST_1D_BOOTSTRAP_TOO_LOW
r48u_20260914_NICO_IF_ils_feedback_fix1,NICO,IF,ils_feedback,2024-07-17T00:30:00,USER_IF_WL_SD,6,6,1,3,0.999999,0.886202,0.999,LAMBDA_ALT,1,0,0,1e-06,ACCEPTED
r48u_20260914_NICO_IF_ils_feedback_fix1,NICO,IF,ils_feedback,2024-07-17T00:30:00,USER_IF_L1_SD_CONDITIONAL,3,3,1,0,0.93682,0.214275,0.999,LAMBDA_ALT,0,0,0,1e-06,BEST_1D_BOOTSTRAP_TOO_LOW
r48u_20260914_BREW_IF_round_shadow_fix1,BREW,IF,round_shadow,2024-07-17T00:10:00,USER_IF_WL_SD,1,1,3,0,0,0,0.99,ROUND,0,0,0,1e-06,NON_LAMBDA_MODE
r48u_20260914_BREW_IF_round_shadow_fix1,BREW,IF,round_shadow,2024-07-17T00:10:30,USER_IF_WL_SD,1,1,3,0,0,0,0.99,ROUND,0,0,0,1e-06,NON_LAMBDA_MODE
r48u_20260914_BREW_IF_round_shadow_fix1,BREW,IF,round_shadow,2024-07-17T00:11:00,USER_IF_WL_SD,1,1,3,0,0,0,0.99,ROUND,0,0,0,1e-06,NON_LAMBDA_MODE
r48u_20260914_BREW_IF_round_shadow_fix1,BREW,IF,round_shadow,2024-07-17T00:11:30,USER_IF_WL_SD,2,2,3,0,0,0,0.99,ROUND,0,0,0,1e-06,NON_LAMBDA_MODE
r48u_20260914_BREW_IF_round_shadow_fix1,BREW,IF,round_shadow,2024-07-17T00:12:00,USER_IF_WL_SD,2,2,3,0,0,0,0.99,ROUND,0,0,0,1e-06,NON_LAMBDA_MODE
r48u_20260914_BREW_IF_round_shadow_fix1,BREW,IF,round_shadow,2024-07-17T00:12:30,USER_IF_WL_SD,2,2,3,0,0,0,0.99,ROUND,0,0,0,1e-06,NON_LAMBDA_MODE
r48u_20260914_BREW_IF_round_shadow_fix1,BREW,IF,round_shadow,2024-07-17T00:13:00,USER_IF_WL_SD,2,2,3,0,0,0,0.99,ROUND,0,0,0,1e-06,NON_LAMBDA_MODE
r48u_20260914_BREW_IF_round_shadow_fix1,BREW,IF,round_shadow,2024-07-17T00:13:30,USER_IF_WL_SD,2,2,3,0,0,0,0.99,ROUND,0,0,0,1e-06,NON_LAMBDA_MODE
r48u_20260914_BREW_IF_round_shadow_fix1,BREW,IF,round_shadow,2024-07-17T00:14:00,USER_IF_WL_SD,2,2,3,0,0,0,0.99,ROUND,0,0,0,1e-06,NON_LAMBDA_MODE
r48u_20260914_BREW_IF_round_shadow_fix1,BREW,IF,round_shadow,2024-07-17T00:14:30,USER_IF_WL_SD,2,2,3,0,0,0,0.99,ROUND,0,0,0,1e-06,NON_LAMBDA_MODE
r48u_20260914_BREW_IF_round_shadow_fix1,BREW,IF,round_shadow,2024-07-17T00:15:00,USER_IF_WL_SD,2,2,3,0,0,0,0.99,ROUND,0,0,0,1e-06,NON_LAMBDA_MODE
r48u_20260914_BREW_IF_round_shadow_fix1,BREW,IF,round_shadow,2024-07-17T00:15:30,USER_IF_WL_SD,2,2,3,0,0,0,0.99,ROUND,0,0,0,1e-06,NON_LAMBDA_MODE
r48u_20260914_BREW_IF_round_shadow_fix1,BREW,IF,round_shadow,2024-07-17T00:16:00,USER_IF_WL_SD,2,2,3,0,0,0,0.99,ROUND,0,0,0,1e-06,NON_LAMBDA_MODE
r48u_20260914_BREW_IF_round_shadow_fix1,BREW,IF,round_shadow,2024-07-17T00:16:30,USER_IF_WL_SD,2,2,3,0,0,0,0.99,ROUND,0,0,0,1e-06,NON_LAMBDA_MODE
r48u_20260914_BREW_IF_round_shadow_fix1,BREW,IF,round_shadow,2024-07-17T00:17:00,USER_IF_WL_SD,4,4,3,0,0,0,0.99,ROUND,0,0,0,1e-06,NON_LAMBDA_MODE
r48u_20260914_BREW_IF_round_shadow_fix1,BREW,IF,round_shadow,2024-07-17T00:17:30,USER_IF_WL_SD,4,4,3,0,0,0,0.99,ROUND,0,0,0,1e-06,NON_LAMBDA_MODE
r48u_20260914_BREW_IF_round_shadow_fix1,BREW,IF,round_shadow,2024-07-17T00:18:00,USER_IF_WL_SD,4,4,3,0,0,0,0.99,ROUND,0,0,0,1e-06,NON_LAMBDA_MODE
r48u_20260914_BREW_IF_round_shadow_fix1,BREW,IF,round_shadow,2024-07-17T00:18:30,USER_IF_WL_SD,4,4,3,0,0,0,0.99,ROUND,0,0,0,1e-06,NON_LAMBDA_MODE
r48u_20260914_BREW_IF_round_shadow_fix1,BREW,IF,round_shadow,2024-07-17T00:19:00,USER_IF_WL_SD,4,4,3,0,0,0,0.99,ROUND,0,0,0,1e-06,NON_LAMBDA_MODE
r48u_20260914_BREW_IF_round_shadow_fix1,BREW,IF,round_shadow,2024-07-17T00:19:30,USER_IF_WL_SD,4,4,3,0,0,0,0.99,ROUND,0,0,0,1e-06,NON_LAMBDA_MODE
r48u_20260914_BREW_IF_round_shadow_fix1,BREW,IF,round_shadow,2024-07-17T00:20:00,USER_IF_WL_SD,4,4,3,0,0,0,0.99,ROUND,0,0,0,1e-06,NON_LAMBDA_MODE
r48u_20260914_BREW_IF_round_shadow_fix1,BREW,IF,round_shadow,2024-07-17T00:20:30,USER_IF_WL_SD,5,5,3,0,0,0,0.99,ROUND,0,0,0,1e-06,NON_LAMBDA_MODE
r48u_20260914_BREW_IF_round_shadow_fix1,BREW,IF,round_shadow,2024-07-17T00:21:00,USER_IF_WL_SD,4,4,3,0,0,0,0.99,ROUND,0,0,0,1e-06,NON_LAMBDA_MODE
r48u_20260914_BREW_IF_round_shadow_fix1,BREW,IF,round_shadow,2024-07-17T00:21:30,USER_IF_WL_SD,4,4,3,0,0,0,0.99,ROUND,0,0,0,1e-06,NON_LAMBDA_MODE
r48u_20260914_BREW_IF_round_shadow_fix1,BREW,IF,round_shadow,2024-07-17T00:22:00,USER_IF_WL_SD,5,5,3,0,0,0,0.99,ROUND,0,0,0,1e-06,NON_LAMBDA_MODE
r48u_20260914_BREW_IF_round_shadow_fix1,BREW,IF,round_shadow,2024-07-17T00:22:30,USER_IF_WL_SD,5,5,3,0,0,0,0.99,ROUND,0,0,0,1e-06,NON_LAMBDA_MODE
r48u_20260914_BREW_IF_round_shadow_fix1,BREW,IF,round_shadow,2024-07-17T00:23:00,USER_IF_WL_SD,5,5,3,0,0,0,0.99,ROUND,0,0,0,1e-06,NON_LAMBDA_MODE
r48u_20260914_BREW_IF_round_shadow_fix1,BREW,IF,round_shadow,2024-07-17T00:23:30,USER_IF_WL_SD,4,4,3,0,0,0,0.99,ROUND,0,0,0,1e-06,NON_LAMBDA_MODE
r48u_20260914_BREW_IF_round_shadow_fix1,BREW,IF,round_shadow,2024-07-17T00:24:00,USER_IF_WL_SD,5,5,3,0,0,0,0.99,ROUND,0,0,0,1e-06,NON_LAMBDA_MODE
r48u_20260914_BREW_IF_round_shadow_fix1,BREW,IF,round_shadow,2024-07-17T00:24:30,USER_IF_WL_SD,5,5,3,0,0,0,0.99,ROUND,0,0,0,1e-06,NON_LAMBDA_MODE
r48u_20260914_BREW_IF_round_shadow_fix1,BREW,IF,round_shadow,2024-07-17T00:25:00,USER_IF_WL_SD,5,5,3,0,0,0,0.99,ROUND,0,0,0,1e-06,NON_LAMBDA_MODE
r48u_20260914_BREW_IF_round_shadow_fix1,BREW,IF,round_shadow,2024-07-17T00:25:30,USER_IF_WL_SD,2,2,3,0,0,0,0.99,ROUND,0,0,0,1e-06,NON_LAMBDA_MODE
r48u_20260914_BREW_IF_round_shadow_fix1,BREW,IF,round_shadow,2024-07-17T00:26:00,USER_IF_WL_SD,4,4,3,0,0,0,0.99,ROUND,0,0,0,1e-06,NON_LAMBDA_MODE
r48u_20260914_BREW_IF_round_shadow_fix1,BREW,IF,round_shadow,2024-07-17T00:26:30,USER_IF_WL_SD,4,4,3,0,0,0,0.99,ROUND,0,0,0,1e-06,NON_LAMBDA_MODE
r48u_20260914_BREW_IF_round_shadow_fix1,BREW,IF,round_shadow,2024-07-17T00:27:00,USER_IF_WL_SD,3,3,3,0,0,0,0.99,ROUND,0,0,0,1e-06,NON_LAMBDA_MODE
r48u_20260914_BREW_IF_round_shadow_fix1,BREW,IF,round_shadow,2024-07-17T00:27:30,USER_IF_WL_SD,3,3,3,0,0,0,0.99,ROUND,0,0,0,1e-06,NON_LAMBDA_MODE
r48u_20260914_BREW_IF_round_shadow_fix1,BREW,IF,round_shadow,2024-07-17T00:28:00,USER_IF_WL_SD,3,3,3,0,0,0,0.99,ROUND,0,0,0,1e-06,NON_LAMBDA_MODE
r48u_20260914_BREW_IF_round_shadow_fix1,BREW,IF,round_shadow,2024-07-17T00:28:30,USER_IF_WL_SD,4,4,3,0,0,0,0.99,ROUND,0,0,0,1e-06,NON_LAMBDA_MODE
r48u_20260914_BREW_IF_round_shadow_fix1,BREW,IF,round_shadow,2024-07-17T00:29:00,USER_IF_WL_SD,4,4,3,0,0,0,0.99,ROUND,0,0,0,1e-06,NON_LAMBDA_MODE
r48u_20260914_BREW_IF_round_shadow_fix1,BREW,IF,round_shadow,2024-07-17T00:29:30,USER_IF_WL_SD,4,4,3,0,0,0,0.99,ROUND,0,0,0,1e-06,NON_LAMBDA_MODE
r48u_20260914_BREW_IF_round_shadow_fix1,BREW,IF,round_shadow,2024-07-17T00:30:00,USER_IF_WL_SD,4,4,3,0,0,0,0.99,ROUND,0,0,0,1e-06,NON_LAMBDA_MODE
r48u_20260914_BREW_IF_round_feedback_fix1,BREW,IF,round_feedback,2024-07-17T00:10:00,USER_IF_WL_SD,1,1,3,0,0,0,0.99,ROUND,0,0,0,1e-06,NON_LAMBDA_MODE
r48u_20260914_BREW_IF_round_feedback_fix1,BREW,IF,round_feedback,2024-07-17T00:10:30,USER_IF_WL_SD,1,1,3,0,0,0,0.99,ROUND,0,0,0,1e-06,NON_LAMBDA_MODE
r48u_20260914_BREW_IF_round_feedback_fix1,BREW,IF,round_feedback,2024-07-17T00:11:00,USER_IF_WL_SD,1,1,3,0,0,0,0.99,ROUND,0,0,0,1e-06,NON_LAMBDA_MODE
r48u_20260914_BREW_IF_round_feedback_fix1,BREW,IF,round_feedback,2024-07-17T00:11:30,USER_IF_WL_SD,2,2,3,0,0,0,0.99,ROUND,0,0,0,1e-06,NON_LAMBDA_MODE
r48u_20260914_BREW_IF_round_feedback_fix1,BREW,IF,round_feedback,2024-07-17T00:12:00,USER_IF_WL_SD,2,2,3,0,0,0,0.99,ROUND,0,0,0,1e-06,NON_LAMBDA_MODE
r48u_20260914_BREW_IF_round_feedback_fix1,BREW,IF,round_feedback,2024-07-17T00:12:30,USER_IF_WL_SD,2,2,3,0,0,0,0.99,ROUND,0,0,0,1e-06,NON_LAMBDA_MODE
r48u_20260914_BREW_IF_round_feedback_fix1,BREW,IF,round_feedback,2024-07-17T00:13:00,USER_IF_WL_SD,2,2,3,0,0,0,0.99,ROUND,0,0,0,1e-06,NON_LAMBDA_MODE
r48u_20260914_BREW_IF_round_feedback_fix1,BREW,IF,round_feedback,2024-07-17T00:13:30,USER_IF_WL_SD,2,2,3,0,0,0,0.99,ROUND,0,0,0,1e-06,NON_LAMBDA_MODE
r48u_20260914_BREW_IF_round_feedback_fix1,BREW,IF,round_feedback,2024-07-17T00:14:00,USER_IF_WL_SD,2,2,3,0,0,0,0.99,ROUND,0,0,0,1e-06,NON_LAMBDA_MODE
r48u_20260914_BREW_IF_round_feedback_fix1,BREW,IF,round_feedback,2024-07-17T00:14:30,USER_IF_WL_SD,2,2,3,0,0,0,0.99,ROUND,0,0,0,1e-06,NON_LAMBDA_MODE
r48u_20260914_BREW_IF_round_feedback_fix1,BREW,IF,round_feedback,2024-07-17T00:15:00,USER_IF_WL_SD,2,2,3,0,0,0,0.99,ROUND,0,0,0,1e-06,NON_LAMBDA_MODE
r48u_20260914_BREW_IF_round_feedback_fix1,BREW,IF,round_feedback,2024-07-17T00:15:30,USER_IF_WL_SD,2,2,3,0,0,0,0.99,ROUND,0,0,0,1e-06,NON_LAMBDA_MODE
r48u_20260914_BREW_IF_round_feedback_fix1,BREW,IF,round_feedback,2024-07-17T00:16:00,USER_IF_WL_SD,2,2,3,0,0,0,0.99,ROUND,0,0,0,1e-06,NON_LAMBDA_MODE
r48u_20260914_BREW_IF_round_feedback_fix1,BREW,IF,round_feedback,2024-07-17T00:16:30,USER_IF_WL_SD,2,2,3,0,0,0,0.99,ROUND,0,0,0,1e-06,NON_LAMBDA_MODE
r48u_20260914_BREW_IF_round_feedback_fix1,BREW,IF,round_feedback,2024-07-17T00:17:00,USER_IF_WL_SD,4,4,3,0,0,0,0.99,ROUND,0,0,0,1e-06,NON_LAMBDA_MODE
r48u_20260914_BREW_IF_round_feedback_fix1,BREW,IF,round_feedback,2024-07-17T00:17:30,USER_IF_WL_SD,4,4,3,0,0,0,0.99,ROUND,0,0,0,1e-06,NON_LAMBDA_MODE
r48u_20260914_BREW_IF_round_feedback_fix1,BREW,IF,round_feedback,2024-07-17T00:18:00,USER_IF_WL_SD,4,4,3,0,0,0,0.99,ROUND,0,0,0,1e-06,NON_LAMBDA_MODE
r48u_20260914_BREW_IF_round_feedback_fix1,BREW,IF,round_feedback,2024-07-17T00:18:30,USER_IF_WL_SD,4,4,3,0,0,0,0.99,ROUND,0,0,0,1e-06,NON_LAMBDA_MODE
r48u_20260914_BREW_IF_round_feedback_fix1,BREW,IF,round_feedback,2024-07-17T00:19:00,USER_IF_WL_SD,4,4,3,0,0,0,0.99,ROUND,0,0,0,1e-06,NON_LAMBDA_MODE
r48u_20260914_BREW_IF_round_feedback_fix1,BREW,IF,round_feedback,2024-07-17T00:19:30,USER_IF_WL_SD,4,4,3,0,0,0,0.99,ROUND,0,0,0,1e-06,NON_LAMBDA_MODE
r48u_20260914_BREW_IF_round_feedback_fix1,BREW,IF,round_feedback,2024-07-17T00:20:00,USER_IF_WL_SD,4,4,3,0,0,0,0.99,ROUND,0,0,0,1e-06,NON_LAMBDA_MODE
r48u_20260914_BREW_IF_round_feedback_fix1,BREW,IF,round_feedback,2024-07-17T00:20:30,USER_IF_WL_SD,5,5,3,0,0,0,0.99,ROUND,0,0,0,1e-06,NON_LAMBDA_MODE
r48u_20260914_BREW_IF_round_feedback_fix1,BREW,IF,round_feedback,2024-07-17T00:21:00,USER_IF_WL_SD,4,4,3,0,0,0,0.99,ROUND,0,0,0,1e-06,NON_LAMBDA_MODE
r48u_20260914_BREW_IF_round_feedback_fix1,BREW,IF,round_feedback,2024-07-17T00:21:30,USER_IF_WL_SD,4,4,3,0,0,0,0.99,ROUND,0,0,0,1e-06,NON_LAMBDA_MODE
r48u_20260914_BREW_IF_round_feedback_fix1,BREW,IF,round_feedback,2024-07-17T00:22:00,USER_IF_WL_SD,5,5,3,0,0,0,0.99,ROUND,0,0,0,1e-06,NON_LAMBDA_MODE
r48u_20260914_BREW_IF_round_feedback_fix1,BREW,IF,round_feedback,2024-07-17T00:22:30,USER_IF_WL_SD,5,5,3,0,0,0,0.99,ROUND,0,0,0,1e-06,NON_LAMBDA_MODE
r48u_20260914_BREW_IF_round_feedback_fix1,BREW,IF,round_feedback,2024-07-17T00:23:00,USER_IF_WL_SD,5,5,3,0,0,0,0.99,ROUND,0,0,0,1e-06,NON_LAMBDA_MODE
r48u_20260914_BREW_IF_round_feedback_fix1,BREW,IF,round_feedback,2024-07-17T00:23:30,USER_IF_WL_SD,4,4,3,0,0,0,0.99,ROUND,0,0,0,1e-06,NON_LAMBDA_MODE
r48u_20260914_BREW_IF_round_feedback_fix1,BREW,IF,round_feedback,2024-07-17T00:24:00,USER_IF_WL_SD,5,5,3,0,0,0,0.99,ROUND,0,0,0,1e-06,NON_LAMBDA_MODE
r48u_20260914_BREW_IF_round_feedback_fix1,BREW,IF,round_feedback,2024-07-17T00:24:30,USER_IF_WL_SD,5,5,3,0,0,0,0.99,ROUND,0,0,0,1e-06,NON_LAMBDA_MODE
r48u_20260914_BREW_IF_round_feedback_fix1,BREW,IF,round_feedback,2024-07-17T00:25:00,USER_IF_WL_SD,5,5,3,0,0,0,0.99,ROUND,0,0,0,1e-06,NON_LAMBDA_MODE
r48u_20260914_BREW_IF_round_feedback_fix1,BREW,IF,round_feedback,2024-07-17T00:25:30,USER_IF_WL_SD,2,2,3,0,0,0,0.99,ROUND,0,0,0,1e-06,NON_LAMBDA_MODE
r48u_20260914_BREW_IF_round_feedback_fix1,BREW,IF,round_feedback,2024-07-17T00:26:00,USER_IF_WL_SD,4,4,3,0,0,0,0.99,ROUND,0,0,0,1e-06,NON_LAMBDA_MODE
r48u_20260914_BREW_IF_round_feedback_fix1,BREW,IF,round_feedback,2024-07-17T00:26:30,USER_IF_WL_SD,4,4,3,0,0,0,0.99,ROUND,0,0,0,1e-06,NON_LAMBDA_MODE
r48u_20260914_BREW_IF_round_feedback_fix1,BREW,IF,round_feedback,2024-07-17T00:27:00,USER_IF_WL_SD,3,3,3,0,0,0,0.99,ROUND,0,0,0,1e-06,NON_LAMBDA_MODE
r48u_20260914_BREW_IF_round_feedback_fix1,BREW,IF,round_feedback,2024-07-17T00:27:30,USER_IF_WL_SD,3,3,3,0,0,0,0.99,ROUND,0,0,0,1e-06,NON_LAMBDA_MODE
r48u_20260914_BREW_IF_round_feedback_fix1,BREW,IF,round_feedback,2024-07-17T00:28:00,USER_IF_WL_SD,3,3,3,0,0,0,0.99,ROUND,0,0,0,1e-06,NON_LAMBDA_MODE
r48u_20260914_BREW_IF_round_feedback_fix1,BREW,IF,round_feedback,2024-07-17T00:28:30,USER_IF_WL_SD,4,4,3,0,0,0,0.99,ROUND,0,0,0,1e-06,NON_LAMBDA_MODE
r48u_20260914_BREW_IF_round_feedback_fix1,BREW,IF,round_feedback,2024-07-17T00:29:00,USER_IF_WL_SD,4,4,3,0,0,0,0.99,ROUND,0,0,0,1e-06,NON_LAMBDA_MODE
r48u_20260914_BREW_IF_round_feedback_fix1,BREW,IF,round_feedback,2024-07-17T00:29:30,USER_IF_WL_SD,4,4,3,0,0,0,0.99,ROUND,0,0,0,1e-06,NON_LAMBDA_MODE
r48u_20260914_BREW_IF_round_feedback_fix1,BREW,IF,round_feedback,2024-07-17T00:30:00,USER_IF_WL_SD,4,4,3,0,0,0,0.99,ROUND,0,0,0,1e-06,NON_LAMBDA_MODE
r48u_20260914_BREW_IF_ils_shadow_fix1,BREW,IF,ils_shadow,2024-07-17T00:10:00,USER_IF_WL_SD,1,1,1,0,0.598325,0.598325,0.999,LAMBDA_ALT,0,0,0,1e-06,BEST_1D_BOOTSTRAP_TOO_LOW
r48u_20260914_BREW_IF_ils_shadow_fix1,BREW,IF,ils_shadow,2024-07-17T00:10:30,USER_IF_WL_SD,1,1,1,0,0.243134,0.243134,0.999,LAMBDA_ALT,0,0,0,1e-06,BEST_1D_BOOTSTRAP_TOO_LOW
r48u_20260914_BREW_IF_ils_shadow_fix1,BREW,IF,ils_shadow,2024-07-17T00:11:00,USER_IF_WL_SD,1,1,1,0,0.763947,0.763947,0.999,LAMBDA_ALT,0,0,0,1e-06,BEST_1D_BOOTSTRAP_TOO_LOW
r48u_20260914_BREW_IF_ils_shadow_fix1,BREW,IF,ils_shadow,2024-07-17T00:11:30,USER_IF_WL_SD,2,2,1,0,0.567043,0.21973,0.999,LAMBDA_ALT,0,0,0,1e-06,BEST_1D_BOOTSTRAP_TOO_LOW
r48u_20260914_BREW_IF_ils_shadow_fix1,BREW,IF,ils_shadow,2024-07-17T00:12:00,USER_IF_WL_SD,2,2,1,0,0.733405,0.384678,0.999,LAMBDA_ALT,0,0,0,1e-06,BEST_1D_BOOTSTRAP_TOO_LOW
r48u_20260914_BREW_IF_ils_shadow_fix1,BREW,IF,ils_shadow,2024-07-17T00:12:30,USER_IF_WL_SD,2,2,1,0,0.827129,0.509525,0.999,LAMBDA_ALT,0,0,0,1e-06,BEST_1D_BOOTSTRAP_TOO_LOW
r48u_20260914_BREW_IF_ils_shadow_fix1,BREW,IF,ils_shadow,2024-07-17T00:13:00,USER_IF_WL_SD,2,2,1,0,0.885129,0.604849,0.999,LAMBDA_ALT,0,0,0,1e-06,BEST_1D_BOOTSTRAP_TOO_LOW
r48u_20260914_BREW_IF_ils_shadow_fix1,BREW,IF,ils_shadow,2024-07-17T00:13:30,USER_IF_WL_SD,2,2,1,0,0.922578,0.678301,0.999,LAMBDA_ALT,0,0,0,1e-06,BEST_1D_BOOTSTRAP_TOO_LOW
r48u_20260914_BREW_IF_ils_shadow_fix1,BREW,IF,ils_shadow,2024-07-17T00:14:00,USER_IF_WL_SD,2,2,1,0,0.947343,0.735441,0.999,LAMBDA_ALT,0,0,0,1e-06,BEST_1D_BOOTSTRAP_TOO_LOW
r48u_20260914_BREW_IF_ils_shadow_fix1,BREW,IF,ils_shadow,2024-07-17T00:14:30,USER_IF_WL_SD,2,2,1,0,0.963967,0.780325,0.999,LAMBDA_ALT,0,0,0,1e-06,BEST_1D_BOOTSTRAP_TOO_LOW
r48u_20260914_BREW_IF_ils_shadow_fix1,BREW,IF,ils_shadow,2024-07-17T00:15:00,USER_IF_WL_SD,2,2,1,0,0.975238,0.81593,0.999,LAMBDA_ALT,0,0,0,1e-06,BEST_1D_BOOTSTRAP_TOO_LOW
r48u_20260914_BREW_IF_ils_shadow_fix1,BREW,IF,ils_shadow,2024-07-17T00:15:30,USER_IF_WL_SD,2,2,1,0,0.982933,0.844451,0.999,LAMBDA_ALT,0,0,0,1e-06,BEST_1D_BOOTSTRAP_TOO_LOW
r48u_20260914_BREW_IF_ils_shadow_fix1,BREW,IF,ils_shadow,2024-07-17T00:16:00,USER_IF_WL_SD,2,2,1,0,0.988213,0.867517,0.999,LAMBDA_ALT,0,0,0,1e-06,BEST_1D_BOOTSTRAP_TOO_LOW
r48u_20260914_BREW_IF_ils_shadow_fix1,BREW,IF,ils_shadow,2024-07-17T00:16:30,USER_IF_WL_SD,2,2,1,0,0.991848,0.886345,0.999,LAMBDA_ALT,0,0,0,1e-06,BEST_1D_BOOTSTRAP_TOO_LOW
r48u_20260914_BREW_IF_ils_shadow_fix1,BREW,IF,ils_shadow,2024-07-17T00:17:00,USER_IF_WL_SD,4,4,1,0,0.994358,0.147307,0.999,LAMBDA_ALT,0,0,0,1e-06,BEST_1D_BOOTSTRAP_TOO_LOW
r48u_20260914_BREW_IF_ils_shadow_fix1,BREW,IF,ils_shadow,2024-07-17T00:17:30,USER_IF_WL_SD,4,4,1,0,0.996107,0.264319,0.999,LAMBDA_ALT,0,0,0,1e-06,BEST_1D_BOOTSTRAP_TOO_LOW
r48u_20260914_BREW_IF_ils_shadow_fix1,BREW,IF,ils_shadow,2024-07-17T00:18:00,USER_IF_WL_SD,4,4,1,0,0.997314,0.358507,0.999,LAMBDA_ALT,0,0,0,1e-06,BEST_1D_BOOTSTRAP_TOO_LOW
r48u_20260914_BREW_IF_ils_shadow_fix1,BREW,IF,ils_shadow,2024-07-17T00:18:30,USER_IF_WL_SD,4,4,1,0,0.998147,0.43551,0.999,LAMBDA_ALT,0,0,0,1e-06,BEST_1D_BOOTSTRAP_TOO_LOW
r48u_20260914_BREW_IF_ils_shadow_fix1,BREW,IF,ils_shadow,2024-07-17T00:19:00,USER_IF_WL_SD,4,4,1,0,0.998722,0.499353,0.999,LAMBDA_ALT,0,0,0,1e-06,BEST_1D_BOOTSTRAP_TOO_LOW
r48u_20260914_BREW_IF_ils_shadow_fix1,BREW,IF,ils_shadow,2024-07-17T00:19:30,USER_IF_WL_SD,4,4,1,1,0.999119,0.553121,0.999,LAMBDA_ALT,1,0,0,1e-06,ACCEPTED
r48u_20260914_BREW_IF_ils_shadow_fix1,BREW,IF,ils_shadow,2024-07-17T00:20:00,USER_IF_WL_SD,4,4,1,1,0.99939,0.598789,0.999,LAMBDA_ALT,1,0,0,1e-06,ACCEPTED
r48u_20260914_BREW_IF_ils_shadow_fix1,BREW,IF,ils_shadow,2024-07-17T00:20:30,USER_IF_WL_SD,5,5,1,1,0.99958,0.141161,0.999,LAMBDA_ALT,1,0,0,1e-06,ACCEPTED
r48u_20260914_BREW_IF_ils_shadow_fix1,BREW,IF,ils_shadow,2024-07-17T00:21:00,USER_IF_WL_SD,4,4,1,1,0.99971,0.672759,0.999,LAMBDA_ALT,1,0,0,1e-06,ACCEPTED
r48u_20260914_BREW_IF_ils_shadow_fix1,BREW,IF,ils_shadow,2024-07-17T00:21:30,USER_IF_WL_SD,4,4,1,1,0.9998,0.703108,0.999,LAMBDA_ALT,1,0,0,1e-06,ACCEPTED
r48u_20260914_BREW_IF_ils_shadow_fix1,BREW,IF,ils_shadow,2024-07-17T00:22:00,USER_IF_WL_SD,5,5,1,1,0.999863,0.224906,0.999,LAMBDA_ALT,1,0,0,1e-06,ACCEPTED
r48u_20260914_BREW_IF_ils_shadow_fix1,BREW,IF,ils_shadow,2024-07-17T00:22:30,USER_IF_WL_SD,5,5,1,1,0.999906,0.280577,0.999,LAMBDA_ALT,1,0,0,1e-06,ACCEPTED
r48u_20260914_BREW_IF_ils_shadow_fix1,BREW,IF,ils_shadow,2024-07-17T00:23:00,USER_IF_WL_SD,5,5,1,1,0.999935,0.32874,0.999,LAMBDA_ALT,1,0,0,1e-06,ACCEPTED
r48u_20260914_BREW_IF_ils_shadow_fix1,BREW,IF,ils_shadow,2024-07-17T00:23:30,USER_IF_WL_SD,4,4,1,1,0.999956,0.794687,0.999,LAMBDA_ALT,1,0,0,1e-06,ACCEPTED
r48u_20260914_BREW_IF_ils_shadow_fix1,BREW,IF,ils_shadow,2024-07-17T00:23:30,USER_IF_L1_SD_CONDITIONAL,1,1,1,0,0.183104,0.183104,0.999,LAMBDA_ALT,0,0,0,1e-06,BEST_1D_BOOTSTRAP_TOO_LOW
r48u_20260914_BREW_IF_ils_shadow_fix1,BREW,IF,ils_shadow,2024-07-17T00:24:00,USER_IF_WL_SD,5,5,1,1,0.99997,0.37967,0.999,LAMBDA_ALT,1,0,0,1e-06,ACCEPTED
r48u_20260914_BREW_IF_ils_shadow_fix1,BREW,IF,ils_shadow,2024-07-17T00:24:00,USER_IF_L1_SD_CONDITIONAL,1,1,1,0,0.18552,0.18552,0.999,LAMBDA_ALT,0,0,0,1e-06,BEST_1D_BOOTSTRAP_TOO_LOW
r48u_20260914_BREW_IF_ils_shadow_fix1,BREW,IF,ils_shadow,2024-07-17T00:24:30,USER_IF_WL_SD,5,5,1,2,0.999979,0.418345,0.999,LAMBDA_ALT,1,0,0,1e-06,ACCEPTED
r48u_20260914_BREW_IF_ils_shadow_fix1,BREW,IF,ils_shadow,2024-07-17T00:25:00,USER_IF_WL_SD,5,5,1,2,0.999986,0.453688,0.999,LAMBDA_ALT,1,0,0,1e-06,ACCEPTED
r48u_20260914_BREW_IF_ils_shadow_fix1,BREW,IF,ils_shadow,2024-07-17T00:25:30,USER_IF_WL_SD,2,2,1,1,0.99999,0.984773,0.999,LAMBDA_ALT,1,0,0,1e-06,ACCEPTED
r48u_20260914_BREW_IF_ils_shadow_fix1,BREW,IF,ils_shadow,2024-07-17T00:25:30,USER_IF_L1_SD_CONDITIONAL,1,1,1,0,0.192521,0.192521,0.999,LAMBDA_ALT,0,0,0,1e-06,BEST_1D_BOOTSTRAP_TOO_LOW
r48u_20260914_BREW_IF_ils_shadow_fix1,BREW,IF,ils_shadow,2024-07-17T00:26:00,USER_IF_WL_SD,4,4,1,2,0.999993,0.856354,0.999,LAMBDA_ALT,1,0,0,1e-06,ACCEPTED
r48u_20260914_BREW_IF_ils_shadow_fix1,BREW,IF,ils_shadow,2024-07-17T00:26:00,USER_IF_L1_SD_CONDITIONAL,1,1,1,0,0.19478,0.19478,0.999,LAMBDA_ALT,0,0,0,1e-06,BEST_1D_BOOTSTRAP_TOO_LOW
r48u_20260914_BREW_IF_ils_shadow_fix1,BREW,IF,ils_shadow,2024-07-17T00:26:30,USER_IF_WL_SD,4,4,1,2,0.999995,0.868123,0.999,LAMBDA_ALT,1,0,0,1e-06,ACCEPTED
r48u_20260914_BREW_IF_ils_shadow_fix1,BREW,IF,ils_shadow,2024-07-17T00:26:30,USER_IF_L1_SD_CONDITIONAL,1,1,1,0,0.197002,0.197002,0.999,LAMBDA_ALT,0,0,0,1e-06,BEST_1D_BOOTSTRAP_TOO_LOW
r48u_20260914_BREW_IF_ils_shadow_fix1,BREW,IF,ils_shadow,2024-07-17T00:27:00,USER_IF_WL_SD,3,3,1,1,0.999561,0.875957,0.999,LAMBDA_ALT,1,0,0,1e-06,ACCEPTED
r48u_20260914_BREW_IF_ils_shadow_fix1,BREW,IF,ils_shadow,2024-07-17T00:27:30,USER_IF_WL_SD,3,3,1,1,0.999673,0.885943,0.999,LAMBDA_ALT,1,0,0,1e-06,ACCEPTED
r48u_20260914_BREW_IF_ils_shadow_fix1,BREW,IF,ils_shadow,2024-07-17T00:28:00,USER_IF_WL_SD,3,3,1,1,0.999755,0.895076,0.999,LAMBDA_ALT,1,0,0,1e-06,ACCEPTED
r48u_20260914_BREW_IF_ils_shadow_fix1,BREW,IF,ils_shadow,2024-07-17T00:28:30,USER_IF_WL_SD,4,4,1,1,0.999761,0.59049,0.999,LAMBDA_ALT,1,0,0,1e-06,RATIO_REJECTED
r48u_20260914_BREW_IF_ils_shadow_fix1,BREW,IF,ils_shadow,2024-07-17T00:29:00,USER_IF_WL_SD,4,4,1,1,0.999821,0.74534,0.999,LAMBDA_ALT,1,0,0,1e-06,RATIO_REJECTED
r48u_20260914_BREW_IF_ils_shadow_fix1,BREW,IF,ils_shadow,2024-07-17T00:29:30,USER_IF_WL_SD,4,4,1,1,0.999865,0.824731,0.999,LAMBDA_ALT,1,0,0,1e-06,RATIO_REJECTED
r48u_20260914_BREW_IF_ils_shadow_fix1,BREW,IF,ils_shadow,2024-07-17T00:30:00,USER_IF_WL_SD,4,4,1,1,0.999898,0.870384,0.999,LAMBDA_ALT,1,0,0,1e-06,RATIO_REJECTED
r48u_20260914_BREW_IF_ils_feedback_fix1,BREW,IF,ils_feedback,2024-07-17T00:10:00,USER_IF_WL_SD,1,1,1,0,0.598325,0.598325,0.999,LAMBDA_ALT,0,0,0,1e-06,BEST_1D_BOOTSTRAP_TOO_LOW
r48u_20260914_BREW_IF_ils_feedback_fix1,BREW,IF,ils_feedback,2024-07-17T00:10:30,USER_IF_WL_SD,1,1,1,0,0.243134,0.243134,0.999,LAMBDA_ALT,0,0,0,1e-06,BEST_1D_BOOTSTRAP_TOO_LOW
r48u_20260914_BREW_IF_ils_feedback_fix1,BREW,IF,ils_feedback,2024-07-17T00:11:00,USER_IF_WL_SD,1,1,1,0,0.763947,0.763947,0.999,LAMBDA_ALT,0,0,0,1e-06,BEST_1D_BOOTSTRAP_TOO_LOW
r48u_20260914_BREW_IF_ils_feedback_fix1,BREW,IF,ils_feedback,2024-07-17T00:11:30,USER_IF_WL_SD,2,2,1,0,0.567043,0.21973,0.999,LAMBDA_ALT,0,0,0,1e-06,BEST_1D_BOOTSTRAP_TOO_LOW
r48u_20260914_BREW_IF_ils_feedback_fix1,BREW,IF,ils_feedback,2024-07-17T00:12:00,USER_IF_WL_SD,2,2,1,0,0.733405,0.384678,0.999,LAMBDA_ALT,0,0,0,1e-06,BEST_1D_BOOTSTRAP_TOO_LOW
r48u_20260914_BREW_IF_ils_feedback_fix1,BREW,IF,ils_feedback,2024-07-17T00:12:30,USER_IF_WL_SD,2,2,1,0,0.827129,0.509525,0.999,LAMBDA_ALT,0,0,0,1e-06,BEST_1D_BOOTSTRAP_TOO_LOW
r48u_20260914_BREW_IF_ils_feedback_fix1,BREW,IF,ils_feedback,2024-07-17T00:13:00,USER_IF_WL_SD,2,2,1,0,0.885129,0.604849,0.999,LAMBDA_ALT,0,0,0,1e-06,BEST_1D_BOOTSTRAP_TOO_LOW
r48u_20260914_BREW_IF_ils_feedback_fix1,BREW,IF,ils_feedback,2024-07-17T00:13:30,USER_IF_WL_SD,2,2,1,0,0.922578,0.678301,0.999,LAMBDA_ALT,0,0,0,1e-06,BEST_1D_BOOTSTRAP_TOO_LOW
r48u_20260914_BREW_IF_ils_feedback_fix1,BREW,IF,ils_feedback,2024-07-17T00:14:00,USER_IF_WL_SD,2,2,1,0,0.947343,0.735441,0.999,LAMBDA_ALT,0,0,0,1e-06,BEST_1D_BOOTSTRAP_TOO_LOW
r48u_20260914_BREW_IF_ils_feedback_fix1,BREW,IF,ils_feedback,2024-07-17T00:14:30,USER_IF_WL_SD,2,2,1,0,0.963967,0.780325,0.999,LAMBDA_ALT,0,0,0,1e-06,BEST_1D_BOOTSTRAP_TOO_LOW
r48u_20260914_BREW_IF_ils_feedback_fix1,BREW,IF,ils_feedback,2024-07-17T00:15:00,USER_IF_WL_SD,2,2,1,0,0.975238,0.81593,0.999,LAMBDA_ALT,0,0,0,1e-06,BEST_1D_BOOTSTRAP_TOO_LOW
r48u_20260914_BREW_IF_ils_feedback_fix1,BREW,IF,ils_feedback,2024-07-17T00:15:30,USER_IF_WL_SD,2,2,1,0,0.982933,0.844451,0.999,LAMBDA_ALT,0,0,0,1e-06,BEST_1D_BOOTSTRAP_TOO_LOW
r48u_20260914_BREW_IF_ils_feedback_fix1,BREW,IF,ils_feedback,2024-07-17T00:16:00,USER_IF_WL_SD,2,2,1,0,0.988213,0.867517,0.999,LAMBDA_ALT,0,0,0,1e-06,BEST_1D_BOOTSTRAP_TOO_LOW
r48u_20260914_BREW_IF_ils_feedback_fix1,BREW,IF,ils_feedback,2024-07-17T00:16:30,USER_IF_WL_SD,2,2,1,0,0.991848,0.886345,0.999,LAMBDA_ALT,0,0,0,1e-06,BEST_1D_BOOTSTRAP_TOO_LOW
r48u_20260914_BREW_IF_ils_feedback_fix1,BREW,IF,ils_feedback,2024-07-17T00:17:00,USER_IF_WL_SD,4,4,1,0,0.994358,0.147307,0.999,LAMBDA_ALT,0,0,0,1e-06,BEST_1D_BOOTSTRAP_TOO_LOW
r48u_20260914_BREW_IF_ils_feedback_fix1,BREW,IF,ils_feedback,2024-07-17T00:17:30,USER_IF_WL_SD,4,4,1,0,0.996107,0.264319,0.999,LAMBDA_ALT,0,0,0,1e-06,BEST_1D_BOOTSTRAP_TOO_LOW
r48u_20260914_BREW_IF_ils_feedback_fix1,BREW,IF,ils_feedback,2024-07-17T00:18:00,USER_IF_WL_SD,4,4,1,0,0.997314,0.358507,0.999,LAMBDA_ALT,0,0,0,1e-06,BEST_1D_BOOTSTRAP_TOO_LOW
r48u_20260914_BREW_IF_ils_feedback_fix1,BREW,IF,ils_feedback,2024-07-17T00:18:30,USER_IF_WL_SD,4,4,1,0,0.998147,0.43551,0.999,LAMBDA_ALT,0,0,0,1e-06,BEST_1D_BOOTSTRAP_TOO_LOW
r48u_20260914_BREW_IF_ils_feedback_fix1,BREW,IF,ils_feedback,2024-07-17T00:19:00,USER_IF_WL_SD,4,4,1,0,0.998722,0.499353,0.999,LAMBDA_ALT,0,0,0,1e-06,BEST_1D_BOOTSTRAP_TOO_LOW
r48u_20260914_BREW_IF_ils_feedback_fix1,BREW,IF,ils_feedback,2024-07-17T00:19:30,USER_IF_WL_SD,4,4,1,1,0.999119,0.553121,0.999,LAMBDA_ALT,1,0,0,1e-06,ACCEPTED
r48u_20260914_BREW_IF_ils_feedback_fix1,BREW,IF,ils_feedback,2024-07-17T00:20:00,USER_IF_WL_SD,4,4,1,1,0.99939,0.598789,0.999,LAMBDA_ALT,1,0,0,1e-06,ACCEPTED
r48u_20260914_BREW_IF_ils_feedback_fix1,BREW,IF,ils_feedback,2024-07-17T00:20:30,USER_IF_WL_SD,5,5,1,1,0.99958,0.141161,0.999,LAMBDA_ALT,1,0,0,1e-06,ACCEPTED
r48u_20260914_BREW_IF_ils_feedback_fix1,BREW,IF,ils_feedback,2024-07-17T00:21:00,USER_IF_WL_SD,4,4,1,1,0.99971,0.672759,0.999,LAMBDA_ALT,1,0,0,1e-06,ACCEPTED
r48u_20260914_BREW_IF_ils_feedback_fix1,BREW,IF,ils_feedback,2024-07-17T00:21:30,USER_IF_WL_SD,4,4,1,1,0.9998,0.703108,0.999,LAMBDA_ALT,1,0,0,1e-06,ACCEPTED
r48u_20260914_BREW_IF_ils_feedback_fix1,BREW,IF,ils_feedback,2024-07-17T00:22:00,USER_IF_WL_SD,5,5,1,1,0.999863,0.224906,0.999,LAMBDA_ALT,1,0,0,1e-06,ACCEPTED
r48u_20260914_BREW_IF_ils_feedback_fix1,BREW,IF,ils_feedback,2024-07-17T00:22:30,USER_IF_WL_SD,5,5,1,1,0.999906,0.280577,0.999,LAMBDA_ALT,1,0,0,1e-06,ACCEPTED
r48u_20260914_BREW_IF_ils_feedback_fix1,BREW,IF,ils_feedback,2024-07-17T00:23:00,USER_IF_WL_SD,5,5,1,1,0.999935,0.32874,0.999,LAMBDA_ALT,1,0,0,1e-06,ACCEPTED
r48u_20260914_BREW_IF_ils_feedback_fix1,BREW,IF,ils_feedback,2024-07-17T00:23:30,USER_IF_WL_SD,4,4,1,1,0.999956,0.794687,0.999,LAMBDA_ALT,1,0,0,1e-06,ACCEPTED
r48u_20260914_BREW_IF_ils_feedback_fix1,BREW,IF,ils_feedback,2024-07-17T00:23:30,USER_IF_L1_SD_CONDITIONAL,1,1,1,0,0.183104,0.183104,0.999,LAMBDA_ALT,0,0,0,1e-06,BEST_1D_BOOTSTRAP_TOO_LOW
r48u_20260914_BREW_IF_ils_feedback_fix1,BREW,IF,ils_feedback,2024-07-17T00:24:00,USER_IF_WL_SD,5,5,1,1,0.99997,0.37967,0.999,LAMBDA_ALT,1,0,0,1e-06,ACCEPTED
r48u_20260914_BREW_IF_ils_feedback_fix1,BREW,IF,ils_feedback,2024-07-17T00:24:00,USER_IF_L1_SD_CONDITIONAL,1,1,1,0,0.18552,0.18552,0.999,LAMBDA_ALT,0,0,0,1e-06,BEST_1D_BOOTSTRAP_TOO_LOW
r48u_20260914_BREW_IF_ils_feedback_fix1,BREW,IF,ils_feedback,2024-07-17T00:24:30,USER_IF_WL_SD,5,5,1,2,0.999979,0.418345,0.999,LAMBDA_ALT,1,0,0,1e-06,ACCEPTED
r48u_20260914_BREW_IF_ils_feedback_fix1,BREW,IF,ils_feedback,2024-07-17T00:25:00,USER_IF_WL_SD,5,5,1,2,0.999986,0.453688,0.999,LAMBDA_ALT,1,0,0,1e-06,ACCEPTED
r48u_20260914_BREW_IF_ils_feedback_fix1,BREW,IF,ils_feedback,2024-07-17T00:25:30,USER_IF_WL_SD,2,2,1,1,0.99999,0.984773,0.999,LAMBDA_ALT,1,0,0,1e-06,ACCEPTED
r48u_20260914_BREW_IF_ils_feedback_fix1,BREW,IF,ils_feedback,2024-07-17T00:25:30,USER_IF_L1_SD_CONDITIONAL,1,1,1,0,0.192521,0.192521,0.999,LAMBDA_ALT,0,0,0,1e-06,BEST_1D_BOOTSTRAP_TOO_LOW
r48u_20260914_BREW_IF_ils_feedback_fix1,BREW,IF,ils_feedback,2024-07-17T00:26:00,USER_IF_WL_SD,4,4,1,2,0.999993,0.856354,0.999,LAMBDA_ALT,1,0,0,1e-06,ACCEPTED
r48u_20260914_BREW_IF_ils_feedback_fix1,BREW,IF,ils_feedback,2024-07-17T00:26:00,USER_IF_L1_SD_CONDITIONAL,1,1,1,0,0.19478,0.19478,0.999,LAMBDA_ALT,0,0,0,1e-06,BEST_1D_BOOTSTRAP_TOO_LOW
r48u_20260914_BREW_IF_ils_feedback_fix1,BREW,IF,ils_feedback,2024-07-17T00:26:30,USER_IF_WL_SD,4,4,1,2,0.999995,0.868123,0.999,LAMBDA_ALT,1,0,0,1e-06,ACCEPTED
r48u_20260914_BREW_IF_ils_feedback_fix1,BREW,IF,ils_feedback,2024-07-17T00:26:30,USER_IF_L1_SD_CONDITIONAL,1,1,1,0,0.197002,0.197002,0.999,LAMBDA_ALT,0,0,0,1e-06,BEST_1D_BOOTSTRAP_TOO_LOW
r48u_20260914_BREW_IF_ils_feedback_fix1,BREW,IF,ils_feedback,2024-07-17T00:27:00,USER_IF_WL_SD,3,3,1,1,0.999561,0.875957,0.999,LAMBDA_ALT,1,0,0,1e-06,ACCEPTED
r48u_20260914_BREW_IF_ils_feedback_fix1,BREW,IF,ils_feedback,2024-07-17T00:27:30,USER_IF_WL_SD,3,3,1,1,0.999673,0.885943,0.999,LAMBDA_ALT,1,0,0,1e-06,ACCEPTED
r48u_20260914_BREW_IF_ils_feedback_fix1,BREW,IF,ils_feedback,2024-07-17T00:28:00,USER_IF_WL_SD,3,3,1,1,0.999755,0.895076,0.999,LAMBDA_ALT,1,0,0,1e-06,ACCEPTED
r48u_20260914_BREW_IF_ils_feedback_fix1,BREW,IF,ils_feedback,2024-07-17T00:28:30,USER_IF_WL_SD,4,4,1,1,0.999761,0.59049,0.999,LAMBDA_ALT,1,0,0,1e-06,RATIO_REJECTED
r48u_20260914_BREW_IF_ils_feedback_fix1,BREW,IF,ils_feedback,2024-07-17T00:29:00,USER_IF_WL_SD,4,4,1,1,0.999821,0.74534,0.999,LAMBDA_ALT,1,0,0,1e-06,RATIO_REJECTED
r48u_20260914_BREW_IF_ils_feedback_fix1,BREW,IF,ils_feedback,2024-07-17T00:29:30,USER_IF_WL_SD,4,4,1,1,0.999865,0.824731,0.999,LAMBDA_ALT,1,0,0,1e-06,RATIO_REJECTED
r48u_20260914_BREW_IF_ils_feedback_fix1,BREW,IF,ils_feedback,2024-07-17T00:30:00,USER_IF_WL_SD,4,4,1,1,0.999898,0.870384,0.999,LAMBDA_ALT,1,0,0,1e-06,RATIO_REJECTED
r48u_20260914_MARS_IF_round_shadow_fix1,MARS,IF,round_shadow,2024-07-17T00:10:30,USER_IF_WL_SD,5,5,3,0,0,0,0.99,ROUND,0,0,0,1e-06,NON_LAMBDA_MODE
r48u_20260914_MARS_IF_round_shadow_fix1,MARS,IF,round_shadow,2024-07-17T00:17:00,USER_IF_WL_SD,5,5,3,0,0,0,0.99,ROUND,0,0,0,1e-06,NON_LAMBDA_MODE
r48u_20260914_MARS_IF_round_shadow_fix1,MARS,IF,round_shadow,2024-07-17T00:17:30,USER_IF_WL_SD,5,5,3,0,0,0,0.99,ROUND,0,0,0,1e-06,NON_LAMBDA_MODE
r48u_20260914_MARS_IF_round_shadow_fix1,MARS,IF,round_shadow,2024-07-17T00:18:00,USER_IF_WL_SD,5,5,3,0,0,0,0.99,ROUND,0,0,0,1e-06,NON_LAMBDA_MODE
r48u_20260914_MARS_IF_round_shadow_fix1,MARS,IF,round_shadow,2024-07-17T00:18:30,USER_IF_WL_SD,5,5,3,0,0,0,0.99,ROUND,0,0,0,1e-06,NON_LAMBDA_MODE
r48u_20260914_MARS_IF_round_shadow_fix1,MARS,IF,round_shadow,2024-07-17T00:19:00,USER_IF_WL_SD,5,5,3,0,0,0,0.99,ROUND,0,0,0,1e-06,NON_LAMBDA_MODE
r48u_20260914_MARS_IF_round_shadow_fix1,MARS,IF,round_shadow,2024-07-17T00:19:30,USER_IF_WL_SD,5,5,3,0,0,0,0.99,ROUND,0,0,0,1e-06,NON_LAMBDA_MODE
r48u_20260914_MARS_IF_round_shadow_fix1,MARS,IF,round_shadow,2024-07-17T00:20:00,USER_IF_WL_SD,5,5,3,0,0,0,0.99,ROUND,0,0,0,1e-06,NON_LAMBDA_MODE
r48u_20260914_MARS_IF_round_shadow_fix1,MARS,IF,round_shadow,2024-07-17T00:20:30,USER_IF_WL_SD,6,6,3,0,0,0,0.99,ROUND,0,0,0,1e-06,NON_LAMBDA_MODE
r48u_20260914_MARS_IF_round_shadow_fix1,MARS,IF,round_shadow,2024-07-17T00:21:00,USER_IF_WL_SD,5,5,3,0,0,0,0.99,ROUND,0,0,0,1e-06,NON_LAMBDA_MODE
r48u_20260914_MARS_IF_round_shadow_fix1,MARS,IF,round_shadow,2024-07-17T00:21:30,USER_IF_WL_SD,6,6,3,0,0,0,0.99,ROUND,0,0,0,1e-06,NON_LAMBDA_MODE
r48u_20260914_MARS_IF_round_shadow_fix1,MARS,IF,round_shadow,2024-07-17T00:22:00,USER_IF_WL_SD,6,6,3,0,0,0,0.99,ROUND,0,0,0,1e-06,NON_LAMBDA_MODE
r48u_20260914_MARS_IF_round_shadow_fix1,MARS,IF,round_shadow,2024-07-17T00:22:00,USER_IF_L1_SD_CONDITIONAL,2,2,3,0,0,0,0.99,ROUND,0,0,0,1e-06,NON_LAMBDA_MODE
r48u_20260914_MARS_IF_round_shadow_fix1,MARS,IF,round_shadow,2024-07-17T00:22:30,USER_IF_WL_SD,6,6,3,0,0,0,0.99,ROUND,0,0,0,1e-06,NON_LAMBDA_MODE
r48u_20260914_MARS_IF_round_shadow_fix1,MARS,IF,round_shadow,2024-07-17T00:22:30,USER_IF_L1_SD_CONDITIONAL,2,2,3,0,0,0,0.99,ROUND,0,0,0,1e-06,NON_LAMBDA_MODE
r48u_20260914_MARS_IF_round_shadow_fix1,MARS,IF,round_shadow,2024-07-17T00:23:00,USER_IF_WL_SD,6,6,3,0,0,0,0.99,ROUND,0,0,0,1e-06,NON_LAMBDA_MODE
r48u_20260914_MARS_IF_round_shadow_fix1,MARS,IF,round_shadow,2024-07-17T00:23:00,USER_IF_L1_SD_CONDITIONAL,2,2,3,0,0,0,0.99,ROUND,0,0,0,1e-06,NON_LAMBDA_MODE
r48u_20260914_MARS_IF_round_shadow_fix1,MARS,IF,round_shadow,2024-07-17T00:23:30,USER_IF_WL_SD,5,5,3,0,0,0,0.99,ROUND,0,0,0,1e-06,NON_LAMBDA_MODE
r48u_20260914_MARS_IF_round_shadow_fix1,MARS,IF,round_shadow,2024-07-17T00:23:30,USER_IF_L1_SD_CONDITIONAL,3,3,3,0,0,0,0.99,ROUND,0,0,0,1e-06,NON_LAMBDA_MODE
r48u_20260914_MARS_IF_round_shadow_fix1,MARS,IF,round_shadow,2024-07-17T00:24:00,USER_IF_WL_SD,5,5,3,0,0,0,0.99,ROUND,0,0,0,1e-06,NON_LAMBDA_MODE
r48u_20260914_MARS_IF_round_shadow_fix1,MARS,IF,round_shadow,2024-07-17T00:24:00,USER_IF_L1_SD_CONDITIONAL,3,3,3,0,0,0,0.99,ROUND,0,0,0,1e-06,NON_LAMBDA_MODE
r48u_20260914_MARS_IF_round_shadow_fix1,MARS,IF,round_shadow,2024-07-17T00:24:30,USER_IF_WL_SD,5,5,3,0,0,0,0.99,ROUND,0,0,0,1e-06,NON_LAMBDA_MODE
r48u_20260914_MARS_IF_round_shadow_fix1,MARS,IF,round_shadow,2024-07-17T00:24:30,USER_IF_L1_SD_CONDITIONAL,3,3,3,0,0,0,0.99,ROUND,0,0,0,1e-06,NON_LAMBDA_MODE
r48u_20260914_MARS_IF_round_shadow_fix1,MARS,IF,round_shadow,2024-07-17T00:25:00,USER_IF_WL_SD,5,5,3,0,0,0,0.99,ROUND,0,0,0,1e-06,NON_LAMBDA_MODE
r48u_20260914_MARS_IF_round_shadow_fix1,MARS,IF,round_shadow,2024-07-17T00:25:00,USER_IF_L1_SD_CONDITIONAL,3,3,3,0,0,0,0.99,ROUND,0,0,0,1e-06,NON_LAMBDA_MODE
r48u_20260914_MARS_IF_round_shadow_fix1,MARS,IF,round_shadow,2024-07-17T00:26:00,USER_IF_WL_SD,5,5,3,0,0,0,0.99,ROUND,0,0,0,1e-06,NON_LAMBDA_MODE
r48u_20260914_MARS_IF_round_shadow_fix1,MARS,IF,round_shadow,2024-07-17T00:26:00,USER_IF_L1_SD_CONDITIONAL,3,3,3,0,0,0,0.99,ROUND,0,0,0,1e-06,NON_LAMBDA_MODE
r48u_20260914_MARS_IF_round_shadow_fix1,MARS,IF,round_shadow,2024-07-17T00:26:30,USER_IF_WL_SD,5,5,3,0,0,0,0.99,ROUND,0,0,0,1e-06,NON_LAMBDA_MODE
r48u_20260914_MARS_IF_round_shadow_fix1,MARS,IF,round_shadow,2024-07-17T00:26:30,USER_IF_L1_SD_CONDITIONAL,3,3,3,0,0,0,0.99,ROUND,0,0,0,1e-06,NON_LAMBDA_MODE
r48u_20260914_MARS_IF_round_shadow_fix1,MARS,IF,round_shadow,2024-07-17T00:27:00,USER_IF_WL_SD,6,6,3,0,0,0,0.99,ROUND,0,0,0,1e-06,NON_LAMBDA_MODE
r48u_20260914_MARS_IF_round_shadow_fix1,MARS,IF,round_shadow,2024-07-17T00:27:00,USER_IF_L1_SD_CONDITIONAL,3,3,3,0,0,0,0.99,ROUND,0,0,0,1e-06,NON_LAMBDA_MODE
r48u_20260914_MARS_IF_round_shadow_fix1,MARS,IF,round_shadow,2024-07-17T00:27:30,USER_IF_WL_SD,6,6,3,0,0,0,0.99,ROUND,0,0,0,1e-06,NON_LAMBDA_MODE
r48u_20260914_MARS_IF_round_shadow_fix1,MARS,IF,round_shadow,2024-07-17T00:27:30,USER_IF_L1_SD_CONDITIONAL,3,3,3,0,0,0,0.99,ROUND,0,0,0,1e-06,NON_LAMBDA_MODE
r48u_20260914_MARS_IF_round_shadow_fix1,MARS,IF,round_shadow,2024-07-17T00:28:00,USER_IF_WL_SD,6,6,3,0,0,0,0.99,ROUND,0,0,0,1e-06,NON_LAMBDA_MODE
r48u_20260914_MARS_IF_round_shadow_fix1,MARS,IF,round_shadow,2024-07-17T00:28:00,USER_IF_L1_SD_CONDITIONAL,3,3,3,0,0,0,0.99,ROUND,0,0,0,1e-06,NON_LAMBDA_MODE
r48u_20260914_MARS_IF_round_shadow_fix1,MARS,IF,round_shadow,2024-07-17T00:28:30,USER_IF_WL_SD,6,6,3,0,0,0,0.99,ROUND,0,0,0,1e-06,NON_LAMBDA_MODE
r48u_20260914_MARS_IF_round_shadow_fix1,MARS,IF,round_shadow,2024-07-17T00:28:30,USER_IF_L1_SD_CONDITIONAL,3,3,3,0,0,0,0.99,ROUND,0,0,0,1e-06,NON_LAMBDA_MODE
r48u_20260914_MARS_IF_round_shadow_fix1,MARS,IF,round_shadow,2024-07-17T00:29:00,USER_IF_WL_SD,6,6,3,0,0,0,0.99,ROUND,0,0,0,1e-06,NON_LAMBDA_MODE
r48u_20260914_MARS_IF_round_shadow_fix1,MARS,IF,round_shadow,2024-07-17T00:29:00,USER_IF_L1_SD_CONDITIONAL,3,3,3,0,0,0,0.99,ROUND,0,0,0,1e-06,NON_LAMBDA_MODE
r48u_20260914_MARS_IF_round_shadow_fix1,MARS,IF,round_shadow,2024-07-17T00:29:30,USER_IF_WL_SD,7,7,3,0,0,0,0.99,ROUND,0,0,0,1e-06,NON_LAMBDA_MODE
r48u_20260914_MARS_IF_round_shadow_fix1,MARS,IF,round_shadow,2024-07-17T00:29:30,USER_IF_L1_SD_CONDITIONAL,3,3,3,0,0,0,0.99,ROUND,0,0,0,1e-06,NON_LAMBDA_MODE
r48u_20260914_MARS_IF_round_shadow_fix1,MARS,IF,round_shadow,2024-07-17T00:30:00,USER_IF_WL_SD,7,7,3,0,0,0,0.99,ROUND,0,0,0,1e-06,NON_LAMBDA_MODE
r48u_20260914_MARS_IF_round_shadow_fix1,MARS,IF,round_shadow,2024-07-17T00:30:00,USER_IF_L1_SD_CONDITIONAL,3,3,3,0,0,0,0.99,ROUND,0,0,0,1e-06,NON_LAMBDA_MODE
r48u_20260914_MARS_IF_round_feedback_fix1,MARS,IF,round_feedback,2024-07-17T00:10:30,USER_IF_WL_SD,5,5,3,0,0,0,0.99,ROUND,0,0,0,1e-06,NON_LAMBDA_MODE
r48u_20260914_MARS_IF_round_feedback_fix1,MARS,IF,round_feedback,2024-07-17T00:17:00,USER_IF_WL_SD,5,5,3,0,0,0,0.99,ROUND,0,0,0,1e-06,NON_LAMBDA_MODE
r48u_20260914_MARS_IF_round_feedback_fix1,MARS,IF,round_feedback,2024-07-17T00:17:30,USER_IF_WL_SD,5,5,3,0,0,0,0.99,ROUND,0,0,0,1e-06,NON_LAMBDA_MODE
r48u_20260914_MARS_IF_round_feedback_fix1,MARS,IF,round_feedback,2024-07-17T00:18:00,USER_IF_WL_SD,5,5,3,0,0,0,0.99,ROUND,0,0,0,1e-06,NON_LAMBDA_MODE
r48u_20260914_MARS_IF_round_feedback_fix1,MARS,IF,round_feedback,2024-07-17T00:18:30,USER_IF_WL_SD,5,5,3,0,0,0,0.99,ROUND,0,0,0,1e-06,NON_LAMBDA_MODE
r48u_20260914_MARS_IF_round_feedback_fix1,MARS,IF,round_feedback,2024-07-17T00:19:00,USER_IF_WL_SD,5,5,3,0,0,0,0.99,ROUND,0,0,0,1e-06,NON_LAMBDA_MODE
r48u_20260914_MARS_IF_round_feedback_fix1,MARS,IF,round_feedback,2024-07-17T00:19:30,USER_IF_WL_SD,5,5,3,0,0,0,0.99,ROUND,0,0,0,1e-06,NON_LAMBDA_MODE
r48u_20260914_MARS_IF_round_feedback_fix1,MARS,IF,round_feedback,2024-07-17T00:20:00,USER_IF_WL_SD,5,5,3,0,0,0,0.99,ROUND,0,0,0,1e-06,NON_LAMBDA_MODE
r48u_20260914_MARS_IF_round_feedback_fix1,MARS,IF,round_feedback,2024-07-17T00:20:30,USER_IF_WL_SD,6,6,3,0,0,0,0.99,ROUND,0,0,0,1e-06,NON_LAMBDA_MODE
r48u_20260914_MARS_IF_round_feedback_fix1,MARS,IF,round_feedback,2024-07-17T00:21:00,USER_IF_WL_SD,5,5,3,0,0,0,0.99,ROUND,0,0,0,1e-06,NON_LAMBDA_MODE
r48u_20260914_MARS_IF_round_feedback_fix1,MARS,IF,round_feedback,2024-07-17T00:21:30,USER_IF_WL_SD,6,6,3,0,0,0,0.99,ROUND,0,0,0,1e-06,NON_LAMBDA_MODE
r48u_20260914_MARS_IF_round_feedback_fix1,MARS,IF,round_feedback,2024-07-17T00:22:00,USER_IF_WL_SD,6,6,3,0,0,0,0.99,ROUND,0,0,0,1e-06,NON_LAMBDA_MODE
r48u_20260914_MARS_IF_round_feedback_fix1,MARS,IF,round_feedback,2024-07-17T00:22:00,USER_IF_L1_SD_CONDITIONAL,2,2,3,0,0,0,0.99,ROUND,0,0,0,1e-06,NON_LAMBDA_MODE
r48u_20260914_MARS_IF_round_feedback_fix1,MARS,IF,round_feedback,2024-07-17T00:22:30,USER_IF_WL_SD,6,6,3,0,0,0,0.99,ROUND,0,0,0,1e-06,NON_LAMBDA_MODE
r48u_20260914_MARS_IF_round_feedback_fix1,MARS,IF,round_feedback,2024-07-17T00:22:30,USER_IF_L1_SD_CONDITIONAL,2,2,3,0,0,0,0.99,ROUND,0,0,0,1e-06,NON_LAMBDA_MODE
r48u_20260914_MARS_IF_round_feedback_fix1,MARS,IF,round_feedback,2024-07-17T00:23:00,USER_IF_WL_SD,6,6,3,0,0,0,0.99,ROUND,0,0,0,1e-06,NON_LAMBDA_MODE
r48u_20260914_MARS_IF_round_feedback_fix1,MARS,IF,round_feedback,2024-07-17T00:23:00,USER_IF_L1_SD_CONDITIONAL,2,2,3,0,0,0,0.99,ROUND,0,0,0,1e-06,NON_LAMBDA_MODE
r48u_20260914_MARS_IF_round_feedback_fix1,MARS,IF,round_feedback,2024-07-17T00:23:30,USER_IF_WL_SD,5,5,3,0,0,0,0.99,ROUND,0,0,0,1e-06,NON_LAMBDA_MODE
r48u_20260914_MARS_IF_round_feedback_fix1,MARS,IF,round_feedback,2024-07-17T00:23:30,USER_IF_L1_SD_CONDITIONAL,3,3,3,0,0,0,0.99,ROUND,0,0,0,1e-06,NON_LAMBDA_MODE
r48u_20260914_MARS_IF_round_feedback_fix1,MARS,IF,round_feedback,2024-07-17T00:24:00,USER_IF_WL_SD,5,5,3,0,0,0,0.99,ROUND,0,0,0,1e-06,NON_LAMBDA_MODE
r48u_20260914_MARS_IF_round_feedback_fix1,MARS,IF,round_feedback,2024-07-17T00:24:00,USER_IF_L1_SD_CONDITIONAL,3,3,3,0,0,0,0.99,ROUND,0,0,0,1e-06,NON_LAMBDA_MODE
r48u_20260914_MARS_IF_round_feedback_fix1,MARS,IF,round_feedback,2024-07-17T00:24:30,USER_IF_WL_SD,5,5,3,0,0,0,0.99,ROUND,0,0,0,1e-06,NON_LAMBDA_MODE
r48u_20260914_MARS_IF_round_feedback_fix1,MARS,IF,round_feedback,2024-07-17T00:24:30,USER_IF_L1_SD_CONDITIONAL,3,3,3,0,0,0,0.99,ROUND,0,0,0,1e-06,NON_LAMBDA_MODE
r48u_20260914_MARS_IF_round_feedback_fix1,MARS,IF,round_feedback,2024-07-17T00:25:00,USER_IF_WL_SD,5,5,3,0,0,0,0.99,ROUND,0,0,0,1e-06,NON_LAMBDA_MODE
r48u_20260914_MARS_IF_round_feedback_fix1,MARS,IF,round_feedback,2024-07-17T00:25:00,USER_IF_L1_SD_CONDITIONAL,3,3,3,0,0,0,0.99,ROUND,0,0,0,1e-06,NON_LAMBDA_MODE
r48u_20260914_MARS_IF_round_feedback_fix1,MARS,IF,round_feedback,2024-07-17T00:26:00,USER_IF_WL_SD,5,5,3,0,0,0,0.99,ROUND,0,0,0,1e-06,NON_LAMBDA_MODE
r48u_20260914_MARS_IF_round_feedback_fix1,MARS,IF,round_feedback,2024-07-17T00:26:00,USER_IF_L1_SD_CONDITIONAL,3,3,3,0,0,0,0.99,ROUND,0,0,0,1e-06,NON_LAMBDA_MODE
r48u_20260914_MARS_IF_round_feedback_fix1,MARS,IF,round_feedback,2024-07-17T00:26:30,USER_IF_WL_SD,5,5,3,0,0,0,0.99,ROUND,0,0,0,1e-06,NON_LAMBDA_MODE
r48u_20260914_MARS_IF_round_feedback_fix1,MARS,IF,round_feedback,2024-07-17T00:26:30,USER_IF_L1_SD_CONDITIONAL,3,3,3,0,0,0,0.99,ROUND,0,0,0,1e-06,NON_LAMBDA_MODE
r48u_20260914_MARS_IF_round_feedback_fix1,MARS,IF,round_feedback,2024-07-17T00:27:00,USER_IF_WL_SD,6,6,3,0,0,0,0.99,ROUND,0,0,0,1e-06,NON_LAMBDA_MODE
r48u_20260914_MARS_IF_round_feedback_fix1,MARS,IF,round_feedback,2024-07-17T00:27:00,USER_IF_L1_SD_CONDITIONAL,3,3,3,0,0,0,0.99,ROUND,0,0,0,1e-06,NON_LAMBDA_MODE
r48u_20260914_MARS_IF_round_feedback_fix1,MARS,IF,round_feedback,2024-07-17T00:27:30,USER_IF_WL_SD,6,6,3,0,0,0,0.99,ROUND,0,0,0,1e-06,NON_LAMBDA_MODE
r48u_20260914_MARS_IF_round_feedback_fix1,MARS,IF,round_feedback,2024-07-17T00:27:30,USER_IF_L1_SD_CONDITIONAL,3,3,3,0,0,0,0.99,ROUND,0,0,0,1e-06,NON_LAMBDA_MODE
r48u_20260914_MARS_IF_round_feedback_fix1,MARS,IF,round_feedback,2024-07-17T00:28:00,USER_IF_WL_SD,6,6,3,0,0,0,0.99,ROUND,0,0,0,1e-06,NON_LAMBDA_MODE
r48u_20260914_MARS_IF_round_feedback_fix1,MARS,IF,round_feedback,2024-07-17T00:28:00,USER_IF_L1_SD_CONDITIONAL,3,3,3,0,0,0,0.99,ROUND,0,0,0,1e-06,NON_LAMBDA_MODE
r48u_20260914_MARS_IF_round_feedback_fix1,MARS,IF,round_feedback,2024-07-17T00:28:30,USER_IF_WL_SD,6,6,3,0,0,0,0.99,ROUND,0,0,0,1e-06,NON_LAMBDA_MODE
r48u_20260914_MARS_IF_round_feedback_fix1,MARS,IF,round_feedback,2024-07-17T00:28:30,USER_IF_L1_SD_CONDITIONAL,3,3,3,0,0,0,0.99,ROUND,0,0,0,1e-06,NON_LAMBDA_MODE
r48u_20260914_MARS_IF_round_feedback_fix1,MARS,IF,round_feedback,2024-07-17T00:29:00,USER_IF_WL_SD,6,6,3,0,0,0,0.99,ROUND,0,0,0,1e-06,NON_LAMBDA_MODE
r48u_20260914_MARS_IF_round_feedback_fix1,MARS,IF,round_feedback,2024-07-17T00:29:00,USER_IF_L1_SD_CONDITIONAL,3,3,3,0,0,0,0.99,ROUND,0,0,0,1e-06,NON_LAMBDA_MODE
r48u_20260914_MARS_IF_round_feedback_fix1,MARS,IF,round_feedback,2024-07-17T00:29:30,USER_IF_WL_SD,7,7,3,0,0,0,0.99,ROUND,0,0,0,1e-06,NON_LAMBDA_MODE
r48u_20260914_MARS_IF_round_feedback_fix1,MARS,IF,round_feedback,2024-07-17T00:29:30,USER_IF_L1_SD_CONDITIONAL,3,3,3,0,0,0,0.99,ROUND,0,0,0,1e-06,NON_LAMBDA_MODE
r48u_20260914_MARS_IF_round_feedback_fix1,MARS,IF,round_feedback,2024-07-17T00:30:00,USER_IF_WL_SD,7,7,3,0,0,0,0.99,ROUND,0,0,0,1e-06,NON_LAMBDA_MODE
r48u_20260914_MARS_IF_round_feedback_fix1,MARS,IF,round_feedback,2024-07-17T00:30:00,USER_IF_L1_SD_CONDITIONAL,3,3,3,0,0,0,0.99,ROUND,0,0,0,1e-06,NON_LAMBDA_MODE
r48u_20260914_MARS_IF_ils_shadow_fix1,MARS,IF,ils_shadow,2024-07-17T00:10:30,USER_IF_WL_SD,5,5,1,0,0.665103,0.0319746,0.999,LAMBDA_ALT,0,0,0,1e-06,BEST_1D_BOOTSTRAP_TOO_LOW
r48u_20260914_MARS_IF_ils_shadow_fix1,MARS,IF,ils_shadow,2024-07-17T00:17:00,USER_IF_WL_SD,5,5,1,0,0.665301,0.0343332,0.999,LAMBDA_ALT,0,0,0,1e-06,BEST_1D_BOOTSTRAP_TOO_LOW
r48u_20260914_MARS_IF_ils_shadow_fix1,MARS,IF,ils_shadow,2024-07-17T00:17:30,USER_IF_WL_SD,5,5,1,0,0.827216,0.125513,0.999,LAMBDA_ALT,0,0,0,1e-06,BEST_1D_BOOTSTRAP_TOO_LOW
r48u_20260914_MARS_IF_ils_shadow_fix1,MARS,IF,ils_shadow,2024-07-17T00:18:00,USER_IF_WL_SD,5,5,1,0,0.904817,0.234026,0.999,LAMBDA_ALT,0,0,0,1e-06,BEST_1D_BOOTSTRAP_TOO_LOW
r48u_20260914_MARS_IF_ils_shadow_fix1,MARS,IF,ils_shadow,2024-07-17T00:18:30,USER_IF_WL_SD,5,5,1,0,0.945834,0.337912,0.999,LAMBDA_ALT,0,0,0,1e-06,BEST_1D_BOOTSTRAP_TOO_LOW
r48u_20260914_MARS_IF_ils_shadow_fix1,MARS,IF,ils_shadow,2024-07-17T00:19:00,USER_IF_WL_SD,5,5,1,0,0.968544,0.429455,0.999,LAMBDA_ALT,0,0,0,1e-06,BEST_1D_BOOTSTRAP_TOO_LOW
r48u_20260914_MARS_IF_ils_shadow_fix1,MARS,IF,ils_shadow,2024-07-17T00:19:30,USER_IF_WL_SD,5,5,1,0,0.98147,0.50741,0.999,LAMBDA_ALT,0,0,0,1e-06,BEST_1D_BOOTSTRAP_TOO_LOW
r48u_20260914_MARS_IF_ils_shadow_fix1,MARS,IF,ils_shadow,2024-07-17T00:20:00,USER_IF_WL_SD,5,5,1,0,0.988861,0.572441,0.999,LAMBDA_ALT,0,0,0,1e-06,BEST_1D_BOOTSTRAP_TOO_LOW
r48u_20260914_MARS_IF_ils_shadow_fix1,MARS,IF,ils_shadow,2024-07-17T00:20:30,USER_IF_WL_SD,6,6,1,0,0.993311,0.159921,0.999,LAMBDA_ALT,0,0,0,1e-06,BEST_1D_BOOTSTRAP_TOO_LOW
r48u_20260914_MARS_IF_ils_shadow_fix1,MARS,IF,ils_shadow,2024-07-17T00:21:00,USER_IF_WL_SD,5,5,1,0,0.99592,0.674658,0.999,LAMBDA_ALT,0,0,0,1e-06,BEST_1D_BOOTSTRAP_TOO_LOW
r48u_20260914_MARS_IF_ils_shadow_fix1,MARS,IF,ils_shadow,2024-07-17T00:21:30,USER_IF_WL_SD,6,6,1,0,0.997518,0.255662,0.999,LAMBDA_ALT,0,0,0,1e-06,BEST_1D_BOOTSTRAP_TOO_LOW
r48u_20260914_MARS_IF_ils_shadow_fix1,MARS,IF,ils_shadow,2024-07-17T00:22:00,USER_IF_WL_SD,6,6,1,0,0.998482,0.32469,0.999,LAMBDA_ALT,0,0,0,1e-06,BEST_1D_BOOTSTRAP_TOO_LOW
r48u_20260914_MARS_IF_ils_shadow_fix1,MARS,IF,ils_shadow,2024-07-17T00:22:30,USER_IF_WL_SD,6,6,1,1,0.999067,0.385178,0.999,LAMBDA_ALT,1,0,0,1e-06,ACCEPTED
r48u_20260914_MARS_IF_ils_shadow_fix1,MARS,IF,ils_shadow,2024-07-17T00:22:30,USER_IF_L1_SD_CONDITIONAL,1,1,1,0,0.240592,0.240592,0.999,LAMBDA_ALT,0,0,0,1e-06,BEST_1D_BOOTSTRAP_TOO_LOW
r48u_20260914_MARS_IF_ils_shadow_fix1,MARS,IF,ils_shadow,2024-07-17T00:23:00,USER_IF_WL_SD,6,6,1,2,0.999424,0.439396,0.999,LAMBDA_ALT,1,0,0,1e-06,ACCEPTED
r48u_20260914_MARS_IF_ils_shadow_fix1,MARS,IF,ils_shadow,2024-07-17T00:23:00,USER_IF_L1_SD_CONDITIONAL,2,2,1,0,0.245154,0.0391813,0.999,LAMBDA_ALT,0,0,0,1e-06,BEST_1D_BOOTSTRAP_TOO_LOW
r48u_20260914_MARS_IF_ils_shadow_fix1,MARS,IF,ils_shadow,2024-07-17T00:23:30,USER_IF_WL_SD,5,5,1,2,0.999641,0.82678,0.999,LAMBDA_ALT,1,0,0,1e-06,ACCEPTED
r48u_20260914_MARS_IF_ils_shadow_fix1,MARS,IF,ils_shadow,2024-07-17T00:23:30,USER_IF_L1_SD_CONDITIONAL,2,2,1,0,0.248641,0.0399681,0.999,LAMBDA_ALT,0,0,0,1e-06,BEST_1D_BOOTSTRAP_TOO_LOW
r48u_20260914_MARS_IF_ils_shadow_fix1,MARS,IF,ils_shadow,2024-07-17T00:24:00,USER_IF_WL_SD,5,5,1,2,0.999775,0.846215,0.999,LAMBDA_ALT,1,0,0,1e-06,ACCEPTED
r48u_20260914_MARS_IF_ils_shadow_fix1,MARS,IF,ils_shadow,2024-07-17T00:24:00,USER_IF_L1_SD_CONDITIONAL,2,2,1,0,0.252843,0.0410427,0.999,LAMBDA_ALT,0,0,0,1e-06,BEST_1D_BOOTSTRAP_TOO_LOW
r48u_20260914_MARS_IF_ils_shadow_fix1,MARS,IF,ils_shadow,2024-07-17T00:24:30,USER_IF_WL_SD,5,5,1,3,0.999859,0.863264,0.999,LAMBDA_ALT,1,0,0,1e-06,ACCEPTED
r48u_20260914_MARS_IF_ils_shadow_fix1,MARS,IF,ils_shadow,2024-07-17T00:24:30,USER_IF_L1_SD_CONDITIONAL,3,3,1,0,0.257087,0.00729825,0.999,LAMBDA_ALT,0,0,0,1e-06,BEST_1D_BOOTSTRAP_TOO_LOW
r48u_20260914_MARS_IF_ils_shadow_fix1,MARS,IF,ils_shadow,2024-07-17T00:25:00,USER_IF_WL_SD,5,5,1,3,0.999911,0.878262,0.999,LAMBDA_ALT,1,0,0,1e-06,ACCEPTED
r48u_20260914_MARS_IF_ils_shadow_fix1,MARS,IF,ils_shadow,2024-07-17T00:25:00,USER_IF_L1_SD_CONDITIONAL,3,3,1,0,0.260711,0.00749673,0.999,LAMBDA_ALT,0,0,0,1e-06,BEST_1D_BOOTSTRAP_TOO_LOW
r48u_20260914_MARS_IF_ils_shadow_fix1,MARS,IF,ils_shadow,2024-07-17T00:26:00,USER_IF_WL_SD,5,5,1,3,0.999944,0.891513,0.999,LAMBDA_ALT,1,0,0,1e-06,ACCEPTED
r48u_20260914_MARS_IF_ils_shadow_fix1,MARS,IF,ils_shadow,2024-07-17T00:26:00,USER_IF_L1_SD_CONDITIONAL,3,3,1,0,0.268509,0.00794936,0.999,LAMBDA_ALT,0,0,0,1e-06,BEST_1D_BOOTSTRAP_TOO_LOW
r48u_20260914_MARS_IF_ils_shadow_fix1,MARS,IF,ils_shadow,2024-07-17T00:26:30,USER_IF_WL_SD,5,5,1,3,0.999964,0.903119,0.999,LAMBDA_ALT,1,0,0,1e-06,ACCEPTED
r48u_20260914_MARS_IF_ils_shadow_fix1,MARS,IF,ils_shadow,2024-07-17T00:26:30,USER_IF_L1_SD_CONDITIONAL,3,3,1,0,0.272295,0.00814827,0.999,LAMBDA_ALT,0,0,0,1e-06,BEST_1D_BOOTSTRAP_TOO_LOW
r48u_20260914_MARS_IF_ils_shadow_fix1,MARS,IF,ils_shadow,2024-07-17T00:27:00,USER_IF_WL_SD,6,6,1,3,0.999978,0.26454,0.999,LAMBDA_ALT,1,0,0,1e-06,ACCEPTED
r48u_20260914_MARS_IF_ils_shadow_fix1,MARS,IF,ils_shadow,2024-07-17T00:27:00,USER_IF_L1_SD_CONDITIONAL,3,3,1,0,0.275387,0.00830033,0.999,LAMBDA_ALT,0,0,0,1e-06,BEST_1D_BOOTSTRAP_TOO_LOW
r48u_20260914_MARS_IF_ils_shadow_fix1,MARS,IF,ils_shadow,2024-07-17T00:27:30,USER_IF_WL_SD,6,6,1,3,0.999986,0.371116,0.999,LAMBDA_ALT,1,0,0,1e-06,ACCEPTED
r48u_20260914_MARS_IF_ils_shadow_fix1,MARS,IF,ils_shadow,2024-07-17T00:27:30,USER_IF_L1_SD_CONDITIONAL,3,3,1,0,0.279123,0.00849887,0.999,LAMBDA_ALT,0,0,0,1e-06,BEST_1D_BOOTSTRAP_TOO_LOW
r48u_20260914_MARS_IF_ils_shadow_fix1,MARS,IF,ils_shadow,2024-07-17T00:28:00,USER_IF_WL_SD,6,6,1,3,0.999991,0.450326,0.999,LAMBDA_ALT,1,0,0,1e-06,ACCEPTED
r48u_20260914_MARS_IF_ils_shadow_fix1,MARS,IF,ils_shadow,2024-07-17T00:28:00,USER_IF_L1_SD_CONDITIONAL,3,3,1,0,0.282822,0.00869672,0.999,LAMBDA_ALT,0,0,0,1e-06,BEST_1D_BOOTSTRAP_TOO_LOW
r48u_20260914_MARS_IF_ils_shadow_fix1,MARS,IF,ils_shadow,2024-07-17T00:28:30,USER_IF_WL_SD,6,6,1,3,0.999994,0.514483,0.999,LAMBDA_ALT,1,0,0,1e-06,ACCEPTED
r48u_20260914_MARS_IF_ils_shadow_fix1,MARS,IF,ils_shadow,2024-07-17T00:28:30,USER_IF_L1_SD_CONDITIONAL,3,3,1,0,0.28648,0.0088937,0.999,LAMBDA_ALT,0,0,0,1e-06,BEST_1D_BOOTSTRAP_TOO_LOW
r48u_20260914_MARS_IF_ils_shadow_fix1,MARS,IF,ils_shadow,2024-07-17T00:29:00,USER_IF_WL_SD,6,6,1,3,0.999996,0.568837,0.999,LAMBDA_ALT,1,0,0,1e-06,ACCEPTED
r48u_20260914_MARS_IF_ils_shadow_fix1,MARS,IF,ils_shadow,2024-07-17T00:29:00,USER_IF_L1_SD_CONDITIONAL,3,3,1,0,0.290105,0.00909013,0.999,LAMBDA_ALT,0,0,0,1e-06,BEST_1D_BOOTSTRAP_TOO_LOW
r48u_20260914_MARS_IF_ils_shadow_fix1,MARS,IF,ils_shadow,2024-07-17T00:29:30,USER_IF_WL_SD,7,7,1,3,0.999998,0.128407,0.999,LAMBDA_ALT,1,0,0,1e-06,ACCEPTED
r48u_20260914_MARS_IF_ils_shadow_fix1,MARS,IF,ils_shadow,2024-07-17T00:29:30,USER_IF_L1_SD_CONDITIONAL,3,3,1,0,0.293751,0.0092901,0.999,LAMBDA_ALT,0,0,0,1e-06,BEST_1D_BOOTSTRAP_TOO_LOW
r48u_20260914_MARS_IF_ils_shadow_fix1,MARS,IF,ils_shadow,2024-07-17T00:30:00,USER_IF_WL_SD,7,7,1,3,0.999998,0.193103,0.999,LAMBDA_ALT,1,0,0,1e-06,ACCEPTED
r48u_20260914_MARS_IF_ils_shadow_fix1,MARS,IF,ils_shadow,2024-07-17T00:30:00,USER_IF_L1_SD_CONDITIONAL,3,3,1,0,0.297359,0.00948931,0.999,LAMBDA_ALT,0,0,0,1e-06,BEST_1D_BOOTSTRAP_TOO_LOW
r48u_20260914_MARS_IF_ils_feedback_fix1,MARS,IF,ils_feedback,2024-07-17T00:10:30,USER_IF_WL_SD,5,5,1,0,0.665103,0.0319746,0.999,LAMBDA_ALT,0,0,0,1e-06,BEST_1D_BOOTSTRAP_TOO_LOW
r48u_20260914_MARS_IF_ils_feedback_fix1,MARS,IF,ils_feedback,2024-07-17T00:17:00,USER_IF_WL_SD,5,5,1,0,0.665301,0.0343332,0.999,LAMBDA_ALT,0,0,0,1e-06,BEST_1D_BOOTSTRAP_TOO_LOW
r48u_20260914_MARS_IF_ils_feedback_fix1,MARS,IF,ils_feedback,2024-07-17T00:17:30,USER_IF_WL_SD,5,5,1,0,0.827216,0.125513,0.999,LAMBDA_ALT,0,0,0,1e-06,BEST_1D_BOOTSTRAP_TOO_LOW
r48u_20260914_MARS_IF_ils_feedback_fix1,MARS,IF,ils_feedback,2024-07-17T00:18:00,USER_IF_WL_SD,5,5,1,0,0.904817,0.234026,0.999,LAMBDA_ALT,0,0,0,1e-06,BEST_1D_BOOTSTRAP_TOO_LOW
r48u_20260914_MARS_IF_ils_feedback_fix1,MARS,IF,ils_feedback,2024-07-17T00:18:30,USER_IF_WL_SD,5,5,1,0,0.945834,0.337912,0.999,LAMBDA_ALT,0,0,0,1e-06,BEST_1D_BOOTSTRAP_TOO_LOW
r48u_20260914_MARS_IF_ils_feedback_fix1,MARS,IF,ils_feedback,2024-07-17T00:19:00,USER_IF_WL_SD,5,5,1,0,0.968544,0.429455,0.999,LAMBDA_ALT,0,0,0,1e-06,BEST_1D_BOOTSTRAP_TOO_LOW
r48u_20260914_MARS_IF_ils_feedback_fix1,MARS,IF,ils_feedback,2024-07-17T00:19:30,USER_IF_WL_SD,5,5,1,0,0.98147,0.50741,0.999,LAMBDA_ALT,0,0,0,1e-06,BEST_1D_BOOTSTRAP_TOO_LOW
r48u_20260914_MARS_IF_ils_feedback_fix1,MARS,IF,ils_feedback,2024-07-17T00:20:00,USER_IF_WL_SD,5,5,1,0,0.988861,0.572441,0.999,LAMBDA_ALT,0,0,0,1e-06,BEST_1D_BOOTSTRAP_TOO_LOW
r48u_20260914_MARS_IF_ils_feedback_fix1,MARS,IF,ils_feedback,2024-07-17T00:20:30,USER_IF_WL_SD,6,6,1,0,0.993311,0.159921,0.999,LAMBDA_ALT,0,0,0,1e-06,BEST_1D_BOOTSTRAP_TOO_LOW
r48u_20260914_MARS_IF_ils_feedback_fix1,MARS,IF,ils_feedback,2024-07-17T00:21:00,USER_IF_WL_SD,5,5,1,0,0.99592,0.674658,0.999,LAMBDA_ALT,0,0,0,1e-06,BEST_1D_BOOTSTRAP_TOO_LOW
r48u_20260914_MARS_IF_ils_feedback_fix1,MARS,IF,ils_feedback,2024-07-17T00:21:30,USER_IF_WL_SD,6,6,1,0,0.997518,0.255662,0.999,LAMBDA_ALT,0,0,0,1e-06,BEST_1D_BOOTSTRAP_TOO_LOW
r48u_20260914_MARS_IF_ils_feedback_fix1,MARS,IF,ils_feedback,2024-07-17T00:22:00,USER_IF_WL_SD,6,6,1,0,0.998482,0.32469,0.999,LAMBDA_ALT,0,0,0,1e-06,BEST_1D_BOOTSTRAP_TOO_LOW
r48u_20260914_MARS_IF_ils_feedback_fix1,MARS,IF,ils_feedback,2024-07-17T00:22:30,USER_IF_WL_SD,6,6,1,1,0.999067,0.385178,0.999,LAMBDA_ALT,1,0,0,1e-06,ACCEPTED
r48u_20260914_MARS_IF_ils_feedback_fix1,MARS,IF,ils_feedback,2024-07-17T00:22:30,USER_IF_L1_SD_CONDITIONAL,1,1,1,0,0.240592,0.240592,0.999,LAMBDA_ALT,0,0,0,1e-06,BEST_1D_BOOTSTRAP_TOO_LOW
r48u_20260914_MARS_IF_ils_feedback_fix1,MARS,IF,ils_feedback,2024-07-17T00:23:00,USER_IF_WL_SD,6,6,1,2,0.999424,0.439396,0.999,LAMBDA_ALT,1,0,0,1e-06,ACCEPTED
r48u_20260914_MARS_IF_ils_feedback_fix1,MARS,IF,ils_feedback,2024-07-17T00:23:00,USER_IF_L1_SD_CONDITIONAL,2,2,1,0,0.245154,0.0391813,0.999,LAMBDA_ALT,0,0,0,1e-06,BEST_1D_BOOTSTRAP_TOO_LOW
r48u_20260914_MARS_IF_ils_feedback_fix1,MARS,IF,ils_feedback,2024-07-17T00:23:30,USER_IF_WL_SD,5,5,1,2,0.999641,0.82678,0.999,LAMBDA_ALT,1,0,0,1e-06,ACCEPTED
r48u_20260914_MARS_IF_ils_feedback_fix1,MARS,IF,ils_feedback,2024-07-17T00:23:30,USER_IF_L1_SD_CONDITIONAL,2,2,1,0,0.248641,0.0399681,0.999,LAMBDA_ALT,0,0,0,1e-06,BEST_1D_BOOTSTRAP_TOO_LOW
r48u_20260914_MARS_IF_ils_feedback_fix1,MARS,IF,ils_feedback,2024-07-17T00:24:00,USER_IF_WL_SD,5,5,1,2,0.999775,0.846215,0.999,LAMBDA_ALT,1,0,0,1e-06,ACCEPTED
r48u_20260914_MARS_IF_ils_feedback_fix1,MARS,IF,ils_feedback,2024-07-17T00:24:00,USER_IF_L1_SD_CONDITIONAL,2,2,1,0,0.252843,0.0410427,0.999,LAMBDA_ALT,0,0,0,1e-06,BEST_1D_BOOTSTRAP_TOO_LOW
r48u_20260914_MARS_IF_ils_feedback_fix1,MARS,IF,ils_feedback,2024-07-17T00:24:30,USER_IF_WL_SD,5,5,1,3,0.999859,0.863264,0.999,LAMBDA_ALT,1,0,0,1e-06,ACCEPTED
r48u_20260914_MARS_IF_ils_feedback_fix1,MARS,IF,ils_feedback,2024-07-17T00:24:30,USER_IF_L1_SD_CONDITIONAL,3,3,1,0,0.257087,0.00729825,0.999,LAMBDA_ALT,0,0,0,1e-06,BEST_1D_BOOTSTRAP_TOO_LOW
r48u_20260914_MARS_IF_ils_feedback_fix1,MARS,IF,ils_feedback,2024-07-17T00:25:00,USER_IF_WL_SD,5,5,1,3,0.999911,0.878262,0.999,LAMBDA_ALT,1,0,0,1e-06,ACCEPTED
r48u_20260914_MARS_IF_ils_feedback_fix1,MARS,IF,ils_feedback,2024-07-17T00:25:00,USER_IF_L1_SD_CONDITIONAL,3,3,1,0,0.260711,0.00749673,0.999,LAMBDA_ALT,0,0,0,1e-06,BEST_1D_BOOTSTRAP_TOO_LOW
r48u_20260914_MARS_IF_ils_feedback_fix1,MARS,IF,ils_feedback,2024-07-17T00:26:00,USER_IF_WL_SD,5,5,1,3,0.999944,0.891513,0.999,LAMBDA_ALT,1,0,0,1e-06,ACCEPTED
r48u_20260914_MARS_IF_ils_feedback_fix1,MARS,IF,ils_feedback,2024-07-17T00:26:00,USER_IF_L1_SD_CONDITIONAL,3,3,1,0,0.268509,0.00794936,0.999,LAMBDA_ALT,0,0,0,1e-06,BEST_1D_BOOTSTRAP_TOO_LOW
r48u_20260914_MARS_IF_ils_feedback_fix1,MARS,IF,ils_feedback,2024-07-17T00:26:30,USER_IF_WL_SD,5,5,1,3,0.999964,0.903119,0.999,LAMBDA_ALT,1,0,0,1e-06,ACCEPTED
r48u_20260914_MARS_IF_ils_feedback_fix1,MARS,IF,ils_feedback,2024-07-17T00:26:30,USER_IF_L1_SD_CONDITIONAL,3,3,1,0,0.272295,0.00814827,0.999,LAMBDA_ALT,0,0,0,1e-06,BEST_1D_BOOTSTRAP_TOO_LOW
r48u_20260914_MARS_IF_ils_feedback_fix1,MARS,IF,ils_feedback,2024-07-17T00:27:00,USER_IF_WL_SD,6,6,1,3,0.999978,0.26454,0.999,LAMBDA_ALT,1,0,0,1e-06,ACCEPTED
r48u_20260914_MARS_IF_ils_feedback_fix1,MARS,IF,ils_feedback,2024-07-17T00:27:00,USER_IF_L1_SD_CONDITIONAL,3,3,1,0,0.275387,0.00830033,0.999,LAMBDA_ALT,0,0,0,1e-06,BEST_1D_BOOTSTRAP_TOO_LOW
r48u_20260914_MARS_IF_ils_feedback_fix1,MARS,IF,ils_feedback,2024-07-17T00:27:30,USER_IF_WL_SD,6,6,1,3,0.999986,0.371116,0.999,LAMBDA_ALT,1,0,0,1e-06,ACCEPTED
r48u_20260914_MARS_IF_ils_feedback_fix1,MARS,IF,ils_feedback,2024-07-17T00:27:30,USER_IF_L1_SD_CONDITIONAL,3,3,1,0,0.279123,0.00849887,0.999,LAMBDA_ALT,0,0,0,1e-06,BEST_1D_BOOTSTRAP_TOO_LOW
r48u_20260914_MARS_IF_ils_feedback_fix1,MARS,IF,ils_feedback,2024-07-17T00:28:00,USER_IF_WL_SD,6,6,1,3,0.999991,0.450326,0.999,LAMBDA_ALT,1,0,0,1e-06,ACCEPTED
r48u_20260914_MARS_IF_ils_feedback_fix1,MARS,IF,ils_feedback,2024-07-17T00:28:00,USER_IF_L1_SD_CONDITIONAL,3,3,1,0,0.282822,0.00869672,0.999,LAMBDA_ALT,0,0,0,1e-06,BEST_1D_BOOTSTRAP_TOO_LOW
r48u_20260914_MARS_IF_ils_feedback_fix1,MARS,IF,ils_feedback,2024-07-17T00:28:30,USER_IF_WL_SD,6,6,1,3,0.999994,0.514483,0.999,LAMBDA_ALT,1,0,0,1e-06,ACCEPTED
r48u_20260914_MARS_IF_ils_feedback_fix1,MARS,IF,ils_feedback,2024-07-17T00:28:30,USER_IF_L1_SD_CONDITIONAL,3,3,1,0,0.28648,0.0088937,0.999,LAMBDA_ALT,0,0,0,1e-06,BEST_1D_BOOTSTRAP_TOO_LOW
r48u_20260914_MARS_IF_ils_feedback_fix1,MARS,IF,ils_feedback,2024-07-17T00:29:00,USER_IF_WL_SD,6,6,1,3,0.999996,0.568837,0.999,LAMBDA_ALT,1,0,0,1e-06,ACCEPTED
r48u_20260914_MARS_IF_ils_feedback_fix1,MARS,IF,ils_feedback,2024-07-17T00:29:00,USER_IF_L1_SD_CONDITIONAL,3,3,1,0,0.290105,0.00909013,0.999,LAMBDA_ALT,0,0,0,1e-06,BEST_1D_BOOTSTRAP_TOO_LOW
r48u_20260914_MARS_IF_ils_feedback_fix1,MARS,IF,ils_feedback,2024-07-17T00:29:30,USER_IF_WL_SD,7,7,1,3,0.999998,0.128407,0.999,LAMBDA_ALT,1,0,0,1e-06,ACCEPTED
r48u_20260914_MARS_IF_ils_feedback_fix1,MARS,IF,ils_feedback,2024-07-17T00:29:30,USER_IF_L1_SD_CONDITIONAL,3,3,1,0,0.293751,0.0092901,0.999,LAMBDA_ALT,0,0,0,1e-06,BEST_1D_BOOTSTRAP_TOO_LOW
r48u_20260914_MARS_IF_ils_feedback_fix1,MARS,IF,ils_feedback,2024-07-17T00:30:00,USER_IF_WL_SD,7,7,1,3,0.999998,0.193103,0.999,LAMBDA_ALT,1,0,0,1e-06,ACCEPTED
r48u_20260914_MARS_IF_ils_feedback_fix1,MARS,IF,ils_feedback,2024-07-17T00:30:00,USER_IF_L1_SD_CONDITIONAL,3,3,1,0,0.297359,0.00948931,0.999,LAMBDA_ALT,0,0,0,1e-06,BEST_1D_BOOTSTRAP_TOO_LOW
r48u_20260914_JPLM_IF_round_shadow_fix1,JPLM,IF,round_shadow,2024-07-17T00:10:00,USER_IF_WL_SD,1,1,3,0,0,0,0.99,ROUND,0,0,0,1e-06,NON_LAMBDA_MODE
r48u_20260914_JPLM_IF_round_shadow_fix1,JPLM,IF,round_shadow,2024-07-17T00:11:00,USER_IF_WL_SD,1,1,3,0,0,0,0.99,ROUND,0,0,0,1e-06,NON_LAMBDA_MODE
r48u_20260914_JPLM_IF_round_shadow_fix1,JPLM,IF,round_shadow,2024-07-17T00:11:30,USER_IF_WL_SD,2,2,3,0,0,0,0.99,ROUND,0,0,0,1e-06,NON_LAMBDA_MODE
r48u_20260914_JPLM_IF_round_shadow_fix1,JPLM,IF,round_shadow,2024-07-17T00:12:00,USER_IF_WL_SD,2,2,3,0,0,0,0.99,ROUND,0,0,0,1e-06,NON_LAMBDA_MODE
r48u_20260914_JPLM_IF_round_shadow_fix1,JPLM,IF,round_shadow,2024-07-17T00:12:30,USER_IF_WL_SD,2,2,3,0,0,0,0.99,ROUND,0,0,0,1e-06,NON_LAMBDA_MODE
r48u_20260914_JPLM_IF_round_shadow_fix1,JPLM,IF,round_shadow,2024-07-17T00:13:00,USER_IF_WL_SD,2,2,3,0,0,0,0.99,ROUND,0,0,0,1e-06,NON_LAMBDA_MODE
r48u_20260914_JPLM_IF_round_shadow_fix1,JPLM,IF,round_shadow,2024-07-17T00:13:30,USER_IF_WL_SD,2,2,3,0,0,0,0.99,ROUND,0,0,0,1e-06,NON_LAMBDA_MODE
r48u_20260914_JPLM_IF_round_shadow_fix1,JPLM,IF,round_shadow,2024-07-17T00:14:00,USER_IF_WL_SD,2,2,3,0,0,0,0.99,ROUND,0,0,0,1e-06,NON_LAMBDA_MODE
r48u_20260914_JPLM_IF_round_shadow_fix1,JPLM,IF,round_shadow,2024-07-17T00:14:30,USER_IF_WL_SD,2,2,3,0,0,0,0.99,ROUND,0,0,0,1e-06,NON_LAMBDA_MODE
r48u_20260914_JPLM_IF_round_shadow_fix1,JPLM,IF,round_shadow,2024-07-17T00:15:00,USER_IF_WL_SD,2,2,3,0,0,0,0.99,ROUND,0,0,0,1e-06,NON_LAMBDA_MODE
r48u_20260914_JPLM_IF_round_shadow_fix1,JPLM,IF,round_shadow,2024-07-17T00:15:30,USER_IF_WL_SD,2,2,3,0,0,0,0.99,ROUND,0,0,0,1e-06,NON_LAMBDA_MODE
r48u_20260914_JPLM_IF_round_shadow_fix1,JPLM,IF,round_shadow,2024-07-17T00:16:00,USER_IF_WL_SD,2,2,3,0,0,0,0.99,ROUND,0,0,0,1e-06,NON_LAMBDA_MODE
r48u_20260914_JPLM_IF_round_shadow_fix1,JPLM,IF,round_shadow,2024-07-17T00:16:30,USER_IF_WL_SD,2,2,3,0,0,0,0.99,ROUND,0,0,0,1e-06,NON_LAMBDA_MODE
r48u_20260914_JPLM_IF_round_shadow_fix1,JPLM,IF,round_shadow,2024-07-17T00:17:00,USER_IF_WL_SD,3,3,3,0,0,0,0.99,ROUND,0,0,0,1e-06,NON_LAMBDA_MODE
r48u_20260914_JPLM_IF_round_shadow_fix1,JPLM,IF,round_shadow,2024-07-17T00:17:30,USER_IF_WL_SD,3,3,3,0,0,0,0.99,ROUND,0,0,0,1e-06,NON_LAMBDA_MODE
r48u_20260914_JPLM_IF_round_shadow_fix1,JPLM,IF,round_shadow,2024-07-17T00:18:00,USER_IF_WL_SD,3,3,3,0,0,0,0.99,ROUND,0,0,0,1e-06,NON_LAMBDA_MODE
r48u_20260914_JPLM_IF_round_shadow_fix1,JPLM,IF,round_shadow,2024-07-17T00:18:30,USER_IF_WL_SD,3,3,3,0,0,0,0.99,ROUND,0,0,0,1e-06,NON_LAMBDA_MODE
r48u_20260914_JPLM_IF_round_shadow_fix1,JPLM,IF,round_shadow,2024-07-17T00:19:00,USER_IF_WL_SD,4,4,3,0,0,0,0.99,ROUND,0,0,0,1e-06,NON_LAMBDA_MODE
r48u_20260914_JPLM_IF_round_shadow_fix1,JPLM,IF,round_shadow,2024-07-17T00:19:30,USER_IF_WL_SD,4,4,3,0,0,0,0.99,ROUND,0,0,0,1e-06,NON_LAMBDA_MODE
r48u_20260914_JPLM_IF_round_shadow_fix1,JPLM,IF,round_shadow,2024-07-17T00:20:00,USER_IF_WL_SD,4,4,3,0,0,0,0.99,ROUND,0,0,0,1e-06,NON_LAMBDA_MODE
r48u_20260914_JPLM_IF_round_shadow_fix1,JPLM,IF,round_shadow,2024-07-17T00:20:30,USER_IF_WL_SD,4,4,3,0,0,0,0.99,ROUND,0,0,0,1e-06,NON_LAMBDA_MODE
r48u_20260914_JPLM_IF_round_shadow_fix1,JPLM,IF,round_shadow,2024-07-17T00:21:00,USER_IF_WL_SD,4,4,3,0,0,0,0.99,ROUND,0,0,0,1e-06,NON_LAMBDA_MODE
r48u_20260914_JPLM_IF_round_shadow_fix1,JPLM,IF,round_shadow,2024-07-17T00:21:30,USER_IF_WL_SD,4,4,3,0,0,0,0.99,ROUND,0,0,0,1e-06,NON_LAMBDA_MODE
r48u_20260914_JPLM_IF_round_shadow_fix1,JPLM,IF,round_shadow,2024-07-17T00:22:00,USER_IF_WL_SD,4,4,3,0,0,0,0.99,ROUND,0,0,0,1e-06,NON_LAMBDA_MODE
r48u_20260914_JPLM_IF_round_shadow_fix1,JPLM,IF,round_shadow,2024-07-17T00:22:30,USER_IF_WL_SD,4,4,3,0,0,0,0.99,ROUND,0,0,0,1e-06,NON_LAMBDA_MODE
r48u_20260914_JPLM_IF_round_shadow_fix1,JPLM,IF,round_shadow,2024-07-17T00:23:00,USER_IF_WL_SD,4,4,3,0,0,0,0.99,ROUND,0,0,0,1e-06,NON_LAMBDA_MODE
r48u_20260914_JPLM_IF_round_shadow_fix1,JPLM,IF,round_shadow,2024-07-17T00:23:30,USER_IF_WL_SD,3,3,3,0,0,0,0.99,ROUND,0,0,0,1e-06,NON_LAMBDA_MODE
r48u_20260914_JPLM_IF_round_shadow_fix1,JPLM,IF,round_shadow,2024-07-17T00:24:00,USER_IF_WL_SD,4,4,3,0,0,0,0.99,ROUND,0,0,0,1e-06,NON_LAMBDA_MODE
r48u_20260914_JPLM_IF_round_shadow_fix1,JPLM,IF,round_shadow,2024-07-17T00:24:30,USER_IF_WL_SD,4,4,3,0,0,0,0.99,ROUND,0,0,0,1e-06,NON_LAMBDA_MODE
r48u_20260914_JPLM_IF_round_shadow_fix1,JPLM,IF,round_shadow,2024-07-17T00:25:00,USER_IF_WL_SD,4,4,3,0,0,0,0.99,ROUND,0,0,0,1e-06,NON_LAMBDA_MODE
r48u_20260914_JPLM_IF_round_shadow_fix1,JPLM,IF,round_shadow,2024-07-17T00:25:30,USER_IF_WL_SD,3,3,3,0,0,0,0.99,ROUND,0,0,0,1e-06,NON_LAMBDA_MODE
r48u_20260914_JPLM_IF_round_shadow_fix1,JPLM,IF,round_shadow,2024-07-17T00:26:00,USER_IF_WL_SD,4,4,3,0,0,0,0.99,ROUND,0,0,0,1e-06,NON_LAMBDA_MODE
r48u_20260914_JPLM_IF_round_shadow_fix1,JPLM,IF,round_shadow,2024-07-17T00:26:30,USER_IF_WL_SD,4,4,3,0,0,0,0.99,ROUND,0,0,0,1e-06,NON_LAMBDA_MODE
r48u_20260914_JPLM_IF_round_shadow_fix1,JPLM,IF,round_shadow,2024-07-17T00:27:00,USER_IF_WL_SD,3,3,3,0,0,0,0.99,ROUND,0,0,0,1e-06,NON_LAMBDA_MODE
r48u_20260914_JPLM_IF_round_shadow_fix1,JPLM,IF,round_shadow,2024-07-17T00:27:30,USER_IF_WL_SD,3,3,3,0,0,0,0.99,ROUND,0,0,0,1e-06,NON_LAMBDA_MODE
r48u_20260914_JPLM_IF_round_shadow_fix1,JPLM,IF,round_shadow,2024-07-17T00:28:00,USER_IF_WL_SD,3,3,3,0,0,0,0.99,ROUND,0,0,0,1e-06,NON_LAMBDA_MODE
r48u_20260914_JPLM_IF_round_shadow_fix1,JPLM,IF,round_shadow,2024-07-17T00:28:30,USER_IF_WL_SD,4,4,3,0,0,0,0.99,ROUND,0,0,0,1e-06,NON_LAMBDA_MODE
r48u_20260914_JPLM_IF_round_shadow_fix1,JPLM,IF,round_shadow,2024-07-17T00:29:00,USER_IF_WL_SD,4,4,3,0,0,0,0.99,ROUND,0,0,0,1e-06,NON_LAMBDA_MODE
r48u_20260914_JPLM_IF_round_shadow_fix1,JPLM,IF,round_shadow,2024-07-17T00:29:30,USER_IF_WL_SD,4,4,3,0,0,0,0.99,ROUND,0,0,0,1e-06,NON_LAMBDA_MODE
r48u_20260914_JPLM_IF_round_shadow_fix1,JPLM,IF,round_shadow,2024-07-17T00:30:00,USER_IF_WL_SD,4,4,3,0,0,0,0.99,ROUND,0,0,0,1e-06,NON_LAMBDA_MODE
r48u_20260914_JPLM_IF_round_feedback_fix1,JPLM,IF,round_feedback,2024-07-17T00:10:00,USER_IF_WL_SD,1,1,3,0,0,0,0.99,ROUND,0,0,0,1e-06,NON_LAMBDA_MODE
r48u_20260914_JPLM_IF_round_feedback_fix1,JPLM,IF,round_feedback,2024-07-17T00:11:00,USER_IF_WL_SD,1,1,3,0,0,0,0.99,ROUND,0,0,0,1e-06,NON_LAMBDA_MODE
r48u_20260914_JPLM_IF_round_feedback_fix1,JPLM,IF,round_feedback,2024-07-17T00:11:30,USER_IF_WL_SD,2,2,3,0,0,0,0.99,ROUND,0,0,0,1e-06,NON_LAMBDA_MODE
r48u_20260914_JPLM_IF_round_feedback_fix1,JPLM,IF,round_feedback,2024-07-17T00:12:00,USER_IF_WL_SD,2,2,3,0,0,0,0.99,ROUND,0,0,0,1e-06,NON_LAMBDA_MODE
r48u_20260914_JPLM_IF_round_feedback_fix1,JPLM,IF,round_feedback,2024-07-17T00:12:30,USER_IF_WL_SD,2,2,3,0,0,0,0.99,ROUND,0,0,0,1e-06,NON_LAMBDA_MODE
r48u_20260914_JPLM_IF_round_feedback_fix1,JPLM,IF,round_feedback,2024-07-17T00:13:00,USER_IF_WL_SD,2,2,3,0,0,0,0.99,ROUND,0,0,0,1e-06,NON_LAMBDA_MODE
r48u_20260914_JPLM_IF_round_feedback_fix1,JPLM,IF,round_feedback,2024-07-17T00:13:30,USER_IF_WL_SD,2,2,3,0,0,0,0.99,ROUND,0,0,0,1e-06,NON_LAMBDA_MODE
r48u_20260914_JPLM_IF_round_feedback_fix1,JPLM,IF,round_feedback,2024-07-17T00:14:00,USER_IF_WL_SD,2,2,3,0,0,0,0.99,ROUND,0,0,0,1e-06,NON_LAMBDA_MODE
r48u_20260914_JPLM_IF_round_feedback_fix1,JPLM,IF,round_feedback,2024-07-17T00:14:30,USER_IF_WL_SD,2,2,3,0,0,0,0.99,ROUND,0,0,0,1e-06,NON_LAMBDA_MODE
r48u_20260914_JPLM_IF_round_feedback_fix1,JPLM,IF,round_feedback,2024-07-17T00:15:00,USER_IF_WL_SD,2,2,3,0,0,0,0.99,ROUND,0,0,0,1e-06,NON_LAMBDA_MODE
r48u_20260914_JPLM_IF_round_feedback_fix1,JPLM,IF,round_feedback,2024-07-17T00:15:30,USER_IF_WL_SD,2,2,3,0,0,0,0.99,ROUND,0,0,0,1e-06,NON_LAMBDA_MODE
r48u_20260914_JPLM_IF_round_feedback_fix1,JPLM,IF,round_feedback,2024-07-17T00:16:00,USER_IF_WL_SD,2,2,3,0,0,0,0.99,ROUND,0,0,0,1e-06,NON_LAMBDA_MODE
r48u_20260914_JPLM_IF_round_feedback_fix1,JPLM,IF,round_feedback,2024-07-17T00:16:30,USER_IF_WL_SD,2,2,3,0,0,0,0.99,ROUND,0,0,0,1e-06,NON_LAMBDA_MODE
r48u_20260914_JPLM_IF_round_feedback_fix1,JPLM,IF,round_feedback,2024-07-17T00:17:00,USER_IF_WL_SD,3,3,3,0,0,0,0.99,ROUND,0,0,0,1e-06,NON_LAMBDA_MODE
r48u_20260914_JPLM_IF_round_feedback_fix1,JPLM,IF,round_feedback,2024-07-17T00:17:30,USER_IF_WL_SD,3,3,3,0,0,0,0.99,ROUND,0,0,0,1e-06,NON_LAMBDA_MODE
r48u_20260914_JPLM_IF_round_feedback_fix1,JPLM,IF,round_feedback,2024-07-17T00:18:00,USER_IF_WL_SD,3,3,3,0,0,0,0.99,ROUND,0,0,0,1e-06,NON_LAMBDA_MODE
r48u_20260914_JPLM_IF_round_feedback_fix1,JPLM,IF,round_feedback,2024-07-17T00:18:30,USER_IF_WL_SD,3,3,3,0,0,0,0.99,ROUND,0,0,0,1e-06,NON_LAMBDA_MODE
r48u_20260914_JPLM_IF_round_feedback_fix1,JPLM,IF,round_feedback,2024-07-17T00:19:00,USER_IF_WL_SD,4,4,3,0,0,0,0.99,ROUND,0,0,0,1e-06,NON_LAMBDA_MODE
r48u_20260914_JPLM_IF_round_feedback_fix1,JPLM,IF,round_feedback,2024-07-17T00:19:30,USER_IF_WL_SD,4,4,3,0,0,0,0.99,ROUND,0,0,0,1e-06,NON_LAMBDA_MODE
r48u_20260914_JPLM_IF_round_feedback_fix1,JPLM,IF,round_feedback,2024-07-17T00:20:00,USER_IF_WL_SD,4,4,3,0,0,0,0.99,ROUND,0,0,0,1e-06,NON_LAMBDA_MODE
r48u_20260914_JPLM_IF_round_feedback_fix1,JPLM,IF,round_feedback,2024-07-17T00:20:30,USER_IF_WL_SD,4,4,3,0,0,0,0.99,ROUND,0,0,0,1e-06,NON_LAMBDA_MODE
r48u_20260914_JPLM_IF_round_feedback_fix1,JPLM,IF,round_feedback,2024-07-17T00:21:00,USER_IF_WL_SD,4,4,3,0,0,0,0.99,ROUND,0,0,0,1e-06,NON_LAMBDA_MODE
r48u_20260914_JPLM_IF_round_feedback_fix1,JPLM,IF,round_feedback,2024-07-17T00:21:30,USER_IF_WL_SD,4,4,3,0,0,0,0.99,ROUND,0,0,0,1e-06,NON_LAMBDA_MODE
r48u_20260914_JPLM_IF_round_feedback_fix1,JPLM,IF,round_feedback,2024-07-17T00:22:00,USER_IF_WL_SD,4,4,3,0,0,0,0.99,ROUND,0,0,0,1e-06,NON_LAMBDA_MODE
r48u_20260914_JPLM_IF_round_feedback_fix1,JPLM,IF,round_feedback,2024-07-17T00:22:30,USER_IF_WL_SD,4,4,3,0,0,0,0.99,ROUND,0,0,0,1e-06,NON_LAMBDA_MODE
r48u_20260914_JPLM_IF_round_feedback_fix1,JPLM,IF,round_feedback,2024-07-17T00:23:00,USER_IF_WL_SD,4,4,3,0,0,0,0.99,ROUND,0,0,0,1e-06,NON_LAMBDA_MODE
r48u_20260914_JPLM_IF_round_feedback_fix1,JPLM,IF,round_feedback,2024-07-17T00:23:30,USER_IF_WL_SD,3,3,3,0,0,0,0.99,ROUND,0,0,0,1e-06,NON_LAMBDA_MODE
r48u_20260914_JPLM_IF_round_feedback_fix1,JPLM,IF,round_feedback,2024-07-17T00:24:00,USER_IF_WL_SD,4,4,3,0,0,0,0.99,ROUND,0,0,0,1e-06,NON_LAMBDA_MODE
r48u_20260914_JPLM_IF_round_feedback_fix1,JPLM,IF,round_feedback,2024-07-17T00:24:30,USER_IF_WL_SD,4,4,3,0,0,0,0.99,ROUND,0,0,0,1e-06,NON_LAMBDA_MODE
r48u_20260914_JPLM_IF_round_feedback_fix1,JPLM,IF,round_feedback,2024-07-17T00:25:00,USER_IF_WL_SD,4,4,3,0,0,0,0.99,ROUND,0,0,0,1e-06,NON_LAMBDA_MODE
r48u_20260914_JPLM_IF_round_feedback_fix1,JPLM,IF,round_feedback,2024-07-17T00:25:30,USER_IF_WL_SD,3,3,3,0,0,0,0.99,ROUND,0,0,0,1e-06,NON_LAMBDA_MODE
r48u_20260914_JPLM_IF_round_feedback_fix1,JPLM,IF,round_feedback,2024-07-17T00:26:00,USER_IF_WL_SD,4,4,3,0,0,0,0.99,ROUND,0,0,0,1e-06,NON_LAMBDA_MODE
r48u_20260914_JPLM_IF_round_feedback_fix1,JPLM,IF,round_feedback,2024-07-17T00:26:30,USER_IF_WL_SD,4,4,3,0,0,0,0.99,ROUND,0,0,0,1e-06,NON_LAMBDA_MODE
r48u_20260914_JPLM_IF_round_feedback_fix1,JPLM,IF,round_feedback,2024-07-17T00:27:00,USER_IF_WL_SD,3,3,3,0,0,0,0.99,ROUND,0,0,0,1e-06,NON_LAMBDA_MODE
r48u_20260914_JPLM_IF_round_feedback_fix1,JPLM,IF,round_feedback,2024-07-17T00:27:30,USER_IF_WL_SD,3,3,3,0,0,0,0.99,ROUND,0,0,0,1e-06,NON_LAMBDA_MODE
r48u_20260914_JPLM_IF_round_feedback_fix1,JPLM,IF,round_feedback,2024-07-17T00:28:00,USER_IF_WL_SD,3,3,3,0,0,0,0.99,ROUND,0,0,0,1e-06,NON_LAMBDA_MODE
r48u_20260914_JPLM_IF_round_feedback_fix1,JPLM,IF,round_feedback,2024-07-17T00:28:30,USER_IF_WL_SD,4,4,3,0,0,0,0.99,ROUND,0,0,0,1e-06,NON_LAMBDA_MODE
r48u_20260914_JPLM_IF_round_feedback_fix1,JPLM,IF,round_feedback,2024-07-17T00:29:00,USER_IF_WL_SD,4,4,3,0,0,0,0.99,ROUND,0,0,0,1e-06,NON_LAMBDA_MODE
r48u_20260914_JPLM_IF_round_feedback_fix1,JPLM,IF,round_feedback,2024-07-17T00:29:30,USER_IF_WL_SD,4,4,3,0,0,0,0.99,ROUND,0,0,0,1e-06,NON_LAMBDA_MODE
r48u_20260914_JPLM_IF_round_feedback_fix1,JPLM,IF,round_feedback,2024-07-17T00:30:00,USER_IF_WL_SD,4,4,3,0,0,0,0.99,ROUND,0,0,0,1e-06,NON_LAMBDA_MODE
r48u_20260914_JPLM_IF_ils_shadow_fix1,JPLM,IF,ils_shadow,2024-07-17T00:10:00,USER_IF_WL_SD,1,1,1,0,0.608762,0.608762,0.999,LAMBDA_ALT,0,0,0,1e-06,BEST_1D_BOOTSTRAP_TOO_LOW
r48u_20260914_JPLM_IF_ils_shadow_fix1,JPLM,IF,ils_shadow,2024-07-17T00:11:00,USER_IF_WL_SD,1,1,1,0,0.775001,0.775001,0.999,LAMBDA_ALT,0,0,0,1e-06,BEST_1D_BOOTSTRAP_TOO_LOW
r48u_20260914_JPLM_IF_ils_shadow_fix1,JPLM,IF,ils_shadow,2024-07-17T00:11:30,USER_IF_WL_SD,2,2,1,0,0.642025,0.305169,0.999,LAMBDA_ALT,0,0,0,1e-06,BEST_1D_BOOTSTRAP_TOO_LOW
r48u_20260914_JPLM_IF_ils_shadow_fix1,JPLM,IF,ils_shadow,2024-07-17T00:12:00,USER_IF_WL_SD,2,2,1,0,0.806741,0.508773,0.999,LAMBDA_ALT,0,0,0,1e-06,BEST_1D_BOOTSTRAP_TOO_LOW
r48u_20260914_JPLM_IF_ils_shadow_fix1,JPLM,IF,ils_shadow,2024-07-17T00:12:30,USER_IF_WL_SD,2,2,1,0,0.889198,0.646778,0.999,LAMBDA_ALT,0,0,0,1e-06,BEST_1D_BOOTSTRAP_TOO_LOW
r48u_20260914_JPLM_IF_ils_shadow_fix1,JPLM,IF,ils_shadow,2024-07-17T00:13:00,USER_IF_WL_SD,2,2,1,0,0.934618,0.74185,0.999,LAMBDA_ALT,0,0,0,1e-06,BEST_1D_BOOTSTRAP_TOO_LOW
r48u_20260914_JPLM_IF_ils_shadow_fix1,JPLM,IF,ils_shadow,2024-07-17T00:13:30,USER_IF_WL_SD,2,2,1,0,0.960754,0.808428,0.999,LAMBDA_ALT,0,0,0,1e-06,BEST_1D_BOOTSTRAP_TOO_LOW
r48u_20260914_JPLM_IF_ils_shadow_fix1,JPLM,IF,ils_shadow,2024-07-17T00:14:00,USER_IF_WL_SD,2,2,1,0,0.976175,0.855813,0.999,LAMBDA_ALT,0,0,0,1e-06,BEST_1D_BOOTSTRAP_TOO_LOW
r48u_20260914_JPLM_IF_ils_shadow_fix1,JPLM,IF,ils_shadow,2024-07-17T00:14:30,USER_IF_WL_SD,2,2,1,0,0.985421,0.890072,0.999,LAMBDA_ALT,0,0,0,1e-06,BEST_1D_BOOTSTRAP_TOO_LOW
r48u_20260914_JPLM_IF_ils_shadow_fix1,JPLM,IF,ils_shadow,2024-07-17T00:15:00,USER_IF_WL_SD,2,2,1,0,0.991026,0.915216,0.999,LAMBDA_ALT,0,0,0,1e-06,BEST_1D_BOOTSTRAP_TOO_LOW
r48u_20260914_JPLM_IF_ils_shadow_fix1,JPLM,IF,ils_shadow,2024-07-17T00:15:30,USER_IF_WL_SD,2,2,1,0,0.994451,0.93393,0.999,LAMBDA_ALT,0,0,0,1e-06,BEST_1D_BOOTSTRAP_TOO_LOW
r48u_20260914_JPLM_IF_ils_shadow_fix1,JPLM,IF,ils_shadow,2024-07-17T00:16:00,USER_IF_WL_SD,2,2,1,0,0.996557,0.948039,0.999,LAMBDA_ALT,0,0,0,1e-06,BEST_1D_BOOTSTRAP_TOO_LOW
r48u_20260914_JPLM_IF_ils_shadow_fix1,JPLM,IF,ils_shadow,2024-07-17T00:16:30,USER_IF_WL_SD,2,2,1,0,0.997858,0.958804,0.999,LAMBDA_ALT,0,0,0,1e-06,BEST_1D_BOOTSTRAP_TOO_LOW
r48u_20260914_JPLM_IF_ils_shadow_fix1,JPLM,IF,ils_shadow,2024-07-17T00:17:00,USER_IF_WL_SD,3,3,1,0,0.998665,0.531308,0.999,LAMBDA_ALT,0,0,0,1e-06,BEST_1D_BOOTSTRAP_TOO_LOW
r48u_20260914_JPLM_IF_ils_shadow_fix1,JPLM,IF,ils_shadow,2024-07-17T00:17:30,USER_IF_WL_SD,3,3,1,1,0.999171,0.69445,0.999,LAMBDA_ALT,1,0,0,1e-06,ACCEPTED
r48u_20260914_JPLM_IF_ils_shadow_fix1,JPLM,IF,ils_shadow,2024-07-17T00:18:00,USER_IF_WL_SD,3,3,1,1,0.999485,0.79006,0.999,LAMBDA_ALT,1,0,0,1e-06,ACCEPTED
r48u_20260914_JPLM_IF_ils_shadow_fix1,JPLM,IF,ils_shadow,2024-07-17T00:18:30,USER_IF_WL_SD,3,3,1,1,0.999679,0.851728,0.999,LAMBDA_ALT,1,0,0,1e-06,ACCEPTED
r48u_20260914_JPLM_IF_ils_shadow_fix1,JPLM,IF,ils_shadow,2024-07-17T00:19:00,USER_IF_WL_SD,4,4,1,1,0.9998,0.203941,0.999,LAMBDA_ALT,1,0,0,1e-06,ACCEPTED
r48u_20260914_JPLM_IF_ils_shadow_fix1,JPLM,IF,ils_shadow,2024-07-17T00:19:30,USER_IF_WL_SD,4,4,1,1,0.999875,0.295465,0.999,LAMBDA_ALT,1,0,0,1e-06,ACCEPTED
r48u_20260914_JPLM_IF_ils_shadow_fix1,JPLM,IF,ils_shadow,2024-07-17T00:20:00,USER_IF_WL_SD,4,4,1,1,0.999922,0.366814,0.999,LAMBDA_ALT,1,0,0,1e-06,ACCEPTED
r48u_20260914_JPLM_IF_ils_shadow_fix1,JPLM,IF,ils_shadow,2024-07-17T00:20:30,USER_IF_WL_SD,4,4,1,1,0.999951,0.426732,0.999,LAMBDA_ALT,1,0,0,1e-06,ACCEPTED
r48u_20260914_JPLM_IF_ils_shadow_fix1,JPLM,IF,ils_shadow,2024-07-17T00:21:00,USER_IF_WL_SD,4,4,1,1,0.999969,0.478335,0.999,LAMBDA_ALT,1,0,0,1e-06,ACCEPTED
r48u_20260914_JPLM_IF_ils_shadow_fix1,JPLM,IF,ils_shadow,2024-07-17T00:21:00,USER_IF_L1_SD_CONDITIONAL,1,1,1,0,0.318257,0.318257,0.999,LAMBDA_ALT,0,0,0,1e-06,BEST_1D_BOOTSTRAP_TOO_LOW
r48u_20260914_JPLM_IF_ils_shadow_fix1,JPLM,IF,ils_shadow,2024-07-17T00:21:30,USER_IF_WL_SD,4,4,1,1,0.999981,0.523796,0.999,LAMBDA_ALT,1,0,0,1e-06,ACCEPTED
r48u_20260914_JPLM_IF_ils_shadow_fix1,JPLM,IF,ils_shadow,2024-07-17T00:21:30,USER_IF_L1_SD_CONDITIONAL,1,1,1,0,0.328987,0.328987,0.999,LAMBDA_ALT,0,0,0,1e-06,BEST_1D_BOOTSTRAP_TOO_LOW
r48u_20260914_JPLM_IF_ils_shadow_fix1,JPLM,IF,ils_shadow,2024-07-17T00:22:00,USER_IF_WL_SD,4,4,1,1,0.999988,0.564223,0.999,LAMBDA_ALT,1,0,0,1e-06,ACCEPTED
r48u_20260914_JPLM_IF_ils_shadow_fix1,JPLM,IF,ils_shadow,2024-07-17T00:22:00,USER_IF_L1_SD_CONDITIONAL,1,1,1,0,0.338011,0.338011,0.999,LAMBDA_ALT,0,0,0,1e-06,BEST_1D_BOOTSTRAP_TOO_LOW
r48u_20260914_JPLM_IF_ils_shadow_fix1,JPLM,IF,ils_shadow,2024-07-17T00:22:30,USER_IF_WL_SD,4,4,1,1,0.999992,0.600496,0.999,LAMBDA_ALT,1,0,0,1e-06,ACCEPTED
r48u_20260914_JPLM_IF_ils_shadow_fix1,JPLM,IF,ils_shadow,2024-07-17T00:22:30,USER_IF_L1_SD_CONDITIONAL,1,1,1,0,0.345845,0.345845,0.999,LAMBDA_ALT,0,0,0,1e-06,BEST_1D_BOOTSTRAP_TOO_LOW
r48u_20260914_JPLM_IF_ils_shadow_fix1,JPLM,IF,ils_shadow,2024-07-17T00:23:00,USER_IF_WL_SD,4,4,1,1,0.999995,0.633267,0.999,LAMBDA_ALT,1,0,0,1e-06,ACCEPTED
r48u_20260914_JPLM_IF_ils_shadow_fix1,JPLM,IF,ils_shadow,2024-07-17T00:23:00,USER_IF_L1_SD_CONDITIONAL,1,1,1,0,0.352927,0.352927,0.999,LAMBDA_ALT,0,0,0,1e-06,BEST_1D_BOOTSTRAP_TOO_LOW
r48u_20260914_JPLM_IF_ils_shadow_fix1,JPLM,IF,ils_shadow,2024-07-17T00:23:30,USER_IF_WL_SD,3,3,1,1,0.999997,0.991441,0.999,LAMBDA_ALT,1,0,0,1e-06,ACCEPTED
r48u_20260914_JPLM_IF_ils_shadow_fix1,JPLM,IF,ils_shadow,2024-07-17T00:23:30,USER_IF_L1_SD_CONDITIONAL,1,1,1,0,0.358053,0.358053,0.999,LAMBDA_ALT,0,0,0,1e-06,BEST_1D_BOOTSTRAP_TOO_LOW
r48u_20260914_JPLM_IF_ils_shadow_fix1,JPLM,IF,ils_shadow,2024-07-17T00:24:00,USER_IF_WL_SD,4,4,1,1,0.999998,0.664845,0.999,LAMBDA_ALT,1,0,0,1e-06,ACCEPTED
r48u_20260914_JPLM_IF_ils_shadow_fix1,JPLM,IF,ils_shadow,2024-07-17T00:24:00,USER_IF_L1_SD_CONDITIONAL,1,1,1,0,0.363122,0.363122,0.999,LAMBDA_ALT,0,0,0,1e-06,BEST_1D_BOOTSTRAP_TOO_LOW
r48u_20260914_JPLM_IF_ils_shadow_fix1,JPLM,IF,ils_shadow,2024-07-17T00:24:30,USER_IF_WL_SD,4,4,1,1,0.999999,0.692213,0.999,LAMBDA_ALT,1,0,0,1e-06,ACCEPTED
r48u_20260914_JPLM_IF_ils_shadow_fix1,JPLM,IF,ils_shadow,2024-07-17T00:24:30,USER_IF_L1_SD_CONDITIONAL,1,1,1,0,0.368112,0.368112,0.999,LAMBDA_ALT,0,0,0,1e-06,BEST_1D_BOOTSTRAP_TOO_LOW
r48u_20260914_JPLM_IF_ils_shadow_fix1,JPLM,IF,ils_shadow,2024-07-17T00:25:00,USER_IF_WL_SD,4,4,1,1,0.999999,0.717254,0.999,LAMBDA_ALT,1,0,0,1e-06,ACCEPTED
r48u_20260914_JPLM_IF_ils_shadow_fix1,JPLM,IF,ils_shadow,2024-07-17T00:25:00,USER_IF_L1_SD_CONDITIONAL,1,1,1,0,0.37302,0.37302,0.999,LAMBDA_ALT,0,0,0,1e-06,BEST_1D_BOOTSTRAP_TOO_LOW
r48u_20260914_JPLM_IF_ils_shadow_fix1,JPLM,IF,ils_shadow,2024-07-17T00:25:30,USER_IF_WL_SD,3,3,1,1,1,0.741162,0.999,LAMBDA_ALT,1,0,0,1e-06,ACCEPTED
r48u_20260914_JPLM_IF_ils_shadow_fix1,JPLM,IF,ils_shadow,2024-07-17T00:25:30,USER_IF_L1_SD_CONDITIONAL,1,1,1,0,0.37784,0.37784,0.999,LAMBDA_ALT,0,0,0,1e-06,BEST_1D_BOOTSTRAP_TOO_LOW
r48u_20260914_JPLM_IF_ils_shadow_fix1,JPLM,IF,ils_shadow,2024-07-17T00:26:00,USER_IF_WL_SD,4,4,1,1,1,0.761,0.999,LAMBDA_ALT,1,0,0,1e-06,ACCEPTED
r48u_20260914_JPLM_IF_ils_shadow_fix1,JPLM,IF,ils_shadow,2024-07-17T00:26:00,USER_IF_L1_SD_CONDITIONAL,1,1,1,0,0.382566,0.382566,0.999,LAMBDA_ALT,0,0,0,1e-06,BEST_1D_BOOTSTRAP_TOO_LOW
r48u_20260914_JPLM_IF_ils_shadow_fix1,JPLM,IF,ils_shadow,2024-07-17T00:26:30,USER_IF_WL_SD,4,4,1,2,1,0.780521,0.999,LAMBDA_ALT,1,0,0,1e-06,ACCEPTED
r48u_20260914_JPLM_IF_ils_shadow_fix1,JPLM,IF,ils_shadow,2024-07-17T00:26:30,USER_IF_L1_SD_CONDITIONAL,1,1,1,0,0.387192,0.387192,0.999,LAMBDA_ALT,0,0,0,1e-06,BEST_1D_BOOTSTRAP_TOO_LOW
r48u_20260914_JPLM_IF_ils_shadow_fix1,JPLM,IF,ils_shadow,2024-07-17T00:27:00,USER_IF_WL_SD,3,3,1,0,0.998573,0.795661,0.999,LAMBDA_ALT,0,0,0,1e-06,BEST_1D_BOOTSTRAP_TOO_LOW
r48u_20260914_JPLM_IF_ils_shadow_fix1,JPLM,IF,ils_shadow,2024-07-17T00:27:30,USER_IF_WL_SD,3,3,1,0,0.998764,0.812269,0.999,LAMBDA_ALT,0,0,0,1e-06,BEST_1D_BOOTSTRAP_TOO_LOW
r48u_20260914_JPLM_IF_ils_shadow_fix1,JPLM,IF,ils_shadow,2024-07-17T00:28:00,USER_IF_WL_SD,3,3,1,0,0.998928,0.827607,0.999,LAMBDA_ALT,0,0,0,1e-06,BEST_1D_BOOTSTRAP_TOO_LOW
r48u_20260914_JPLM_IF_ils_shadow_fix1,JPLM,IF,ils_shadow,2024-07-17T00:28:30,USER_IF_WL_SD,4,4,1,1,0.999064,0.594031,0.999,LAMBDA_ALT,1,0,0,1e-06,ACCEPTED
r48u_20260914_JPLM_IF_ils_shadow_fix1,JPLM,IF,ils_shadow,2024-07-17T00:29:00,USER_IF_WL_SD,4,4,1,1,0.999185,0.737317,0.999,LAMBDA_ALT,1,0,0,1e-06,ACCEPTED
r48u_20260914_JPLM_IF_ils_shadow_fix1,JPLM,IF,ils_shadow,2024-07-17T00:29:30,USER_IF_WL_SD,4,4,1,1,0.999288,0.807337,0.999,LAMBDA_ALT,1,0,0,1e-06,ACCEPTED
r48u_20260914_JPLM_IF_ils_shadow_fix1,JPLM,IF,ils_shadow,2024-07-17T00:30:00,USER_IF_WL_SD,4,4,1,1,0.999377,0.847015,0.999,LAMBDA_ALT,1,0,0,1e-06,ACCEPTED
r48u_20260914_JPLM_IF_ils_feedback_fix1,JPLM,IF,ils_feedback,2024-07-17T00:10:00,USER_IF_WL_SD,1,1,1,0,0.608762,0.608762,0.999,LAMBDA_ALT,0,0,0,1e-06,BEST_1D_BOOTSTRAP_TOO_LOW
r48u_20260914_JPLM_IF_ils_feedback_fix1,JPLM,IF,ils_feedback,2024-07-17T00:11:00,USER_IF_WL_SD,1,1,1,0,0.775001,0.775001,0.999,LAMBDA_ALT,0,0,0,1e-06,BEST_1D_BOOTSTRAP_TOO_LOW
r48u_20260914_JPLM_IF_ils_feedback_fix1,JPLM,IF,ils_feedback,2024-07-17T00:11:30,USER_IF_WL_SD,2,2,1,0,0.642025,0.305169,0.999,LAMBDA_ALT,0,0,0,1e-06,BEST_1D_BOOTSTRAP_TOO_LOW
r48u_20260914_JPLM_IF_ils_feedback_fix1,JPLM,IF,ils_feedback,2024-07-17T00:12:00,USER_IF_WL_SD,2,2,1,0,0.806741,0.508773,0.999,LAMBDA_ALT,0,0,0,1e-06,BEST_1D_BOOTSTRAP_TOO_LOW
r48u_20260914_JPLM_IF_ils_feedback_fix1,JPLM,IF,ils_feedback,2024-07-17T00:12:30,USER_IF_WL_SD,2,2,1,0,0.889198,0.646778,0.999,LAMBDA_ALT,0,0,0,1e-06,BEST_1D_BOOTSTRAP_TOO_LOW
r48u_20260914_JPLM_IF_ils_feedback_fix1,JPLM,IF,ils_feedback,2024-07-17T00:13:00,USER_IF_WL_SD,2,2,1,0,0.934618,0.74185,0.999,LAMBDA_ALT,0,0,0,1e-06,BEST_1D_BOOTSTRAP_TOO_LOW
r48u_20260914_JPLM_IF_ils_feedback_fix1,JPLM,IF,ils_feedback,2024-07-17T00:13:30,USER_IF_WL_SD,2,2,1,0,0.960754,0.808428,0.999,LAMBDA_ALT,0,0,0,1e-06,BEST_1D_BOOTSTRAP_TOO_LOW
r48u_20260914_JPLM_IF_ils_feedback_fix1,JPLM,IF,ils_feedback,2024-07-17T00:14:00,USER_IF_WL_SD,2,2,1,0,0.976175,0.855813,0.999,LAMBDA_ALT,0,0,0,1e-06,BEST_1D_BOOTSTRAP_TOO_LOW
r48u_20260914_JPLM_IF_ils_feedback_fix1,JPLM,IF,ils_feedback,2024-07-17T00:14:30,USER_IF_WL_SD,2,2,1,0,0.985421,0.890072,0.999,LAMBDA_ALT,0,0,0,1e-06,BEST_1D_BOOTSTRAP_TOO_LOW
r48u_20260914_JPLM_IF_ils_feedback_fix1,JPLM,IF,ils_feedback,2024-07-17T00:15:00,USER_IF_WL_SD,2,2,1,0,0.991026,0.915216,0.999,LAMBDA_ALT,0,0,0,1e-06,BEST_1D_BOOTSTRAP_TOO_LOW
r48u_20260914_JPLM_IF_ils_feedback_fix1,JPLM,IF,ils_feedback,2024-07-17T00:15:30,USER_IF_WL_SD,2,2,1,0,0.994451,0.93393,0.999,LAMBDA_ALT,0,0,0,1e-06,BEST_1D_BOOTSTRAP_TOO_LOW
r48u_20260914_JPLM_IF_ils_feedback_fix1,JPLM,IF,ils_feedback,2024-07-17T00:16:00,USER_IF_WL_SD,2,2,1,0,0.996557,0.948039,0.999,LAMBDA_ALT,0,0,0,1e-06,BEST_1D_BOOTSTRAP_TOO_LOW
r48u_20260914_JPLM_IF_ils_feedback_fix1,JPLM,IF,ils_feedback,2024-07-17T00:16:30,USER_IF_WL_SD,2,2,1,0,0.997858,0.958804,0.999,LAMBDA_ALT,0,0,0,1e-06,BEST_1D_BOOTSTRAP_TOO_LOW
r48u_20260914_JPLM_IF_ils_feedback_fix1,JPLM,IF,ils_feedback,2024-07-17T00:17:00,USER_IF_WL_SD,3,3,1,0,0.998665,0.531308,0.999,LAMBDA_ALT,0,0,0,1e-06,BEST_1D_BOOTSTRAP_TOO_LOW
r48u_20260914_JPLM_IF_ils_feedback_fix1,JPLM,IF,ils_feedback,2024-07-17T00:17:30,USER_IF_WL_SD,3,3,1,1,0.999171,0.69445,0.999,LAMBDA_ALT,1,0,0,1e-06,ACCEPTED
r48u_20260914_JPLM_IF_ils_feedback_fix1,JPLM,IF,ils_feedback,2024-07-17T00:18:00,USER_IF_WL_SD,3,3,1,1,0.999485,0.79006,0.999,LAMBDA_ALT,1,0,0,1e-06,ACCEPTED
r48u_20260914_JPLM_IF_ils_feedback_fix1,JPLM,IF,ils_feedback,2024-07-17T00:18:30,USER_IF_WL_SD,3,3,1,1,0.999679,0.851728,0.999,LAMBDA_ALT,1,0,0,1e-06,ACCEPTED
r48u_20260914_JPLM_IF_ils_feedback_fix1,JPLM,IF,ils_feedback,2024-07-17T00:19:00,USER_IF_WL_SD,4,4,1,1,0.9998,0.203941,0.999,LAMBDA_ALT,1,0,0,1e-06,ACCEPTED
r48u_20260914_JPLM_IF_ils_feedback_fix1,JPLM,IF,ils_feedback,2024-07-17T00:19:30,USER_IF_WL_SD,4,4,1,1,0.999875,0.295465,0.999,LAMBDA_ALT,1,0,0,1e-06,ACCEPTED
r48u_20260914_JPLM_IF_ils_feedback_fix1,JPLM,IF,ils_feedback,2024-07-17T00:20:00,USER_IF_WL_SD,4,4,1,1,0.999922,0.366814,0.999,LAMBDA_ALT,1,0,0,1e-06,ACCEPTED
r48u_20260914_JPLM_IF_ils_feedback_fix1,JPLM,IF,ils_feedback,2024-07-17T00:20:30,USER_IF_WL_SD,4,4,1,1,0.999951,0.426732,0.999,LAMBDA_ALT,1,0,0,1e-06,ACCEPTED
r48u_20260914_JPLM_IF_ils_feedback_fix1,JPLM,IF,ils_feedback,2024-07-17T00:21:00,USER_IF_WL_SD,4,4,1,1,0.999969,0.478335,0.999,LAMBDA_ALT,1,0,0,1e-06,ACCEPTED
r48u_20260914_JPLM_IF_ils_feedback_fix1,JPLM,IF,ils_feedback,2024-07-17T00:21:00,USER_IF_L1_SD_CONDITIONAL,1,1,1,0,0.318257,0.318257,0.999,LAMBDA_ALT,0,0,0,1e-06,BEST_1D_BOOTSTRAP_TOO_LOW
r48u_20260914_JPLM_IF_ils_feedback_fix1,JPLM,IF,ils_feedback,2024-07-17T00:21:30,USER_IF_WL_SD,4,4,1,1,0.999981,0.523796,0.999,LAMBDA_ALT,1,0,0,1e-06,ACCEPTED
r48u_20260914_JPLM_IF_ils_feedback_fix1,JPLM,IF,ils_feedback,2024-07-17T00:21:30,USER_IF_L1_SD_CONDITIONAL,1,1,1,0,0.328987,0.328987,0.999,LAMBDA_ALT,0,0,0,1e-06,BEST_1D_BOOTSTRAP_TOO_LOW
r48u_20260914_JPLM_IF_ils_feedback_fix1,JPLM,IF,ils_feedback,2024-07-17T00:22:00,USER_IF_WL_SD,4,4,1,1,0.999988,0.564223,0.999,LAMBDA_ALT,1,0,0,1e-06,ACCEPTED
r48u_20260914_JPLM_IF_ils_feedback_fix1,JPLM,IF,ils_feedback,2024-07-17T00:22:00,USER_IF_L1_SD_CONDITIONAL,1,1,1,0,0.338011,0.338011,0.999,LAMBDA_ALT,0,0,0,1e-06,BEST_1D_BOOTSTRAP_TOO_LOW
r48u_20260914_JPLM_IF_ils_feedback_fix1,JPLM,IF,ils_feedback,2024-07-17T00:22:30,USER_IF_WL_SD,4,4,1,1,0.999992,0.600496,0.999,LAMBDA_ALT,1,0,0,1e-06,ACCEPTED
r48u_20260914_JPLM_IF_ils_feedback_fix1,JPLM,IF,ils_feedback,2024-07-17T00:22:30,USER_IF_L1_SD_CONDITIONAL,1,1,1,0,0.345845,0.345845,0.999,LAMBDA_ALT,0,0,0,1e-06,BEST_1D_BOOTSTRAP_TOO_LOW
r48u_20260914_JPLM_IF_ils_feedback_fix1,JPLM,IF,ils_feedback,2024-07-17T00:23:00,USER_IF_WL_SD,4,4,1,1,0.999995,0.633267,0.999,LAMBDA_ALT,1,0,0,1e-06,ACCEPTED
r48u_20260914_JPLM_IF_ils_feedback_fix1,JPLM,IF,ils_feedback,2024-07-17T00:23:00,USER_IF_L1_SD_CONDITIONAL,1,1,1,0,0.352927,0.352927,0.999,LAMBDA_ALT,0,0,0,1e-06,BEST_1D_BOOTSTRAP_TOO_LOW
r48u_20260914_JPLM_IF_ils_feedback_fix1,JPLM,IF,ils_feedback,2024-07-17T00:23:30,USER_IF_WL_SD,3,3,1,1,0.999997,0.991441,0.999,LAMBDA_ALT,1,0,0,1e-06,ACCEPTED
r48u_20260914_JPLM_IF_ils_feedback_fix1,JPLM,IF,ils_feedback,2024-07-17T00:23:30,USER_IF_L1_SD_CONDITIONAL,1,1,1,0,0.358053,0.358053,0.999,LAMBDA_ALT,0,0,0,1e-06,BEST_1D_BOOTSTRAP_TOO_LOW
r48u_20260914_JPLM_IF_ils_feedback_fix1,JPLM,IF,ils_feedback,2024-07-17T00:24:00,USER_IF_WL_SD,4,4,1,1,0.999998,0.664845,0.999,LAMBDA_ALT,1,0,0,1e-06,ACCEPTED
r48u_20260914_JPLM_IF_ils_feedback_fix1,JPLM,IF,ils_feedback,2024-07-17T00:24:00,USER_IF_L1_SD_CONDITIONAL,1,1,1,0,0.363122,0.363122,0.999,LAMBDA_ALT,0,0,0,1e-06,BEST_1D_BOOTSTRAP_TOO_LOW
r48u_20260914_JPLM_IF_ils_feedback_fix1,JPLM,IF,ils_feedback,2024-07-17T00:24:30,USER_IF_WL_SD,4,4,1,1,0.999999,0.692213,0.999,LAMBDA_ALT,1,0,0,1e-06,ACCEPTED
r48u_20260914_JPLM_IF_ils_feedback_fix1,JPLM,IF,ils_feedback,2024-07-17T00:24:30,USER_IF_L1_SD_CONDITIONAL,1,1,1,0,0.368112,0.368112,0.999,LAMBDA_ALT,0,0,0,1e-06,BEST_1D_BOOTSTRAP_TOO_LOW
r48u_20260914_JPLM_IF_ils_feedback_fix1,JPLM,IF,ils_feedback,2024-07-17T00:25:00,USER_IF_WL_SD,4,4,1,1,0.999999,0.717254,0.999,LAMBDA_ALT,1,0,0,1e-06,ACCEPTED
r48u_20260914_JPLM_IF_ils_feedback_fix1,JPLM,IF,ils_feedback,2024-07-17T00:25:00,USER_IF_L1_SD_CONDITIONAL,1,1,1,0,0.37302,0.37302,0.999,LAMBDA_ALT,0,0,0,1e-06,BEST_1D_BOOTSTRAP_TOO_LOW
r48u_20260914_JPLM_IF_ils_feedback_fix1,JPLM,IF,ils_feedback,2024-07-17T00:25:30,USER_IF_WL_SD,3,3,1,1,1,0.741162,0.999,LAMBDA_ALT,1,0,0,1e-06,ACCEPTED
r48u_20260914_JPLM_IF_ils_feedback_fix1,JPLM,IF,ils_feedback,2024-07-17T00:25:30,USER_IF_L1_SD_CONDITIONAL,1,1,1,0,0.37784,0.37784,0.999,LAMBDA_ALT,0,0,0,1e-06,BEST_1D_BOOTSTRAP_TOO_LOW
r48u_20260914_JPLM_IF_ils_feedback_fix1,JPLM,IF,ils_feedback,2024-07-17T00:26:00,USER_IF_WL_SD,4,4,1,1,1,0.761,0.999,LAMBDA_ALT,1,0,0,1e-06,ACCEPTED
r48u_20260914_JPLM_IF_ils_feedback_fix1,JPLM,IF,ils_feedback,2024-07-17T00:26:00,USER_IF_L1_SD_CONDITIONAL,1,1,1,0,0.382566,0.382566,0.999,LAMBDA_ALT,0,0,0,1e-06,BEST_1D_BOOTSTRAP_TOO_LOW
r48u_20260914_JPLM_IF_ils_feedback_fix1,JPLM,IF,ils_feedback,2024-07-17T00:26:30,USER_IF_WL_SD,4,4,1,2,1,0.780521,0.999,LAMBDA_ALT,1,0,0,1e-06,ACCEPTED
r48u_20260914_JPLM_IF_ils_feedback_fix1,JPLM,IF,ils_feedback,2024-07-17T00:26:30,USER_IF_L1_SD_CONDITIONAL,1,1,1,0,0.387192,0.387192,0.999,LAMBDA_ALT,0,0,0,1e-06,BEST_1D_BOOTSTRAP_TOO_LOW
r48u_20260914_JPLM_IF_ils_feedback_fix1,JPLM,IF,ils_feedback,2024-07-17T00:27:00,USER_IF_WL_SD,3,3,1,0,0.998573,0.795661,0.999,LAMBDA_ALT,0,0,0,1e-06,BEST_1D_BOOTSTRAP_TOO_LOW
r48u_20260914_JPLM_IF_ils_feedback_fix1,JPLM,IF,ils_feedback,2024-07-17T00:27:30,USER_IF_WL_SD,3,3,1,0,0.998764,0.812269,0.999,LAMBDA_ALT,0,0,0,1e-06,BEST_1D_BOOTSTRAP_TOO_LOW
r48u_20260914_JPLM_IF_ils_feedback_fix1,JPLM,IF,ils_feedback,2024-07-17T00:28:00,USER_IF_WL_SD,3,3,1,0,0.998928,0.827607,0.999,LAMBDA_ALT,0,0,0,1e-06,BEST_1D_BOOTSTRAP_TOO_LOW
r48u_20260914_JPLM_IF_ils_feedback_fix1,JPLM,IF,ils_feedback,2024-07-17T00:28:30,USER_IF_WL_SD,4,4,1,1,0.999064,0.594031,0.999,LAMBDA_ALT,1,0,0,1e-06,ACCEPTED
r48u_20260914_JPLM_IF_ils_feedback_fix1,JPLM,IF,ils_feedback,2024-07-17T00:29:00,USER_IF_WL_SD,4,4,1,1,0.999185,0.737317,0.999,LAMBDA_ALT,1,0,0,1e-06,ACCEPTED
r48u_20260914_JPLM_IF_ils_feedback_fix1,JPLM,IF,ils_feedback,2024-07-17T00:29:30,USER_IF_WL_SD,4,4,1,1,0.999288,0.807337,0.999,LAMBDA_ALT,1,0,0,1e-06,ACCEPTED
r48u_20260914_JPLM_IF_ils_feedback_fix1,JPLM,IF,ils_feedback,2024-07-17T00:30:00,USER_IF_WL_SD,4,4,1,1,0.999377,0.847015,0.999,LAMBDA_ALT,1,0,0,1e-06,ACCEPTED
r48u_20260914_DYNG_UDUC_round_shadow_fix1,DYNG,UDUC,round_shadow,2024-07-17T00:10:30,USER_WL_SD,4,4,3,0,0,0,0.99,ROUND,0,0,0,1e-06,NON_LAMBDA_MODE
r48u_20260914_DYNG_UDUC_round_shadow_fix1,DYNG,UDUC,round_shadow,2024-07-17T00:17:00,USER_WL_SD,4,4,3,0,0,0,0.99,ROUND,0,0,0,1e-06,NON_LAMBDA_MODE
r48u_20260914_DYNG_UDUC_round_shadow_fix1,DYNG,UDUC,round_shadow,2024-07-17T00:17:00,USER_L1_SD_CONDITIONAL,4,4,3,0,0,0,0.99,ROUND,0,0,0,1e-06,NON_LAMBDA_MODE
r48u_20260914_DYNG_UDUC_round_shadow_fix1,DYNG,UDUC,round_shadow,2024-07-17T00:17:30,USER_WL_SD,4,4,3,0,0,0,0.99,ROUND,0,0,0,1e-06,NON_LAMBDA_MODE
r48u_20260914_DYNG_UDUC_round_shadow_fix1,DYNG,UDUC,round_shadow,2024-07-17T00:17:30,USER_L1_SD_CONDITIONAL,4,4,3,0,0,0,0.99,ROUND,0,0,0,1e-06,NON_LAMBDA_MODE
r48u_20260914_DYNG_UDUC_round_shadow_fix1,DYNG,UDUC,round_shadow,2024-07-17T00:18:00,USER_WL_SD,4,4,3,0,0,0,0.99,ROUND,0,0,0,1e-06,NON_LAMBDA_MODE
r48u_20260914_DYNG_UDUC_round_shadow_fix1,DYNG,UDUC,round_shadow,2024-07-17T00:18:00,USER_L1_SD_CONDITIONAL,4,4,3,0,0,0,0.99,ROUND,0,0,0,1e-06,NON_LAMBDA_MODE
r48u_20260914_DYNG_UDUC_round_shadow_fix1,DYNG,UDUC,round_shadow,2024-07-17T00:18:30,USER_WL_SD,4,4,3,0,0,0,0.99,ROUND,0,0,0,1e-06,NON_LAMBDA_MODE
r48u_20260914_DYNG_UDUC_round_shadow_fix1,DYNG,UDUC,round_shadow,2024-07-17T00:18:30,USER_L1_SD_CONDITIONAL,4,4,3,0,0,0,0.99,ROUND,0,0,0,1e-06,NON_LAMBDA_MODE
r48u_20260914_DYNG_UDUC_round_shadow_fix1,DYNG,UDUC,round_shadow,2024-07-17T00:19:00,USER_WL_SD,4,4,3,0,0,0,0.99,ROUND,0,0,0,1e-06,NON_LAMBDA_MODE
r48u_20260914_DYNG_UDUC_round_shadow_fix1,DYNG,UDUC,round_shadow,2024-07-17T00:19:00,USER_L1_SD_CONDITIONAL,4,4,3,0,0,0,0.99,ROUND,0,0,0,1e-06,NON_LAMBDA_MODE
r48u_20260914_DYNG_UDUC_round_shadow_fix1,DYNG,UDUC,round_shadow,2024-07-17T00:19:30,USER_WL_SD,4,4,3,0,0,0,0.99,ROUND,0,0,0,1e-06,NON_LAMBDA_MODE
r48u_20260914_DYNG_UDUC_round_shadow_fix1,DYNG,UDUC,round_shadow,2024-07-17T00:19:30,USER_L1_SD_CONDITIONAL,4,4,3,0,0,0,0.99,ROUND,0,0,0,1e-06,NON_LAMBDA_MODE
r48u_20260914_DYNG_UDUC_round_shadow_fix1,DYNG,UDUC,round_shadow,2024-07-17T00:20:00,USER_WL_SD,4,4,3,0,0,0,0.99,ROUND,0,0,0,1e-06,NON_LAMBDA_MODE
r48u_20260914_DYNG_UDUC_round_shadow_fix1,DYNG,UDUC,round_shadow,2024-07-17T00:20:00,USER_L1_SD_CONDITIONAL,4,4,3,0,0,0,0.99,ROUND,0,0,0,1e-06,NON_LAMBDA_MODE
r48u_20260914_DYNG_UDUC_round_shadow_fix1,DYNG,UDUC,round_shadow,2024-07-17T00:20:30,USER_WL_SD,5,5,3,0,0,0,0.99,ROUND,0,0,0,1e-06,NON_LAMBDA_MODE
r48u_20260914_DYNG_UDUC_round_shadow_fix1,DYNG,UDUC,round_shadow,2024-07-17T00:20:30,USER_L1_SD_CONDITIONAL,5,5,3,0,0,0,0.99,ROUND,0,0,0,1e-06,NON_LAMBDA_MODE
r48u_20260914_DYNG_UDUC_round_shadow_fix1,DYNG,UDUC,round_shadow,2024-07-17T00:21:00,USER_WL_SD,4,4,3,0,0,0,0.99,ROUND,0,0,0,1e-06,NON_LAMBDA_MODE
r48u_20260914_DYNG_UDUC_round_shadow_fix1,DYNG,UDUC,round_shadow,2024-07-17T00:21:00,USER_L1_SD_CONDITIONAL,4,4,3,0,0,0,0.99,ROUND,0,0,0,1e-06,NON_LAMBDA_MODE
r48u_20260914_DYNG_UDUC_round_shadow_fix1,DYNG,UDUC,round_shadow,2024-07-17T00:21:30,USER_WL_SD,5,5,3,0,0,0,0.99,ROUND,0,0,0,1e-06,NON_LAMBDA_MODE
r48u_20260914_DYNG_UDUC_round_shadow_fix1,DYNG,UDUC,round_shadow,2024-07-17T00:21:30,USER_L1_SD_CONDITIONAL,5,5,3,0,0,0,0.99,ROUND,0,0,0,1e-06,NON_LAMBDA_MODE
r48u_20260914_DYNG_UDUC_round_shadow_fix1,DYNG,UDUC,round_shadow,2024-07-17T00:22:00,USER_WL_SD,5,5,3,0,0,0,0.99,ROUND,0,0,0,1e-06,NON_LAMBDA_MODE
r48u_20260914_DYNG_UDUC_round_shadow_fix1,DYNG,UDUC,round_shadow,2024-07-17T00:22:00,USER_L1_SD_CONDITIONAL,5,5,3,0,0,0,0.99,ROUND,0,0,0,1e-06,NON_LAMBDA_MODE
r48u_20260914_DYNG_UDUC_round_shadow_fix1,DYNG,UDUC,round_shadow,2024-07-17T00:22:30,USER_WL_SD,5,5,3,0,0,0,0.99,ROUND,0,0,0,1e-06,NON_LAMBDA_MODE
r48u_20260914_DYNG_UDUC_round_shadow_fix1,DYNG,UDUC,round_shadow,2024-07-17T00:22:30,USER_L1_SD_CONDITIONAL,5,5,3,0,0,0,0.99,ROUND,0,0,0,1e-06,NON_LAMBDA_MODE
r48u_20260914_DYNG_UDUC_round_shadow_fix1,DYNG,UDUC,round_shadow,2024-07-17T00:23:00,USER_WL_SD,5,5,3,0,0,0,0.99,ROUND,0,0,0,1e-06,NON_LAMBDA_MODE
r48u_20260914_DYNG_UDUC_round_shadow_fix1,DYNG,UDUC,round_shadow,2024-07-17T00:23:00,USER_L1_SD_CONDITIONAL,5,5,3,0,0,0,0.99,ROUND,0,0,0,1e-06,NON_LAMBDA_MODE
r48u_20260914_DYNG_UDUC_round_shadow_fix1,DYNG,UDUC,round_shadow,2024-07-17T00:23:30,USER_WL_SD,4,4,3,0,0,0,0.99,ROUND,0,0,0,1e-06,NON_LAMBDA_MODE
r48u_20260914_DYNG_UDUC_round_shadow_fix1,DYNG,UDUC,round_shadow,2024-07-17T00:23:30,USER_L1_SD_CONDITIONAL,4,4,3,0,0,0,0.99,ROUND,0,0,0,1e-06,NON_LAMBDA_MODE
r48u_20260914_DYNG_UDUC_round_shadow_fix1,DYNG,UDUC,round_shadow,2024-07-17T00:24:00,USER_WL_SD,4,4,3,0,0,0,0.99,ROUND,0,0,0,1e-06,NON_LAMBDA_MODE
r48u_20260914_DYNG_UDUC_round_shadow_fix1,DYNG,UDUC,round_shadow,2024-07-17T00:24:00,USER_L1_SD_CONDITIONAL,4,4,3,0,0,0,0.99,ROUND,0,0,0,1e-06,NON_LAMBDA_MODE
r48u_20260914_DYNG_UDUC_round_shadow_fix1,DYNG,UDUC,round_shadow,2024-07-17T00:24:30,USER_WL_SD,4,4,3,0,0,0,0.99,ROUND,0,0,0,1e-06,NON_LAMBDA_MODE
r48u_20260914_DYNG_UDUC_round_shadow_fix1,DYNG,UDUC,round_shadow,2024-07-17T00:24:30,USER_L1_SD_CONDITIONAL,4,4,3,0,0,0,0.99,ROUND,0,0,0,1e-06,NON_LAMBDA_MODE
r48u_20260914_DYNG_UDUC_round_shadow_fix1,DYNG,UDUC,round_shadow,2024-07-17T00:25:00,USER_WL_SD,4,4,3,0,0,0,0.99,ROUND,0,0,0,1e-06,NON_LAMBDA_MODE
r48u_20260914_DYNG_UDUC_round_shadow_fix1,DYNG,UDUC,round_shadow,2024-07-17T00:25:00,USER_L1_SD_CONDITIONAL,4,4,3,0,0,0,0.99,ROUND,0,0,0,1e-06,NON_LAMBDA_MODE
r48u_20260914_DYNG_UDUC_round_shadow_fix1,DYNG,UDUC,round_shadow,2024-07-17T00:26:00,USER_WL_SD,4,4,3,0,0,0,0.99,ROUND,0,0,0,1e-06,NON_LAMBDA_MODE
r48u_20260914_DYNG_UDUC_round_shadow_fix1,DYNG,UDUC,round_shadow,2024-07-17T00:26:00,USER_L1_SD_CONDITIONAL,4,4,3,0,0,0,0.99,ROUND,0,0,0,1e-06,NON_LAMBDA_MODE
r48u_20260914_DYNG_UDUC_round_shadow_fix1,DYNG,UDUC,round_shadow,2024-07-17T00:26:30,USER_WL_SD,4,4,3,0,0,0,0.99,ROUND,0,0,0,1e-06,NON_LAMBDA_MODE
r48u_20260914_DYNG_UDUC_round_shadow_fix1,DYNG,UDUC,round_shadow,2024-07-17T00:26:30,USER_L1_SD_CONDITIONAL,4,4,3,0,0,0,0.99,ROUND,0,0,0,1e-06,NON_LAMBDA_MODE
r48u_20260914_DYNG_UDUC_round_shadow_fix1,DYNG,UDUC,round_shadow,2024-07-17T00:27:00,USER_WL_SD,5,5,3,0,0,0,0.99,ROUND,0,0,0,1e-06,NON_LAMBDA_MODE
r48u_20260914_DYNG_UDUC_round_shadow_fix1,DYNG,UDUC,round_shadow,2024-07-17T00:27:00,USER_L1_SD_CONDITIONAL,5,5,3,0,0,0,0.99,ROUND,0,0,0,1e-06,NON_LAMBDA_MODE
r48u_20260914_DYNG_UDUC_round_shadow_fix1,DYNG,UDUC,round_shadow,2024-07-17T00:27:30,USER_WL_SD,5,5,3,0,0,0,0.99,ROUND,0,0,0,1e-06,NON_LAMBDA_MODE
r48u_20260914_DYNG_UDUC_round_shadow_fix1,DYNG,UDUC,round_shadow,2024-07-17T00:27:30,USER_L1_SD_CONDITIONAL,5,5,3,0,0,0,0.99,ROUND,0,0,0,1e-06,NON_LAMBDA_MODE
r48u_20260914_DYNG_UDUC_round_shadow_fix1,DYNG,UDUC,round_shadow,2024-07-17T00:28:00,USER_WL_SD,5,5,3,0,0,0,0.99,ROUND,0,0,0,1e-06,NON_LAMBDA_MODE
r48u_20260914_DYNG_UDUC_round_shadow_fix1,DYNG,UDUC,round_shadow,2024-07-17T00:28:00,USER_L1_SD_CONDITIONAL,5,5,3,0,0,0,0.99,ROUND,0,0,0,1e-06,NON_LAMBDA_MODE
r48u_20260914_DYNG_UDUC_round_shadow_fix1,DYNG,UDUC,round_shadow,2024-07-17T00:28:30,USER_WL_SD,5,5,3,0,0,0,0.99,ROUND,0,0,0,1e-06,NON_LAMBDA_MODE
r48u_20260914_DYNG_UDUC_round_shadow_fix1,DYNG,UDUC,round_shadow,2024-07-17T00:28:30,USER_L1_SD_CONDITIONAL,5,5,3,0,0,0,0.99,ROUND,0,0,0,1e-06,NON_LAMBDA_MODE
r48u_20260914_DYNG_UDUC_round_shadow_fix1,DYNG,UDUC,round_shadow,2024-07-17T00:29:00,USER_WL_SD,5,5,3,0,0,0,0.99,ROUND,0,0,0,1e-06,NON_LAMBDA_MODE
r48u_20260914_DYNG_UDUC_round_shadow_fix1,DYNG,UDUC,round_shadow,2024-07-17T00:29:00,USER_L1_SD_CONDITIONAL,5,5,3,0,0,0,0.99,ROUND,0,0,0,1e-06,NON_LAMBDA_MODE
r48u_20260914_DYNG_UDUC_round_shadow_fix1,DYNG,UDUC,round_shadow,2024-07-17T00:29:30,USER_WL_SD,5,5,3,0,0,0,0.99,ROUND,0,0,0,1e-06,NON_LAMBDA_MODE
r48u_20260914_DYNG_UDUC_round_shadow_fix1,DYNG,UDUC,round_shadow,2024-07-17T00:29:30,USER_L1_SD_CONDITIONAL,5,5,3,0,0,0,0.99,ROUND,0,0,0,1e-06,NON_LAMBDA_MODE
r48u_20260914_DYNG_UDUC_round_shadow_fix1,DYNG,UDUC,round_shadow,2024-07-17T00:30:00,USER_WL_SD,5,5,3,0,0,0,0.99,ROUND,0,0,0,1e-06,NON_LAMBDA_MODE
r48u_20260914_DYNG_UDUC_round_shadow_fix1,DYNG,UDUC,round_shadow,2024-07-17T00:30:00,USER_L1_SD_CONDITIONAL,5,5,3,0,0,0,0.99,ROUND,0,0,0,1e-06,NON_LAMBDA_MODE
r48u_20260914_DYNG_UDUC_round_feedback_fix1,DYNG,UDUC,round_feedback,2024-07-17T00:10:30,USER_WL_SD,4,4,3,0,0,0,0.99,ROUND,0,0,0,1e-06,NON_LAMBDA_MODE
r48u_20260914_DYNG_UDUC_round_feedback_fix1,DYNG,UDUC,round_feedback,2024-07-17T00:17:00,USER_WL_SD,4,4,3,0,0,0,0.99,ROUND,0,0,0,1e-06,NON_LAMBDA_MODE
r48u_20260914_DYNG_UDUC_round_feedback_fix1,DYNG,UDUC,round_feedback,2024-07-17T00:17:00,USER_L1_SD_CONDITIONAL,4,4,3,0,0,0,0.99,ROUND,0,0,0,1e-06,NON_LAMBDA_MODE
r48u_20260914_DYNG_UDUC_round_feedback_fix1,DYNG,UDUC,round_feedback,2024-07-17T00:17:30,USER_L1_SD_CONDITIONAL,4,4,3,0,0,0,0.99,ROUND,0,0,0,1e-06,NON_LAMBDA_MODE
r48u_20260914_DYNG_UDUC_round_feedback_fix1,DYNG,UDUC,round_feedback,2024-07-17T00:22:00,USER_L1_SD_CONDITIONAL,5,5,3,0,0,0,0.99,ROUND,0,0,0,1e-06,NON_LAMBDA_MODE
r48u_20260914_DYNG_UDUC_round_feedback_fix1,DYNG,UDUC,round_feedback,2024-07-17T00:22:30,USER_L1_SD_CONDITIONAL,5,5,3,0,0,0,0.99,ROUND,0,0,0,1e-06,NON_LAMBDA_MODE
r48u_20260914_DYNG_UDUC_ils_shadow_fix1,DYNG,UDUC,ils_shadow,2024-07-17T00:10:30,USER_WL_SD,4,4,1,0,0.994481,0.918358,0.999,LAMBDA_ALT,0,0,0,1e-06,BEST_1D_BOOTSTRAP_TOO_LOW
r48u_20260914_DYNG_UDUC_ils_shadow_fix1,DYNG,UDUC,ils_shadow,2024-07-17T00:17:00,USER_WL_SD,4,4,1,3,0.999891,0.990022,0.999,LAMBDA_ALT,1,0,0,1e-06,ACCEPTED
r48u_20260914_DYNG_UDUC_ils_shadow_fix1,DYNG,UDUC,ils_shadow,2024-07-17T00:17:00,USER_L1_SD_CONDITIONAL,4,4,1,0,0.954146,0.0829284,0.999,LAMBDA_ALT,0,0,0,1e-06,BEST_1D_BOOTSTRAP_TOO_LOW
r48u_20260914_DYNG_UDUC_ils_shadow_fix1,DYNG,UDUC,ils_shadow,2024-07-17T00:17:30,USER_WL_SD,4,4,1,3,0.999921,0.991506,0.999,LAMBDA_ALT,1,0,0,1e-06,ACCEPTED
r48u_20260914_DYNG_UDUC_ils_shadow_fix1,DYNG,UDUC,ils_shadow,2024-07-17T00:17:30,USER_L1_SD_CONDITIONAL,4,4,1,0,0.963698,0.0934162,0.999,LAMBDA_ALT,0,0,0,1e-06,BEST_1D_BOOTSTRAP_TOO_LOW
r48u_20260914_DYNG_UDUC_ils_shadow_fix1,DYNG,UDUC,ils_shadow,2024-07-17T00:18:00,USER_WL_SD,4,4,1,3,0.999943,0.992772,0.999,LAMBDA_ALT,1,0,0,1e-06,ACCEPTED
r48u_20260914_DYNG_UDUC_ils_shadow_fix1,DYNG,UDUC,ils_shadow,2024-07-17T00:18:00,USER_L1_SD_CONDITIONAL,4,4,1,0,0.971482,0.103974,0.999,LAMBDA_ALT,0,0,0,1e-06,BEST_1D_BOOTSTRAP_TOO_LOW
r48u_20260914_DYNG_UDUC_ils_shadow_fix1,DYNG,UDUC,ils_shadow,2024-07-17T00:18:30,USER_WL_SD,4,4,1,3,0.999959,0.993852,0.999,LAMBDA_ALT,1,0,0,1e-06,ACCEPTED
r48u_20260914_DYNG_UDUC_ils_shadow_fix1,DYNG,UDUC,ils_shadow,2024-07-17T00:18:30,USER_L1_SD_CONDITIONAL,4,4,1,0,0.977779,0.114315,0.999,LAMBDA_ALT,0,0,0,1e-06,BEST_1D_BOOTSTRAP_TOO_LOW
r48u_20260914_DYNG_UDUC_ils_shadow_fix1,DYNG,UDUC,ils_shadow,2024-07-17T00:19:00,USER_WL_SD,4,4,1,3,0.99997,0.994773,0.999,LAMBDA_ALT,1,0,0,1e-06,ACCEPTED
r48u_20260914_DYNG_UDUC_ils_shadow_fix1,DYNG,UDUC,ils_shadow,2024-07-17T00:19:00,USER_L1_SD_CONDITIONAL,4,4,1,0,0.982833,0.124614,0.999,LAMBDA_ALT,0,0,0,1e-06,BEST_1D_BOOTSTRAP_TOO_LOW
r48u_20260914_DYNG_UDUC_ils_shadow_fix1,DYNG,UDUC,ils_shadow,2024-07-17T00:19:30,USER_WL_SD,4,4,1,3,0.999978,0.995556,0.999,LAMBDA_ALT,1,0,0,1e-06,ACCEPTED
r48u_20260914_DYNG_UDUC_ils_shadow_fix1,DYNG,UDUC,ils_shadow,2024-07-17T00:19:30,USER_L1_SD_CONDITIONAL,4,4,1,0,0.98685,0.134783,0.999,LAMBDA_ALT,0,0,0,1e-06,BEST_1D_BOOTSTRAP_TOO_LOW
r48u_20260914_DYNG_UDUC_ils_shadow_fix1,DYNG,UDUC,ils_shadow,2024-07-17T00:20:00,USER_WL_SD,4,4,1,3,0.999984,0.996218,0.999,LAMBDA_ALT,1,0,0,1e-06,ACCEPTED
r48u_20260914_DYNG_UDUC_ils_shadow_fix1,DYNG,UDUC,ils_shadow,2024-07-17T00:20:00,USER_L1_SD_CONDITIONAL,4,4,1,0,0.990013,0.144281,0.999,LAMBDA_ALT,0,0,0,1e-06,BEST_1D_BOOTSTRAP_TOO_LOW
r48u_20260914_DYNG_UDUC_ils_shadow_fix1,DYNG,UDUC,ils_shadow,2024-07-17T00:20:30,USER_WL_SD,5,5,1,3,0.999989,0.991599,0.999,LAMBDA_ALT,1,0,0,1e-06,ACCEPTED
r48u_20260914_DYNG_UDUC_ils_shadow_fix1,DYNG,UDUC,ils_shadow,2024-07-17T00:20:30,USER_L1_SD_CONDITIONAL,5,5,1,0,0.992493,0.0897543,0.999,LAMBDA_ALT,0,0,0,1e-06,BEST_1D_BOOTSTRAP_TOO_LOW
r48u_20260914_DYNG_UDUC_ils_shadow_fix1,DYNG,UDUC,ils_shadow,2024-07-17T00:21:00,USER_WL_SD,4,4,1,3,0.999992,0.99727,0.999,LAMBDA_ALT,1,0,0,1e-06,ACCEPTED
r48u_20260914_DYNG_UDUC_ils_shadow_fix1,DYNG,UDUC,ils_shadow,2024-07-17T00:21:00,USER_L1_SD_CONDITIONAL,4,4,1,0,0.994403,0.16472,0.999,LAMBDA_ALT,0,0,0,1e-06,BEST_1D_BOOTSTRAP_TOO_LOW
r48u_20260914_DYNG_UDUC_ils_shadow_fix1,DYNG,UDUC,ils_shadow,2024-07-17T00:21:30,USER_WL_SD,5,5,1,3,0.999994,0.994813,0.999,LAMBDA_ALT,1,0,0,1e-06,ACCEPTED
r48u_20260914_DYNG_UDUC_ils_shadow_fix1,DYNG,UDUC,ils_shadow,2024-07-17T00:21:30,USER_L1_SD_CONDITIONAL,5,5,1,0,0.995873,0.107036,0.999,LAMBDA_ALT,0,0,0,1e-06,BEST_1D_BOOTSTRAP_TOO_LOW
r48u_20260914_DYNG_UDUC_ils_shadow_fix1,DYNG,UDUC,ils_shadow,2024-07-17T00:22:00,USER_WL_SD,5,5,1,3,0.999996,0.995934,0.999,LAMBDA_ALT,1,0,0,1e-06,ACCEPTED
r48u_20260914_DYNG_UDUC_ils_shadow_fix1,DYNG,UDUC,ils_shadow,2024-07-17T00:22:00,USER_L1_SD_CONDITIONAL,5,5,1,0,0.996988,0.116142,0.999,LAMBDA_ALT,0,0,0,1e-06,BEST_1D_BOOTSTRAP_TOO_LOW
r48u_20260914_DYNG_UDUC_ils_shadow_fix1,DYNG,UDUC,ils_shadow,2024-07-17T00:22:30,USER_WL_SD,5,5,1,3,0.999997,0.9968,0.999,LAMBDA_ALT,1,0,0,1e-06,ACCEPTED
r48u_20260914_DYNG_UDUC_ils_shadow_fix1,DYNG,UDUC,ils_shadow,2024-07-17T00:22:30,USER_L1_SD_CONDITIONAL,5,5,1,0,0.997826,0.125364,0.999,LAMBDA_ALT,0,0,0,1e-06,BEST_1D_BOOTSTRAP_TOO_LOW
r48u_20260914_DYNG_UDUC_ils_shadow_fix1,DYNG,UDUC,ils_shadow,2024-07-17T00:23:00,USER_WL_SD,5,5,1,3,0.999998,0.997472,0.999,LAMBDA_ALT,1,0,0,1e-06,ACCEPTED
r48u_20260914_DYNG_UDUC_ils_shadow_fix1,DYNG,UDUC,ils_shadow,2024-07-17T00:23:00,USER_L1_SD_CONDITIONAL,5,5,1,0,0.998449,0.134692,0.999,LAMBDA_ALT,0,0,0,1e-06,BEST_1D_BOOTSTRAP_TOO_LOW
r48u_20260914_DYNG_UDUC_ils_shadow_fix1,DYNG,UDUC,ils_shadow,2024-07-17T00:23:30,USER_WL_SD,4,4,1,3,0.999998,0.998807,0.999,LAMBDA_ALT,1,0,0,1e-06,ACCEPTED
r48u_20260914_DYNG_UDUC_ils_shadow_fix1,DYNG,UDUC,ils_shadow,2024-07-17T00:23:30,USER_L1_SD_CONDITIONAL,4,4,1,0,0.998906,0.21462,0.999,LAMBDA_ALT,0,0,0,1e-06,BEST_1D_BOOTSTRAP_TOO_LOW
r48u_20260914_DYNG_UDUC_ils_shadow_fix1,DYNG,UDUC,ils_shadow,2024-07-17T00:24:00,USER_WL_SD,4,4,1,3,0.999999,0.99899,0.999,LAMBDA_ALT,1,0,0,1e-06,ACCEPTED
r48u_20260914_DYNG_UDUC_ils_shadow_fix1,DYNG,UDUC,ils_shadow,2024-07-17T00:24:00,USER_L1_SD_CONDITIONAL,4,4,1,1,0.999239,0.224319,0.999,LAMBDA_ALT,1,0,0,1e-06,ACCEPTED
r48u_20260914_DYNG_UDUC_ils_shadow_fix1,DYNG,UDUC,ils_shadow,2024-07-17T00:24:30,USER_WL_SD,4,4,1,4,0.999999,0.999146,0.999,LAMBDA_ALT,1,0,0,1e-06,ACCEPTED
r48u_20260914_DYNG_UDUC_ils_shadow_fix1,DYNG,UDUC,ils_shadow,2024-07-17T00:24:30,USER_L1_SD_CONDITIONAL,4,4,1,1,0.99948,0.49845,0.999,LAMBDA_ALT,1,0,0,1e-06,ACCEPTED
r48u_20260914_DYNG_UDUC_ils_shadow_fix1,DYNG,UDUC,ils_shadow,2024-07-17T00:25:00,USER_WL_SD,4,4,1,4,0.999999,0.999278,0.999,LAMBDA_ALT,1,0,0,1e-06,ACCEPTED
r48u_20260914_DYNG_UDUC_ils_shadow_fix1,DYNG,UDUC,ils_shadow,2024-07-17T00:25:00,USER_L1_SD_CONDITIONAL,4,4,1,1,0.99965,0.516105,0.999,LAMBDA_ALT,1,0,0,1e-06,ACCEPTED
r48u_20260914_DYNG_UDUC_ils_shadow_fix1,DYNG,UDUC,ils_shadow,2024-07-17T00:26:00,USER_WL_SD,4,4,1,4,1,0.999487,0.999,LAMBDA_ALT,1,0,0,1e-06,ACCEPTED
r48u_20260914_DYNG_UDUC_ils_shadow_fix1,DYNG,UDUC,ils_shadow,2024-07-17T00:26:00,USER_L1_SD_CONDITIONAL,4,4,1,1,0.99985,0.550688,0.999,LAMBDA_ALT,1,0,0,1e-06,ACCEPTED
r48u_20260914_DYNG_UDUC_ils_shadow_fix1,DYNG,UDUC,ils_shadow,2024-07-17T00:26:30,USER_WL_SD,4,4,1,4,1,0.999567,0.999,LAMBDA_ALT,1,0,0,1e-06,ACCEPTED
r48u_20260914_DYNG_UDUC_ils_shadow_fix1,DYNG,UDUC,ils_shadow,2024-07-17T00:26:30,USER_L1_SD_CONDITIONAL,4,4,1,1,0.999904,0.567313,0.999,LAMBDA_ALT,1,0,0,1e-06,ACCEPTED
r48u_20260914_DYNG_UDUC_ils_shadow_fix1,DYNG,UDUC,ils_shadow,2024-07-17T00:27:00,USER_WL_SD,5,5,1,5,1,0.999478,0.999,LAMBDA_ALT,1,0,0,1e-06,ACCEPTED
r48u_20260914_DYNG_UDUC_ils_shadow_fix1,DYNG,UDUC,ils_shadow,2024-07-17T00:27:00,USER_L1_SD_CONDITIONAL,5,5,1,2,0.999941,0.98148,0.999,LAMBDA_ALT,1,0,0,1e-06,ACCEPTED
r48u_20260914_DYNG_UDUC_ils_shadow_fix1,DYNG,UDUC,ils_shadow,2024-07-17T00:27:30,USER_WL_SD,5,5,1,4,1,0.632095,0.999,LAMBDA_ALT,1,0,0,1e-06,ACCEPTED
r48u_20260914_DYNG_UDUC_ils_shadow_fix1,DYNG,UDUC,ils_shadow,2024-07-17T00:27:30,USER_L1_SD_CONDITIONAL,5,5,1,2,0.999964,0.121423,0.999,LAMBDA_ALT,1,0,0,1e-06,ACCEPTED
r48u_20260914_DYNG_UDUC_ils_shadow_fix1,DYNG,UDUC,ils_shadow,2024-07-17T00:28:00,USER_WL_SD,5,5,1,4,1,0.779787,0.999,LAMBDA_ALT,1,0,0,1e-06,ACCEPTED
r48u_20260914_DYNG_UDUC_ils_shadow_fix1,DYNG,UDUC,ils_shadow,2024-07-17T00:28:00,USER_L1_SD_CONDITIONAL,5,5,1,3,0.999979,0.168569,0.999,LAMBDA_ALT,1,0,0,1e-06,ACCEPTED
r48u_20260914_DYNG_UDUC_ils_shadow_fix1,DYNG,UDUC,ils_shadow,2024-07-17T00:28:30,USER_WL_SD,5,5,1,4,1,0.861047,0.999,LAMBDA_ALT,1,0,0,1e-06,ACCEPTED
r48u_20260914_DYNG_UDUC_ils_shadow_fix1,DYNG,UDUC,ils_shadow,2024-07-17T00:28:30,USER_L1_SD_CONDITIONAL,5,5,1,3,0.999988,0.207345,0.999,LAMBDA_ALT,1,0,0,1e-06,ACCEPTED
r48u_20260914_DYNG_UDUC_ils_shadow_fix1,DYNG,UDUC,ils_shadow,2024-07-17T00:29:00,USER_WL_SD,5,5,1,4,1,0.910644,0.999,LAMBDA_ALT,1,0,0,1e-06,ACCEPTED
r48u_20260914_DYNG_UDUC_ils_shadow_fix1,DYNG,UDUC,ils_shadow,2024-07-17T00:29:00,USER_L1_SD_CONDITIONAL,5,5,1,3,0.999994,0.242406,0.999,LAMBDA_ALT,1,0,0,1e-06,ACCEPTED
r48u_20260914_DYNG_UDUC_ils_shadow_fix1,DYNG,UDUC,ils_shadow,2024-07-17T00:29:30,USER_WL_SD,5,5,1,4,1,0.941682,0.999,LAMBDA_ALT,1,0,0,1e-06,ACCEPTED
r48u_20260914_DYNG_UDUC_ils_shadow_fix1,DYNG,UDUC,ils_shadow,2024-07-17T00:29:30,USER_L1_SD_CONDITIONAL,5,5,1,3,0.999997,0.274916,0.999,LAMBDA_ALT,1,0,0,1e-06,ACCEPTED
r48u_20260914_DYNG_UDUC_ils_shadow_fix1,DYNG,UDUC,ils_shadow,2024-07-17T00:30:00,USER_WL_SD,5,5,1,4,1,0.961564,0.999,LAMBDA_ALT,1,0,0,1e-06,ACCEPTED
r48u_20260914_DYNG_UDUC_ils_shadow_fix1,DYNG,UDUC,ils_shadow,2024-07-17T00:30:00,USER_L1_SD_CONDITIONAL,5,5,1,3,0.999998,0.305675,0.999,LAMBDA_ALT,1,0,0,1e-06,ACCEPTED
r48u_20260914_DYNG_UDUC_ils_feedback_fix1,DYNG,UDUC,ils_feedback,2024-07-17T00:10:30,USER_WL_SD,4,4,1,0,0.994481,0.918358,0.999,LAMBDA_ALT,0,0,0,1e-06,BEST_1D_BOOTSTRAP_TOO_LOW
r48u_20260914_DYNG_UDUC_ils_feedback_fix1,DYNG,UDUC,ils_feedback,2024-07-17T00:17:00,USER_WL_SD,4,4,1,3,0.999891,0.990022,0.999,LAMBDA_ALT,1,0,0,1e-06,ACCEPTED
r48u_20260914_DYNG_UDUC_ils_feedback_fix1,DYNG,UDUC,ils_feedback,2024-07-17T00:17:00,USER_L1_SD_CONDITIONAL,4,4,1,0,0.954146,0.0829284,0.999,LAMBDA_ALT,0,0,0,1e-06,BEST_1D_BOOTSTRAP_TOO_LOW
r48u_20260914_DYNG_UDUC_ils_feedback_fix1,DYNG,UDUC,ils_feedback,2024-07-17T00:17:30,USER_L1_SD_CONDITIONAL,4,4,1,0,0.963698,0.0934162,0.999,LAMBDA_ALT,0,0,0,1e-06,BEST_1D_BOOTSTRAP_TOO_LOW
r48u_20260914_DYNG_UDUC_ils_feedback_fix1,DYNG,UDUC,ils_feedback,2024-07-17T00:22:00,USER_L1_SD_CONDITIONAL,5,5,1,0,0.996988,0.116142,0.999,LAMBDA_ALT,0,0,0,1e-06,BEST_1D_BOOTSTRAP_TOO_LOW
r48u_20260914_DYNG_UDUC_ils_feedback_fix1,DYNG,UDUC,ils_feedback,2024-07-17T00:22:30,USER_L1_SD_CONDITIONAL,5,5,1,0,0.997826,0.125364,0.999,LAMBDA_ALT,0,0,0,1e-06,BEST_1D_BOOTSTRAP_TOO_LOW
r48u_20260914_NICO_UDUC_round_shadow_fix1,NICO,UDUC,round_shadow,2024-07-17T00:10:30,USER_WL_SD,5,5,3,0,0,0,0.99,ROUND,0,0,0,1e-06,NON_LAMBDA_MODE
r48u_20260914_NICO_UDUC_round_shadow_fix1,NICO,UDUC,round_shadow,2024-07-17T00:17:00,USER_WL_SD,4,4,3,0,0,0,0.99,ROUND,0,0,0,1e-06,NON_LAMBDA_MODE
r48u_20260914_NICO_UDUC_round_shadow_fix1,NICO,UDUC,round_shadow,2024-07-17T00:17:30,USER_WL_SD,4,4,3,0,0,0,0.99,ROUND,0,0,0,1e-06,NON_LAMBDA_MODE
r48u_20260914_NICO_UDUC_round_shadow_fix1,NICO,UDUC,round_shadow,2024-07-17T00:18:00,USER_WL_SD,4,4,3,0,0,0,0.99,ROUND,0,0,0,1e-06,NON_LAMBDA_MODE
r48u_20260914_NICO_UDUC_round_shadow_fix1,NICO,UDUC,round_shadow,2024-07-17T00:18:30,USER_WL_SD,4,4,3,0,0,0,0.99,ROUND,0,0,0,1e-06,NON_LAMBDA_MODE
r48u_20260914_NICO_UDUC_round_shadow_fix1,NICO,UDUC,round_shadow,2024-07-17T00:19:00,USER_WL_SD,5,5,3,0,0,0,0.99,ROUND,0,0,0,1e-06,NON_LAMBDA_MODE
r48u_20260914_NICO_UDUC_round_shadow_fix1,NICO,UDUC,round_shadow,2024-07-17T00:19:00,USER_L1_SD_CONDITIONAL,5,5,3,0,0,0,0.99,ROUND,0,0,0,1e-06,NON_LAMBDA_MODE
r48u_20260914_NICO_UDUC_round_shadow_fix1,NICO,UDUC,round_shadow,2024-07-17T00:19:30,USER_WL_SD,5,5,3,0,0,0,0.99,ROUND,0,0,0,1e-06,NON_LAMBDA_MODE
r48u_20260914_NICO_UDUC_round_shadow_fix1,NICO,UDUC,round_shadow,2024-07-17T00:19:30,USER_L1_SD_CONDITIONAL,5,5,3,0,0,0,0.99,ROUND,0,0,0,1e-06,NON_LAMBDA_MODE
r48u_20260914_NICO_UDUC_round_shadow_fix1,NICO,UDUC,round_shadow,2024-07-17T00:20:00,USER_WL_SD,4,4,3,0,0,0,0.99,ROUND,0,0,0,1e-06,NON_LAMBDA_MODE
r48u_20260914_NICO_UDUC_round_shadow_fix1,NICO,UDUC,round_shadow,2024-07-17T00:20:00,USER_L1_SD_CONDITIONAL,4,4,3,0,0,0,0.99,ROUND,0,0,0,1e-06,NON_LAMBDA_MODE
r48u_20260914_NICO_UDUC_round_shadow_fix1,NICO,UDUC,round_shadow,2024-07-17T00:20:30,USER_WL_SD,7,7,3,0,0,0,0.99,ROUND,0,0,0,1e-06,NON_LAMBDA_MODE
r48u_20260914_NICO_UDUC_round_shadow_fix1,NICO,UDUC,round_shadow,2024-07-17T00:20:30,USER_L1_SD_CONDITIONAL,7,7,3,0,0,0,0.99,ROUND,0,0,0,1e-06,NON_LAMBDA_MODE
r48u_20260914_NICO_UDUC_round_shadow_fix1,NICO,UDUC,round_shadow,2024-07-17T00:21:00,USER_WL_SD,4,4,3,0,0,0,0.99,ROUND,0,0,0,1e-06,NON_LAMBDA_MODE
r48u_20260914_NICO_UDUC_round_shadow_fix1,NICO,UDUC,round_shadow,2024-07-17T00:21:00,USER_L1_SD_CONDITIONAL,4,4,3,0,0,0,0.99,ROUND,0,0,0,1e-06,NON_LAMBDA_MODE
r48u_20260914_NICO_UDUC_round_shadow_fix1,NICO,UDUC,round_shadow,2024-07-17T00:21:30,USER_WL_SD,5,5,3,0,0,0,0.99,ROUND,0,0,0,1e-06,NON_LAMBDA_MODE
r48u_20260914_NICO_UDUC_round_shadow_fix1,NICO,UDUC,round_shadow,2024-07-17T00:21:30,USER_L1_SD_CONDITIONAL,5,5,3,0,0,0,0.99,ROUND,0,0,0,1e-06,NON_LAMBDA_MODE
r48u_20260914_NICO_UDUC_round_shadow_fix1,NICO,UDUC,round_shadow,2024-07-17T00:22:00,USER_WL_SD,6,6,3,0,0,0,0.99,ROUND,0,0,0,1e-06,NON_LAMBDA_MODE
r48u_20260914_NICO_UDUC_round_shadow_fix1,NICO,UDUC,round_shadow,2024-07-17T00:22:00,USER_L1_SD_CONDITIONAL,6,6,3,0,0,0,0.99,ROUND,0,0,0,1e-06,NON_LAMBDA_MODE
r48u_20260914_NICO_UDUC_round_shadow_fix1,NICO,UDUC,round_shadow,2024-07-17T00:22:30,USER_WL_SD,6,6,3,0,0,0,0.99,ROUND,0,0,0,1e-06,NON_LAMBDA_MODE
r48u_20260914_NICO_UDUC_round_shadow_fix1,NICO,UDUC,round_shadow,2024-07-17T00:22:30,USER_L1_SD_CONDITIONAL,6,6,3,0,0,0,0.99,ROUND,0,0,0,1e-06,NON_LAMBDA_MODE
r48u_20260914_NICO_UDUC_round_shadow_fix1,NICO,UDUC,round_shadow,2024-07-17T00:23:00,USER_WL_SD,6,6,3,0,0,0,0.99,ROUND,0,0,0,1e-06,NON_LAMBDA_MODE
r48u_20260914_NICO_UDUC_round_shadow_fix1,NICO,UDUC,round_shadow,2024-07-17T00:23:00,USER_L1_SD_CONDITIONAL,6,6,3,0,0,0,0.99,ROUND,0,0,0,1e-06,NON_LAMBDA_MODE
r48u_20260914_NICO_UDUC_round_shadow_fix1,NICO,UDUC,round_shadow,2024-07-17T00:23:30,USER_WL_SD,5,5,3,0,0,0,0.99,ROUND,0,0,0,1e-06,NON_LAMBDA_MODE
r48u_20260914_NICO_UDUC_round_shadow_fix1,NICO,UDUC,round_shadow,2024-07-17T00:23:30,USER_L1_SD_CONDITIONAL,5,5,3,0,0,0,0.99,ROUND,0,0,0,1e-06,NON_LAMBDA_MODE
r48u_20260914_NICO_UDUC_round_shadow_fix1,NICO,UDUC,round_shadow,2024-07-17T00:24:00,USER_WL_SD,5,5,3,0,0,0,0.99,ROUND,0,0,0,1e-06,NON_LAMBDA_MODE
r48u_20260914_NICO_UDUC_round_shadow_fix1,NICO,UDUC,round_shadow,2024-07-17T00:24:00,USER_L1_SD_CONDITIONAL,5,5,3,0,0,0,0.99,ROUND,0,0,0,1e-06,NON_LAMBDA_MODE
r48u_20260914_NICO_UDUC_round_shadow_fix1,NICO,UDUC,round_shadow,2024-07-17T00:24:30,USER_WL_SD,5,5,3,0,0,0,0.99,ROUND,0,0,0,1e-06,NON_LAMBDA_MODE
r48u_20260914_NICO_UDUC_round_shadow_fix1,NICO,UDUC,round_shadow,2024-07-17T00:24:30,USER_L1_SD_CONDITIONAL,5,5,3,0,0,0,0.99,ROUND,0,0,0,1e-06,NON_LAMBDA_MODE
r48u_20260914_NICO_UDUC_round_shadow_fix1,NICO,UDUC,round_shadow,2024-07-17T00:25:00,USER_WL_SD,5,5,3,0,0,0,0.99,ROUND,0,0,0,1e-06,NON_LAMBDA_MODE
r48u_20260914_NICO_UDUC_round_shadow_fix1,NICO,UDUC,round_shadow,2024-07-17T00:25:00,USER_L1_SD_CONDITIONAL,5,5,3,0,0,0,0.99,ROUND,0,0,0,1e-06,NON_LAMBDA_MODE
r48u_20260914_NICO_UDUC_round_shadow_fix1,NICO,UDUC,round_shadow,2024-07-17T00:26:00,USER_WL_SD,4,4,3,0,0,0,0.99,ROUND,0,0,0,1e-06,NON_LAMBDA_MODE
r48u_20260914_NICO_UDUC_round_shadow_fix1,NICO,UDUC,round_shadow,2024-07-17T00:26:00,USER_L1_SD_CONDITIONAL,4,4,3,0,0,0,0.99,ROUND,0,0,0,1e-06,NON_LAMBDA_MODE
r48u_20260914_NICO_UDUC_round_shadow_fix1,NICO,UDUC,round_shadow,2024-07-17T00:26:30,USER_WL_SD,4,4,3,0,0,0,0.99,ROUND,0,0,0,1e-06,NON_LAMBDA_MODE
r48u_20260914_NICO_UDUC_round_shadow_fix1,NICO,UDUC,round_shadow,2024-07-17T00:26:30,USER_L1_SD_CONDITIONAL,4,4,3,0,0,0,0.99,ROUND,0,0,0,1e-06,NON_LAMBDA_MODE
r48u_20260914_NICO_UDUC_round_shadow_fix1,NICO,UDUC,round_shadow,2024-07-17T00:27:00,USER_WL_SD,6,6,3,0,0,0,0.99,ROUND,0,0,0,1e-06,NON_LAMBDA_MODE
r48u_20260914_NICO_UDUC_round_shadow_fix1,NICO,UDUC,round_shadow,2024-07-17T00:27:00,USER_L1_SD_CONDITIONAL,6,6,3,0,0,0,0.99,ROUND,0,0,0,1e-06,NON_LAMBDA_MODE
r48u_20260914_NICO_UDUC_round_shadow_fix1,NICO,UDUC,round_shadow,2024-07-17T00:27:30,USER_WL_SD,6,6,3,0,0,0,0.99,ROUND,0,0,0,1e-06,NON_LAMBDA_MODE
r48u_20260914_NICO_UDUC_round_shadow_fix1,NICO,UDUC,round_shadow,2024-07-17T00:27:30,USER_L1_SD_CONDITIONAL,6,6,3,0,0,0,0.99,ROUND,0,0,0,1e-06,NON_LAMBDA_MODE
r48u_20260914_NICO_UDUC_round_shadow_fix1,NICO,UDUC,round_shadow,2024-07-17T00:28:00,USER_WL_SD,5,5,3,0,0,0,0.99,ROUND,0,0,0,1e-06,NON_LAMBDA_MODE
r48u_20260914_NICO_UDUC_round_shadow_fix1,NICO,UDUC,round_shadow,2024-07-17T00:28:00,USER_L1_SD_CONDITIONAL,5,5,3,0,0,0,0.99,ROUND,0,0,0,1e-06,NON_LAMBDA_MODE
r48u_20260914_NICO_UDUC_round_shadow_fix1,NICO,UDUC,round_shadow,2024-07-17T00:28:30,USER_WL_SD,5,5,3,0,0,0,0.99,ROUND,0,0,0,1e-06,NON_LAMBDA_MODE
r48u_20260914_NICO_UDUC_round_shadow_fix1,NICO,UDUC,round_shadow,2024-07-17T00:28:30,USER_L1_SD_CONDITIONAL,5,5,3,0,0,0,0.99,ROUND,0,0,0,1e-06,NON_LAMBDA_MODE
r48u_20260914_NICO_UDUC_round_shadow_fix1,NICO,UDUC,round_shadow,2024-07-17T00:29:00,USER_WL_SD,5,5,3,0,0,0,0.99,ROUND,0,0,0,1e-06,NON_LAMBDA_MODE
r48u_20260914_NICO_UDUC_round_shadow_fix1,NICO,UDUC,round_shadow,2024-07-17T00:29:00,USER_L1_SD_CONDITIONAL,5,5,3,0,0,0,0.99,ROUND,0,0,0,1e-06,NON_LAMBDA_MODE
r48u_20260914_NICO_UDUC_round_shadow_fix1,NICO,UDUC,round_shadow,2024-07-17T00:29:30,USER_WL_SD,5,5,3,0,0,0,0.99,ROUND,0,0,0,1e-06,NON_LAMBDA_MODE
r48u_20260914_NICO_UDUC_round_shadow_fix1,NICO,UDUC,round_shadow,2024-07-17T00:29:30,USER_L1_SD_CONDITIONAL,5,5,3,0,0,0,0.99,ROUND,0,0,0,1e-06,NON_LAMBDA_MODE
r48u_20260914_NICO_UDUC_round_shadow_fix1,NICO,UDUC,round_shadow,2024-07-17T00:30:00,USER_WL_SD,5,5,3,0,0,0,0.99,ROUND,0,0,0,1e-06,NON_LAMBDA_MODE
r48u_20260914_NICO_UDUC_round_shadow_fix1,NICO,UDUC,round_shadow,2024-07-17T00:30:00,USER_L1_SD_CONDITIONAL,5,5,3,0,0,0,0.99,ROUND,0,0,0,1e-06,NON_LAMBDA_MODE
r48u_20260914_NICO_UDUC_round_feedback_fix1,NICO,UDUC,round_feedback,2024-07-17T00:10:30,USER_WL_SD,5,5,3,0,0,0,0.99,ROUND,0,0,0,1e-06,NON_LAMBDA_MODE
r48u_20260914_NICO_UDUC_round_feedback_fix1,NICO,UDUC,round_feedback,2024-07-17T00:17:00,USER_WL_SD,4,4,3,0,0,0,0.99,ROUND,0,0,0,1e-06,NON_LAMBDA_MODE
r48u_20260914_NICO_UDUC_round_feedback_fix1,NICO,UDUC,round_feedback,2024-07-17T00:17:30,USER_WL_SD,4,4,3,0,0,0,0.99,ROUND,0,0,0,1e-06,NON_LAMBDA_MODE
r48u_20260914_NICO_UDUC_round_feedback_fix1,NICO,UDUC,round_feedback,2024-07-17T00:18:00,USER_WL_SD,4,4,3,0,0,0,0.99,ROUND,0,0,0,1e-06,NON_LAMBDA_MODE
r48u_20260914_NICO_UDUC_round_feedback_fix1,NICO,UDUC,round_feedback,2024-07-17T00:18:30,USER_WL_SD,4,4,3,0,0,0,0.99,ROUND,0,0,0,1e-06,NON_LAMBDA_MODE
r48u_20260914_NICO_UDUC_round_feedback_fix1,NICO,UDUC,round_feedback,2024-07-17T00:19:00,USER_WL_SD,5,5,3,0,0,0,0.99,ROUND,0,0,0,1e-06,NON_LAMBDA_MODE
r48u_20260914_NICO_UDUC_round_feedback_fix1,NICO,UDUC,round_feedback,2024-07-17T00:19:00,USER_L1_SD_CONDITIONAL,5,5,3,0,0,0,0.99,ROUND,0,0,0,1e-06,NON_LAMBDA_MODE
r48u_20260914_NICO_UDUC_round_feedback_fix1,NICO,UDUC,round_feedback,2024-07-17T00:19:30,USER_L1_SD_CONDITIONAL,5,5,3,0,0,0,0.99,ROUND,0,0,0,1e-06,NON_LAMBDA_MODE
r48u_20260914_NICO_UDUC_round_feedback_fix1,NICO,UDUC,round_feedback,2024-07-17T00:20:00,USER_L1_SD_CONDITIONAL,4,4,3,0,0,0,0.99,ROUND,0,0,0,1e-06,NON_LAMBDA_MODE
r48u_20260914_NICO_UDUC_round_feedback_fix1,NICO,UDUC,round_feedback,2024-07-17T00:20:30,USER_L1_SD_CONDITIONAL,7,7,3,0,0,0,0.99,ROUND,0,0,0,1e-06,NON_LAMBDA_MODE
r48u_20260914_NICO_UDUC_round_feedback_fix1,NICO,UDUC,round_feedback,2024-07-17T00:21:00,USER_L1_SD_CONDITIONAL,4,4,3,0,0,0,0.99,ROUND,0,0,0,1e-06,NON_LAMBDA_MODE
r48u_20260914_NICO_UDUC_round_feedback_fix1,NICO,UDUC,round_feedback,2024-07-17T00:21:30,USER_L1_SD_CONDITIONAL,5,5,3,0,0,0,0.99,ROUND,0,0,0,1e-06,NON_LAMBDA_MODE
r48u_20260914_NICO_UDUC_round_feedback_fix1,NICO,UDUC,round_feedback,2024-07-17T00:22:00,USER_L1_SD_CONDITIONAL,6,6,3,0,0,0,0.99,ROUND,0,0,0,1e-06,NON_LAMBDA_MODE
r48u_20260914_NICO_UDUC_round_feedback_fix1,NICO,UDUC,round_feedback,2024-07-17T00:22:30,USER_L1_SD_CONDITIONAL,6,6,3,0,0,0,0.99,ROUND,0,0,0,1e-06,NON_LAMBDA_MODE
r48u_20260914_NICO_UDUC_round_feedback_fix1,NICO,UDUC,round_feedback,2024-07-17T00:23:00,USER_L1_SD_CONDITIONAL,6,6,3,0,0,0,0.99,ROUND,0,0,0,1e-06,NON_LAMBDA_MODE
r48u_20260914_NICO_UDUC_round_feedback_fix1,NICO,UDUC,round_feedback,2024-07-17T00:23:30,USER_L1_SD_CONDITIONAL,5,5,3,0,0,0,0.99,ROUND,0,0,0,1e-06,NON_LAMBDA_MODE
r48u_20260914_NICO_UDUC_round_feedback_fix1,NICO,UDUC,round_feedback,2024-07-17T00:24:00,USER_L1_SD_CONDITIONAL,5,5,3,0,0,0,0.99,ROUND,0,0,0,1e-06,NON_LAMBDA_MODE
r48u_20260914_NICO_UDUC_round_feedback_fix1,NICO,UDUC,round_feedback,2024-07-17T00:24:30,USER_L1_SD_CONDITIONAL,5,5,3,0,0,0,0.99,ROUND,0,0,0,1e-06,NON_LAMBDA_MODE
r48u_20260914_NICO_UDUC_round_feedback_fix1,NICO,UDUC,round_feedback,2024-07-17T00:25:00,USER_L1_SD_CONDITIONAL,5,5,3,0,0,0,0.99,ROUND,0,0,0,1e-06,NON_LAMBDA_MODE
r48u_20260914_NICO_UDUC_round_feedback_fix1,NICO,UDUC,round_feedback,2024-07-17T00:26:00,USER_L1_SD_CONDITIONAL,4,4,3,0,0,0,0.99,ROUND,0,0,0,1e-06,NON_LAMBDA_MODE
r48u_20260914_NICO_UDUC_round_feedback_fix1,NICO,UDUC,round_feedback,2024-07-17T00:26:30,USER_L1_SD_CONDITIONAL,4,4,3,0,0,0,0.99,ROUND,0,0,0,1e-06,NON_LAMBDA_MODE
r48u_20260914_NICO_UDUC_round_feedback_fix1,NICO,UDUC,round_feedback,2024-07-17T00:27:00,USER_L1_SD_CONDITIONAL,6,6,3,0,0,0,0.99,ROUND,0,0,0,1e-06,NON_LAMBDA_MODE
r48u_20260914_NICO_UDUC_round_feedback_fix1,NICO,UDUC,round_feedback,2024-07-17T00:27:30,USER_L1_SD_CONDITIONAL,6,6,3,0,0,0,0.99,ROUND,0,0,0,1e-06,NON_LAMBDA_MODE
r48u_20260914_NICO_UDUC_round_feedback_fix1,NICO,UDUC,round_feedback,2024-07-17T00:28:00,USER_L1_SD_CONDITIONAL,5,5,3,0,0,0,0.99,ROUND,0,0,0,1e-06,NON_LAMBDA_MODE
r48u_20260914_NICO_UDUC_round_feedback_fix1,NICO,UDUC,round_feedback,2024-07-17T00:28:30,USER_L1_SD_CONDITIONAL,5,5,3,0,0,0,0.99,ROUND,0,0,0,1e-06,NON_LAMBDA_MODE
r48u_20260914_NICO_UDUC_round_feedback_fix1,NICO,UDUC,round_feedback,2024-07-17T00:29:00,USER_L1_SD_CONDITIONAL,5,5,3,0,0,0,0.99,ROUND,0,0,0,1e-06,NON_LAMBDA_MODE
r48u_20260914_NICO_UDUC_round_feedback_fix1,NICO,UDUC,round_feedback,2024-07-17T00:29:30,USER_L1_SD_CONDITIONAL,5,5,3,0,0,0,0.99,ROUND,0,0,0,1e-06,NON_LAMBDA_MODE
r48u_20260914_NICO_UDUC_round_feedback_fix1,NICO,UDUC,round_feedback,2024-07-17T00:30:00,USER_L1_SD_CONDITIONAL,5,5,3,0,0,0,0.99,ROUND,0,0,0,1e-06,NON_LAMBDA_MODE
r48u_20260914_NICO_UDUC_ils_shadow_fix1,NICO,UDUC,ils_shadow,2024-07-17T00:10:30,USER_WL_SD,5,5,1,0,0.995916,0.367612,0.999,LAMBDA_ALT,0,0,0,1e-06,BEST_1D_BOOTSTRAP_TOO_LOW
r48u_20260914_NICO_UDUC_ils_shadow_fix1,NICO,UDUC,ils_shadow,2024-07-17T00:17:00,USER_WL_SD,4,4,1,2,0.999913,0.795942,0.999,LAMBDA_ALT,1,0,0,1e-06,ACCEPTED
r48u_20260914_NICO_UDUC_ils_shadow_fix1,NICO,UDUC,ils_shadow,2024-07-17T00:17:00,USER_L1_SD_CONDITIONAL,4,4,1,0,0.702726,0.0638109,0.999,LAMBDA_ALT,0,0,0,1e-06,BEST_1D_BOOTSTRAP_TOO_LOW
r48u_20260914_NICO_UDUC_ils_shadow_fix1,NICO,UDUC,ils_shadow,2024-07-17T00:17:30,USER_WL_SD,4,4,1,2,0.999937,0.810065,0.999,LAMBDA_ALT,1,0,0,1e-06,ACCEPTED
r48u_20260914_NICO_UDUC_ils_shadow_fix1,NICO,UDUC,ils_shadow,2024-07-17T00:17:30,USER_L1_SD_CONDITIONAL,4,4,1,0,0.740056,0.0729071,0.999,LAMBDA_ALT,0,0,0,1e-06,BEST_1D_BOOTSTRAP_TOO_LOW
r48u_20260914_NICO_UDUC_ils_shadow_fix1,NICO,UDUC,ils_shadow,2024-07-17T00:18:00,USER_WL_SD,4,4,1,2,0.999955,0.823219,0.999,LAMBDA_ALT,1,0,0,1e-06,ACCEPTED
r48u_20260914_NICO_UDUC_ils_shadow_fix1,NICO,UDUC,ils_shadow,2024-07-17T00:18:00,USER_L1_SD_CONDITIONAL,4,4,1,0,0.774437,0.0824085,0.999,LAMBDA_ALT,0,0,0,1e-06,BEST_1D_BOOTSTRAP_TOO_LOW
r48u_20260914_NICO_UDUC_ils_shadow_fix1,NICO,UDUC,ils_shadow,2024-07-17T00:18:30,USER_WL_SD,4,4,1,3,0.999967,0.835481,0.999,LAMBDA_ALT,1,0,0,1e-06,ACCEPTED
r48u_20260914_NICO_UDUC_ils_shadow_fix1,NICO,UDUC,ils_shadow,2024-07-17T00:18:30,USER_L1_SD_CONDITIONAL,4,4,1,0,0.80445,0.092072,0.999,LAMBDA_ALT,0,0,0,1e-06,BEST_1D_BOOTSTRAP_TOO_LOW
r48u_20260914_NICO_UDUC_ils_shadow_fix1,NICO,UDUC,ils_shadow,2024-07-17T00:19:00,USER_WL_SD,5,5,1,3,0.999977,0.710371,0.999,LAMBDA_ALT,1,0,0,1e-06,ACCEPTED
r48u_20260914_NICO_UDUC_ils_shadow_fix1,NICO,UDUC,ils_shadow,2024-07-17T00:19:00,USER_L1_SD_CONDITIONAL,5,5,1,0,0.990953,0.0487955,0.999,LAMBDA_ALT,0,0,0,1e-06,BEST_1D_BOOTSTRAP_TOO_LOW
r48u_20260914_NICO_UDUC_ils_shadow_fix1,NICO,UDUC,ils_shadow,2024-07-17T00:19:30,USER_WL_SD,5,5,1,3,0.999983,0.719391,0.999,LAMBDA_ALT,1,0,0,1e-06,ACCEPTED
r48u_20260914_NICO_UDUC_ils_shadow_fix1,NICO,UDUC,ils_shadow,2024-07-17T00:19:30,USER_L1_SD_CONDITIONAL,5,5,1,0,0.993776,0.0529775,0.999,LAMBDA_ALT,0,0,0,1e-06,BEST_1D_BOOTSTRAP_TOO_LOW
r48u_20260914_NICO_UDUC_ils_shadow_fix1,NICO,UDUC,ils_shadow,2024-07-17T00:20:00,USER_WL_SD,4,4,1,3,0.999988,0.867457,0.999,LAMBDA_ALT,1,0,0,1e-06,ACCEPTED
r48u_20260914_NICO_UDUC_ils_shadow_fix1,NICO,UDUC,ils_shadow,2024-07-17T00:20:00,USER_L1_SD_CONDITIONAL,4,4,1,0,0.995794,0.188262,0.999,LAMBDA_ALT,0,0,0,1e-06,BEST_1D_BOOTSTRAP_TOO_LOW
r48u_20260914_NICO_UDUC_ils_shadow_fix1,NICO,UDUC,ils_shadow,2024-07-17T00:20:30,USER_WL_SD,7,7,1,4,0.999991,0.524495,0.999,LAMBDA_ALT,1,0,0,1e-06,ACCEPTED
r48u_20260914_NICO_UDUC_ils_shadow_fix1,NICO,UDUC,ils_shadow,2024-07-17T00:20:30,USER_L1_SD_CONDITIONAL,7,7,1,0,0.99726,0.021798,0.999,LAMBDA_ALT,0,0,0,1e-06,BEST_1D_BOOTSTRAP_TOO_LOW
r48u_20260914_NICO_UDUC_ils_shadow_fix1,NICO,UDUC,ils_shadow,2024-07-17T00:21:00,USER_WL_SD,4,4,1,3,0.999993,0.885349,0.999,LAMBDA_ALT,1,0,0,1e-06,ACCEPTED
r48u_20260914_NICO_UDUC_ils_shadow_fix1,NICO,UDUC,ils_shadow,2024-07-17T00:21:00,USER_L1_SD_CONDITIONAL,4,4,1,0,0.998223,0.215176,0.999,LAMBDA_ALT,0,0,0,1e-06,BEST_1D_BOOTSTRAP_TOO_LOW
r48u_20260914_NICO_UDUC_ils_shadow_fix1,NICO,UDUC,ils_shadow,2024-07-17T00:21:30,USER_WL_SD,5,5,1,4,0.999995,0.893854,0.999,LAMBDA_ALT,1,0,0,1e-06,ACCEPTED
r48u_20260914_NICO_UDUC_ils_shadow_fix1,NICO,UDUC,ils_shadow,2024-07-17T00:21:30,USER_L1_SD_CONDITIONAL,5,5,1,0,0.998886,0.331088,0.999,LAMBDA_ALT,0,0,0,1e-06,BEST_1D_BOOTSTRAP_TOO_LOW
r48u_20260914_NICO_UDUC_ils_shadow_fix1,NICO,UDUC,ils_shadow,2024-07-17T00:22:00,USER_WL_SD,6,6,1,4,0.999997,0.641699,0.999,LAMBDA_ALT,1,0,0,1e-06,ACCEPTED
r48u_20260914_NICO_UDUC_ils_shadow_fix1,NICO,UDUC,ils_shadow,2024-07-17T00:22:00,USER_L1_SD_CONDITIONAL,6,6,1,1,0.999315,0.0799017,0.999,LAMBDA_ALT,1,0,0,1e-06,ACCEPTED
r48u_20260914_NICO_UDUC_ils_shadow_fix1,NICO,UDUC,ils_shadow,2024-07-17T00:22:30,USER_WL_SD,6,6,1,4,0.999998,0.646736,0.999,LAMBDA_ALT,1,0,0,1e-06,ACCEPTED
r48u_20260914_NICO_UDUC_ils_shadow_fix1,NICO,UDUC,ils_shadow,2024-07-17T00:22:30,USER_L1_SD_CONDITIONAL,6,6,1,1,0.999588,0.0822192,0.999,LAMBDA_ALT,1,0,0,1e-06,ACCEPTED
r48u_20260914_NICO_UDUC_ils_shadow_fix1,NICO,UDUC,ils_shadow,2024-07-17T00:23:00,USER_WL_SD,6,6,1,4,0.999998,0.651435,0.999,LAMBDA_ALT,1,0,0,1e-06,ACCEPTED
r48u_20260914_NICO_UDUC_ils_shadow_fix1,NICO,UDUC,ils_shadow,2024-07-17T00:23:00,USER_L1_SD_CONDITIONAL,6,6,1,1,0.999757,0.0843715,0.999,LAMBDA_ALT,1,0,0,1e-06,ACCEPTED
r48u_20260914_NICO_UDUC_ils_shadow_fix1,NICO,UDUC,ils_shadow,2024-07-17T00:23:30,USER_WL_SD,5,5,1,3,0.999999,0.772863,0.999,LAMBDA_ALT,1,0,0,1e-06,ACCEPTED
r48u_20260914_NICO_UDUC_ils_shadow_fix1,NICO,UDUC,ils_shadow,2024-07-17T00:23:30,USER_L1_SD_CONDITIONAL,5,5,1,1,0.999859,0.0843211,0.999,LAMBDA_ALT,1,0,0,1e-06,ACCEPTED
r48u_20260914_NICO_UDUC_ils_shadow_fix1,NICO,UDUC,ils_shadow,2024-07-17T00:24:00,USER_WL_SD,5,5,1,3,0.999999,0.777694,0.999,LAMBDA_ALT,1,0,0,1e-06,ACCEPTED
r48u_20260914_NICO_UDUC_ils_shadow_fix1,NICO,UDUC,ils_shadow,2024-07-17T00:24:00,USER_L1_SD_CONDITIONAL,5,5,1,1,0.999921,0.0877132,0.999,LAMBDA_ALT,1,0,0,1e-06,ACCEPTED
r48u_20260914_NICO_UDUC_ils_shadow_fix1,NICO,UDUC,ils_shadow,2024-07-17T00:24:30,USER_WL_SD,5,5,1,3,0.999999,0.782201,0.999,LAMBDA_ALT,1,0,0,1e-06,ACCEPTED
r48u_20260914_NICO_UDUC_ils_shadow_fix1,NICO,UDUC,ils_shadow,2024-07-17T00:24:30,USER_L1_SD_CONDITIONAL,5,5,1,1,0.999956,0.0909831,0.999,LAMBDA_ALT,1,0,0,1e-06,ACCEPTED
r48u_20260914_NICO_UDUC_ils_shadow_fix1,NICO,UDUC,ils_shadow,2024-07-17T00:25:00,USER_WL_SD,5,5,1,3,1,0.786405,0.999,LAMBDA_ALT,1,0,0,1e-06,ACCEPTED
r48u_20260914_NICO_UDUC_ils_shadow_fix1,NICO,UDUC,ils_shadow,2024-07-17T00:25:00,USER_L1_SD_CONDITIONAL,5,5,1,1,0.999977,0.094138,0.999,LAMBDA_ALT,1,0,0,1e-06,ACCEPTED
r48u_20260914_NICO_UDUC_ils_shadow_fix1,NICO,UDUC,ils_shadow,2024-07-17T00:26:00,USER_WL_SD,4,4,1,3,1,0.945502,0.999,LAMBDA_ALT,1,0,0,1e-06,ACCEPTED
r48u_20260914_NICO_UDUC_ils_shadow_fix1,NICO,UDUC,ils_shadow,2024-07-17T00:26:00,USER_L1_SD_CONDITIONAL,4,4,1,1,0.999994,0.328209,0.999,LAMBDA_ALT,1,0,0,1e-06,ACCEPTED
r48u_20260914_NICO_UDUC_ils_shadow_fix1,NICO,UDUC,ils_shadow,2024-07-17T00:26:30,USER_WL_SD,4,4,1,3,1,0.949491,0.999,LAMBDA_ALT,1,0,0,1e-06,ACCEPTED
r48u_20260914_NICO_UDUC_ils_shadow_fix1,NICO,UDUC,ils_shadow,2024-07-17T00:26:30,USER_L1_SD_CONDITIONAL,4,4,1,1,0.999997,0.336609,0.999,LAMBDA_ALT,1,0,0,1e-06,ACCEPTED
r48u_20260914_NICO_UDUC_ils_shadow_fix1,NICO,UDUC,ils_shadow,2024-07-17T00:27:00,USER_WL_SD,6,6,1,4,1,0.801543,0.999,LAMBDA_ALT,1,0,0,1e-06,ACCEPTED
r48u_20260914_NICO_UDUC_ils_shadow_fix1,NICO,UDUC,ils_shadow,2024-07-17T00:27:00,USER_L1_SD_CONDITIONAL,6,6,1,3,0.999998,0.127999,0.999,LAMBDA_ALT,1,0,0,1e-06,ACCEPTED
r48u_20260914_NICO_UDUC_ils_shadow_fix1,NICO,UDUC,ils_shadow,2024-07-17T00:27:30,USER_WL_SD,6,6,1,3,1,0.585494,0.999,LAMBDA_ALT,1,0,0,1e-06,ACCEPTED
r48u_20260914_NICO_UDUC_ils_shadow_fix1,NICO,UDUC,ils_shadow,2024-07-17T00:27:30,USER_L1_SD_CONDITIONAL,6,6,1,1,0.999999,0.0264311,0.999,LAMBDA_ALT,1,0,0,1e-06,ACCEPTED
r48u_20260914_NICO_UDUC_ils_shadow_fix1,NICO,UDUC,ils_shadow,2024-07-17T00:28:00,USER_WL_SD,5,5,1,3,1,0.834859,0.999,LAMBDA_ALT,1,0,0,1e-06,ACCEPTED
r48u_20260914_NICO_UDUC_ils_shadow_fix1,NICO,UDUC,ils_shadow,2024-07-17T00:28:00,USER_L1_SD_CONDITIONAL,5,5,1,2,1,0.119724,0.999,LAMBDA_ALT,1,0,0,1e-06,RATIO_REJECTED
r48u_20260914_NICO_UDUC_ils_shadow_fix1,NICO,UDUC,ils_shadow,2024-07-17T00:28:30,USER_WL_SD,5,5,1,3,1,0.898053,0.999,LAMBDA_ALT,1,0,0,1e-06,ACCEPTED
r48u_20260914_NICO_UDUC_ils_shadow_fix1,NICO,UDUC,ils_shadow,2024-07-17T00:28:30,USER_L1_SD_CONDITIONAL,5,5,1,2,1,0.14577,0.999,LAMBDA_ALT,1,0,0,1e-06,RATIO_REJECTED
r48u_20260914_NICO_UDUC_ils_shadow_fix1,NICO,UDUC,ils_shadow,2024-07-17T00:29:00,USER_WL_SD,5,5,1,3,1,0.931389,0.999,LAMBDA_ALT,1,0,0,1e-06,ACCEPTED
r48u_20260914_NICO_UDUC_ils_shadow_fix1,NICO,UDUC,ils_shadow,2024-07-17T00:29:00,USER_L1_SD_CONDITIONAL,5,5,1,2,1,0.168562,0.999,LAMBDA_ALT,1,0,0,1e-06,RATIO_REJECTED
r48u_20260914_NICO_UDUC_ils_shadow_fix1,NICO,UDUC,ils_shadow,2024-07-17T00:29:30,USER_WL_SD,5,5,1,3,1,0.949798,0.999,LAMBDA_ALT,1,0,0,1e-06,ACCEPTED
r48u_20260914_NICO_UDUC_ils_shadow_fix1,NICO,UDUC,ils_shadow,2024-07-17T00:29:30,USER_L1_SD_CONDITIONAL,5,5,1,2,1,0.188951,0.999,LAMBDA_ALT,1,0,0,1e-06,ACCEPTED
r48u_20260914_NICO_UDUC_ils_shadow_fix1,NICO,UDUC,ils_shadow,2024-07-17T00:30:00,USER_WL_SD,5,5,1,3,1,0.960616,0.999,LAMBDA_ALT,1,0,0,1e-06,ACCEPTED
r48u_20260914_NICO_UDUC_ils_shadow_fix1,NICO,UDUC,ils_shadow,2024-07-17T00:30:00,USER_L1_SD_CONDITIONAL,5,5,1,2,1,0.207621,0.999,LAMBDA_ALT,1,0,0,1e-06,ACCEPTED
r48u_20260914_NICO_UDUC_ils_feedback_fix1,NICO,UDUC,ils_feedback,2024-07-17T00:10:30,USER_WL_SD,5,5,1,0,0.995916,0.367612,0.999,LAMBDA_ALT,0,0,0,1e-06,BEST_1D_BOOTSTRAP_TOO_LOW
r48u_20260914_NICO_UDUC_ils_feedback_fix1,NICO,UDUC,ils_feedback,2024-07-17T00:17:00,USER_WL_SD,4,4,1,2,0.999913,0.795942,0.999,LAMBDA_ALT,1,0,0,1e-06,ACCEPTED
r48u_20260914_NICO_UDUC_ils_feedback_fix1,NICO,UDUC,ils_feedback,2024-07-17T00:17:00,USER_L1_SD_CONDITIONAL,4,4,1,0,0.702726,0.0638109,0.999,LAMBDA_ALT,0,0,0,1e-06,BEST_1D_BOOTSTRAP_TOO_LOW
r48u_20260914_NICO_UDUC_ils_feedback_fix1,NICO,UDUC,ils_feedback,2024-07-17T00:17:30,USER_L1_SD_CONDITIONAL,4,4,1,0,0.740056,0.0729071,0.999,LAMBDA_ALT,0,0,0,1e-06,BEST_1D_BOOTSTRAP_TOO_LOW
r48u_20260914_NICO_UDUC_ils_feedback_fix1,NICO,UDUC,ils_feedback,2024-07-17T00:18:00,USER_L1_SD_CONDITIONAL,4,4,1,0,0.774437,0.0824085,0.999,LAMBDA_ALT,0,0,0,1e-06,BEST_1D_BOOTSTRAP_TOO_LOW
r48u_20260914_NICO_UDUC_ils_feedback_fix1,NICO,UDUC,ils_feedback,2024-07-17T00:18:30,USER_L1_SD_CONDITIONAL,4,4,1,0,0.80445,0.092072,0.999,LAMBDA_ALT,0,0,0,1e-06,BEST_1D_BOOTSTRAP_TOO_LOW
r48u_20260914_NICO_UDUC_ils_feedback_fix1,NICO,UDUC,ils_feedback,2024-07-17T00:19:00,USER_L1_SD_CONDITIONAL,5,5,1,0,0.83163,0.0307167,0.999,LAMBDA_ALT,0,0,0,1e-06,BEST_1D_BOOTSTRAP_TOO_LOW
r48u_20260914_NICO_UDUC_ils_feedback_fix1,NICO,UDUC,ils_feedback,2024-07-17T00:19:30,USER_L1_SD_CONDITIONAL,5,5,1,0,0.8557,0.0337818,0.999,LAMBDA_ALT,0,0,0,1e-06,BEST_1D_BOOTSTRAP_TOO_LOW
r48u_20260914_NICO_UDUC_ils_feedback_fix1,NICO,UDUC,ils_feedback,2024-07-17T00:20:00,USER_WL_SD,4,2,1,1,0.999632,0.867474,0.999,LAMBDA_ALT,1,0,0,1e-06,ACCEPTED
r48u_20260914_NICO_UDUC_ils_feedback_fix1,NICO,UDUC,ils_feedback,2024-07-17T00:20:00,USER_L1_SD_CONDITIONAL,4,4,1,0,0.995794,0.188262,0.999,LAMBDA_ALT,0,0,0,1e-06,BEST_1D_BOOTSTRAP_TOO_LOW
r48u_20260914_NICO_UDUC_ils_feedback_fix1,NICO,UDUC,ils_feedback,2024-07-17T00:20:30,USER_WL_SD,7,4,1,1,0.999994,0.524639,0.999,LAMBDA_ALT,1,0,0,1e-06,ACCEPTED
r48u_20260914_NICO_UDUC_ils_feedback_fix1,NICO,UDUC,ils_feedback,2024-07-17T00:20:30,USER_L1_SD_CONDITIONAL,7,7,1,0,0.99726,0.021798,0.999,LAMBDA_ALT,0,0,0,1e-06,BEST_1D_BOOTSTRAP_TOO_LOW
r48u_20260914_NICO_UDUC_ils_feedback_fix1,NICO,UDUC,ils_feedback,2024-07-17T00:21:00,USER_WL_SD,4,1,1,0,0.885977,0.885977,0.999,LAMBDA_ALT,0,0,0,1e-06,BEST_1D_BOOTSTRAP_TOO_LOW
r48u_20260914_NICO_UDUC_ils_feedback_fix1,NICO,UDUC,ils_feedback,2024-07-17T00:21:00,USER_L1_SD_CONDITIONAL,4,4,1,0,0.998223,0.215562,0.999,LAMBDA_ALT,0,0,0,1e-06,BEST_1D_BOOTSTRAP_TOO_LOW
r48u_20260914_NICO_UDUC_ils_feedback_fix1,NICO,UDUC,ils_feedback,2024-07-17T00:21:30,USER_L1_SD_CONDITIONAL,5,5,1,0,0.998886,0.331088,0.999,LAMBDA_ALT,0,0,0,1e-06,BEST_1D_BOOTSTRAP_TOO_LOW
r48u_20260914_NICO_UDUC_ils_feedback_fix1,NICO,UDUC,ils_feedback,2024-07-17T00:22:00,USER_L1_SD_CONDITIONAL,6,6,1,1,0.999315,0.0799017,0.999,LAMBDA_ALT,1,0,0,1e-06,ACCEPTED
r48u_20260914_NICO_UDUC_ils_feedback_fix1,NICO,UDUC,ils_feedback,2024-07-17T00:22:30,USER_L1_SD_CONDITIONAL,6,6,1,1,0.999588,0.0822192,0.999,LAMBDA_ALT,1,0,0,1e-06,ACCEPTED
r48u_20260914_NICO_UDUC_ils_feedback_fix1,NICO,UDUC,ils_feedback,2024-07-17T00:23:00,USER_L1_SD_CONDITIONAL,6,6,1,1,0.999757,0.0843715,0.999,LAMBDA_ALT,1,0,0,1e-06,ACCEPTED
r48u_20260914_NICO_UDUC_ils_feedback_fix1,NICO,UDUC,ils_feedback,2024-07-17T00:23:30,USER_L1_SD_CONDITIONAL,5,5,1,1,0.999859,0.0845929,0.999,LAMBDA_ALT,1,0,0,1e-06,ACCEPTED
r48u_20260914_NICO_UDUC_ils_feedback_fix1,NICO,UDUC,ils_feedback,2024-07-17T00:24:00,USER_L1_SD_CONDITIONAL,5,5,1,1,0.999921,0.0879906,0.999,LAMBDA_ALT,1,0,0,1e-06,ACCEPTED
r48u_20260914_NICO_UDUC_ils_feedback_fix1,NICO,UDUC,ils_feedback,2024-07-17T00:24:30,USER_L1_SD_CONDITIONAL,5,5,1,1,0.999956,0.0912664,0.999,LAMBDA_ALT,1,0,0,1e-06,ACCEPTED
r48u_20260914_NICO_UDUC_ils_feedback_fix1,NICO,UDUC,ils_feedback,2024-07-17T00:25:00,USER_L1_SD_CONDITIONAL,5,5,1,1,0.999977,0.0944275,0.999,LAMBDA_ALT,1,0,0,1e-06,ACCEPTED
r48u_20260914_NICO_UDUC_ils_feedback_fix1,NICO,UDUC,ils_feedback,2024-07-17T00:26:00,USER_WL_SD,4,1,1,0,0.945896,0.945896,0.999,LAMBDA_ALT,0,0,0,1e-06,BEST_1D_BOOTSTRAP_TOO_LOW
r48u_20260914_NICO_UDUC_ils_feedback_fix1,NICO,UDUC,ils_feedback,2024-07-17T00:26:00,USER_L1_SD_CONDITIONAL,4,4,1,1,0.999994,0.32869,0.999,LAMBDA_ALT,1,0,0,1e-06,ACCEPTED
r48u_20260914_NICO_UDUC_ils_feedback_fix1,NICO,UDUC,ils_feedback,2024-07-17T00:26:30,USER_WL_SD,4,1,1,0,0.949863,0.949863,0.999,LAMBDA_ALT,0,0,0,1e-06,BEST_1D_BOOTSTRAP_TOO_LOW
r48u_20260914_NICO_UDUC_ils_feedback_fix1,NICO,UDUC,ils_feedback,2024-07-17T00:26:30,USER_L1_SD_CONDITIONAL,4,4,1,1,0.999997,0.337096,0.999,LAMBDA_ALT,1,0,0,1e-06,ACCEPTED
r48u_20260914_NICO_UDUC_ils_feedback_fix1,NICO,UDUC,ils_feedback,2024-07-17T00:27:00,USER_WL_SD,6,2,1,0,0.953575,0.801551,0.999,LAMBDA_ALT,0,0,0,1e-06,BEST_1D_BOOTSTRAP_TOO_LOW
r48u_20260914_NICO_UDUC_ils_feedback_fix1,NICO,UDUC,ils_feedback,2024-07-17T00:27:00,USER_L1_SD_CONDITIONAL,6,6,1,3,0.999998,0.127999,0.999,LAMBDA_ALT,1,0,0,1e-06,ACCEPTED
r48u_20260914_NICO_UDUC_ils_feedback_fix1,NICO,UDUC,ils_feedback,2024-07-17T00:28:30,USER_WL_SD,5,2,1,0,0.963221,0.898636,0.999,LAMBDA_ALT,0,0,0,1e-06,BEST_1D_BOOTSTRAP_TOO_LOW
r48u_20260914_NICO_UDUC_ils_feedback_fix1,NICO,UDUC,ils_feedback,2024-07-17T00:29:00,USER_WL_SD,5,2,1,0,0.965998,0.931919,0.999,LAMBDA_ALT,0,0,0,1e-06,BEST_1D_BOOTSTRAP_TOO_LOW
r48u_20260914_NICO_UDUC_ils_feedback_fix1,NICO,UDUC,ils_feedback,2024-07-17T00:29:30,USER_WL_SD,5,2,1,0,0.981043,0.950256,0.999,LAMBDA_ALT,0,0,0,1e-06,BEST_1D_BOOTSTRAP_TOO_LOW
r48u_20260914_BREW_UDUC_round_shadow_fix1,BREW,UDUC,round_shadow,2024-07-17T00:11:30,USER_WL_SD,1,1,3,0,0,0,0.99,ROUND,0,0,0,1e-06,NON_LAMBDA_MODE
r48u_20260914_BREW_UDUC_round_shadow_fix1,BREW,UDUC,round_shadow,2024-07-17T00:12:00,USER_WL_SD,1,1,3,0,0,0,0.99,ROUND,0,0,0,1e-06,NON_LAMBDA_MODE
r48u_20260914_BREW_UDUC_round_shadow_fix1,BREW,UDUC,round_shadow,2024-07-17T00:12:30,USER_WL_SD,1,1,3,0,0,0,0.99,ROUND,0,0,0,1e-06,NON_LAMBDA_MODE
r48u_20260914_BREW_UDUC_round_shadow_fix1,BREW,UDUC,round_shadow,2024-07-17T00:13:00,USER_WL_SD,1,1,3,0,0,0,0.99,ROUND,0,0,0,1e-06,NON_LAMBDA_MODE
r48u_20260914_BREW_UDUC_round_shadow_fix1,BREW,UDUC,round_shadow,2024-07-17T00:13:30,USER_WL_SD,1,1,3,0,0,0,0.99,ROUND,0,0,0,1e-06,NON_LAMBDA_MODE
r48u_20260914_BREW_UDUC_round_shadow_fix1,BREW,UDUC,round_shadow,2024-07-17T00:14:00,USER_WL_SD,1,1,3,0,0,0,0.99,ROUND,0,0,0,1e-06,NON_LAMBDA_MODE
r48u_20260914_BREW_UDUC_round_shadow_fix1,BREW,UDUC,round_shadow,2024-07-17T00:14:30,USER_WL_SD,1,1,3,0,0,0,0.99,ROUND,0,0,0,1e-06,NON_LAMBDA_MODE
r48u_20260914_BREW_UDUC_round_shadow_fix1,BREW,UDUC,round_shadow,2024-07-17T00:15:00,USER_WL_SD,1,1,3,0,0,0,0.99,ROUND,0,0,0,1e-06,NON_LAMBDA_MODE
r48u_20260914_BREW_UDUC_round_shadow_fix1,BREW,UDUC,round_shadow,2024-07-17T00:15:30,USER_WL_SD,1,1,3,0,0,0,0.99,ROUND,0,0,0,1e-06,NON_LAMBDA_MODE
r48u_20260914_BREW_UDUC_round_shadow_fix1,BREW,UDUC,round_shadow,2024-07-17T00:16:00,USER_WL_SD,1,1,3,0,0,0,0.99,ROUND,0,0,0,1e-06,NON_LAMBDA_MODE
r48u_20260914_BREW_UDUC_round_shadow_fix1,BREW,UDUC,round_shadow,2024-07-17T00:16:30,USER_WL_SD,1,1,3,0,0,0,0.99,ROUND,0,0,0,1e-06,NON_LAMBDA_MODE
r48u_20260914_BREW_UDUC_round_shadow_fix1,BREW,UDUC,round_shadow,2024-07-17T00:17:00,USER_WL_SD,3,3,3,0,0,0,0.99,ROUND,0,0,0,1e-06,NON_LAMBDA_MODE
r48u_20260914_BREW_UDUC_round_shadow_fix1,BREW,UDUC,round_shadow,2024-07-17T00:17:30,USER_WL_SD,3,3,3,0,0,0,0.99,ROUND,0,0,0,1e-06,NON_LAMBDA_MODE
r48u_20260914_BREW_UDUC_round_shadow_fix1,BREW,UDUC,round_shadow,2024-07-17T00:18:00,USER_WL_SD,3,3,3,0,0,0,0.99,ROUND,0,0,0,1e-06,NON_LAMBDA_MODE
r48u_20260914_BREW_UDUC_round_shadow_fix1,BREW,UDUC,round_shadow,2024-07-17T00:18:30,USER_WL_SD,3,3,3,0,0,0,0.99,ROUND,0,0,0,1e-06,NON_LAMBDA_MODE
r48u_20260914_BREW_UDUC_round_shadow_fix1,BREW,UDUC,round_shadow,2024-07-17T00:19:00,USER_WL_SD,3,3,3,0,0,0,0.99,ROUND,0,0,0,1e-06,NON_LAMBDA_MODE
r48u_20260914_BREW_UDUC_round_shadow_fix1,BREW,UDUC,round_shadow,2024-07-17T00:19:30,USER_WL_SD,3,3,3,0,0,0,0.99,ROUND,0,0,0,1e-06,NON_LAMBDA_MODE
r48u_20260914_BREW_UDUC_round_shadow_fix1,BREW,UDUC,round_shadow,2024-07-17T00:20:00,USER_WL_SD,3,3,3,0,0,0,0.99,ROUND,0,0,0,1e-06,NON_LAMBDA_MODE
r48u_20260914_BREW_UDUC_round_shadow_fix1,BREW,UDUC,round_shadow,2024-07-17T00:20:30,USER_WL_SD,4,4,3,0,0,0,0.99,ROUND,0,0,0,1e-06,NON_LAMBDA_MODE
r48u_20260914_BREW_UDUC_round_shadow_fix1,BREW,UDUC,round_shadow,2024-07-17T00:20:30,USER_L1_SD_CONDITIONAL,4,4,3,0,0,0,0.99,ROUND,0,0,0,1e-06,NON_LAMBDA_MODE
r48u_20260914_BREW_UDUC_round_shadow_fix1,BREW,UDUC,round_shadow,2024-07-17T00:21:00,USER_WL_SD,3,3,3,0,0,0,0.99,ROUND,0,0,0,1e-06,NON_LAMBDA_MODE
r48u_20260914_BREW_UDUC_round_shadow_fix1,BREW,UDUC,round_shadow,2024-07-17T00:21:00,USER_L1_SD_CONDITIONAL,3,3,3,0,0,0,0.99,ROUND,0,0,0,1e-06,NON_LAMBDA_MODE
r48u_20260914_BREW_UDUC_round_shadow_fix1,BREW,UDUC,round_shadow,2024-07-17T00:21:30,USER_WL_SD,3,3,3,0,0,0,0.99,ROUND,0,0,0,1e-06,NON_LAMBDA_MODE
r48u_20260914_BREW_UDUC_round_shadow_fix1,BREW,UDUC,round_shadow,2024-07-17T00:21:30,USER_L1_SD_CONDITIONAL,3,3,3,0,0,0,0.99,ROUND,0,0,0,1e-06,NON_LAMBDA_MODE
r48u_20260914_BREW_UDUC_round_shadow_fix1,BREW,UDUC,round_shadow,2024-07-17T00:22:00,USER_WL_SD,4,4,3,0,0,0,0.99,ROUND,0,0,0,1e-06,NON_LAMBDA_MODE
r48u_20260914_BREW_UDUC_round_shadow_fix1,BREW,UDUC,round_shadow,2024-07-17T00:22:00,USER_L1_SD_CONDITIONAL,4,4,3,0,0,0,0.99,ROUND,0,0,0,1e-06,NON_LAMBDA_MODE
r48u_20260914_BREW_UDUC_round_shadow_fix1,BREW,UDUC,round_shadow,2024-07-17T00:22:30,USER_WL_SD,4,4,3,0,0,0,0.99,ROUND,0,0,0,1e-06,NON_LAMBDA_MODE
r48u_20260914_BREW_UDUC_round_shadow_fix1,BREW,UDUC,round_shadow,2024-07-17T00:22:30,USER_L1_SD_CONDITIONAL,4,4,3,0,0,0,0.99,ROUND,0,0,0,1e-06,NON_LAMBDA_MODE
r48u_20260914_BREW_UDUC_round_shadow_fix1,BREW,UDUC,round_shadow,2024-07-17T00:23:00,USER_WL_SD,4,4,3,0,0,0,0.99,ROUND,0,0,0,1e-06,NON_LAMBDA_MODE
r48u_20260914_BREW_UDUC_round_shadow_fix1,BREW,UDUC,round_shadow,2024-07-17T00:23:00,USER_L1_SD_CONDITIONAL,4,4,3,0,0,0,0.99,ROUND,0,0,0,1e-06,NON_LAMBDA_MODE
r48u_20260914_BREW_UDUC_round_shadow_fix1,BREW,UDUC,round_shadow,2024-07-17T00:23:30,USER_WL_SD,3,3,3,0,0,0,0.99,ROUND,0,0,0,1e-06,NON_LAMBDA_MODE
r48u_20260914_BREW_UDUC_round_shadow_fix1,BREW,UDUC,round_shadow,2024-07-17T00:23:30,USER_L1_SD_CONDITIONAL,3,3,3,0,0,0,0.99,ROUND,0,0,0,1e-06,NON_LAMBDA_MODE
r48u_20260914_BREW_UDUC_round_shadow_fix1,BREW,UDUC,round_shadow,2024-07-17T00:24:00,USER_WL_SD,4,4,3,0,0,0,0.99,ROUND,0,0,0,1e-06,NON_LAMBDA_MODE
r48u_20260914_BREW_UDUC_round_shadow_fix1,BREW,UDUC,round_shadow,2024-07-17T00:24:00,USER_L1_SD_CONDITIONAL,4,4,3,0,0,0,0.99,ROUND,0,0,0,1e-06,NON_LAMBDA_MODE
r48u_20260914_BREW_UDUC_round_shadow_fix1,BREW,UDUC,round_shadow,2024-07-17T00:24:30,USER_WL_SD,4,4,3,0,0,0,0.99,ROUND,0,0,0,1e-06,NON_LAMBDA_MODE
r48u_20260914_BREW_UDUC_round_shadow_fix1,BREW,UDUC,round_shadow,2024-07-17T00:24:30,USER_L1_SD_CONDITIONAL,4,4,3,0,0,0,0.99,ROUND,0,0,0,1e-06,NON_LAMBDA_MODE
r48u_20260914_BREW_UDUC_round_shadow_fix1,BREW,UDUC,round_shadow,2024-07-17T00:25:00,USER_WL_SD,4,4,3,0,0,0,0.99,ROUND,0,0,0,1e-06,NON_LAMBDA_MODE
r48u_20260914_BREW_UDUC_round_shadow_fix1,BREW,UDUC,round_shadow,2024-07-17T00:25:00,USER_L1_SD_CONDITIONAL,4,4,3,0,0,0,0.99,ROUND,0,0,0,1e-06,NON_LAMBDA_MODE
r48u_20260914_BREW_UDUC_round_shadow_fix1,BREW,UDUC,round_shadow,2024-07-17T00:25:30,USER_WL_SD,1,1,3,0,0,0,0.99,ROUND,0,0,0,1e-06,NON_LAMBDA_MODE
r48u_20260914_BREW_UDUC_round_shadow_fix1,BREW,UDUC,round_shadow,2024-07-17T00:25:30,USER_L1_SD_CONDITIONAL,1,1,3,0,0,0,0.99,ROUND,0,0,0,1e-06,NON_LAMBDA_MODE
r48u_20260914_BREW_UDUC_round_shadow_fix1,BREW,UDUC,round_shadow,2024-07-17T00:26:00,USER_WL_SD,3,3,3,0,0,0,0.99,ROUND,0,0,0,1e-06,NON_LAMBDA_MODE
r48u_20260914_BREW_UDUC_round_shadow_fix1,BREW,UDUC,round_shadow,2024-07-17T00:26:00,USER_L1_SD_CONDITIONAL,3,3,3,0,0,0,0.99,ROUND,0,0,0,1e-06,NON_LAMBDA_MODE
r48u_20260914_BREW_UDUC_round_shadow_fix1,BREW,UDUC,round_shadow,2024-07-17T00:26:30,USER_WL_SD,3,3,3,0,0,0,0.99,ROUND,0,0,0,1e-06,NON_LAMBDA_MODE
r48u_20260914_BREW_UDUC_round_shadow_fix1,BREW,UDUC,round_shadow,2024-07-17T00:26:30,USER_L1_SD_CONDITIONAL,3,3,3,0,0,0,0.99,ROUND,0,0,0,1e-06,NON_LAMBDA_MODE
r48u_20260914_BREW_UDUC_round_shadow_fix1,BREW,UDUC,round_shadow,2024-07-17T00:27:00,USER_WL_SD,2,2,3,0,0,0,0.99,ROUND,0,0,0,1e-06,NON_LAMBDA_MODE
r48u_20260914_BREW_UDUC_round_shadow_fix1,BREW,UDUC,round_shadow,2024-07-17T00:27:00,USER_L1_SD_CONDITIONAL,2,2,3,0,0,0,0.99,ROUND,0,0,0,1e-06,NON_LAMBDA_MODE
r48u_20260914_BREW_UDUC_round_shadow_fix1,BREW,UDUC,round_shadow,2024-07-17T00:27:30,USER_WL_SD,2,2,3,0,0,0,0.99,ROUND,0,0,0,1e-06,NON_LAMBDA_MODE
r48u_20260914_BREW_UDUC_round_shadow_fix1,BREW,UDUC,round_shadow,2024-07-17T00:27:30,USER_L1_SD_CONDITIONAL,2,2,3,0,0,0,0.99,ROUND,0,0,0,1e-06,NON_LAMBDA_MODE
r48u_20260914_BREW_UDUC_round_shadow_fix1,BREW,UDUC,round_shadow,2024-07-17T00:28:00,USER_WL_SD,2,2,3,0,0,0,0.99,ROUND,0,0,0,1e-06,NON_LAMBDA_MODE
r48u_20260914_BREW_UDUC_round_shadow_fix1,BREW,UDUC,round_shadow,2024-07-17T00:28:00,USER_L1_SD_CONDITIONAL,2,2,3,0,0,0,0.99,ROUND,0,0,0,1e-06,NON_LAMBDA_MODE
r48u_20260914_BREW_UDUC_round_shadow_fix1,BREW,UDUC,round_shadow,2024-07-17T00:28:30,USER_WL_SD,3,3,3,0,0,0,0.99,ROUND,0,0,0,1e-06,NON_LAMBDA_MODE
r48u_20260914_BREW_UDUC_round_shadow_fix1,BREW,UDUC,round_shadow,2024-07-17T00:28:30,USER_L1_SD_CONDITIONAL,3,3,3,0,0,0,0.99,ROUND,0,0,0,1e-06,NON_LAMBDA_MODE
r48u_20260914_BREW_UDUC_round_shadow_fix1,BREW,UDUC,round_shadow,2024-07-17T00:29:00,USER_WL_SD,3,3,3,0,0,0,0.99,ROUND,0,0,0,1e-06,NON_LAMBDA_MODE
r48u_20260914_BREW_UDUC_round_shadow_fix1,BREW,UDUC,round_shadow,2024-07-17T00:29:00,USER_L1_SD_CONDITIONAL,3,3,3,0,0,0,0.99,ROUND,0,0,0,1e-06,NON_LAMBDA_MODE
r48u_20260914_BREW_UDUC_round_shadow_fix1,BREW,UDUC,round_shadow,2024-07-17T00:29:30,USER_WL_SD,3,3,3,0,0,0,0.99,ROUND,0,0,0,1e-06,NON_LAMBDA_MODE
r48u_20260914_BREW_UDUC_round_shadow_fix1,BREW,UDUC,round_shadow,2024-07-17T00:29:30,USER_L1_SD_CONDITIONAL,3,3,3,0,0,0,0.99,ROUND,0,0,0,1e-06,NON_LAMBDA_MODE
r48u_20260914_BREW_UDUC_round_shadow_fix1,BREW,UDUC,round_shadow,2024-07-17T00:30:00,USER_WL_SD,3,3,3,0,0,0,0.99,ROUND,0,0,0,1e-06,NON_LAMBDA_MODE
r48u_20260914_BREW_UDUC_round_shadow_fix1,BREW,UDUC,round_shadow,2024-07-17T00:30:00,USER_L1_SD_CONDITIONAL,3,3,3,0,0,0,0.99,ROUND,0,0,0,1e-06,NON_LAMBDA_MODE
r48u_20260914_BREW_UDUC_round_feedback_fix1,BREW,UDUC,round_feedback,2024-07-17T00:11:30,USER_WL_SD,1,1,3,0,0,0,0.99,ROUND,0,0,0,1e-06,NON_LAMBDA_MODE
r48u_20260914_BREW_UDUC_round_feedback_fix1,BREW,UDUC,round_feedback,2024-07-17T00:12:00,USER_WL_SD,1,1,3,0,0,0,0.99,ROUND,0,0,0,1e-06,NON_LAMBDA_MODE
r48u_20260914_BREW_UDUC_round_feedback_fix1,BREW,UDUC,round_feedback,2024-07-17T00:12:30,USER_WL_SD,1,1,3,0,0,0,0.99,ROUND,0,0,0,1e-06,NON_LAMBDA_MODE
r48u_20260914_BREW_UDUC_round_feedback_fix1,BREW,UDUC,round_feedback,2024-07-17T00:13:00,USER_WL_SD,1,1,3,0,0,0,0.99,ROUND,0,0,0,1e-06,NON_LAMBDA_MODE
r48u_20260914_BREW_UDUC_round_feedback_fix1,BREW,UDUC,round_feedback,2024-07-17T00:13:30,USER_WL_SD,1,1,3,0,0,0,0.99,ROUND,0,0,0,1e-06,NON_LAMBDA_MODE
r48u_20260914_BREW_UDUC_round_feedback_fix1,BREW,UDUC,round_feedback,2024-07-17T00:14:00,USER_WL_SD,1,1,3,0,0,0,0.99,ROUND,0,0,0,1e-06,NON_LAMBDA_MODE
r48u_20260914_BREW_UDUC_round_feedback_fix1,BREW,UDUC,round_feedback,2024-07-17T00:14:30,USER_WL_SD,1,1,3,0,0,0,0.99,ROUND,0,0,0,1e-06,NON_LAMBDA_MODE
r48u_20260914_BREW_UDUC_round_feedback_fix1,BREW,UDUC,round_feedback,2024-07-17T00:15:00,USER_WL_SD,1,1,3,0,0,0,0.99,ROUND,0,0,0,1e-06,NON_LAMBDA_MODE
r48u_20260914_BREW_UDUC_round_feedback_fix1,BREW,UDUC,round_feedback,2024-07-17T00:15:30,USER_WL_SD,1,1,3,0,0,0,0.99,ROUND,0,0,0,1e-06,NON_LAMBDA_MODE
r48u_20260914_BREW_UDUC_round_feedback_fix1,BREW,UDUC,round_feedback,2024-07-17T00:16:00,USER_WL_SD,1,1,3,0,0,0,0.99,ROUND,0,0,0,1e-06,NON_LAMBDA_MODE
r48u_20260914_BREW_UDUC_round_feedback_fix1,BREW,UDUC,round_feedback,2024-07-17T00:16:30,USER_WL_SD,1,1,3,0,0,0,0.99,ROUND,0,0,0,1e-06,NON_LAMBDA_MODE
r48u_20260914_BREW_UDUC_round_feedback_fix1,BREW,UDUC,round_feedback,2024-07-17T00:17:00,USER_WL_SD,3,3,3,0,0,0,0.99,ROUND,0,0,0,1e-06,NON_LAMBDA_MODE
r48u_20260914_BREW_UDUC_round_feedback_fix1,BREW,UDUC,round_feedback,2024-07-17T00:17:30,USER_WL_SD,3,3,3,0,0,0,0.99,ROUND,0,0,0,1e-06,NON_LAMBDA_MODE
r48u_20260914_BREW_UDUC_round_feedback_fix1,BREW,UDUC,round_feedback,2024-07-17T00:18:00,USER_WL_SD,3,3,3,0,0,0,0.99,ROUND,0,0,0,1e-06,NON_LAMBDA_MODE
r48u_20260914_BREW_UDUC_round_feedback_fix1,BREW,UDUC,round_feedback,2024-07-17T00:18:30,USER_WL_SD,3,3,3,0,0,0,0.99,ROUND,0,0,0,1e-06,NON_LAMBDA_MODE
r48u_20260914_BREW_UDUC_round_feedback_fix1,BREW,UDUC,round_feedback,2024-07-17T00:19:00,USER_WL_SD,3,3,3,0,0,0,0.99,ROUND,0,0,0,1e-06,NON_LAMBDA_MODE
r48u_20260914_BREW_UDUC_round_feedback_fix1,BREW,UDUC,round_feedback,2024-07-17T00:19:30,USER_WL_SD,3,3,3,0,0,0,0.99,ROUND,0,0,0,1e-06,NON_LAMBDA_MODE
r48u_20260914_BREW_UDUC_round_feedback_fix1,BREW,UDUC,round_feedback,2024-07-17T00:20:00,USER_WL_SD,3,3,3,0,0,0,0.99,ROUND,0,0,0,1e-06,NON_LAMBDA_MODE
r48u_20260914_BREW_UDUC_round_feedback_fix1,BREW,UDUC,round_feedback,2024-07-17T00:20:30,USER_WL_SD,4,4,3,0,0,0,0.99,ROUND,0,0,0,1e-06,NON_LAMBDA_MODE
r48u_20260914_BREW_UDUC_round_feedback_fix1,BREW,UDUC,round_feedback,2024-07-17T00:20:30,USER_L1_SD_CONDITIONAL,4,4,3,0,0,0,0.99,ROUND,0,0,0,1e-06,NON_LAMBDA_MODE
r48u_20260914_BREW_UDUC_round_feedback_fix1,BREW,UDUC,round_feedback,2024-07-17T00:21:00,USER_L1_SD_CONDITIONAL,3,3,3,0,0,0,0.99,ROUND,0,0,0,1e-06,NON_LAMBDA_MODE
r48u_20260914_BREW_UDUC_round_feedback_fix1,BREW,UDUC,round_feedback,2024-07-17T00:21:30,USER_L1_SD_CONDITIONAL,3,3,3,0,0,0,0.99,ROUND,0,0,0,1e-06,NON_LAMBDA_MODE
r48u_20260914_BREW_UDUC_round_feedback_fix1,BREW,UDUC,round_feedback,2024-07-17T00:22:00,USER_L1_SD_CONDITIONAL,4,4,3,0,0,0,0.99,ROUND,0,0,0,1e-06,NON_LAMBDA_MODE
r48u_20260914_BREW_UDUC_round_feedback_fix1,BREW,UDUC,round_feedback,2024-07-17T00:22:30,USER_L1_SD_CONDITIONAL,4,4,3,0,0,0,0.99,ROUND,0,0,0,1e-06,NON_LAMBDA_MODE
r48u_20260914_BREW_UDUC_round_feedback_fix1,BREW,UDUC,round_feedback,2024-07-17T00:23:00,USER_L1_SD_CONDITIONAL,4,4,3,0,0,0,0.99,ROUND,0,0,0,1e-06,NON_LAMBDA_MODE
r48u_20260914_BREW_UDUC_round_feedback_fix1,BREW,UDUC,round_feedback,2024-07-17T00:25:30,USER_WL_SD,1,0,3,0,0,0,0.99,ROUND,0,0,0,1e-06,NO_STOCHASTIC_DIRECTION
r48u_20260914_BREW_UDUC_round_feedback_fix1,BREW,UDUC,round_feedback,2024-07-17T00:27:00,USER_WL_SD,2,1,3,0,0,0,0.99,ROUND,0,0,0,1e-06,NON_LAMBDA_MODE
r48u_20260914_BREW_UDUC_round_feedback_fix1,BREW,UDUC,round_feedback,2024-07-17T00:27:30,USER_WL_SD,2,1,3,0,0,0,0.99,ROUND,0,0,0,1e-06,NON_LAMBDA_MODE
r48u_20260914_BREW_UDUC_round_feedback_fix1,BREW,UDUC,round_feedback,2024-07-17T00:28:00,USER_WL_SD,2,1,3,0,0,0,0.99,ROUND,0,0,0,1e-06,NON_LAMBDA_MODE
r48u_20260914_BREW_UDUC_ils_shadow_fix1,BREW,UDUC,ils_shadow,2024-07-17T00:11:30,USER_WL_SD,1,1,1,0,0.971693,0.971693,0.999,LAMBDA_ALT,0,0,0,1e-06,BEST_1D_BOOTSTRAP_TOO_LOW
r48u_20260914_BREW_UDUC_ils_shadow_fix1,BREW,UDUC,ils_shadow,2024-07-17T00:12:00,USER_WL_SD,1,1,1,0,0.975541,0.975541,0.999,LAMBDA_ALT,0,0,0,1e-06,BEST_1D_BOOTSTRAP_TOO_LOW
r48u_20260914_BREW_UDUC_ils_shadow_fix1,BREW,UDUC,ils_shadow,2024-07-17T00:12:30,USER_WL_SD,1,1,1,0,0.978817,0.978817,0.999,LAMBDA_ALT,0,0,0,1e-06,BEST_1D_BOOTSTRAP_TOO_LOW
r48u_20260914_BREW_UDUC_ils_shadow_fix1,BREW,UDUC,ils_shadow,2024-07-17T00:13:00,USER_WL_SD,1,1,1,0,0.981612,0.981612,0.999,LAMBDA_ALT,0,0,0,1e-06,BEST_1D_BOOTSTRAP_TOO_LOW
r48u_20260914_BREW_UDUC_ils_shadow_fix1,BREW,UDUC,ils_shadow,2024-07-17T00:13:30,USER_WL_SD,1,1,1,0,0.984004,0.984004,0.999,LAMBDA_ALT,0,0,0,1e-06,BEST_1D_BOOTSTRAP_TOO_LOW
r48u_20260914_BREW_UDUC_ils_shadow_fix1,BREW,UDUC,ils_shadow,2024-07-17T00:14:00,USER_WL_SD,1,1,1,0,0.986055,0.986055,0.999,LAMBDA_ALT,0,0,0,1e-06,BEST_1D_BOOTSTRAP_TOO_LOW
r48u_20260914_BREW_UDUC_ils_shadow_fix1,BREW,UDUC,ils_shadow,2024-07-17T00:14:30,USER_WL_SD,1,1,1,0,0.987818,0.987818,0.999,LAMBDA_ALT,0,0,0,1e-06,BEST_1D_BOOTSTRAP_TOO_LOW
r48u_20260914_BREW_UDUC_ils_shadow_fix1,BREW,UDUC,ils_shadow,2024-07-17T00:15:00,USER_WL_SD,1,1,1,0,0.989336,0.989336,0.999,LAMBDA_ALT,0,0,0,1e-06,BEST_1D_BOOTSTRAP_TOO_LOW
r48u_20260914_BREW_UDUC_ils_shadow_fix1,BREW,UDUC,ils_shadow,2024-07-17T00:15:30,USER_WL_SD,1,1,1,0,0.990645,0.990645,0.999,LAMBDA_ALT,0,0,0,1e-06,BEST_1D_BOOTSTRAP_TOO_LOW
r48u_20260914_BREW_UDUC_ils_shadow_fix1,BREW,UDUC,ils_shadow,2024-07-17T00:16:00,USER_WL_SD,1,1,1,0,0.991778,0.991778,0.999,LAMBDA_ALT,0,0,0,1e-06,BEST_1D_BOOTSTRAP_TOO_LOW
r48u_20260914_BREW_UDUC_ils_shadow_fix1,BREW,UDUC,ils_shadow,2024-07-17T00:16:30,USER_WL_SD,1,1,1,0,0.992759,0.992759,0.999,LAMBDA_ALT,0,0,0,1e-06,BEST_1D_BOOTSTRAP_TOO_LOW
r48u_20260914_BREW_UDUC_ils_shadow_fix1,BREW,UDUC,ils_shadow,2024-07-17T00:17:00,USER_WL_SD,3,3,1,1,0.999939,0.926547,0.999,LAMBDA_ALT,1,0,0,1e-06,ACCEPTED
r48u_20260914_BREW_UDUC_ils_shadow_fix1,BREW,UDUC,ils_shadow,2024-07-17T00:17:00,USER_L1_SD_CONDITIONAL,3,3,1,0,0.815848,0.169088,0.999,LAMBDA_ALT,0,0,0,1e-06,BEST_1D_BOOTSTRAP_TOO_LOW
r48u_20260914_BREW_UDUC_ils_shadow_fix1,BREW,UDUC,ils_shadow,2024-07-17T00:17:30,USER_WL_SD,3,3,1,1,0.999955,0.932433,0.999,LAMBDA_ALT,1,0,0,1e-06,ACCEPTED
r48u_20260914_BREW_UDUC_ils_shadow_fix1,BREW,UDUC,ils_shadow,2024-07-17T00:17:30,USER_L1_SD_CONDITIONAL,3,3,1,0,0.836031,0.180006,0.999,LAMBDA_ALT,0,0,0,1e-06,BEST_1D_BOOTSTRAP_TOO_LOW
r48u_20260914_BREW_UDUC_ils_shadow_fix1,BREW,UDUC,ils_shadow,2024-07-17T00:18:00,USER_WL_SD,3,3,1,1,0.999968,0.937851,0.999,LAMBDA_ALT,1,0,0,1e-06,ACCEPTED
r48u_20260914_BREW_UDUC_ils_shadow_fix1,BREW,UDUC,ils_shadow,2024-07-17T00:18:00,USER_L1_SD_CONDITIONAL,3,3,1,0,0.854681,0.190772,0.999,LAMBDA_ALT,0,0,0,1e-06,BEST_1D_BOOTSTRAP_TOO_LOW
r48u_20260914_BREW_UDUC_ils_shadow_fix1,BREW,UDUC,ils_shadow,2024-07-17T00:18:30,USER_WL_SD,3,3,1,1,0.999976,0.94285,0.999,LAMBDA_ALT,1,0,0,1e-06,ACCEPTED
r48u_20260914_BREW_UDUC_ils_shadow_fix1,BREW,UDUC,ils_shadow,2024-07-17T00:18:30,USER_L1_SD_CONDITIONAL,3,3,1,0,0.871788,0.201356,0.999,LAMBDA_ALT,0,0,0,1e-06,BEST_1D_BOOTSTRAP_TOO_LOW
r48u_20260914_BREW_UDUC_ils_shadow_fix1,BREW,UDUC,ils_shadow,2024-07-17T00:19:00,USER_WL_SD,3,3,1,1,0.999983,0.947447,0.999,LAMBDA_ALT,1,0,0,1e-06,ACCEPTED
r48u_20260914_BREW_UDUC_ils_shadow_fix1,BREW,UDUC,ils_shadow,2024-07-17T00:19:00,USER_L1_SD_CONDITIONAL,3,3,1,0,0.887398,0.211718,0.999,LAMBDA_ALT,0,0,0,1e-06,BEST_1D_BOOTSTRAP_TOO_LOW
r48u_20260914_BREW_UDUC_ils_shadow_fix1,BREW,UDUC,ils_shadow,2024-07-17T00:19:30,USER_WL_SD,3,3,1,1,0.999987,0.951676,0.999,LAMBDA_ALT,1,0,0,1e-06,ACCEPTED
r48u_20260914_BREW_UDUC_ils_shadow_fix1,BREW,UDUC,ils_shadow,2024-07-17T00:19:30,USER_L1_SD_CONDITIONAL,3,3,1,0,0.901564,0.221834,0.999,LAMBDA_ALT,0,0,0,1e-06,BEST_1D_BOOTSTRAP_TOO_LOW
r48u_20260914_BREW_UDUC_ils_shadow_fix1,BREW,UDUC,ils_shadow,2024-07-17T00:20:00,USER_WL_SD,3,3,1,1,0.999991,0.955548,0.999,LAMBDA_ALT,1,0,0,1e-06,ACCEPTED
r48u_20260914_BREW_UDUC_ils_shadow_fix1,BREW,UDUC,ils_shadow,2024-07-17T00:20:00,USER_L1_SD_CONDITIONAL,3,3,1,0,0.91432,0.231652,0.999,LAMBDA_ALT,0,0,0,1e-06,BEST_1D_BOOTSTRAP_TOO_LOW
r48u_20260914_BREW_UDUC_ils_shadow_fix1,BREW,UDUC,ils_shadow,2024-07-17T00:20:30,USER_WL_SD,4,4,1,1,0.999993,0.886285,0.999,LAMBDA_ALT,1,0,0,1e-06,ACCEPTED
r48u_20260914_BREW_UDUC_ils_shadow_fix1,BREW,UDUC,ils_shadow,2024-07-17T00:20:30,USER_L1_SD_CONDITIONAL,4,4,1,0,0.925801,0.0759529,0.999,LAMBDA_ALT,0,0,0,1e-06,BEST_1D_BOOTSTRAP_TOO_LOW
r48u_20260914_BREW_UDUC_ils_shadow_fix1,BREW,UDUC,ils_shadow,2024-07-17T00:21:00,USER_WL_SD,3,3,1,1,0.999995,0.962416,0.999,LAMBDA_ALT,1,0,0,1e-06,ACCEPTED
r48u_20260914_BREW_UDUC_ils_shadow_fix1,BREW,UDUC,ils_shadow,2024-07-17T00:21:00,USER_L1_SD_CONDITIONAL,3,3,1,0,0.936045,0.250505,0.999,LAMBDA_ALT,0,0,0,1e-06,BEST_1D_BOOTSTRAP_TOO_LOW
r48u_20260914_BREW_UDUC_ils_shadow_fix1,BREW,UDUC,ils_shadow,2024-07-17T00:21:30,USER_WL_SD,3,3,1,1,0.999996,0.965455,0.999,LAMBDA_ALT,1,0,0,1e-06,ACCEPTED
r48u_20260914_BREW_UDUC_ils_shadow_fix1,BREW,UDUC,ils_shadow,2024-07-17T00:21:30,USER_L1_SD_CONDITIONAL,3,3,1,0,0.945142,0.259514,0.999,LAMBDA_ALT,0,0,0,1e-06,BEST_1D_BOOTSTRAP_TOO_LOW
r48u_20260914_BREW_UDUC_ils_shadow_fix1,BREW,UDUC,ils_shadow,2024-07-17T00:22:00,USER_WL_SD,4,4,1,1,0.999997,0.905724,0.999,LAMBDA_ALT,1,0,0,1e-06,ACCEPTED
r48u_20260914_BREW_UDUC_ils_shadow_fix1,BREW,UDUC,ils_shadow,2024-07-17T00:22:00,USER_L1_SD_CONDITIONAL,4,4,1,0,0.953172,0.0900454,0.999,LAMBDA_ALT,0,0,0,1e-06,BEST_1D_BOOTSTRAP_TOO_LOW
r48u_20260914_BREW_UDUC_ils_shadow_fix1,BREW,UDUC,ils_shadow,2024-07-17T00:22:30,USER_WL_SD,4,4,1,2,0.999998,0.911398,0.999,LAMBDA_ALT,1,0,0,1e-06,ACCEPTED
r48u_20260914_BREW_UDUC_ils_shadow_fix1,BREW,UDUC,ils_shadow,2024-07-17T00:22:30,USER_L1_SD_CONDITIONAL,4,4,1,0,0.998255,0.155509,0.999,LAMBDA_ALT,0,0,0,1e-06,BEST_1D_BOOTSTRAP_TOO_LOW
r48u_20260914_BREW_UDUC_ils_shadow_fix1,BREW,UDUC,ils_shadow,2024-07-17T00:23:00,USER_WL_SD,4,4,1,2,0.999999,0.916705,0.999,LAMBDA_ALT,1,0,0,1e-06,ACCEPTED
r48u_20260914_BREW_UDUC_ils_shadow_fix1,BREW,UDUC,ils_shadow,2024-07-17T00:23:00,USER_L1_SD_CONDITIONAL,4,4,1,0,0.998824,0.161533,0.999,LAMBDA_ALT,0,0,0,1e-06,BEST_1D_BOOTSTRAP_TOO_LOW
r48u_20260914_BREW_UDUC_ils_shadow_fix1,BREW,UDUC,ils_shadow,2024-07-17T00:23:30,USER_WL_SD,3,3,1,2,0.999999,0.975373,0.999,LAMBDA_ALT,1,0,0,1e-06,ACCEPTED
r48u_20260914_BREW_UDUC_ils_shadow_fix1,BREW,UDUC,ils_shadow,2024-07-17T00:23:30,USER_L1_SD_CONDITIONAL,3,3,1,1,0.999221,0.457381,0.999,LAMBDA_ALT,1,0,0,1e-06,ACCEPTED
r48u_20260914_BREW_UDUC_ils_shadow_fix1,BREW,UDUC,ils_shadow,2024-07-17T00:24:00,USER_WL_SD,4,4,1,2,0.999999,0.926283,0.999,LAMBDA_ALT,1,0,0,1e-06,ACCEPTED
r48u_20260914_BREW_UDUC_ils_shadow_fix1,BREW,UDUC,ils_shadow,2024-07-17T00:24:00,USER_L1_SD_CONDITIONAL,4,4,1,1,0.999492,0.173183,0.999,LAMBDA_ALT,1,0,0,1e-06,ACCEPTED
r48u_20260914_BREW_UDUC_ils_shadow_fix1,BREW,UDUC,ils_shadow,2024-07-17T00:24:30,USER_WL_SD,4,4,1,2,0.999999,0.930617,0.999,LAMBDA_ALT,1,0,0,1e-06,ACCEPTED
r48u_20260914_BREW_UDUC_ils_shadow_fix1,BREW,UDUC,ils_shadow,2024-07-17T00:24:30,USER_L1_SD_CONDITIONAL,4,4,1,1,0.999674,0.178834,0.999,LAMBDA_ALT,1,0,0,1e-06,ACCEPTED
r48u_20260914_BREW_UDUC_ils_shadow_fix1,BREW,UDUC,ils_shadow,2024-07-17T00:25:00,USER_WL_SD,4,4,1,2,1,0.934673,0.999,LAMBDA_ALT,1,0,0,1e-06,ACCEPTED
r48u_20260914_BREW_UDUC_ils_shadow_fix1,BREW,UDUC,ils_shadow,2024-07-17T00:25:00,USER_L1_SD_CONDITIONAL,4,4,1,1,0.999795,0.184377,0.999,LAMBDA_ALT,1,0,0,1e-06,ACCEPTED
r48u_20260914_BREW_UDUC_ils_shadow_fix1,BREW,UDUC,ils_shadow,2024-07-17T00:25:30,USER_WL_SD,1,1,1,0,0.998999,0.998999,0.999,LAMBDA_ALT,0,0,0,1e-06,BEST_1D_BOOTSTRAP_TOO_LOW
r48u_20260914_BREW_UDUC_ils_shadow_fix1,BREW,UDUC,ils_shadow,2024-07-17T00:25:30,USER_L1_SD_CONDITIONAL,1,1,1,0,0.950061,0.950061,0.999,LAMBDA_ALT,0,0,0,1e-06,BEST_1D_BOOTSTRAP_TOO_LOW
r48u_20260914_BREW_UDUC_ils_shadow_fix1,BREW,UDUC,ils_shadow,2024-07-17T00:26:00,USER_WL_SD,3,3,1,2,1,0.983921,0.999,LAMBDA_ALT,1,0,0,1e-06,ACCEPTED
r48u_20260914_BREW_UDUC_ils_shadow_fix1,BREW,UDUC,ils_shadow,2024-07-17T00:26:00,USER_L1_SD_CONDITIONAL,3,3,1,1,0.999922,0.495731,0.999,LAMBDA_ALT,1,0,0,1e-06,ACCEPTED
r48u_20260914_BREW_UDUC_ils_shadow_fix1,BREW,UDUC,ils_shadow,2024-07-17T00:26:30,USER_WL_SD,3,3,1,2,1,0.985234,0.999,LAMBDA_ALT,1,0,0,1e-06,ACCEPTED
r48u_20260914_BREW_UDUC_ils_shadow_fix1,BREW,UDUC,ils_shadow,2024-07-17T00:26:30,USER_L1_SD_CONDITIONAL,3,3,1,1,0.999953,0.50243,0.999,LAMBDA_ALT,1,0,0,1e-06,ACCEPTED
r48u_20260914_BREW_UDUC_ils_shadow_fix1,BREW,UDUC,ils_shadow,2024-07-17T00:27:00,USER_WL_SD,2,2,1,1,0.999207,0.984111,0.999,LAMBDA_ALT,1,0,0,1e-06,ACCEPTED
r48u_20260914_BREW_UDUC_ils_shadow_fix1,BREW,UDUC,ils_shadow,2024-07-17T00:27:00,USER_L1_SD_CONDITIONAL,2,2,1,1,0.999973,0.502648,0.999,LAMBDA_ALT,1,0,0,1e-06,ACCEPTED
r48u_20260914_BREW_UDUC_ils_shadow_fix1,BREW,UDUC,ils_shadow,2024-07-17T00:27:30,USER_WL_SD,2,2,1,1,0.999265,0.985345,0.999,LAMBDA_ALT,1,0,0,1e-06,ACCEPTED
r48u_20260914_BREW_UDUC_ils_shadow_fix1,BREW,UDUC,ils_shadow,2024-07-17T00:27:30,USER_L1_SD_CONDITIONAL,2,2,1,1,0.999984,0.508144,0.999,LAMBDA_ALT,1,0,0,1e-06,ACCEPTED
r48u_20260914_BREW_UDUC_ils_shadow_fix1,BREW,UDUC,ils_shadow,2024-07-17T00:28:00,USER_WL_SD,2,2,1,1,0.999319,0.986484,0.999,LAMBDA_ALT,1,0,0,1e-06,ACCEPTED
r48u_20260914_BREW_UDUC_ils_shadow_fix1,BREW,UDUC,ils_shadow,2024-07-17T00:28:00,USER_L1_SD_CONDITIONAL,2,2,1,1,0.999991,0.51355,0.999,LAMBDA_ALT,1,0,0,1e-06,ACCEPTED
r48u_20260914_BREW_UDUC_ils_shadow_fix1,BREW,UDUC,ils_shadow,2024-07-17T00:28:30,USER_WL_SD,3,3,1,2,1,0.989544,0.999,LAMBDA_ALT,1,0,0,1e-06,ACCEPTED
r48u_20260914_BREW_UDUC_ils_shadow_fix1,BREW,UDUC,ils_shadow,2024-07-17T00:28:30,USER_L1_SD_CONDITIONAL,3,3,1,1,0.999995,0.527267,0.999,LAMBDA_ALT,1,0,0,1e-06,ACCEPTED
r48u_20260914_BREW_UDUC_ils_shadow_fix1,BREW,UDUC,ils_shadow,2024-07-17T00:29:00,USER_WL_SD,3,3,1,2,1,0.990413,0.999,LAMBDA_ALT,1,0,0,1e-06,ACCEPTED
r48u_20260914_BREW_UDUC_ils_shadow_fix1,BREW,UDUC,ils_shadow,2024-07-17T00:29:00,USER_L1_SD_CONDITIONAL,3,3,1,1,0.999997,0.533038,0.999,LAMBDA_ALT,1,0,0,1e-06,ACCEPTED
r48u_20260914_BREW_UDUC_ils_shadow_fix1,BREW,UDUC,ils_shadow,2024-07-17T00:29:30,USER_WL_SD,3,3,1,2,1,0.991212,0.999,LAMBDA_ALT,1,0,0,1e-06,ACCEPTED
r48u_20260914_BREW_UDUC_ils_shadow_fix1,BREW,UDUC,ils_shadow,2024-07-17T00:29:30,USER_L1_SD_CONDITIONAL,3,3,1,1,0.999999,0.538661,0.999,LAMBDA_ALT,1,0,0,1e-06,ACCEPTED
r48u_20260914_BREW_UDUC_ils_shadow_fix1,BREW,UDUC,ils_shadow,2024-07-17T00:30:00,USER_WL_SD,3,3,1,2,1,0.991945,0.999,LAMBDA_ALT,1,0,0,1e-06,ACCEPTED
r48u_20260914_BREW_UDUC_ils_shadow_fix1,BREW,UDUC,ils_shadow,2024-07-17T00:30:00,USER_L1_SD_CONDITIONAL,3,3,1,1,0.999999,0.544149,0.999,LAMBDA_ALT,1,0,0,1e-06,ACCEPTED
r48u_20260914_BREW_UDUC_ils_feedback_fix1,BREW,UDUC,ils_feedback,2024-07-17T00:11:30,USER_WL_SD,1,1,1,0,0.971693,0.971693,0.999,LAMBDA_ALT,0,0,0,1e-06,BEST_1D_BOOTSTRAP_TOO_LOW
r48u_20260914_BREW_UDUC_ils_feedback_fix1,BREW,UDUC,ils_feedback,2024-07-17T00:12:00,USER_WL_SD,1,1,1,0,0.975541,0.975541,0.999,LAMBDA_ALT,0,0,0,1e-06,BEST_1D_BOOTSTRAP_TOO_LOW
r48u_20260914_BREW_UDUC_ils_feedback_fix1,BREW,UDUC,ils_feedback,2024-07-17T00:12:30,USER_WL_SD,1,1,1,0,0.978817,0.978817,0.999,LAMBDA_ALT,0,0,0,1e-06,BEST_1D_BOOTSTRAP_TOO_LOW
r48u_20260914_BREW_UDUC_ils_feedback_fix1,BREW,UDUC,ils_feedback,2024-07-17T00:13:00,USER_WL_SD,1,1,1,0,0.981612,0.981612,0.999,LAMBDA_ALT,0,0,0,1e-06,BEST_1D_BOOTSTRAP_TOO_LOW
r48u_20260914_BREW_UDUC_ils_feedback_fix1,BREW,UDUC,ils_feedback,2024-07-17T00:13:30,USER_WL_SD,1,1,1,0,0.984004,0.984004,0.999,LAMBDA_ALT,0,0,0,1e-06,BEST_1D_BOOTSTRAP_TOO_LOW
r48u_20260914_BREW_UDUC_ils_feedback_fix1,BREW,UDUC,ils_feedback,2024-07-17T00:14:00,USER_WL_SD,1,1,1,0,0.986055,0.986055,0.999,LAMBDA_ALT,0,0,0,1e-06,BEST_1D_BOOTSTRAP_TOO_LOW
r48u_20260914_BREW_UDUC_ils_feedback_fix1,BREW,UDUC,ils_feedback,2024-07-17T00:14:30,USER_WL_SD,1,1,1,0,0.987818,0.987818,0.999,LAMBDA_ALT,0,0,0,1e-06,BEST_1D_BOOTSTRAP_TOO_LOW
r48u_20260914_BREW_UDUC_ils_feedback_fix1,BREW,UDUC,ils_feedback,2024-07-17T00:15:00,USER_WL_SD,1,1,1,0,0.989336,0.989336,0.999,LAMBDA_ALT,0,0,0,1e-06,BEST_1D_BOOTSTRAP_TOO_LOW
r48u_20260914_BREW_UDUC_ils_feedback_fix1,BREW,UDUC,ils_feedback,2024-07-17T00:15:30,USER_WL_SD,1,1,1,0,0.990645,0.990645,0.999,LAMBDA_ALT,0,0,0,1e-06,BEST_1D_BOOTSTRAP_TOO_LOW
r48u_20260914_BREW_UDUC_ils_feedback_fix1,BREW,UDUC,ils_feedback,2024-07-17T00:16:00,USER_WL_SD,1,1,1,0,0.991778,0.991778,0.999,LAMBDA_ALT,0,0,0,1e-06,BEST_1D_BOOTSTRAP_TOO_LOW
r48u_20260914_BREW_UDUC_ils_feedback_fix1,BREW,UDUC,ils_feedback,2024-07-17T00:16:30,USER_WL_SD,1,1,1,0,0.992759,0.992759,0.999,LAMBDA_ALT,0,0,0,1e-06,BEST_1D_BOOTSTRAP_TOO_LOW
r48u_20260914_BREW_UDUC_ils_feedback_fix1,BREW,UDUC,ils_feedback,2024-07-17T00:17:00,USER_WL_SD,3,3,1,1,0.999939,0.926547,0.999,LAMBDA_ALT,1,0,0,1e-06,ACCEPTED
r48u_20260914_BREW_UDUC_ils_feedback_fix1,BREW,UDUC,ils_feedback,2024-07-17T00:17:00,USER_L1_SD_CONDITIONAL,3,3,1,0,0.815848,0.169088,0.999,LAMBDA_ALT,0,0,0,1e-06,BEST_1D_BOOTSTRAP_TOO_LOW
r48u_20260914_BREW_UDUC_ils_feedback_fix1,BREW,UDUC,ils_feedback,2024-07-17T00:17:30,USER_L1_SD_CONDITIONAL,3,3,1,0,0.836031,0.180006,0.999,LAMBDA_ALT,0,0,0,1e-06,BEST_1D_BOOTSTRAP_TOO_LOW
r48u_20260914_BREW_UDUC_ils_feedback_fix1,BREW,UDUC,ils_feedback,2024-07-17T00:18:00,USER_L1_SD_CONDITIONAL,3,3,1,0,0.854681,0.190772,0.999,LAMBDA_ALT,0,0,0,1e-06,BEST_1D_BOOTSTRAP_TOO_LOW
r48u_20260914_BREW_UDUC_ils_feedback_fix1,BREW,UDUC,ils_feedback,2024-07-17T00:18:30,USER_L1_SD_CONDITIONAL,3,3,1,0,0.871788,0.201356,0.999,LAMBDA_ALT,0,0,0,1e-06,BEST_1D_BOOTSTRAP_TOO_LOW
r48u_20260914_BREW_UDUC_ils_feedback_fix1,BREW,UDUC,ils_feedback,2024-07-17T00:19:00,USER_L1_SD_CONDITIONAL,3,3,1,0,0.887398,0.211718,0.999,LAMBDA_ALT,0,0,0,1e-06,BEST_1D_BOOTSTRAP_TOO_LOW
r48u_20260914_BREW_UDUC_ils_feedback_fix1,BREW,UDUC,ils_feedback,2024-07-17T00:19:30,USER_WL_SD,3,2,1,0,0.998186,0.951688,0.999,LAMBDA_ALT,0,0,0,1e-06,BEST_1D_BOOTSTRAP_TOO_LOW
r48u_20260914_BREW_UDUC_ils_feedback_fix1,BREW,UDUC,ils_feedback,2024-07-17T00:19:30,USER_L1_SD_CONDITIONAL,3,3,1,0,0.901564,0.221834,0.999,LAMBDA_ALT,0,0,0,1e-06,BEST_1D_BOOTSTRAP_TOO_LOW
r48u_20260914_BREW_UDUC_ils_feedback_fix1,BREW,UDUC,ils_feedback,2024-07-17T00:20:00,USER_WL_SD,3,2,1,0,0.998386,0.955556,0.999,LAMBDA_ALT,0,0,0,1e-06,BEST_1D_BOOTSTRAP_TOO_LOW
r48u_20260914_BREW_UDUC_ils_feedback_fix1,BREW,UDUC,ils_feedback,2024-07-17T00:20:00,USER_L1_SD_CONDITIONAL,3,3,1,0,0.91432,0.231652,0.999,LAMBDA_ALT,0,0,0,1e-06,BEST_1D_BOOTSTRAP_TOO_LOW
r48u_20260914_BREW_UDUC_ils_feedback_fix1,BREW,UDUC,ils_feedback,2024-07-17T00:20:30,USER_L1_SD_CONDITIONAL,4,4,1,0,0.925801,0.0759529,0.999,LAMBDA_ALT,0,0,0,1e-06,BEST_1D_BOOTSTRAP_TOO_LOW
r48u_20260914_BREW_UDUC_ils_feedback_fix1,BREW,UDUC,ils_feedback,2024-07-17T00:21:00,USER_L1_SD_CONDITIONAL,3,3,1,0,0.936045,0.250505,0.999,LAMBDA_ALT,0,0,0,1e-06,BEST_1D_BOOTSTRAP_TOO_LOW
r48u_20260914_BREW_UDUC_ils_feedback_fix1,BREW,UDUC,ils_feedback,2024-07-17T00:21:30,USER_L1_SD_CONDITIONAL,3,3,1,0,0.945142,0.259514,0.999,LAMBDA_ALT,0,0,0,1e-06,BEST_1D_BOOTSTRAP_TOO_LOW
r48u_20260914_BREW_UDUC_ils_feedback_fix1,BREW,UDUC,ils_feedback,2024-07-17T00:22:00,USER_L1_SD_CONDITIONAL,4,4,1,0,0.953172,0.0900454,0.999,LAMBDA_ALT,0,0,0,1e-06,BEST_1D_BOOTSTRAP_TOO_LOW
r48u_20260914_BREW_UDUC_ils_feedback_fix1,BREW,UDUC,ils_feedback,2024-07-17T00:22:30,USER_L1_SD_CONDITIONAL,4,4,1,0,0.96022,0.0947202,0.999,LAMBDA_ALT,0,0,0,1e-06,BEST_1D_BOOTSTRAP_TOO_LOW
r48u_20260914_BREW_UDUC_ils_feedback_fix1,BREW,UDUC,ils_feedback,2024-07-17T00:23:00,USER_L1_SD_CONDITIONAL,4,4,1,0,0.966372,0.0993688,0.999,LAMBDA_ALT,0,0,0,1e-06,BEST_1D_BOOTSTRAP_TOO_LOW
r48u_20260914_BREW_UDUC_ils_feedback_fix1,BREW,UDUC,ils_feedback,2024-07-17T00:23:30,USER_L1_SD_CONDITIONAL,3,3,1,0,0.971712,0.292708,0.999,LAMBDA_ALT,0,0,0,1e-06,BEST_1D_BOOTSTRAP_TOO_LOW
r48u_20260914_BREW_UDUC_ils_feedback_fix1,BREW,UDUC,ils_feedback,2024-07-17T00:24:00,USER_L1_SD_CONDITIONAL,4,4,1,0,0.976321,0.10855,0.999,LAMBDA_ALT,0,0,0,1e-06,BEST_1D_BOOTSTRAP_TOO_LOW
r48u_20260914_BREW_UDUC_ils_feedback_fix1,BREW,UDUC,ils_feedback,2024-07-17T00:24:30,USER_L1_SD_CONDITIONAL,4,4,1,0,0.980275,0.113084,0.999,LAMBDA_ALT,0,0,0,1e-06,BEST_1D_BOOTSTRAP_TOO_LOW
r48u_20260914_BREW_UDUC_ils_feedback_fix1,BREW,UDUC,ils_feedback,2024-07-17T00:25:00,USER_WL_SD,4,3,1,1,0.999435,0.934673,0.999,LAMBDA_ALT,1,0,0,1e-06,ACCEPTED
r48u_20260914_BREW_UDUC_ils_feedback_fix1,BREW,UDUC,ils_feedback,2024-07-17T00:25:00,USER_L1_SD_CONDITIONAL,4,4,1,1,0.999795,0.184377,0.999,LAMBDA_ALT,1,0,0,1e-06,ACCEPTED
r48u_20260914_BREW_UDUC_ils_feedback_fix1,BREW,UDUC,ils_feedback,2024-07-17T00:25:30,USER_WL_SD,1,0,1,0,0,0,0.999,LAMBDA_ALT,0,0,0,1e-06,NO_STOCHASTIC_DIRECTION
r48u_20260914_BREW_UDUC_ils_feedback_fix1,BREW,UDUC,ils_feedback,2024-07-17T00:26:00,USER_WL_SD,3,1,1,0,0.984385,0.984385,0.999,LAMBDA_ALT,0,0,0,1e-06,BEST_1D_BOOTSTRAP_TOO_LOW
r48u_20260914_BREW_UDUC_ils_feedback_fix1,BREW,UDUC,ils_feedback,2024-07-17T00:26:30,USER_WL_SD,3,1,1,0,0.985659,0.985659,0.999,LAMBDA_ALT,0,0,0,1e-06,BEST_1D_BOOTSTRAP_TOO_LOW
r48u_20260914_BREW_UDUC_ils_feedback_fix1,BREW,UDUC,ils_feedback,2024-07-17T00:28:30,USER_WL_SD,3,1,1,0,0.989848,0.989848,0.999,LAMBDA_ALT,0,0,0,1e-06,BEST_1D_BOOTSTRAP_TOO_LOW
r48u_20260914_BREW_UDUC_ils_feedback_fix1,BREW,UDUC,ils_feedback,2024-07-17T00:29:00,USER_WL_SD,3,1,1,0,0.990694,0.990694,0.999,LAMBDA_ALT,0,0,0,1e-06,BEST_1D_BOOTSTRAP_TOO_LOW
r48u_20260914_BREW_UDUC_ils_feedback_fix1,BREW,UDUC,ils_feedback,2024-07-17T00:29:30,USER_WL_SD,3,1,1,0,0.991472,0.991472,0.999,LAMBDA_ALT,0,0,0,1e-06,BEST_1D_BOOTSTRAP_TOO_LOW
r48u_20260914_BREW_UDUC_ils_feedback_fix1,BREW,UDUC,ils_feedback,2024-07-17T00:30:00,USER_WL_SD,3,1,1,0,0.992186,0.992186,0.999,LAMBDA_ALT,0,0,0,1e-06,BEST_1D_BOOTSTRAP_TOO_LOW
r48u_20260914_MARS_UDUC_round_shadow_fix1,MARS,UDUC,round_shadow,2024-07-17T00:10:30,USER_WL_SD,4,4,3,0,0,0,0.99,ROUND,0,0,0,1e-06,NON_LAMBDA_MODE
r48u_20260914_MARS_UDUC_round_shadow_fix1,MARS,UDUC,round_shadow,2024-07-17T00:10:30,USER_L1_SD_CONDITIONAL,4,4,3,0,0,0,0.99,ROUND,0,0,0,1e-06,NON_LAMBDA_MODE
r48u_20260914_MARS_UDUC_round_shadow_fix1,MARS,UDUC,round_shadow,2024-07-17T00:17:00,USER_WL_SD,4,4,3,0,0,0,0.99,ROUND,0,0,0,1e-06,NON_LAMBDA_MODE
r48u_20260914_MARS_UDUC_round_shadow_fix1,MARS,UDUC,round_shadow,2024-07-17T00:17:00,USER_L1_SD_CONDITIONAL,4,4,3,0,0,0,0.99,ROUND,0,0,0,1e-06,NON_LAMBDA_MODE
r48u_20260914_MARS_UDUC_round_shadow_fix1,MARS,UDUC,round_shadow,2024-07-17T00:17:30,USER_WL_SD,4,4,3,0,0,0,0.99,ROUND,0,0,0,1e-06,NON_LAMBDA_MODE
r48u_20260914_MARS_UDUC_round_shadow_fix1,MARS,UDUC,round_shadow,2024-07-17T00:17:30,USER_L1_SD_CONDITIONAL,4,4,3,0,0,0,0.99,ROUND,0,0,0,1e-06,NON_LAMBDA_MODE
r48u_20260914_MARS_UDUC_round_shadow_fix1,MARS,UDUC,round_shadow,2024-07-17T00:18:00,USER_WL_SD,4,4,3,0,0,0,0.99,ROUND,0,0,0,1e-06,NON_LAMBDA_MODE
r48u_20260914_MARS_UDUC_round_shadow_fix1,MARS,UDUC,round_shadow,2024-07-17T00:18:00,USER_L1_SD_CONDITIONAL,4,4,3,0,0,0,0.99,ROUND,0,0,0,1e-06,NON_LAMBDA_MODE
r48u_20260914_MARS_UDUC_round_shadow_fix1,MARS,UDUC,round_shadow,2024-07-17T00:18:30,USER_WL_SD,4,4,3,0,0,0,0.99,ROUND,0,0,0,1e-06,NON_LAMBDA_MODE
r48u_20260914_MARS_UDUC_round_shadow_fix1,MARS,UDUC,round_shadow,2024-07-17T00:18:30,USER_L1_SD_CONDITIONAL,4,4,3,0,0,0,0.99,ROUND,0,0,0,1e-06,NON_LAMBDA_MODE
r48u_20260914_MARS_UDUC_round_shadow_fix1,MARS,UDUC,round_shadow,2024-07-17T00:19:00,USER_WL_SD,4,4,3,0,0,0,0.99,ROUND,0,0,0,1e-06,NON_LAMBDA_MODE
r48u_20260914_MARS_UDUC_round_shadow_fix1,MARS,UDUC,round_shadow,2024-07-17T00:19:00,USER_L1_SD_CONDITIONAL,4,4,3,0,0,0,0.99,ROUND,0,0,0,1e-06,NON_LAMBDA_MODE
r48u_20260914_MARS_UDUC_round_shadow_fix1,MARS,UDUC,round_shadow,2024-07-17T00:19:30,USER_WL_SD,4,4,3,0,0,0,0.99,ROUND,0,0,0,1e-06,NON_LAMBDA_MODE
r48u_20260914_MARS_UDUC_round_shadow_fix1,MARS,UDUC,round_shadow,2024-07-17T00:19:30,USER_L1_SD_CONDITIONAL,4,4,3,0,0,0,0.99,ROUND,0,0,0,1e-06,NON_LAMBDA_MODE
r48u_20260914_MARS_UDUC_round_shadow_fix1,MARS,UDUC,round_shadow,2024-07-17T00:20:00,USER_WL_SD,4,4,3,0,0,0,0.99,ROUND,0,0,0,1e-06,NON_LAMBDA_MODE
r48u_20260914_MARS_UDUC_round_shadow_fix1,MARS,UDUC,round_shadow,2024-07-17T00:20:00,USER_L1_SD_CONDITIONAL,4,4,3,0,0,0,0.99,ROUND,0,0,0,1e-06,NON_LAMBDA_MODE
r48u_20260914_MARS_UDUC_round_shadow_fix1,MARS,UDUC,round_shadow,2024-07-17T00:20:30,USER_WL_SD,5,5,3,0,0,0,0.99,ROUND,0,0,0,1e-06,NON_LAMBDA_MODE
r48u_20260914_MARS_UDUC_round_shadow_fix1,MARS,UDUC,round_shadow,2024-07-17T00:20:30,USER_L1_SD_CONDITIONAL,5,5,3,0,0,0,0.99,ROUND,0,0,0,1e-06,NON_LAMBDA_MODE
r48u_20260914_MARS_UDUC_round_shadow_fix1,MARS,UDUC,round_shadow,2024-07-17T00:21:00,USER_WL_SD,4,4,3,0,0,0,0.99,ROUND,0,0,0,1e-06,NON_LAMBDA_MODE
r48u_20260914_MARS_UDUC_round_shadow_fix1,MARS,UDUC,round_shadow,2024-07-17T00:21:00,USER_L1_SD_CONDITIONAL,4,4,3,0,0,0,0.99,ROUND,0,0,0,1e-06,NON_LAMBDA_MODE
r48u_20260914_MARS_UDUC_round_shadow_fix1,MARS,UDUC,round_shadow,2024-07-17T00:21:30,USER_WL_SD,5,5,3,0,0,0,0.99,ROUND,0,0,0,1e-06,NON_LAMBDA_MODE
r48u_20260914_MARS_UDUC_round_shadow_fix1,MARS,UDUC,round_shadow,2024-07-17T00:21:30,USER_L1_SD_CONDITIONAL,5,5,3,0,0,0,0.99,ROUND,0,0,0,1e-06,NON_LAMBDA_MODE
r48u_20260914_MARS_UDUC_round_shadow_fix1,MARS,UDUC,round_shadow,2024-07-17T00:22:00,USER_WL_SD,5,5,3,0,0,0,0.99,ROUND,0,0,0,1e-06,NON_LAMBDA_MODE
r48u_20260914_MARS_UDUC_round_shadow_fix1,MARS,UDUC,round_shadow,2024-07-17T00:22:00,USER_L1_SD_CONDITIONAL,5,5,3,0,0,0,0.99,ROUND,0,0,0,1e-06,NON_LAMBDA_MODE
r48u_20260914_MARS_UDUC_round_shadow_fix1,MARS,UDUC,round_shadow,2024-07-17T00:22:30,USER_WL_SD,5,5,3,0,0,0,0.99,ROUND,0,0,0,1e-06,NON_LAMBDA_MODE
r48u_20260914_MARS_UDUC_round_shadow_fix1,MARS,UDUC,round_shadow,2024-07-17T00:22:30,USER_L1_SD_CONDITIONAL,5,5,3,0,0,0,0.99,ROUND,0,0,0,1e-06,NON_LAMBDA_MODE
r48u_20260914_MARS_UDUC_round_shadow_fix1,MARS,UDUC,round_shadow,2024-07-17T00:23:00,USER_WL_SD,5,5,3,0,0,0,0.99,ROUND,0,0,0,1e-06,NON_LAMBDA_MODE
r48u_20260914_MARS_UDUC_round_shadow_fix1,MARS,UDUC,round_shadow,2024-07-17T00:23:00,USER_L1_SD_CONDITIONAL,5,5,3,0,0,0,0.99,ROUND,0,0,0,1e-06,NON_LAMBDA_MODE
r48u_20260914_MARS_UDUC_round_shadow_fix1,MARS,UDUC,round_shadow,2024-07-17T00:23:30,USER_WL_SD,4,4,3,0,0,0,0.99,ROUND,0,0,0,1e-06,NON_LAMBDA_MODE
r48u_20260914_MARS_UDUC_round_shadow_fix1,MARS,UDUC,round_shadow,2024-07-17T00:23:30,USER_L1_SD_CONDITIONAL,4,4,3,0,0,0,0.99,ROUND,0,0,0,1e-06,NON_LAMBDA_MODE
r48u_20260914_MARS_UDUC_round_shadow_fix1,MARS,UDUC,round_shadow,2024-07-17T00:24:00,USER_WL_SD,4,4,3,0,0,0,0.99,ROUND,0,0,0,1e-06,NON_LAMBDA_MODE
r48u_20260914_MARS_UDUC_round_shadow_fix1,MARS,UDUC,round_shadow,2024-07-17T00:24:00,USER_L1_SD_CONDITIONAL,4,4,3,0,0,0,0.99,ROUND,0,0,0,1e-06,NON_LAMBDA_MODE
r48u_20260914_MARS_UDUC_round_shadow_fix1,MARS,UDUC,round_shadow,2024-07-17T00:24:30,USER_WL_SD,4,4,3,0,0,0,0.99,ROUND,0,0,0,1e-06,NON_LAMBDA_MODE
r48u_20260914_MARS_UDUC_round_shadow_fix1,MARS,UDUC,round_shadow,2024-07-17T00:24:30,USER_L1_SD_CONDITIONAL,4,4,3,0,0,0,0.99,ROUND,0,0,0,1e-06,NON_LAMBDA_MODE
r48u_20260914_MARS_UDUC_round_shadow_fix1,MARS,UDUC,round_shadow,2024-07-17T00:25:00,USER_WL_SD,4,4,3,0,0,0,0.99,ROUND,0,0,0,1e-06,NON_LAMBDA_MODE
r48u_20260914_MARS_UDUC_round_shadow_fix1,MARS,UDUC,round_shadow,2024-07-17T00:25:00,USER_L1_SD_CONDITIONAL,4,4,3,0,0,0,0.99,ROUND,0,0,0,1e-06,NON_LAMBDA_MODE
r48u_20260914_MARS_UDUC_round_shadow_fix1,MARS,UDUC,round_shadow,2024-07-17T00:26:00,USER_WL_SD,4,4,3,0,0,0,0.99,ROUND,0,0,0,1e-06,NON_LAMBDA_MODE
r48u_20260914_MARS_UDUC_round_shadow_fix1,MARS,UDUC,round_shadow,2024-07-17T00:26:00,USER_L1_SD_CONDITIONAL,4,4,3,0,0,0,0.99,ROUND,0,0,0,1e-06,NON_LAMBDA_MODE
r48u_20260914_MARS_UDUC_round_shadow_fix1,MARS,UDUC,round_shadow,2024-07-17T00:26:30,USER_WL_SD,4,4,3,0,0,0,0.99,ROUND,0,0,0,1e-06,NON_LAMBDA_MODE
r48u_20260914_MARS_UDUC_round_shadow_fix1,MARS,UDUC,round_shadow,2024-07-17T00:26:30,USER_L1_SD_CONDITIONAL,4,4,3,0,0,0,0.99,ROUND,0,0,0,1e-06,NON_LAMBDA_MODE
r48u_20260914_MARS_UDUC_round_shadow_fix1,MARS,UDUC,round_shadow,2024-07-17T00:27:00,USER_WL_SD,5,5,3,0,0,0,0.99,ROUND,0,0,0,1e-06,NON_LAMBDA_MODE
r48u_20260914_MARS_UDUC_round_shadow_fix1,MARS,UDUC,round_shadow,2024-07-17T00:27:00,USER_L1_SD_CONDITIONAL,5,5,3,0,0,0,0.99,ROUND,0,0,0,1e-06,NON_LAMBDA_MODE
r48u_20260914_MARS_UDUC_round_shadow_fix1,MARS,UDUC,round_shadow,2024-07-17T00:27:30,USER_WL_SD,5,5,3,0,0,0,0.99,ROUND,0,0,0,1e-06,NON_LAMBDA_MODE
r48u_20260914_MARS_UDUC_round_shadow_fix1,MARS,UDUC,round_shadow,2024-07-17T00:27:30,USER_L1_SD_CONDITIONAL,5,5,3,0,0,0,0.99,ROUND,0,0,0,1e-06,NON_LAMBDA_MODE
r48u_20260914_MARS_UDUC_round_shadow_fix1,MARS,UDUC,round_shadow,2024-07-17T00:28:00,USER_WL_SD,5,5,3,0,0,0,0.99,ROUND,0,0,0,1e-06,NON_LAMBDA_MODE
r48u_20260914_MARS_UDUC_round_shadow_fix1,MARS,UDUC,round_shadow,2024-07-17T00:28:00,USER_L1_SD_CONDITIONAL,5,5,3,0,0,0,0.99,ROUND,0,0,0,1e-06,NON_LAMBDA_MODE
r48u_20260914_MARS_UDUC_round_shadow_fix1,MARS,UDUC,round_shadow,2024-07-17T00:28:30,USER_WL_SD,5,5,3,0,0,0,0.99,ROUND,0,0,0,1e-06,NON_LAMBDA_MODE
r48u_20260914_MARS_UDUC_round_shadow_fix1,MARS,UDUC,round_shadow,2024-07-17T00:28:30,USER_L1_SD_CONDITIONAL,5,5,3,0,0,0,0.99,ROUND,0,0,0,1e-06,NON_LAMBDA_MODE
r48u_20260914_MARS_UDUC_round_shadow_fix1,MARS,UDUC,round_shadow,2024-07-17T00:29:00,USER_WL_SD,5,5,3,0,0,0,0.99,ROUND,0,0,0,1e-06,NON_LAMBDA_MODE
r48u_20260914_MARS_UDUC_round_shadow_fix1,MARS,UDUC,round_shadow,2024-07-17T00:29:00,USER_L1_SD_CONDITIONAL,5,5,3,0,0,0,0.99,ROUND,0,0,0,1e-06,NON_LAMBDA_MODE
r48u_20260914_MARS_UDUC_round_shadow_fix1,MARS,UDUC,round_shadow,2024-07-17T00:29:30,USER_WL_SD,6,6,3,0,0,0,0.99,ROUND,0,0,0,1e-06,NON_LAMBDA_MODE
r48u_20260914_MARS_UDUC_round_shadow_fix1,MARS,UDUC,round_shadow,2024-07-17T00:29:30,USER_L1_SD_CONDITIONAL,6,6,3,0,0,0,0.99,ROUND,0,0,0,1e-06,NON_LAMBDA_MODE
r48u_20260914_MARS_UDUC_round_shadow_fix1,MARS,UDUC,round_shadow,2024-07-17T00:30:00,USER_WL_SD,6,6,3,0,0,0,0.99,ROUND,0,0,0,1e-06,NON_LAMBDA_MODE
r48u_20260914_MARS_UDUC_round_shadow_fix1,MARS,UDUC,round_shadow,2024-07-17T00:30:00,USER_L1_SD_CONDITIONAL,6,6,3,0,0,0,0.99,ROUND,0,0,0,1e-06,NON_LAMBDA_MODE
r48u_20260914_MARS_UDUC_round_feedback_fix1,MARS,UDUC,round_feedback,2024-07-17T00:10:30,USER_WL_SD,4,4,3,0,0,0,0.99,ROUND,0,0,0,1e-06,NON_LAMBDA_MODE
r48u_20260914_MARS_UDUC_round_feedback_fix1,MARS,UDUC,round_feedback,2024-07-17T00:10:30,USER_L1_SD_CONDITIONAL,4,4,3,0,0,0,0.99,ROUND,0,0,0,1e-06,NON_LAMBDA_MODE
r48u_20260914_MARS_UDUC_round_feedback_fix1,MARS,UDUC,round_feedback,2024-07-17T00:17:00,USER_L1_SD_CONDITIONAL,4,4,3,0,0,0,0.99,ROUND,0,0,0,1e-06,NON_LAMBDA_MODE
r48u_20260914_MARS_UDUC_round_feedback_fix1,MARS,UDUC,round_feedback,2024-07-17T00:17:30,USER_L1_SD_CONDITIONAL,4,4,3,0,0,0,0.99,ROUND,0,0,0,1e-06,NON_LAMBDA_MODE
r48u_20260914_MARS_UDUC_round_feedback_fix1,MARS,UDUC,round_feedback,2024-07-17T00:18:00,USER_L1_SD_CONDITIONAL,4,4,3,0,0,0,0.99,ROUND,0,0,0,1e-06,NON_LAMBDA_MODE
r48u_20260914_MARS_UDUC_round_feedback_fix1,MARS,UDUC,round_feedback,2024-07-17T00:18:30,USER_L1_SD_CONDITIONAL,4,4,3,0,0,0,0.99,ROUND,0,0,0,1e-06,NON_LAMBDA_MODE
r48u_20260914_MARS_UDUC_round_feedback_fix1,MARS,UDUC,round_feedback,2024-07-17T00:19:00,USER_L1_SD_CONDITIONAL,4,4,3,0,0,0,0.99,ROUND,0,0,0,1e-06,NON_LAMBDA_MODE
r48u_20260914_MARS_UDUC_round_feedback_fix1,MARS,UDUC,round_feedback,2024-07-17T00:19:30,USER_L1_SD_CONDITIONAL,4,4,3,0,0,0,0.99,ROUND,0,0,0,1e-06,NON_LAMBDA_MODE
r48u_20260914_MARS_UDUC_round_feedback_fix1,MARS,UDUC,round_feedback,2024-07-17T00:20:00,USER_L1_SD_CONDITIONAL,4,4,3,0,0,0,0.99,ROUND,0,0,0,1e-06,NON_LAMBDA_MODE
r48u_20260914_MARS_UDUC_round_feedback_fix1,MARS,UDUC,round_feedback,2024-07-17T00:20:30,USER_L1_SD_CONDITIONAL,5,5,3,0,0,0,0.99,ROUND,0,0,0,1e-06,NON_LAMBDA_MODE
r48u_20260914_MARS_UDUC_round_feedback_fix1,MARS,UDUC,round_feedback,2024-07-17T00:21:00,USER_L1_SD_CONDITIONAL,4,4,3,0,0,0,0.99,ROUND,0,0,0,1e-06,NON_LAMBDA_MODE
r48u_20260914_MARS_UDUC_round_feedback_fix1,MARS,UDUC,round_feedback,2024-07-17T00:21:30,USER_L1_SD_CONDITIONAL,5,5,3,0,0,0,0.99,ROUND,0,0,0,1e-06,NON_LAMBDA_MODE
r48u_20260914_MARS_UDUC_round_feedback_fix1,MARS,UDUC,round_feedback,2024-07-17T00:22:00,USER_L1_SD_CONDITIONAL,5,5,3,0,0,0,0.99,ROUND,0,0,0,1e-06,NON_LAMBDA_MODE
r48u_20260914_MARS_UDUC_round_feedback_fix1,MARS,UDUC,round_feedback,2024-07-17T00:22:30,USER_L1_SD_CONDITIONAL,5,5,3,0,0,0,0.99,ROUND,0,0,0,1e-06,NON_LAMBDA_MODE
r48u_20260914_MARS_UDUC_round_feedback_fix1,MARS,UDUC,round_feedback,2024-07-17T00:23:00,USER_L1_SD_CONDITIONAL,5,5,3,0,0,0,0.99,ROUND,0,0,0,1e-06,NON_LAMBDA_MODE
r48u_20260914_MARS_UDUC_round_feedback_fix1,MARS,UDUC,round_feedback,2024-07-17T00:23:30,USER_L1_SD_CONDITIONAL,4,4,3,0,0,0,0.99,ROUND,0,0,0,1e-06,NON_LAMBDA_MODE
r48u_20260914_MARS_UDUC_round_feedback_fix1,MARS,UDUC,round_feedback,2024-07-17T00:24:00,USER_L1_SD_CONDITIONAL,4,4,3,0,0,0,0.99,ROUND,0,0,0,1e-06,NON_LAMBDA_MODE
r48u_20260914_MARS_UDUC_round_feedback_fix1,MARS,UDUC,round_feedback,2024-07-17T00:24:30,USER_L1_SD_CONDITIONAL,4,4,3,0,0,0,0.99,ROUND,0,0,0,1e-06,NON_LAMBDA_MODE
r48u_20260914_MARS_UDUC_round_feedback_fix1,MARS,UDUC,round_feedback,2024-07-17T00:25:00,USER_L1_SD_CONDITIONAL,4,4,3,0,0,0,0.99,ROUND,0,0,0,1e-06,NON_LAMBDA_MODE
r48u_20260914_MARS_UDUC_round_feedback_fix1,MARS,UDUC,round_feedback,2024-07-17T00:26:00,USER_L1_SD_CONDITIONAL,4,4,3,0,0,0,0.99,ROUND,0,0,0,1e-06,NON_LAMBDA_MODE
r48u_20260914_MARS_UDUC_round_feedback_fix1,MARS,UDUC,round_feedback,2024-07-17T00:26:30,USER_L1_SD_CONDITIONAL,4,4,3,0,0,0,0.99,ROUND,0,0,0,1e-06,NON_LAMBDA_MODE
r48u_20260914_MARS_UDUC_round_feedback_fix1,MARS,UDUC,round_feedback,2024-07-17T00:27:00,USER_L1_SD_CONDITIONAL,5,5,3,0,0,0,0.99,ROUND,0,0,0,1e-06,NON_LAMBDA_MODE
r48u_20260914_MARS_UDUC_round_feedback_fix1,MARS,UDUC,round_feedback,2024-07-17T00:27:30,USER_L1_SD_CONDITIONAL,5,5,3,0,0,0,0.99,ROUND,0,0,0,1e-06,NON_LAMBDA_MODE
r48u_20260914_MARS_UDUC_round_feedback_fix1,MARS,UDUC,round_feedback,2024-07-17T00:28:00,USER_L1_SD_CONDITIONAL,5,5,3,0,0,0,0.99,ROUND,0,0,0,1e-06,NON_LAMBDA_MODE
r48u_20260914_MARS_UDUC_round_feedback_fix1,MARS,UDUC,round_feedback,2024-07-17T00:28:30,USER_L1_SD_CONDITIONAL,5,5,3,0,0,0,0.99,ROUND,0,0,0,1e-06,NON_LAMBDA_MODE
r48u_20260914_MARS_UDUC_round_feedback_fix1,MARS,UDUC,round_feedback,2024-07-17T00:29:00,USER_L1_SD_CONDITIONAL,5,5,3,0,0,0,0.99,ROUND,0,0,0,1e-06,NON_LAMBDA_MODE
r48u_20260914_MARS_UDUC_round_feedback_fix1,MARS,UDUC,round_feedback,2024-07-17T00:29:30,USER_L1_SD_CONDITIONAL,6,6,3,0,0,0,0.99,ROUND,0,0,0,1e-06,NON_LAMBDA_MODE
r48u_20260914_MARS_UDUC_round_feedback_fix1,MARS,UDUC,round_feedback,2024-07-17T00:30:00,USER_L1_SD_CONDITIONAL,6,6,3,0,0,0,0.99,ROUND,0,0,0,1e-06,NON_LAMBDA_MODE
r48u_20260914_MARS_UDUC_ils_shadow_fix1,MARS,UDUC,ils_shadow,2024-07-17T00:10:30,USER_WL_SD,4,4,1,1,0.999314,0.86229,0.999,LAMBDA_ALT,1,0,0,1e-06,ACCEPTED
r48u_20260914_MARS_UDUC_ils_shadow_fix1,MARS,UDUC,ils_shadow,2024-07-17T00:10:30,USER_L1_SD_CONDITIONAL,4,4,1,0,0.425286,0.00588095,0.999,LAMBDA_ALT,0,0,0,1e-06,BEST_1D_BOOTSTRAP_TOO_LOW
r48u_20260914_MARS_UDUC_ils_shadow_fix1,MARS,UDUC,ils_shadow,2024-07-17T00:17:00,USER_WL_SD,4,4,1,2,0.999998,0.968487,0.999,LAMBDA_ALT,1,0,0,1e-06,ACCEPTED
r48u_20260914_MARS_UDUC_ils_shadow_fix1,MARS,UDUC,ils_shadow,2024-07-17T00:17:00,USER_L1_SD_CONDITIONAL,4,4,1,0,0.904725,0.0716072,0.999,LAMBDA_ALT,0,0,0,1e-06,BEST_1D_BOOTSTRAP_TOO_LOW
r48u_20260914_MARS_UDUC_ils_shadow_fix1,MARS,UDUC,ils_shadow,2024-07-17T00:17:30,USER_WL_SD,4,4,1,2,0.999999,0.971838,0.999,LAMBDA_ALT,1,0,0,1e-06,ACCEPTED
r48u_20260914_MARS_UDUC_ils_shadow_fix1,MARS,UDUC,ils_shadow,2024-07-17T00:17:30,USER_L1_SD_CONDITIONAL,4,4,1,0,0.918554,0.08054,0.999,LAMBDA_ALT,0,0,0,1e-06,BEST_1D_BOOTSTRAP_TOO_LOW
r48u_20260914_MARS_UDUC_ils_shadow_fix1,MARS,UDUC,ils_shadow,2024-07-17T00:18:00,USER_WL_SD,4,4,1,3,0.999999,0.974855,0.999,LAMBDA_ALT,1,0,0,1e-06,ACCEPTED
r48u_20260914_MARS_UDUC_ils_shadow_fix1,MARS,UDUC,ils_shadow,2024-07-17T00:18:00,USER_L1_SD_CONDITIONAL,4,4,1,0,0.930594,0.326716,0.999,LAMBDA_ALT,0,0,0,1e-06,BEST_1D_BOOTSTRAP_TOO_LOW
r48u_20260914_MARS_UDUC_ils_shadow_fix1,MARS,UDUC,ils_shadow,2024-07-17T00:18:30,USER_WL_SD,4,4,1,3,0.999999,0.977551,0.999,LAMBDA_ALT,1,0,0,1e-06,ACCEPTED
r48u_20260914_MARS_UDUC_ils_shadow_fix1,MARS,UDUC,ils_shadow,2024-07-17T00:18:30,USER_L1_SD_CONDITIONAL,4,4,1,0,0.941025,0.350619,0.999,LAMBDA_ALT,0,0,0,1e-06,BEST_1D_BOOTSTRAP_TOO_LOW
r48u_20260914_MARS_UDUC_ils_shadow_fix1,MARS,UDUC,ils_shadow,2024-07-17T00:19:00,USER_WL_SD,4,4,1,3,1,0.979964,0.999,LAMBDA_ALT,1,0,0,1e-06,ACCEPTED
r48u_20260914_MARS_UDUC_ils_shadow_fix1,MARS,UDUC,ils_shadow,2024-07-17T00:19:00,USER_L1_SD_CONDITIONAL,4,4,1,0,0.950033,0.373345,0.999,LAMBDA_ALT,0,0,0,1e-06,BEST_1D_BOOTSTRAP_TOO_LOW
r48u_20260914_MARS_UDUC_ils_shadow_fix1,MARS,UDUC,ils_shadow,2024-07-17T00:19:30,USER_WL_SD,4,4,1,3,1,0.982115,0.999,LAMBDA_ALT,1,0,0,1e-06,ACCEPTED
r48u_20260914_MARS_UDUC_ils_shadow_fix1,MARS,UDUC,ils_shadow,2024-07-17T00:19:30,USER_L1_SD_CONDITIONAL,4,4,1,0,0.957772,0.394838,0.999,LAMBDA_ALT,0,0,0,1e-06,BEST_1D_BOOTSTRAP_TOO_LOW
r48u_20260914_MARS_UDUC_ils_shadow_fix1,MARS,UDUC,ils_shadow,2024-07-17T00:20:00,USER_WL_SD,4,4,1,3,1,0.984018,0.999,LAMBDA_ALT,1,0,0,1e-06,ACCEPTED
r48u_20260914_MARS_UDUC_ils_shadow_fix1,MARS,UDUC,ils_shadow,2024-07-17T00:20:00,USER_L1_SD_CONDITIONAL,4,4,1,0,0.96435,0.414428,0.999,LAMBDA_ALT,0,0,0,1e-06,BEST_1D_BOOTSTRAP_TOO_LOW
r48u_20260914_MARS_UDUC_ils_shadow_fix1,MARS,UDUC,ils_shadow,2024-07-17T00:20:30,USER_WL_SD,5,5,1,3,1,0.802889,0.999,LAMBDA_ALT,1,0,0,1e-06,ACCEPTED
r48u_20260914_MARS_UDUC_ils_shadow_fix1,MARS,UDUC,ils_shadow,2024-07-17T00:20:30,USER_L1_SD_CONDITIONAL,5,5,1,0,0.970077,0.125542,0.999,LAMBDA_ALT,0,0,0,1e-06,BEST_1D_BOOTSTRAP_TOO_LOW
r48u_20260914_MARS_UDUC_ils_shadow_fix1,MARS,UDUC,ils_shadow,2024-07-17T00:21:00,USER_WL_SD,4,4,1,3,1,0.987269,0.999,LAMBDA_ALT,1,0,0,1e-06,ACCEPTED
r48u_20260914_MARS_UDUC_ils_shadow_fix1,MARS,UDUC,ils_shadow,2024-07-17T00:21:00,USER_L1_SD_CONDITIONAL,4,4,1,0,0.97484,0.452157,0.999,LAMBDA_ALT,0,0,0,1e-06,BEST_1D_BOOTSTRAP_TOO_LOW
r48u_20260914_MARS_UDUC_ils_shadow_fix1,MARS,UDUC,ils_shadow,2024-07-17T00:21:30,USER_WL_SD,5,5,1,3,1,0.833103,0.999,LAMBDA_ALT,1,0,0,1e-06,ACCEPTED
r48u_20260914_MARS_UDUC_ils_shadow_fix1,MARS,UDUC,ils_shadow,2024-07-17T00:21:30,USER_L1_SD_CONDITIONAL,5,5,1,0,0.978937,0.144644,0.999,LAMBDA_ALT,0,0,0,1e-06,BEST_1D_BOOTSTRAP_TOO_LOW
r48u_20260914_MARS_UDUC_ils_shadow_fix1,MARS,UDUC,ils_shadow,2024-07-17T00:22:00,USER_WL_SD,5,5,1,3,1,0.846759,0.999,LAMBDA_ALT,1,0,0,1e-06,ACCEPTED
r48u_20260914_MARS_UDUC_ils_shadow_fix1,MARS,UDUC,ils_shadow,2024-07-17T00:22:00,USER_L1_SD_CONDITIONAL,5,5,1,0,0.982378,0.154144,0.999,LAMBDA_ALT,0,0,0,1e-06,BEST_1D_BOOTSTRAP_TOO_LOW
r48u_20260914_MARS_UDUC_ils_shadow_fix1,MARS,UDUC,ils_shadow,2024-07-17T00:22:30,USER_WL_SD,5,5,1,3,1,0.859427,0.999,LAMBDA_ALT,1,0,0,1e-06,ACCEPTED
r48u_20260914_MARS_UDUC_ils_shadow_fix1,MARS,UDUC,ils_shadow,2024-07-17T00:22:30,USER_L1_SD_CONDITIONAL,5,5,1,0,0.985264,0.163504,0.999,LAMBDA_ALT,0,0,0,1e-06,BEST_1D_BOOTSTRAP_TOO_LOW
r48u_20260914_MARS_UDUC_ils_shadow_fix1,MARS,UDUC,ils_shadow,2024-07-17T00:23:00,USER_WL_SD,5,5,1,3,1,0.871171,0.999,LAMBDA_ALT,1,0,0,1e-06,ACCEPTED
r48u_20260914_MARS_UDUC_ils_shadow_fix1,MARS,UDUC,ils_shadow,2024-07-17T00:23:00,USER_L1_SD_CONDITIONAL,5,5,1,0,0.987684,0.172696,0.999,LAMBDA_ALT,0,0,0,1e-06,BEST_1D_BOOTSTRAP_TOO_LOW
r48u_20260914_MARS_UDUC_ils_shadow_fix1,MARS,UDUC,ils_shadow,2024-07-17T00:23:30,USER_WL_SD,4,4,1,3,1,0.992843,0.999,LAMBDA_ALT,1,0,0,1e-06,ACCEPTED
r48u_20260914_MARS_UDUC_ils_shadow_fix1,MARS,UDUC,ils_shadow,2024-07-17T00:23:30,USER_L1_SD_CONDITIONAL,4,4,1,0,0.989687,0.526856,0.999,LAMBDA_ALT,0,0,0,1e-06,BEST_1D_BOOTSTRAP_TOO_LOW
r48u_20260914_MARS_UDUC_ils_shadow_fix1,MARS,UDUC,ils_shadow,2024-07-17T00:24:00,USER_WL_SD,4,4,1,3,1,0.993624,0.999,LAMBDA_ALT,1,0,0,1e-06,ACCEPTED
r48u_20260914_MARS_UDUC_ils_shadow_fix1,MARS,UDUC,ils_shadow,2024-07-17T00:24:00,USER_L1_SD_CONDITIONAL,4,4,1,0,0.991372,0.538482,0.999,LAMBDA_ALT,0,0,0,1e-06,BEST_1D_BOOTSTRAP_TOO_LOW
r48u_20260914_MARS_UDUC_ils_shadow_fix1,MARS,UDUC,ils_shadow,2024-07-17T00:24:30,USER_WL_SD,4,4,1,3,1,0.994322,0.999,LAMBDA_ALT,1,0,0,1e-06,ACCEPTED
r48u_20260914_MARS_UDUC_ils_shadow_fix1,MARS,UDUC,ils_shadow,2024-07-17T00:24:30,USER_L1_SD_CONDITIONAL,4,4,1,0,0.992787,0.549119,0.999,LAMBDA_ALT,0,0,0,1e-06,BEST_1D_BOOTSTRAP_TOO_LOW
r48u_20260914_MARS_UDUC_ils_shadow_fix1,MARS,UDUC,ils_shadow,2024-07-17T00:25:00,USER_WL_SD,4,4,1,3,1,0.994944,0.999,LAMBDA_ALT,1,0,0,1e-06,ACCEPTED
r48u_20260914_MARS_UDUC_ils_shadow_fix1,MARS,UDUC,ils_shadow,2024-07-17T00:25:00,USER_L1_SD_CONDITIONAL,4,4,1,0,0.993973,0.558864,0.999,LAMBDA_ALT,0,0,0,1e-06,BEST_1D_BOOTSTRAP_TOO_LOW
r48u_20260914_MARS_UDUC_ils_shadow_fix1,MARS,UDUC,ils_shadow,2024-07-17T00:26:00,USER_WL_SD,4,4,1,3,1,0.996001,0.999,LAMBDA_ALT,1,0,0,1e-06,ACCEPTED
r48u_20260914_MARS_UDUC_ils_shadow_fix1,MARS,UDUC,ils_shadow,2024-07-17T00:26:00,USER_L1_SD_CONDITIONAL,4,4,1,0,0.995814,0.575852,0.999,LAMBDA_ALT,0,0,0,1e-06,BEST_1D_BOOTSTRAP_TOO_LOW
r48u_20260914_MARS_UDUC_ils_shadow_fix1,MARS,UDUC,ils_shadow,2024-07-17T00:26:30,USER_WL_SD,4,4,1,3,1,0.99644,0.999,LAMBDA_ALT,1,0,0,1e-06,ACCEPTED
r48u_20260914_MARS_UDUC_ils_shadow_fix1,MARS,UDUC,ils_shadow,2024-07-17T00:26:30,USER_L1_SD_CONDITIONAL,4,4,1,0,0.996414,0.583256,0.999,LAMBDA_ALT,0,0,0,1e-06,BEST_1D_BOOTSTRAP_TOO_LOW
r48u_20260914_MARS_UDUC_ils_shadow_fix1,MARS,UDUC,ils_shadow,2024-07-17T00:27:00,USER_WL_SD,5,5,1,3,1,0.929491,0.999,LAMBDA_ALT,1,0,0,1e-06,ACCEPTED
r48u_20260914_MARS_UDUC_ils_shadow_fix1,MARS,UDUC,ils_shadow,2024-07-17T00:27:00,USER_L1_SD_CONDITIONAL,5,5,1,0,0.996936,0.232107,0.999,LAMBDA_ALT,0,0,0,1e-06,BEST_1D_BOOTSTRAP_TOO_LOW
r48u_20260914_MARS_UDUC_ils_shadow_fix1,MARS,UDUC,ils_shadow,2024-07-17T00:27:30,USER_WL_SD,5,5,1,3,1,0.385524,0.999,LAMBDA_ALT,1,0,0,1e-06,ACCEPTED
r48u_20260914_MARS_UDUC_ils_shadow_fix1,MARS,UDUC,ils_shadow,2024-07-17T00:27:30,USER_L1_SD_CONDITIONAL,5,5,1,0,0.997388,0.0680949,0.999,LAMBDA_ALT,0,0,0,1e-06,BEST_1D_BOOTSTRAP_TOO_LOW
r48u_20260914_MARS_UDUC_ils_shadow_fix1,MARS,UDUC,ils_shadow,2024-07-17T00:28:00,USER_WL_SD,5,5,1,3,1,0.483006,0.999,LAMBDA_ALT,1,0,0,1e-06,ACCEPTED
r48u_20260914_MARS_UDUC_ils_shadow_fix1,MARS,UDUC,ils_shadow,2024-07-17T00:28:00,USER_L1_SD_CONDITIONAL,5,5,1,0,0.997929,0.088323,0.999,LAMBDA_ALT,0,0,0,1e-06,BEST_1D_BOOTSTRAP_TOO_LOW
r48u_20260914_MARS_UDUC_ils_shadow_fix1,MARS,UDUC,ils_shadow,2024-07-17T00:28:30,USER_WL_SD,5,5,1,3,1,0.557043,0.999,LAMBDA_ALT,1,0,0,1e-06,ACCEPTED
r48u_20260914_MARS_UDUC_ils_shadow_fix1,MARS,UDUC,ils_shadow,2024-07-17T00:28:30,USER_L1_SD_CONDITIONAL,5,5,1,0,0.998616,0.105388,0.999,LAMBDA_ALT,0,0,0,1e-06,BEST_1D_BOOTSTRAP_TOO_LOW
r48u_20260914_MARS_UDUC_ils_shadow_fix1,MARS,UDUC,ils_shadow,2024-07-17T00:29:00,USER_WL_SD,5,5,1,3,1,0.616931,0.999,LAMBDA_ALT,1,0,0,1e-06,ACCEPTED
r48u_20260914_MARS_UDUC_ils_shadow_fix1,MARS,UDUC,ils_shadow,2024-07-17T00:29:00,USER_L1_SD_CONDITIONAL,5,5,1,1,0.999089,0.1207,0.999,LAMBDA_ALT,1,0,0,1e-06,RATIO_REJECTED
r48u_20260914_MARS_UDUC_ils_shadow_fix1,MARS,UDUC,ils_shadow,2024-07-17T00:29:30,USER_WL_SD,6,6,1,3,1,0.14932,0.999,LAMBDA_ALT,1,0,0,1e-06,ACCEPTED
r48u_20260914_MARS_UDUC_ils_shadow_fix1,MARS,UDUC,ils_shadow,2024-07-17T00:29:30,USER_L1_SD_CONDITIONAL,6,6,1,1,0.999405,0.00866546,0.999,LAMBDA_ALT,1,0,0,1e-06,RATIO_REJECTED
r48u_20260914_MARS_UDUC_ils_shadow_fix1,MARS,UDUC,ils_shadow,2024-07-17T00:30:00,USER_WL_SD,6,6,1,3,1,0.223345,0.999,LAMBDA_ALT,1,0,0,1e-06,ACCEPTED
r48u_20260914_MARS_UDUC_ils_shadow_fix1,MARS,UDUC,ils_shadow,2024-07-17T00:30:00,USER_L1_SD_CONDITIONAL,6,6,1,1,0.999617,0.0135543,0.999,LAMBDA_ALT,1,0,0,1e-06,RATIO_REJECTED
r48u_20260914_MARS_UDUC_ils_feedback_fix1,MARS,UDUC,ils_feedback,2024-07-17T00:10:30,USER_WL_SD,4,4,1,1,0.999314,0.86229,0.999,LAMBDA_ALT,1,0,0,1e-06,ACCEPTED
r48u_20260914_MARS_UDUC_ils_feedback_fix1,MARS,UDUC,ils_feedback,2024-07-17T00:10:30,USER_L1_SD_CONDITIONAL,4,4,1,0,0.425286,0.00588095,0.999,LAMBDA_ALT,0,0,0,1e-06,BEST_1D_BOOTSTRAP_TOO_LOW
r48u_20260914_MARS_UDUC_ils_feedback_fix1,MARS,UDUC,ils_feedback,2024-07-17T00:17:00,USER_L1_SD_CONDITIONAL,4,4,1,0,0.676481,0.0406117,0.999,LAMBDA_ALT,0,0,0,1e-06,BEST_1D_BOOTSTRAP_TOO_LOW
r48u_20260914_MARS_UDUC_ils_feedback_fix1,MARS,UDUC,ils_feedback,2024-07-17T00:17:30,USER_L1_SD_CONDITIONAL,4,4,1,0,0.690035,0.0459646,0.999,LAMBDA_ALT,0,0,0,1e-06,BEST_1D_BOOTSTRAP_TOO_LOW
r48u_20260914_MARS_UDUC_ils_feedback_fix1,MARS,UDUC,ils_feedback,2024-07-17T00:18:00,USER_L1_SD_CONDITIONAL,4,4,1,0,0.702821,0.051502,0.999,LAMBDA_ALT,0,0,0,1e-06,BEST_1D_BOOTSTRAP_TOO_LOW
r48u_20260914_MARS_UDUC_ils_feedback_fix1,MARS,UDUC,ils_feedback,2024-07-17T00:18:30,USER_L1_SD_CONDITIONAL,4,4,1,0,0.714974,0.0571898,0.999,LAMBDA_ALT,0,0,0,1e-06,BEST_1D_BOOTSTRAP_TOO_LOW
r48u_20260914_MARS_UDUC_ils_feedback_fix1,MARS,UDUC,ils_feedback,2024-07-17T00:19:00,USER_L1_SD_CONDITIONAL,4,4,1,0,0.726499,0.0630928,0.999,LAMBDA_ALT,0,0,0,1e-06,BEST_1D_BOOTSTRAP_TOO_LOW
r48u_20260914_MARS_UDUC_ils_feedback_fix1,MARS,UDUC,ils_feedback,2024-07-17T00:19:30,USER_L1_SD_CONDITIONAL,4,4,1,0,0.737444,0.0692012,0.999,LAMBDA_ALT,0,0,0,1e-06,BEST_1D_BOOTSTRAP_TOO_LOW
r48u_20260914_MARS_UDUC_ils_feedback_fix1,MARS,UDUC,ils_feedback,2024-07-17T00:20:00,USER_L1_SD_CONDITIONAL,4,4,1,0,0.747714,0.0752431,0.999,LAMBDA_ALT,0,0,0,1e-06,BEST_1D_BOOTSTRAP_TOO_LOW
r48u_20260914_MARS_UDUC_ils_feedback_fix1,MARS,UDUC,ils_feedback,2024-07-17T00:20:30,USER_L1_SD_CONDITIONAL,5,5,1,0,0.75767,0.0234778,0.999,LAMBDA_ALT,0,0,0,1e-06,BEST_1D_BOOTSTRAP_TOO_LOW
r48u_20260914_MARS_UDUC_ils_feedback_fix1,MARS,UDUC,ils_feedback,2024-07-17T00:21:00,USER_L1_SD_CONDITIONAL,4,4,1,0,0.76699,0.0887921,0.999,LAMBDA_ALT,0,0,0,1e-06,BEST_1D_BOOTSTRAP_TOO_LOW
r48u_20260914_MARS_UDUC_ils_feedback_fix1,MARS,UDUC,ils_feedback,2024-07-17T00:21:30,USER_L1_SD_CONDITIONAL,5,5,1,0,0.776015,0.0293231,0.999,LAMBDA_ALT,0,0,0,1e-06,BEST_1D_BOOTSTRAP_TOO_LOW
r48u_20260914_MARS_UDUC_ils_feedback_fix1,MARS,UDUC,ils_feedback,2024-07-17T00:22:00,USER_L1_SD_CONDITIONAL,5,5,1,0,0.784609,0.0325886,0.999,LAMBDA_ALT,0,0,0,1e-06,BEST_1D_BOOTSTRAP_TOO_LOW
r48u_20260914_MARS_UDUC_ils_feedback_fix1,MARS,UDUC,ils_feedback,2024-07-17T00:22:30,USER_L1_SD_CONDITIONAL,5,5,1,0,0.792804,0.0360708,0.999,LAMBDA_ALT,0,0,0,1e-06,BEST_1D_BOOTSTRAP_TOO_LOW
r48u_20260914_MARS_UDUC_ils_feedback_fix1,MARS,UDUC,ils_feedback,2024-07-17T00:23:00,USER_L1_SD_CONDITIONAL,5,5,1,0,0.800624,0.0397716,0.999,LAMBDA_ALT,0,0,0,1e-06,BEST_1D_BOOTSTRAP_TOO_LOW
r48u_20260914_MARS_UDUC_ils_feedback_fix1,MARS,UDUC,ils_feedback,2024-07-17T00:23:30,USER_L1_SD_CONDITIONAL,4,4,1,0,0.807992,0.127652,0.999,LAMBDA_ALT,0,0,0,1e-06,BEST_1D_BOOTSTRAP_TOO_LOW
r48u_20260914_MARS_UDUC_ils_feedback_fix1,MARS,UDUC,ils_feedback,2024-07-17T00:24:00,USER_L1_SD_CONDITIONAL,4,4,1,0,0.815049,0.1362,0.999,LAMBDA_ALT,0,0,0,1e-06,BEST_1D_BOOTSTRAP_TOO_LOW
r48u_20260914_MARS_UDUC_ils_feedback_fix1,MARS,UDUC,ils_feedback,2024-07-17T00:24:30,USER_L1_SD_CONDITIONAL,4,4,1,0,0.821808,0.144953,0.999,LAMBDA_ALT,0,0,0,1e-06,BEST_1D_BOOTSTRAP_TOO_LOW
r48u_20260914_MARS_UDUC_ils_feedback_fix1,MARS,UDUC,ils_feedback,2024-07-17T00:25:00,USER_L1_SD_CONDITIONAL,4,4,1,0,0.828287,0.153893,0.999,LAMBDA_ALT,0,0,0,1e-06,BEST_1D_BOOTSTRAP_TOO_LOW
r48u_20260914_MARS_UDUC_ils_feedback_fix1,MARS,UDUC,ils_feedback,2024-07-17T00:26:00,USER_L1_SD_CONDITIONAL,4,4,1,0,0.840608,0.171091,0.999,LAMBDA_ALT,0,0,0,1e-06,BEST_1D_BOOTSTRAP_TOO_LOW
r48u_20260914_MARS_UDUC_ils_feedback_fix1,MARS,UDUC,ils_feedback,2024-07-17T00:26:30,USER_L1_SD_CONDITIONAL,4,4,1,0,0.846014,0.179337,0.999,LAMBDA_ALT,0,0,0,1e-06,BEST_1D_BOOTSTRAP_TOO_LOW
r48u_20260914_MARS_UDUC_ils_feedback_fix1,MARS,UDUC,ils_feedback,2024-07-17T00:27:00,USER_L1_SD_CONDITIONAL,5,5,1,0,0.851369,0.0739344,0.999,LAMBDA_ALT,0,0,0,1e-06,BEST_1D_BOOTSTRAP_TOO_LOW
r48u_20260914_MARS_UDUC_ils_feedback_fix1,MARS,UDUC,ils_feedback,2024-07-17T00:27:30,USER_L1_SD_CONDITIONAL,5,5,1,0,0.856541,0.0226688,0.999,LAMBDA_ALT,0,0,0,1e-06,BEST_1D_BOOTSTRAP_TOO_LOW
r48u_20260914_MARS_UDUC_ils_feedback_fix1,MARS,UDUC,ils_feedback,2024-07-17T00:28:00,USER_L1_SD_CONDITIONAL,5,5,1,0,0.861538,0.030522,0.999,LAMBDA_ALT,0,0,0,1e-06,BEST_1D_BOOTSTRAP_TOO_LOW
r48u_20260914_MARS_UDUC_ils_feedback_fix1,MARS,UDUC,ils_feedback,2024-07-17T00:28:30,USER_L1_SD_CONDITIONAL,5,5,1,0,0.866296,0.0377381,0.999,LAMBDA_ALT,0,0,0,1e-06,BEST_1D_BOOTSTRAP_TOO_LOW
r48u_20260914_MARS_UDUC_ils_feedback_fix1,MARS,UDUC,ils_feedback,2024-07-17T00:29:00,USER_L1_SD_CONDITIONAL,5,5,1,0,0.870972,0.0447326,0.999,LAMBDA_ALT,0,0,0,1e-06,BEST_1D_BOOTSTRAP_TOO_LOW
r48u_20260914_MARS_UDUC_ils_feedback_fix1,MARS,UDUC,ils_feedback,2024-07-17T00:29:30,USER_L1_SD_CONDITIONAL,6,6,1,0,0.875496,0.00331819,0.999,LAMBDA_ALT,0,0,0,1e-06,BEST_1D_BOOTSTRAP_TOO_LOW
r48u_20260914_MARS_UDUC_ils_feedback_fix1,MARS,UDUC,ils_feedback,2024-07-17T00:30:00,USER_L1_SD_CONDITIONAL,6,6,1,0,0.879876,0.00535619,0.999,LAMBDA_ALT,0,0,0,1e-06,BEST_1D_BOOTSTRAP_TOO_LOW
r48u_20260914_JPLM_UDUC_round_shadow_fix1,JPLM,UDUC,round_shadow,2024-07-17T00:11:30,USER_WL_SD,1,1,3,0,0,0,0.99,ROUND,0,0,0,1e-06,NON_LAMBDA_MODE
r48u_20260914_JPLM_UDUC_round_shadow_fix1,JPLM,UDUC,round_shadow,2024-07-17T00:12:00,USER_WL_SD,1,1,3,0,0,0,0.99,ROUND,0,0,0,1e-06,NON_LAMBDA_MODE
r48u_20260914_JPLM_UDUC_round_shadow_fix1,JPLM,UDUC,round_shadow,2024-07-17T00:12:00,USER_L1_SD_CONDITIONAL,1,1,3,0,0,0,0.99,ROUND,0,0,0,1e-06,NON_LAMBDA_MODE
r48u_20260914_JPLM_UDUC_round_shadow_fix1,JPLM,UDUC,round_shadow,2024-07-17T00:12:30,USER_WL_SD,1,1,3,0,0,0,0.99,ROUND,0,0,0,1e-06,NON_LAMBDA_MODE
r48u_20260914_JPLM_UDUC_round_shadow_fix1,JPLM,UDUC,round_shadow,2024-07-17T00:12:30,USER_L1_SD_CONDITIONAL,1,1,3,0,0,0,0.99,ROUND,0,0,0,1e-06,NON_LAMBDA_MODE
r48u_20260914_JPLM_UDUC_round_shadow_fix1,JPLM,UDUC,round_shadow,2024-07-17T00:13:00,USER_WL_SD,1,1,3,0,0,0,0.99,ROUND,0,0,0,1e-06,NON_LAMBDA_MODE
r48u_20260914_JPLM_UDUC_round_shadow_fix1,JPLM,UDUC,round_shadow,2024-07-17T00:13:00,USER_L1_SD_CONDITIONAL,1,1,3,0,0,0,0.99,ROUND,0,0,0,1e-06,NON_LAMBDA_MODE
r48u_20260914_JPLM_UDUC_round_shadow_fix1,JPLM,UDUC,round_shadow,2024-07-17T00:13:30,USER_WL_SD,1,1,3,0,0,0,0.99,ROUND,0,0,0,1e-06,NON_LAMBDA_MODE
r48u_20260914_JPLM_UDUC_round_shadow_fix1,JPLM,UDUC,round_shadow,2024-07-17T00:13:30,USER_L1_SD_CONDITIONAL,1,1,3,0,0,0,0.99,ROUND,0,0,0,1e-06,NON_LAMBDA_MODE
r48u_20260914_JPLM_UDUC_round_shadow_fix1,JPLM,UDUC,round_shadow,2024-07-17T00:14:00,USER_WL_SD,1,1,3,0,0,0,0.99,ROUND,0,0,0,1e-06,NON_LAMBDA_MODE
r48u_20260914_JPLM_UDUC_round_shadow_fix1,JPLM,UDUC,round_shadow,2024-07-17T00:14:00,USER_L1_SD_CONDITIONAL,1,1,3,0,0,0,0.99,ROUND,0,0,0,1e-06,NON_LAMBDA_MODE
r48u_20260914_JPLM_UDUC_round_shadow_fix1,JPLM,UDUC,round_shadow,2024-07-17T00:14:30,USER_WL_SD,1,1,3,0,0,0,0.99,ROUND,0,0,0,1e-06,NON_LAMBDA_MODE
r48u_20260914_JPLM_UDUC_round_shadow_fix1,JPLM,UDUC,round_shadow,2024-07-17T00:14:30,USER_L1_SD_CONDITIONAL,1,1,3,0,0,0,0.99,ROUND,0,0,0,1e-06,NON_LAMBDA_MODE
r48u_20260914_JPLM_UDUC_round_shadow_fix1,JPLM,UDUC,round_shadow,2024-07-17T00:15:00,USER_WL_SD,1,1,3,0,0,0,0.99,ROUND,0,0,0,1e-06,NON_LAMBDA_MODE
r48u_20260914_JPLM_UDUC_round_shadow_fix1,JPLM,UDUC,round_shadow,2024-07-17T00:15:00,USER_L1_SD_CONDITIONAL,1,1,3,0,0,0,0.99,ROUND,0,0,0,1e-06,NON_LAMBDA_MODE
r48u_20260914_JPLM_UDUC_round_shadow_fix1,JPLM,UDUC,round_shadow,2024-07-17T00:15:30,USER_WL_SD,1,1,3,0,0,0,0.99,ROUND,0,0,0,1e-06,NON_LAMBDA_MODE
r48u_20260914_JPLM_UDUC_round_shadow_fix1,JPLM,UDUC,round_shadow,2024-07-17T00:15:30,USER_L1_SD_CONDITIONAL,1,1,3,0,0,0,0.99,ROUND,0,0,0,1e-06,NON_LAMBDA_MODE
r48u_20260914_JPLM_UDUC_round_shadow_fix1,JPLM,UDUC,round_shadow,2024-07-17T00:16:00,USER_WL_SD,1,1,3,0,0,0,0.99,ROUND,0,0,0,1e-06,NON_LAMBDA_MODE
r48u_20260914_JPLM_UDUC_round_shadow_fix1,JPLM,UDUC,round_shadow,2024-07-17T00:16:00,USER_L1_SD_CONDITIONAL,1,1,3,0,0,0,0.99,ROUND,0,0,0,1e-06,NON_LAMBDA_MODE
r48u_20260914_JPLM_UDUC_round_shadow_fix1,JPLM,UDUC,round_shadow,2024-07-17T00:16:30,USER_WL_SD,1,1,3,0,0,0,0.99,ROUND,0,0,0,1e-06,NON_LAMBDA_MODE
r48u_20260914_JPLM_UDUC_round_shadow_fix1,JPLM,UDUC,round_shadow,2024-07-17T00:16:30,USER_L1_SD_CONDITIONAL,1,1,3,0,0,0,0.99,ROUND,0,0,0,1e-06,NON_LAMBDA_MODE
r48u_20260914_JPLM_UDUC_round_shadow_fix1,JPLM,UDUC,round_shadow,2024-07-17T00:17:00,USER_WL_SD,2,2,3,0,0,0,0.99,ROUND,0,0,0,1e-06,NON_LAMBDA_MODE
r48u_20260914_JPLM_UDUC_round_shadow_fix1,JPLM,UDUC,round_shadow,2024-07-17T00:17:00,USER_L1_SD_CONDITIONAL,2,2,3,0,0,0,0.99,ROUND,0,0,0,1e-06,NON_LAMBDA_MODE
r48u_20260914_JPLM_UDUC_round_shadow_fix1,JPLM,UDUC,round_shadow,2024-07-17T00:17:30,USER_WL_SD,2,2,3,0,0,0,0.99,ROUND,0,0,0,1e-06,NON_LAMBDA_MODE
r48u_20260914_JPLM_UDUC_round_shadow_fix1,JPLM,UDUC,round_shadow,2024-07-17T00:17:30,USER_L1_SD_CONDITIONAL,2,2,3,0,0,0,0.99,ROUND,0,0,0,1e-06,NON_LAMBDA_MODE
r48u_20260914_JPLM_UDUC_round_shadow_fix1,JPLM,UDUC,round_shadow,2024-07-17T00:18:00,USER_WL_SD,2,2,3,0,0,0,0.99,ROUND,0,0,0,1e-06,NON_LAMBDA_MODE
r48u_20260914_JPLM_UDUC_round_shadow_fix1,JPLM,UDUC,round_shadow,2024-07-17T00:18:00,USER_L1_SD_CONDITIONAL,2,2,3,0,0,0,0.99,ROUND,0,0,0,1e-06,NON_LAMBDA_MODE
r48u_20260914_JPLM_UDUC_round_shadow_fix1,JPLM,UDUC,round_shadow,2024-07-17T00:18:30,USER_WL_SD,2,2,3,0,0,0,0.99,ROUND,0,0,0,1e-06,NON_LAMBDA_MODE
r48u_20260914_JPLM_UDUC_round_shadow_fix1,JPLM,UDUC,round_shadow,2024-07-17T00:18:30,USER_L1_SD_CONDITIONAL,2,2,3,0,0,0,0.99,ROUND,0,0,0,1e-06,NON_LAMBDA_MODE
r48u_20260914_JPLM_UDUC_round_shadow_fix1,JPLM,UDUC,round_shadow,2024-07-17T00:19:00,USER_WL_SD,3,3,3,0,0,0,0.99,ROUND,0,0,0,1e-06,NON_LAMBDA_MODE
r48u_20260914_JPLM_UDUC_round_shadow_fix1,JPLM,UDUC,round_shadow,2024-07-17T00:19:00,USER_L1_SD_CONDITIONAL,3,3,3,0,0,0,0.99,ROUND,0,0,0,1e-06,NON_LAMBDA_MODE
r48u_20260914_JPLM_UDUC_round_shadow_fix1,JPLM,UDUC,round_shadow,2024-07-17T00:19:30,USER_WL_SD,3,3,3,0,0,0,0.99,ROUND,0,0,0,1e-06,NON_LAMBDA_MODE
r48u_20260914_JPLM_UDUC_round_shadow_fix1,JPLM,UDUC,round_shadow,2024-07-17T00:19:30,USER_L1_SD_CONDITIONAL,3,3,3,0,0,0,0.99,ROUND,0,0,0,1e-06,NON_LAMBDA_MODE
r48u_20260914_JPLM_UDUC_round_shadow_fix1,JPLM,UDUC,round_shadow,2024-07-17T00:20:00,USER_WL_SD,3,3,3,0,0,0,0.99,ROUND,0,0,0,1e-06,NON_LAMBDA_MODE
r48u_20260914_JPLM_UDUC_round_shadow_fix1,JPLM,UDUC,round_shadow,2024-07-17T00:20:00,USER_L1_SD_CONDITIONAL,3,3,3,0,0,0,0.99,ROUND,0,0,0,1e-06,NON_LAMBDA_MODE
r48u_20260914_JPLM_UDUC_round_shadow_fix1,JPLM,UDUC,round_shadow,2024-07-17T00:20:30,USER_WL_SD,3,3,3,0,0,0,0.99,ROUND,0,0,0,1e-06,NON_LAMBDA_MODE
r48u_20260914_JPLM_UDUC_round_shadow_fix1,JPLM,UDUC,round_shadow,2024-07-17T00:20:30,USER_L1_SD_CONDITIONAL,3,3,3,0,0,0,0.99,ROUND,0,0,0,1e-06,NON_LAMBDA_MODE
r48u_20260914_JPLM_UDUC_round_shadow_fix1,JPLM,UDUC,round_shadow,2024-07-17T00:21:00,USER_WL_SD,3,3,3,0,0,0,0.99,ROUND,0,0,0,1e-06,NON_LAMBDA_MODE
r48u_20260914_JPLM_UDUC_round_shadow_fix1,JPLM,UDUC,round_shadow,2024-07-17T00:21:00,USER_L1_SD_CONDITIONAL,3,3,3,0,0,0,0.99,ROUND,0,0,0,1e-06,NON_LAMBDA_MODE
r48u_20260914_JPLM_UDUC_round_shadow_fix1,JPLM,UDUC,round_shadow,2024-07-17T00:21:30,USER_WL_SD,3,3,3,0,0,0,0.99,ROUND,0,0,0,1e-06,NON_LAMBDA_MODE
r48u_20260914_JPLM_UDUC_round_shadow_fix1,JPLM,UDUC,round_shadow,2024-07-17T00:21:30,USER_L1_SD_CONDITIONAL,3,3,3,0,0,0,0.99,ROUND,0,0,0,1e-06,NON_LAMBDA_MODE
r48u_20260914_JPLM_UDUC_round_shadow_fix1,JPLM,UDUC,round_shadow,2024-07-17T00:22:00,USER_WL_SD,3,3,3,0,0,0,0.99,ROUND,0,0,0,1e-06,NON_LAMBDA_MODE
r48u_20260914_JPLM_UDUC_round_shadow_fix1,JPLM,UDUC,round_shadow,2024-07-17T00:22:00,USER_L1_SD_CONDITIONAL,3,3,3,0,0,0,0.99,ROUND,0,0,0,1e-06,NON_LAMBDA_MODE
r48u_20260914_JPLM_UDUC_round_shadow_fix1,JPLM,UDUC,round_shadow,2024-07-17T00:22:30,USER_WL_SD,3,3,3,0,0,0,0.99,ROUND,0,0,0,1e-06,NON_LAMBDA_MODE
r48u_20260914_JPLM_UDUC_round_shadow_fix1,JPLM,UDUC,round_shadow,2024-07-17T00:22:30,USER_L1_SD_CONDITIONAL,3,3,3,0,0,0,0.99,ROUND,0,0,0,1e-06,NON_LAMBDA_MODE
r48u_20260914_JPLM_UDUC_round_shadow_fix1,JPLM,UDUC,round_shadow,2024-07-17T00:23:00,USER_WL_SD,3,3,3,0,0,0,0.99,ROUND,0,0,0,1e-06,NON_LAMBDA_MODE
r48u_20260914_JPLM_UDUC_round_shadow_fix1,JPLM,UDUC,round_shadow,2024-07-17T00:23:00,USER_L1_SD_CONDITIONAL,3,3,3,0,0,0,0.99,ROUND,0,0,0,1e-06,NON_LAMBDA_MODE
r48u_20260914_JPLM_UDUC_round_shadow_fix1,JPLM,UDUC,round_shadow,2024-07-17T00:23:30,USER_WL_SD,2,2,3,0,0,0,0.99,ROUND,0,0,0,1e-06,NON_LAMBDA_MODE
r48u_20260914_JPLM_UDUC_round_shadow_fix1,JPLM,UDUC,round_shadow,2024-07-17T00:23:30,USER_L1_SD_CONDITIONAL,2,2,3,0,0,0,0.99,ROUND,0,0,0,1e-06,NON_LAMBDA_MODE
r48u_20260914_JPLM_UDUC_round_shadow_fix1,JPLM,UDUC,round_shadow,2024-07-17T00:24:00,USER_WL_SD,3,3,3,0,0,0,0.99,ROUND,0,0,0,1e-06,NON_LAMBDA_MODE
r48u_20260914_JPLM_UDUC_round_shadow_fix1,JPLM,UDUC,round_shadow,2024-07-17T00:24:00,USER_L1_SD_CONDITIONAL,3,3,3,0,0,0,0.99,ROUND,0,0,0,1e-06,NON_LAMBDA_MODE
r48u_20260914_JPLM_UDUC_round_shadow_fix1,JPLM,UDUC,round_shadow,2024-07-17T00:24:30,USER_WL_SD,3,3,3,0,0,0,0.99,ROUND,0,0,0,1e-06,NON_LAMBDA_MODE
r48u_20260914_JPLM_UDUC_round_shadow_fix1,JPLM,UDUC,round_shadow,2024-07-17T00:24:30,USER_L1_SD_CONDITIONAL,3,3,3,0,0,0,0.99,ROUND,0,0,0,1e-06,NON_LAMBDA_MODE
r48u_20260914_JPLM_UDUC_round_shadow_fix1,JPLM,UDUC,round_shadow,2024-07-17T00:25:00,USER_WL_SD,3,3,3,0,0,0,0.99,ROUND,0,0,0,1e-06,NON_LAMBDA_MODE
r48u_20260914_JPLM_UDUC_round_shadow_fix1,JPLM,UDUC,round_shadow,2024-07-17T00:25:00,USER_L1_SD_CONDITIONAL,3,3,3,0,0,0,0.99,ROUND,0,0,0,1e-06,NON_LAMBDA_MODE
r48u_20260914_JPLM_UDUC_round_shadow_fix1,JPLM,UDUC,round_shadow,2024-07-17T00:25:30,USER_WL_SD,2,2,3,0,0,0,0.99,ROUND,0,0,0,1e-06,NON_LAMBDA_MODE
r48u_20260914_JPLM_UDUC_round_shadow_fix1,JPLM,UDUC,round_shadow,2024-07-17T00:25:30,USER_L1_SD_CONDITIONAL,2,2,3,0,0,0,0.99,ROUND,0,0,0,1e-06,NON_LAMBDA_MODE
r48u_20260914_JPLM_UDUC_round_shadow_fix1,JPLM,UDUC,round_shadow,2024-07-17T00:26:00,USER_WL_SD,3,3,3,0,0,0,0.99,ROUND,0,0,0,1e-06,NON_LAMBDA_MODE
r48u_20260914_JPLM_UDUC_round_shadow_fix1,JPLM,UDUC,round_shadow,2024-07-17T00:26:00,USER_L1_SD_CONDITIONAL,3,3,3,0,0,0,0.99,ROUND,0,0,0,1e-06,NON_LAMBDA_MODE
r48u_20260914_JPLM_UDUC_round_shadow_fix1,JPLM,UDUC,round_shadow,2024-07-17T00:26:30,USER_WL_SD,3,3,3,0,0,0,0.99,ROUND,0,0,0,1e-06,NON_LAMBDA_MODE
r48u_20260914_JPLM_UDUC_round_shadow_fix1,JPLM,UDUC,round_shadow,2024-07-17T00:26:30,USER_L1_SD_CONDITIONAL,3,3,3,0,0,0,0.99,ROUND,0,0,0,1e-06,NON_LAMBDA_MODE
r48u_20260914_JPLM_UDUC_round_shadow_fix1,JPLM,UDUC,round_shadow,2024-07-17T00:27:00,USER_WL_SD,2,2,3,0,0,0,0.99,ROUND,0,0,0,1e-06,NON_LAMBDA_MODE
r48u_20260914_JPLM_UDUC_round_shadow_fix1,JPLM,UDUC,round_shadow,2024-07-17T00:27:00,USER_L1_SD_CONDITIONAL,2,2,3,0,0,0,0.99,ROUND,0,0,0,1e-06,NON_LAMBDA_MODE
r48u_20260914_JPLM_UDUC_round_shadow_fix1,JPLM,UDUC,round_shadow,2024-07-17T00:27:30,USER_WL_SD,2,2,3,0,0,0,0.99,ROUND,0,0,0,1e-06,NON_LAMBDA_MODE
r48u_20260914_JPLM_UDUC_round_shadow_fix1,JPLM,UDUC,round_shadow,2024-07-17T00:27:30,USER_L1_SD_CONDITIONAL,2,2,3,0,0,0,0.99,ROUND,0,0,0,1e-06,NON_LAMBDA_MODE
r48u_20260914_JPLM_UDUC_round_shadow_fix1,JPLM,UDUC,round_shadow,2024-07-17T00:28:00,USER_WL_SD,2,2,3,0,0,0,0.99,ROUND,0,0,0,1e-06,NON_LAMBDA_MODE
r48u_20260914_JPLM_UDUC_round_shadow_fix1,JPLM,UDUC,round_shadow,2024-07-17T00:28:00,USER_L1_SD_CONDITIONAL,2,2,3,0,0,0,0.99,ROUND,0,0,0,1e-06,NON_LAMBDA_MODE
r48u_20260914_JPLM_UDUC_round_shadow_fix1,JPLM,UDUC,round_shadow,2024-07-17T00:28:30,USER_WL_SD,3,3,3,0,0,0,0.99,ROUND,0,0,0,1e-06,NON_LAMBDA_MODE
r48u_20260914_JPLM_UDUC_round_shadow_fix1,JPLM,UDUC,round_shadow,2024-07-17T00:28:30,USER_L1_SD_CONDITIONAL,3,3,3,0,0,0,0.99,ROUND,0,0,0,1e-06,NON_LAMBDA_MODE
r48u_20260914_JPLM_UDUC_round_shadow_fix1,JPLM,UDUC,round_shadow,2024-07-17T00:29:00,USER_WL_SD,3,3,3,0,0,0,0.99,ROUND,0,0,0,1e-06,NON_LAMBDA_MODE
r48u_20260914_JPLM_UDUC_round_shadow_fix1,JPLM,UDUC,round_shadow,2024-07-17T00:29:00,USER_L1_SD_CONDITIONAL,3,3,3,0,0,0,0.99,ROUND,0,0,0,1e-06,NON_LAMBDA_MODE
r48u_20260914_JPLM_UDUC_round_shadow_fix1,JPLM,UDUC,round_shadow,2024-07-17T00:29:30,USER_WL_SD,3,3,3,0,0,0,0.99,ROUND,0,0,0,1e-06,NON_LAMBDA_MODE
r48u_20260914_JPLM_UDUC_round_shadow_fix1,JPLM,UDUC,round_shadow,2024-07-17T00:29:30,USER_L1_SD_CONDITIONAL,3,3,3,0,0,0,0.99,ROUND,0,0,0,1e-06,NON_LAMBDA_MODE
r48u_20260914_JPLM_UDUC_round_shadow_fix1,JPLM,UDUC,round_shadow,2024-07-17T00:30:00,USER_WL_SD,3,3,3,0,0,0,0.99,ROUND,0,0,0,1e-06,NON_LAMBDA_MODE
r48u_20260914_JPLM_UDUC_round_shadow_fix1,JPLM,UDUC,round_shadow,2024-07-17T00:30:00,USER_L1_SD_CONDITIONAL,3,3,3,0,0,0,0.99,ROUND,0,0,0,1e-06,NON_LAMBDA_MODE
r48u_20260914_JPLM_UDUC_round_feedback_fix1,JPLM,UDUC,round_feedback,2024-07-17T00:11:30,USER_WL_SD,1,1,3,0,0,0,0.99,ROUND,0,0,0,1e-06,NON_LAMBDA_MODE
r48u_20260914_JPLM_UDUC_round_feedback_fix1,JPLM,UDUC,round_feedback,2024-07-17T00:12:00,USER_WL_SD,1,1,3,0,0,0,0.99,ROUND,0,0,0,1e-06,NON_LAMBDA_MODE
r48u_20260914_JPLM_UDUC_round_feedback_fix1,JPLM,UDUC,round_feedback,2024-07-17T00:12:00,USER_L1_SD_CONDITIONAL,1,1,3,0,0,0,0.99,ROUND,0,0,0,1e-06,NON_LAMBDA_MODE
r48u_20260914_JPLM_UDUC_round_feedback_fix1,JPLM,UDUC,round_feedback,2024-07-17T00:12:30,USER_WL_SD,1,0,3,0,0,0,0.99,ROUND,0,0,0,1e-06,NO_STOCHASTIC_DIRECTION
r48u_20260914_JPLM_UDUC_round_feedback_fix1,JPLM,UDUC,round_feedback,2024-07-17T00:12:30,USER_L1_SD_CONDITIONAL,1,1,3,0,0,0,0.99,ROUND,0,0,0,1e-06,NON_LAMBDA_MODE
r48u_20260914_JPLM_UDUC_round_feedback_fix1,JPLM,UDUC,round_feedback,2024-07-17T00:13:00,USER_WL_SD,1,0,3,0,0,0,0.99,ROUND,0,0,0,1e-06,NO_STOCHASTIC_DIRECTION
r48u_20260914_JPLM_UDUC_round_feedback_fix1,JPLM,UDUC,round_feedback,2024-07-17T00:13:00,USER_L1_SD_CONDITIONAL,1,1,3,0,0,0,0.99,ROUND,0,0,0,1e-06,NON_LAMBDA_MODE
r48u_20260914_JPLM_UDUC_round_feedback_fix1,JPLM,UDUC,round_feedback,2024-07-17T00:13:30,USER_WL_SD,1,0,3,0,0,0,0.99,ROUND,0,0,0,1e-06,NO_STOCHASTIC_DIRECTION
r48u_20260914_JPLM_UDUC_round_feedback_fix1,JPLM,UDUC,round_feedback,2024-07-17T00:13:30,USER_L1_SD_CONDITIONAL,1,1,3,0,0,0,0.99,ROUND,0,0,0,1e-06,NON_LAMBDA_MODE
r48u_20260914_JPLM_UDUC_round_feedback_fix1,JPLM,UDUC,round_feedback,2024-07-17T00:14:00,USER_WL_SD,1,0,3,0,0,0,0.99,ROUND,0,0,0,1e-06,NO_STOCHASTIC_DIRECTION
r48u_20260914_JPLM_UDUC_round_feedback_fix1,JPLM,UDUC,round_feedback,2024-07-17T00:14:00,USER_L1_SD_CONDITIONAL,1,1,3,0,0,0,0.99,ROUND,0,0,0,1e-06,NON_LAMBDA_MODE
r48u_20260914_JPLM_UDUC_round_feedback_fix1,JPLM,UDUC,round_feedback,2024-07-17T00:14:30,USER_WL_SD,1,0,3,0,0,0,0.99,ROUND,0,0,0,1e-06,NO_STOCHASTIC_DIRECTION
r48u_20260914_JPLM_UDUC_round_feedback_fix1,JPLM,UDUC,round_feedback,2024-07-17T00:14:30,USER_L1_SD_CONDITIONAL,1,1,3,0,0,0,0.99,ROUND,0,0,0,1e-06,NON_LAMBDA_MODE
r48u_20260914_JPLM_UDUC_round_feedback_fix1,JPLM,UDUC,round_feedback,2024-07-17T00:15:00,USER_WL_SD,1,0,3,0,0,0,0.99,ROUND,0,0,0,1e-06,NO_STOCHASTIC_DIRECTION
r48u_20260914_JPLM_UDUC_round_feedback_fix1,JPLM,UDUC,round_feedback,2024-07-17T00:15:00,USER_L1_SD_CONDITIONAL,1,1,3,0,0,0,0.99,ROUND,0,0,0,1e-06,NON_LAMBDA_MODE
r48u_20260914_JPLM_UDUC_round_feedback_fix1,JPLM,UDUC,round_feedback,2024-07-17T00:15:30,USER_WL_SD,1,0,3,0,0,0,0.99,ROUND,0,0,0,1e-06,NO_STOCHASTIC_DIRECTION
r48u_20260914_JPLM_UDUC_round_feedback_fix1,JPLM,UDUC,round_feedback,2024-07-17T00:15:30,USER_L1_SD_CONDITIONAL,1,1,3,0,0,0,0.99,ROUND,0,0,0,1e-06,NON_LAMBDA_MODE
r48u_20260914_JPLM_UDUC_round_feedback_fix1,JPLM,UDUC,round_feedback,2024-07-17T00:16:00,USER_WL_SD,1,0,3,0,0,0,0.99,ROUND,0,0,0,1e-06,NO_STOCHASTIC_DIRECTION
r48u_20260914_JPLM_UDUC_round_feedback_fix1,JPLM,UDUC,round_feedback,2024-07-17T00:16:00,USER_L1_SD_CONDITIONAL,1,1,3,0,0,0,0.99,ROUND,0,0,0,1e-06,NON_LAMBDA_MODE
r48u_20260914_JPLM_UDUC_round_feedback_fix1,JPLM,UDUC,round_feedback,2024-07-17T00:16:30,USER_WL_SD,1,0,3,0,0,0,0.99,ROUND,0,0,0,1e-06,NO_STOCHASTIC_DIRECTION
r48u_20260914_JPLM_UDUC_round_feedback_fix1,JPLM,UDUC,round_feedback,2024-07-17T00:16:30,USER_L1_SD_CONDITIONAL,1,1,3,0,0,0,0.99,ROUND,0,0,0,1e-06,NON_LAMBDA_MODE
r48u_20260914_JPLM_UDUC_round_feedback_fix1,JPLM,UDUC,round_feedback,2024-07-17T00:17:00,USER_WL_SD,2,1,3,0,0,0,0.99,ROUND,0,0,0,1e-06,NON_LAMBDA_MODE
r48u_20260914_JPLM_UDUC_round_feedback_fix1,JPLM,UDUC,round_feedback,2024-07-17T00:17:00,USER_L1_SD_CONDITIONAL,2,2,3,0,0,0,0.99,ROUND,0,0,0,1e-06,NON_LAMBDA_MODE
r48u_20260914_JPLM_UDUC_round_feedback_fix1,JPLM,UDUC,round_feedback,2024-07-17T00:17:30,USER_WL_SD,2,0,3,0,0,0,0.99,ROUND,0,0,0,1e-06,NO_STOCHASTIC_DIRECTION
r48u_20260914_JPLM_UDUC_round_feedback_fix1,JPLM,UDUC,round_feedback,2024-07-17T00:18:00,USER_WL_SD,2,0,3,0,0,0,0.99,ROUND,0,0,0,1e-06,NO_STOCHASTIC_DIRECTION
r48u_20260914_JPLM_UDUC_round_feedback_fix1,JPLM,UDUC,round_feedback,2024-07-17T00:18:30,USER_WL_SD,2,0,3,0,0,0,0.99,ROUND,0,0,0,1e-06,NO_STOCHASTIC_DIRECTION
r48u_20260914_JPLM_UDUC_round_feedback_fix1,JPLM,UDUC,round_feedback,2024-07-17T00:19:00,USER_WL_SD,3,1,3,0,0,0,0.99,ROUND,0,0,0,1e-06,NON_LAMBDA_MODE
r48u_20260914_JPLM_UDUC_round_feedback_fix1,JPLM,UDUC,round_feedback,2024-07-17T00:19:30,USER_WL_SD,3,1,3,0,0,0,0.99,ROUND,0,0,0,1e-06,NON_LAMBDA_MODE
r48u_20260914_JPLM_UDUC_round_feedback_fix1,JPLM,UDUC,round_feedback,2024-07-17T00:20:00,USER_WL_SD,3,1,3,0,0,0,0.99,ROUND,0,0,0,1e-06,NON_LAMBDA_MODE
r48u_20260914_JPLM_UDUC_round_feedback_fix1,JPLM,UDUC,round_feedback,2024-07-17T00:20:30,USER_WL_SD,3,1,3,0,0,0,0.99,ROUND,0,0,0,1e-06,NON_LAMBDA_MODE
r48u_20260914_JPLM_UDUC_round_feedback_fix1,JPLM,UDUC,round_feedback,2024-07-17T00:21:00,USER_WL_SD,3,1,3,0,0,0,0.99,ROUND,0,0,0,1e-06,NON_LAMBDA_MODE
r48u_20260914_JPLM_UDUC_round_feedback_fix1,JPLM,UDUC,round_feedback,2024-07-17T00:21:30,USER_WL_SD,3,1,3,0,0,0,0.99,ROUND,0,0,0,1e-06,NON_LAMBDA_MODE
r48u_20260914_JPLM_UDUC_round_feedback_fix1,JPLM,UDUC,round_feedback,2024-07-17T00:22:00,USER_WL_SD,3,1,3,0,0,0,0.99,ROUND,0,0,0,1e-06,NON_LAMBDA_MODE
r48u_20260914_JPLM_UDUC_round_feedback_fix1,JPLM,UDUC,round_feedback,2024-07-17T00:22:30,USER_WL_SD,3,1,3,0,0,0,0.99,ROUND,0,0,0,1e-06,NON_LAMBDA_MODE
r48u_20260914_JPLM_UDUC_round_feedback_fix1,JPLM,UDUC,round_feedback,2024-07-17T00:23:00,USER_WL_SD,3,1,3,0,0,0,0.99,ROUND,0,0,0,1e-06,NON_LAMBDA_MODE
r48u_20260914_JPLM_UDUC_round_feedback_fix1,JPLM,UDUC,round_feedback,2024-07-17T00:23:30,USER_WL_SD,2,0,3,0,0,0,0.99,ROUND,0,0,0,1e-06,NO_STOCHASTIC_DIRECTION
r48u_20260914_JPLM_UDUC_round_feedback_fix1,JPLM,UDUC,round_feedback,2024-07-17T00:24:00,USER_WL_SD,3,1,3,0,0,0,0.99,ROUND,0,0,0,1e-06,NON_LAMBDA_MODE
r48u_20260914_JPLM_UDUC_round_feedback_fix1,JPLM,UDUC,round_feedback,2024-07-17T00:24:30,USER_WL_SD,3,1,3,0,0,0,0.99,ROUND,0,0,0,1e-06,NON_LAMBDA_MODE
r48u_20260914_JPLM_UDUC_round_feedback_fix1,JPLM,UDUC,round_feedback,2024-07-17T00:25:00,USER_WL_SD,3,1,3,0,0,0,0.99,ROUND,0,0,0,1e-06,NON_LAMBDA_MODE
r48u_20260914_JPLM_UDUC_round_feedback_fix1,JPLM,UDUC,round_feedback,2024-07-17T00:25:30,USER_WL_SD,2,1,3,0,0,0,0.99,ROUND,0,0,0,1e-06,NON_LAMBDA_MODE
r48u_20260914_JPLM_UDUC_round_feedback_fix1,JPLM,UDUC,round_feedback,2024-07-17T00:27:00,USER_WL_SD,2,1,3,0,0,0,0.99,ROUND,0,0,0,1e-06,NON_LAMBDA_MODE
r48u_20260914_JPLM_UDUC_round_feedback_fix1,JPLM,UDUC,round_feedback,2024-07-17T00:27:30,USER_WL_SD,2,1,3,0,0,0,0.99,ROUND,0,0,0,1e-06,NON_LAMBDA_MODE
r48u_20260914_JPLM_UDUC_round_feedback_fix1,JPLM,UDUC,round_feedback,2024-07-17T00:28:00,USER_WL_SD,2,1,3,0,0,0,0.99,ROUND,0,0,0,1e-06,NON_LAMBDA_MODE
r48u_20260914_JPLM_UDUC_round_feedback_fix1,JPLM,UDUC,round_feedback,2024-07-17T00:28:30,USER_WL_SD,3,1,3,0,0,0,0.99,ROUND,0,0,0,1e-06,NON_LAMBDA_MODE
r48u_20260914_JPLM_UDUC_round_feedback_fix1,JPLM,UDUC,round_feedback,2024-07-17T00:29:00,USER_WL_SD,3,1,3,0,0,0,0.99,ROUND,0,0,0,1e-06,NON_LAMBDA_MODE
r48u_20260914_JPLM_UDUC_round_feedback_fix1,JPLM,UDUC,round_feedback,2024-07-17T00:29:30,USER_WL_SD,3,1,3,0,0,0,0.99,ROUND,0,0,0,1e-06,NON_LAMBDA_MODE
r48u_20260914_JPLM_UDUC_round_feedback_fix1,JPLM,UDUC,round_feedback,2024-07-17T00:30:00,USER_WL_SD,3,1,3,0,0,0,0.99,ROUND,0,0,0,1e-06,NON_LAMBDA_MODE
r48u_20260914_JPLM_UDUC_ils_shadow_fix1,JPLM,UDUC,ils_shadow,2024-07-17T00:11:30,USER_WL_SD,1,1,1,0,0.993503,0.993503,0.999,LAMBDA_ALT,0,0,0,1e-06,BEST_1D_BOOTSTRAP_TOO_LOW
r48u_20260914_JPLM_UDUC_ils_shadow_fix1,JPLM,UDUC,ils_shadow,2024-07-17T00:12:00,USER_WL_SD,1,1,1,0,0.994819,0.994819,0.999,LAMBDA_ALT,0,0,0,1e-06,BEST_1D_BOOTSTRAP_TOO_LOW
r48u_20260914_JPLM_UDUC_ils_shadow_fix1,JPLM,UDUC,ils_shadow,2024-07-17T00:12:30,USER_WL_SD,1,1,1,0,0.995858,0.995858,0.999,LAMBDA_ALT,0,0,0,1e-06,BEST_1D_BOOTSTRAP_TOO_LOW
r48u_20260914_JPLM_UDUC_ils_shadow_fix1,JPLM,UDUC,ils_shadow,2024-07-17T00:13:00,USER_WL_SD,1,1,1,0,0.996682,0.996682,0.999,LAMBDA_ALT,0,0,0,1e-06,BEST_1D_BOOTSTRAP_TOO_LOW
r48u_20260914_JPLM_UDUC_ils_shadow_fix1,JPLM,UDUC,ils_shadow,2024-07-17T00:13:30,USER_WL_SD,1,1,1,0,0.997335,0.997335,0.999,LAMBDA_ALT,0,0,0,1e-06,BEST_1D_BOOTSTRAP_TOO_LOW
r48u_20260914_JPLM_UDUC_ils_shadow_fix1,JPLM,UDUC,ils_shadow,2024-07-17T00:14:00,USER_WL_SD,1,1,1,0,0.997856,0.997856,0.999,LAMBDA_ALT,0,0,0,1e-06,BEST_1D_BOOTSTRAP_TOO_LOW
r48u_20260914_JPLM_UDUC_ils_shadow_fix1,JPLM,UDUC,ils_shadow,2024-07-17T00:14:30,USER_WL_SD,1,1,1,0,0.998271,0.998271,0.999,LAMBDA_ALT,0,0,0,1e-06,BEST_1D_BOOTSTRAP_TOO_LOW
r48u_20260914_JPLM_UDUC_ils_shadow_fix1,JPLM,UDUC,ils_shadow,2024-07-17T00:15:00,USER_WL_SD,1,1,1,0,0.998602,0.998602,0.999,LAMBDA_ALT,0,0,0,1e-06,BEST_1D_BOOTSTRAP_TOO_LOW
r48u_20260914_JPLM_UDUC_ils_shadow_fix1,JPLM,UDUC,ils_shadow,2024-07-17T00:15:30,USER_WL_SD,1,1,1,0,0.998868,0.998868,0.999,LAMBDA_ALT,0,0,0,1e-06,BEST_1D_BOOTSTRAP_TOO_LOW
r48u_20260914_JPLM_UDUC_ils_shadow_fix1,JPLM,UDUC,ils_shadow,2024-07-17T00:16:00,USER_WL_SD,1,1,1,1,0.999081,0.999081,0.999,LAMBDA_ALT,1,0,0,1e-06,ACCEPTED
r48u_20260914_JPLM_UDUC_ils_shadow_fix1,JPLM,UDUC,ils_shadow,2024-07-17T00:16:00,USER_L1_SD_CONDITIONAL,1,1,1,0,0.540729,0.540729,0.999,LAMBDA_ALT,0,0,0,1e-06,BEST_1D_BOOTSTRAP_TOO_LOW
r48u_20260914_JPLM_UDUC_ils_shadow_fix1,JPLM,UDUC,ils_shadow,2024-07-17T00:16:30,USER_WL_SD,1,1,1,1,0.999253,0.999253,0.999,LAMBDA_ALT,1,0,0,1e-06,ACCEPTED
r48u_20260914_JPLM_UDUC_ils_shadow_fix1,JPLM,UDUC,ils_shadow,2024-07-17T00:16:30,USER_L1_SD_CONDITIONAL,1,1,1,0,0.561479,0.561479,0.999,LAMBDA_ALT,0,0,0,1e-06,BEST_1D_BOOTSTRAP_TOO_LOW
r48u_20260914_JPLM_UDUC_ils_shadow_fix1,JPLM,UDUC,ils_shadow,2024-07-17T00:17:00,USER_WL_SD,2,2,1,2,0.999943,0.999601,0.999,LAMBDA_ALT,1,0,0,1e-06,ACCEPTED
r48u_20260914_JPLM_UDUC_ils_shadow_fix1,JPLM,UDUC,ils_shadow,2024-07-17T00:17:00,USER_L1_SD_CONDITIONAL,2,2,1,0,0.880825,0.715035,0.999,LAMBDA_ALT,0,0,0,1e-06,BEST_1D_BOOTSTRAP_TOO_LOW
r48u_20260914_JPLM_UDUC_ils_shadow_fix1,JPLM,UDUC,ils_shadow,2024-07-17T00:17:30,USER_WL_SD,2,2,1,2,0.999958,0.999681,0.999,LAMBDA_ALT,1,0,0,1e-06,ACCEPTED
r48u_20260914_JPLM_UDUC_ils_shadow_fix1,JPLM,UDUC,ils_shadow,2024-07-17T00:17:30,USER_L1_SD_CONDITIONAL,2,2,1,0,0.897006,0.746684,0.999,LAMBDA_ALT,0,0,0,1e-06,BEST_1D_BOOTSTRAP_TOO_LOW
r48u_20260914_JPLM_UDUC_ils_shadow_fix1,JPLM,UDUC,ils_shadow,2024-07-17T00:18:00,USER_WL_SD,2,2,1,2,0.999969,0.999745,0.999,LAMBDA_ALT,1,0,0,1e-06,ACCEPTED
r48u_20260914_JPLM_UDUC_ils_shadow_fix1,JPLM,UDUC,ils_shadow,2024-07-17T00:18:00,USER_L1_SD_CONDITIONAL,2,2,1,0,0.91158,0.776188,0.999,LAMBDA_ALT,0,0,0,1e-06,BEST_1D_BOOTSTRAP_TOO_LOW
r48u_20260914_JPLM_UDUC_ils_shadow_fix1,JPLM,UDUC,ils_shadow,2024-07-17T00:18:30,USER_WL_SD,2,2,1,2,0.999977,0.999795,0.999,LAMBDA_ALT,1,0,0,1e-06,ACCEPTED
r48u_20260914_JPLM_UDUC_ils_shadow_fix1,JPLM,UDUC,ils_shadow,2024-07-17T00:18:30,USER_L1_SD_CONDITIONAL,2,2,1,0,0.924609,0.803438,0.999,LAMBDA_ALT,0,0,0,1e-06,BEST_1D_BOOTSTRAP_TOO_LOW
r48u_20260914_JPLM_UDUC_ils_shadow_fix1,JPLM,UDUC,ils_shadow,2024-07-17T00:19:00,USER_WL_SD,3,3,1,2,0.999983,0.245833,0.999,LAMBDA_ALT,1,0,0,1e-06,ACCEPTED
r48u_20260914_JPLM_UDUC_ils_shadow_fix1,JPLM,UDUC,ils_shadow,2024-07-17T00:19:00,USER_L1_SD_CONDITIONAL,3,3,1,0,0.936175,0.0584217,0.999,LAMBDA_ALT,0,0,0,1e-06,BEST_1D_BOOTSTRAP_TOO_LOW
r48u_20260914_JPLM_UDUC_ils_shadow_fix1,JPLM,UDUC,ils_shadow,2024-07-17T00:19:30,USER_WL_SD,3,3,1,2,0.999987,0.343987,0.999,LAMBDA_ALT,1,0,0,1e-06,ACCEPTED
r48u_20260914_JPLM_UDUC_ils_shadow_fix1,JPLM,UDUC,ils_shadow,2024-07-17T00:19:30,USER_L1_SD_CONDITIONAL,3,3,1,0,0.94635,0.0850264,0.999,LAMBDA_ALT,0,0,0,1e-06,BEST_1D_BOOTSTRAP_TOO_LOW
r48u_20260914_JPLM_UDUC_ils_shadow_fix1,JPLM,UDUC,ils_shadow,2024-07-17T00:20:00,USER_WL_SD,3,3,1,2,0.99999,0.41667,0.999,LAMBDA_ALT,1,0,0,1e-06,ACCEPTED
r48u_20260914_JPLM_UDUC_ils_shadow_fix1,JPLM,UDUC,ils_shadow,2024-07-17T00:20:00,USER_L1_SD_CONDITIONAL,3,3,1,0,0.955225,0.10685,0.999,LAMBDA_ALT,0,0,0,1e-06,BEST_1D_BOOTSTRAP_TOO_LOW
r48u_20260914_JPLM_UDUC_ils_shadow_fix1,JPLM,UDUC,ils_shadow,2024-07-17T00:20:30,USER_WL_SD,3,3,1,2,0.999993,0.476075,0.999,LAMBDA_ALT,1,0,0,1e-06,ACCEPTED
r48u_20260914_JPLM_UDUC_ils_shadow_fix1,JPLM,UDUC,ils_shadow,2024-07-17T00:20:30,USER_L1_SD_CONDITIONAL,3,3,1,0,0.962912,0.126377,0.999,LAMBDA_ALT,0,0,0,1e-06,BEST_1D_BOOTSTRAP_TOO_LOW
r48u_20260914_JPLM_UDUC_ils_shadow_fix1,JPLM,UDUC,ils_shadow,2024-07-17T00:21:00,USER_WL_SD,3,3,1,2,0.999994,0.526451,0.999,LAMBDA_ALT,1,0,0,1e-06,ACCEPTED
r48u_20260914_JPLM_UDUC_ils_shadow_fix1,JPLM,UDUC,ils_shadow,2024-07-17T00:21:00,USER_L1_SD_CONDITIONAL,3,3,1,0,0.969509,0.14435,0.999,LAMBDA_ALT,0,0,0,1e-06,BEST_1D_BOOTSTRAP_TOO_LOW
r48u_20260914_JPLM_UDUC_ils_shadow_fix1,JPLM,UDUC,ils_shadow,2024-07-17T00:21:30,USER_WL_SD,3,3,1,2,0.999996,0.570455,0.999,LAMBDA_ALT,1,0,0,1e-06,ACCEPTED
r48u_20260914_JPLM_UDUC_ils_shadow_fix1,JPLM,UDUC,ils_shadow,2024-07-17T00:21:30,USER_L1_SD_CONDITIONAL,3,3,1,0,0.975127,0.161256,0.999,LAMBDA_ALT,0,0,0,1e-06,BEST_1D_BOOTSTRAP_TOO_LOW
r48u_20260914_JPLM_UDUC_ils_shadow_fix1,JPLM,UDUC,ils_shadow,2024-07-17T00:22:00,USER_WL_SD,3,3,1,2,0.999997,0.609383,0.999,LAMBDA_ALT,1,0,0,1e-06,ACCEPTED
r48u_20260914_JPLM_UDUC_ils_shadow_fix1,JPLM,UDUC,ils_shadow,2024-07-17T00:22:00,USER_L1_SD_CONDITIONAL,3,3,1,0,0.97987,0.177277,0.999,LAMBDA_ALT,0,0,0,1e-06,BEST_1D_BOOTSTRAP_TOO_LOW
r48u_20260914_JPLM_UDUC_ils_shadow_fix1,JPLM,UDUC,ils_shadow,2024-07-17T00:22:30,USER_WL_SD,3,3,1,2,0.999998,0.644191,0.999,LAMBDA_ALT,1,0,0,1e-06,ACCEPTED
r48u_20260914_JPLM_UDUC_ils_shadow_fix1,JPLM,UDUC,ils_shadow,2024-07-17T00:22:30,USER_L1_SD_CONDITIONAL,3,3,1,0,0.983839,0.192551,0.999,LAMBDA_ALT,0,0,0,1e-06,BEST_1D_BOOTSTRAP_TOO_LOW
r48u_20260914_JPLM_UDUC_ils_shadow_fix1,JPLM,UDUC,ils_shadow,2024-07-17T00:23:00,USER_WL_SD,3,3,1,2,0.999998,0.675549,0.999,LAMBDA_ALT,1,0,0,1e-06,ACCEPTED
r48u_20260914_JPLM_UDUC_ils_shadow_fix1,JPLM,UDUC,ils_shadow,2024-07-17T00:23:00,USER_L1_SD_CONDITIONAL,3,3,1,0,0.987132,0.207173,0.999,LAMBDA_ALT,0,0,0,1e-06,BEST_1D_BOOTSTRAP_TOO_LOW
r48u_20260914_JPLM_UDUC_ils_shadow_fix1,JPLM,UDUC,ils_shadow,2024-07-17T00:23:30,USER_WL_SD,2,2,1,2,0.999999,0.999973,0.999,LAMBDA_ALT,1,0,0,1e-06,ACCEPTED
r48u_20260914_JPLM_UDUC_ils_shadow_fix1,JPLM,UDUC,ils_shadow,2024-07-17T00:23:30,USER_L1_SD_CONDITIONAL,2,2,1,0,0.989823,0.961182,0.999,LAMBDA_ALT,0,0,0,1e-06,BEST_1D_BOOTSTRAP_TOO_LOW
r48u_20260914_JPLM_UDUC_ils_shadow_fix1,JPLM,UDUC,ils_shadow,2024-07-17T00:24:00,USER_WL_SD,3,3,1,2,0.999999,0.33775,0.999,LAMBDA_ALT,1,0,0,1e-06,ACCEPTED
r48u_20260914_JPLM_UDUC_ils_shadow_fix1,JPLM,UDUC,ils_shadow,2024-07-17T00:24:00,USER_L1_SD_CONDITIONAL,3,3,1,0,0.992017,0.0952995,0.999,LAMBDA_ALT,0,0,0,1e-06,BEST_1D_BOOTSTRAP_TOO_LOW
r48u_20260914_JPLM_UDUC_ils_shadow_fix1,JPLM,UDUC,ils_shadow,2024-07-17T00:24:30,USER_WL_SD,3,3,1,2,0.999999,0.427755,0.999,LAMBDA_ALT,1,0,0,1e-06,ACCEPTED
r48u_20260914_JPLM_UDUC_ils_shadow_fix1,JPLM,UDUC,ils_shadow,2024-07-17T00:24:30,USER_L1_SD_CONDITIONAL,3,3,1,0,0.993789,0.123597,0.999,LAMBDA_ALT,0,0,0,1e-06,BEST_1D_BOOTSTRAP_TOO_LOW
r48u_20260914_JPLM_UDUC_ils_shadow_fix1,JPLM,UDUC,ils_shadow,2024-07-17T00:25:00,USER_WL_SD,3,3,1,2,0.999999,0.497583,0.999,LAMBDA_ALT,1,0,0,1e-06,ACCEPTED
r48u_20260914_JPLM_UDUC_ils_shadow_fix1,JPLM,UDUC,ils_shadow,2024-07-17T00:25:00,USER_L1_SD_CONDITIONAL,3,3,1,0,0.995206,0.147141,0.999,LAMBDA_ALT,0,0,0,1e-06,BEST_1D_BOOTSTRAP_TOO_LOW
r48u_20260914_JPLM_UDUC_ils_shadow_fix1,JPLM,UDUC,ils_shadow,2024-07-17T00:25:30,USER_WL_SD,2,2,1,1,0.999976,0.554875,0.999,LAMBDA_ALT,1,0,0,1e-06,ACCEPTED
r48u_20260914_JPLM_UDUC_ils_shadow_fix1,JPLM,UDUC,ils_shadow,2024-07-17T00:25:30,USER_L1_SD_CONDITIONAL,2,2,1,0,0.853287,0.145715,0.999,LAMBDA_ALT,0,0,0,1e-06,BEST_1D_BOOTSTRAP_TOO_LOW
r48u_20260914_JPLM_UDUC_ils_shadow_fix1,JPLM,UDUC,ils_shadow,2024-07-17T00:26:00,USER_WL_SD,3,3,1,2,1,0.604101,0.999,LAMBDA_ALT,1,0,0,1e-06,ACCEPTED
r48u_20260914_JPLM_UDUC_ils_shadow_fix1,JPLM,UDUC,ils_shadow,2024-07-17T00:26:00,USER_L1_SD_CONDITIONAL,3,3,1,0,0.997212,0.186784,0.999,LAMBDA_ALT,0,0,0,1e-06,BEST_1D_BOOTSTRAP_TOO_LOW
r48u_20260914_JPLM_UDUC_ils_shadow_fix1,JPLM,UDUC,ils_shadow,2024-07-17T00:26:30,USER_WL_SD,3,3,1,2,1,0.646191,0.999,LAMBDA_ALT,1,0,0,1e-06,ACCEPTED
r48u_20260914_JPLM_UDUC_ils_shadow_fix1,JPLM,UDUC,ils_shadow,2024-07-17T00:26:30,USER_L1_SD_CONDITIONAL,3,3,1,0,0.997901,0.204124,0.999,LAMBDA_ALT,0,0,0,1e-06,BEST_1D_BOOTSTRAP_TOO_LOW
r48u_20260914_JPLM_UDUC_ils_shadow_fix1,JPLM,UDUC,ils_shadow,2024-07-17T00:27:00,USER_WL_SD,2,2,1,1,0.999874,0.680852,0.999,LAMBDA_ALT,1,0,0,1e-06,ACCEPTED
r48u_20260914_JPLM_UDUC_ils_shadow_fix1,JPLM,UDUC,ils_shadow,2024-07-17T00:27:00,USER_L1_SD_CONDITIONAL,2,2,1,0,0.99843,0.220747,0.999,LAMBDA_ALT,0,0,0,1e-06,BEST_1D_BOOTSTRAP_TOO_LOW
r48u_20260914_JPLM_UDUC_ils_shadow_fix1,JPLM,UDUC,ils_shadow,2024-07-17T00:27:30,USER_WL_SD,2,2,1,1,0.999889,0.713339,0.999,LAMBDA_ALT,1,0,0,1e-06,ACCEPTED
r48u_20260914_JPLM_UDUC_ils_shadow_fix1,JPLM,UDUC,ils_shadow,2024-07-17T00:27:30,USER_L1_SD_CONDITIONAL,2,2,1,0,0.998838,0.235682,0.999,LAMBDA_ALT,0,0,0,1e-06,BEST_1D_BOOTSTRAP_TOO_LOW
r48u_20260914_JPLM_UDUC_ils_shadow_fix1,JPLM,UDUC,ils_shadow,2024-07-17T00:28:00,USER_WL_SD,2,2,1,1,0.999901,0.742219,0.999,LAMBDA_ALT,1,0,0,1e-06,ACCEPTED
r48u_20260914_JPLM_UDUC_ils_shadow_fix1,JPLM,UDUC,ils_shadow,2024-07-17T00:28:00,USER_L1_SD_CONDITIONAL,2,2,1,1,0.999148,0.249871,0.999,LAMBDA_ALT,1,0,0,1e-06,RATIO_REJECTED
r48u_20260914_JPLM_UDUC_ils_shadow_fix1,JPLM,UDUC,ils_shadow,2024-07-17T00:28:30,USER_WL_SD,3,3,1,2,1,0.771143,0.999,LAMBDA_ALT,1,0,0,1e-06,ACCEPTED
r48u_20260914_JPLM_UDUC_ils_shadow_fix1,JPLM,UDUC,ils_shadow,2024-07-17T00:28:30,USER_L1_SD_CONDITIONAL,3,3,1,1,0.999382,0.26452,0.999,LAMBDA_ALT,1,0,0,1e-06,RATIO_REJECTED
r48u_20260914_JPLM_UDUC_ils_shadow_fix1,JPLM,UDUC,ils_shadow,2024-07-17T00:29:00,USER_WL_SD,3,3,1,2,1,0.794483,0.999,LAMBDA_ALT,1,0,0,1e-06,ACCEPTED
r48u_20260914_JPLM_UDUC_ils_shadow_fix1,JPLM,UDUC,ils_shadow,2024-07-17T00:29:00,USER_L1_SD_CONDITIONAL,3,3,1,1,0.999555,0.278002,0.999,LAMBDA_ALT,1,0,0,1e-06,RATIO_REJECTED
r48u_20260914_JPLM_UDUC_ils_shadow_fix1,JPLM,UDUC,ils_shadow,2024-07-17T00:29:30,USER_WL_SD,3,3,1,2,1,0.81545,0.999,LAMBDA_ALT,1,0,0,1e-06,ACCEPTED
r48u_20260914_JPLM_UDUC_ils_shadow_fix1,JPLM,UDUC,ils_shadow,2024-07-17T00:29:30,USER_L1_SD_CONDITIONAL,3,3,1,1,0.999682,0.291003,0.999,LAMBDA_ALT,1,0,0,1e-06,RATIO_REJECTED
r48u_20260914_JPLM_UDUC_ils_shadow_fix1,JPLM,UDUC,ils_shadow,2024-07-17T00:30:00,USER_WL_SD,3,3,1,2,1,0.83432,0.999,LAMBDA_ALT,1,0,0,1e-06,ACCEPTED
r48u_20260914_JPLM_UDUC_ils_shadow_fix1,JPLM,UDUC,ils_shadow,2024-07-17T00:30:00,USER_L1_SD_CONDITIONAL,3,3,1,1,0.999775,0.303583,0.999,LAMBDA_ALT,1,0,0,1e-06,RATIO_REJECTED
r48u_20260914_JPLM_UDUC_ils_feedback_fix1,JPLM,UDUC,ils_feedback,2024-07-17T00:11:30,USER_WL_SD,1,1,1,0,0.993503,0.993503,0.999,LAMBDA_ALT,0,0,0,1e-06,BEST_1D_BOOTSTRAP_TOO_LOW
r48u_20260914_JPLM_UDUC_ils_feedback_fix1,JPLM,UDUC,ils_feedback,2024-07-17T00:12:00,USER_WL_SD,1,1,1,0,0.994819,0.994819,0.999,LAMBDA_ALT,0,0,0,1e-06,BEST_1D_BOOTSTRAP_TOO_LOW
r48u_20260914_JPLM_UDUC_ils_feedback_fix1,JPLM,UDUC,ils_feedback,2024-07-17T00:12:30,USER_WL_SD,1,1,1,0,0.995858,0.995858,0.999,LAMBDA_ALT,0,0,0,1e-06,BEST_1D_BOOTSTRAP_TOO_LOW
r48u_20260914_JPLM_UDUC_ils_feedback_fix1,JPLM,UDUC,ils_feedback,2024-07-17T00:13:00,USER_WL_SD,1,1,1,0,0.996682,0.996682,0.999,LAMBDA_ALT,0,0,0,1e-06,BEST_1D_BOOTSTRAP_TOO_LOW
r48u_20260914_JPLM_UDUC_ils_feedback_fix1,JPLM,UDUC,ils_feedback,2024-07-17T00:13:30,USER_WL_SD,1,1,1,0,0.997335,0.997335,0.999,LAMBDA_ALT,0,0,0,1e-06,BEST_1D_BOOTSTRAP_TOO_LOW
r48u_20260914_JPLM_UDUC_ils_feedback_fix1,JPLM,UDUC,ils_feedback,2024-07-17T00:14:00,USER_WL_SD,1,1,1,0,0.997856,0.997856,0.999,LAMBDA_ALT,0,0,0,1e-06,BEST_1D_BOOTSTRAP_TOO_LOW
r48u_20260914_JPLM_UDUC_ils_feedback_fix1,JPLM,UDUC,ils_feedback,2024-07-17T00:14:30,USER_WL_SD,1,1,1,0,0.998271,0.998271,0.999,LAMBDA_ALT,0,0,0,1e-06,BEST_1D_BOOTSTRAP_TOO_LOW
r48u_20260914_JPLM_UDUC_ils_feedback_fix1,JPLM,UDUC,ils_feedback,2024-07-17T00:15:00,USER_WL_SD,1,1,1,0,0.998602,0.998602,0.999,LAMBDA_ALT,0,0,0,1e-06,BEST_1D_BOOTSTRAP_TOO_LOW
r48u_20260914_JPLM_UDUC_ils_feedback_fix1,JPLM,UDUC,ils_feedback,2024-07-17T00:15:30,USER_WL_SD,1,1,1,0,0.998868,0.998868,0.999,LAMBDA_ALT,0,0,0,1e-06,BEST_1D_BOOTSTRAP_TOO_LOW
r48u_20260914_JPLM_UDUC_ils_feedback_fix1,JPLM,UDUC,ils_feedback,2024-07-17T00:16:00,USER_WL_SD,1,1,1,1,0.999081,0.999081,0.999,LAMBDA_ALT,1,0,0,1e-06,ACCEPTED
r48u_20260914_JPLM_UDUC_ils_feedback_fix1,JPLM,UDUC,ils_feedback,2024-07-17T00:16:00,USER_L1_SD_CONDITIONAL,1,1,1,0,0.540729,0.540729,0.999,LAMBDA_ALT,0,0,0,1e-06,BEST_1D_BOOTSTRAP_TOO_LOW
r48u_20260914_JPLM_UDUC_ils_feedback_fix1,JPLM,UDUC,ils_feedback,2024-07-17T00:16:30,USER_WL_SD,1,0,1,0,0,0,0.999,LAMBDA_ALT,0,0,0,1e-06,NO_STOCHASTIC_DIRECTION
r48u_20260914_JPLM_UDUC_ils_feedback_fix1,JPLM,UDUC,ils_feedback,2024-07-17T00:16:30,USER_L1_SD_CONDITIONAL,1,1,1,0,0.561479,0.561479,0.999,LAMBDA_ALT,0,0,0,1e-06,BEST_1D_BOOTSTRAP_TOO_LOW
r48u_20260914_JPLM_UDUC_ils_feedback_fix1,JPLM,UDUC,ils_feedback,2024-07-17T00:17:00,USER_WL_SD,2,1,1,1,0.999974,0.999974,0.999,LAMBDA_ALT,1,0,0,1e-06,ACCEPTED
r48u_20260914_JPLM_UDUC_ils_feedback_fix1,JPLM,UDUC,ils_feedback,2024-07-17T00:17:00,USER_L1_SD_CONDITIONAL,2,2,1,0,0.880825,0.715035,0.999,LAMBDA_ALT,0,0,0,1e-06,BEST_1D_BOOTSTRAP_TOO_LOW
r48u_20260914_JPLM_UDUC_ils_feedback_fix1,JPLM,UDUC,ils_feedback,2024-07-17T00:17:30,USER_WL_SD,2,0,1,0,0,0,0.999,LAMBDA_ALT,0,0,0,1e-06,NO_STOCHASTIC_DIRECTION
r48u_20260914_JPLM_UDUC_ils_feedback_fix1,JPLM,UDUC,ils_feedback,2024-07-17T00:18:00,USER_WL_SD,2,0,1,0,0,0,0.999,LAMBDA_ALT,0,0,0,1e-06,NO_STOCHASTIC_DIRECTION
r48u_20260914_JPLM_UDUC_ils_feedback_fix1,JPLM,UDUC,ils_feedback,2024-07-17T00:18:30,USER_WL_SD,2,0,1,0,0,0,0.999,LAMBDA_ALT,0,0,0,1e-06,NO_STOCHASTIC_DIRECTION
r48u_20260914_JPLM_UDUC_ils_feedback_fix1,JPLM,UDUC,ils_feedback,2024-07-17T00:19:00,USER_WL_SD,3,1,1,0,0.245873,0.245873,0.999,LAMBDA_ALT,0,0,0,1e-06,BEST_1D_BOOTSTRAP_TOO_LOW
r48u_20260914_JPLM_UDUC_ils_feedback_fix1,JPLM,UDUC,ils_feedback,2024-07-17T00:19:30,USER_WL_SD,3,1,1,0,0.344033,0.344033,0.999,LAMBDA_ALT,0,0,0,1e-06,BEST_1D_BOOTSTRAP_TOO_LOW
r48u_20260914_JPLM_UDUC_ils_feedback_fix1,JPLM,UDUC,ils_feedback,2024-07-17T00:20:00,USER_WL_SD,3,1,1,0,0.416715,0.416715,0.999,LAMBDA_ALT,0,0,0,1e-06,BEST_1D_BOOTSTRAP_TOO_LOW
r48u_20260914_JPLM_UDUC_ils_feedback_fix1,JPLM,UDUC,ils_feedback,2024-07-17T00:20:30,USER_WL_SD,3,1,1,0,0.476117,0.476117,0.999,LAMBDA_ALT,0,0,0,1e-06,BEST_1D_BOOTSTRAP_TOO_LOW
r48u_20260914_JPLM_UDUC_ils_feedback_fix1,JPLM,UDUC,ils_feedback,2024-07-17T00:21:00,USER_WL_SD,3,1,1,0,0.526489,0.526489,0.999,LAMBDA_ALT,0,0,0,1e-06,BEST_1D_BOOTSTRAP_TOO_LOW
r48u_20260914_JPLM_UDUC_ils_feedback_fix1,JPLM,UDUC,ils_feedback,2024-07-17T00:21:30,USER_WL_SD,3,1,1,0,0.570488,0.570488,0.999,LAMBDA_ALT,0,0,0,1e-06,BEST_1D_BOOTSTRAP_TOO_LOW
r48u_20260914_JPLM_UDUC_ils_feedback_fix1,JPLM,UDUC,ils_feedback,2024-07-17T00:22:00,USER_WL_SD,3,1,1,0,0.609413,0.609413,0.999,LAMBDA_ALT,0,0,0,1e-06,BEST_1D_BOOTSTRAP_TOO_LOW
r48u_20260914_JPLM_UDUC_ils_feedback_fix1,JPLM,UDUC,ils_feedback,2024-07-17T00:22:30,USER_WL_SD,3,1,1,0,0.644217,0.644217,0.999,LAMBDA_ALT,0,0,0,1e-06,BEST_1D_BOOTSTRAP_TOO_LOW
r48u_20260914_JPLM_UDUC_ils_feedback_fix1,JPLM,UDUC,ils_feedback,2024-07-17T00:23:00,USER_WL_SD,3,1,1,0,0.675572,0.675572,0.999,LAMBDA_ALT,0,0,0,1e-06,BEST_1D_BOOTSTRAP_TOO_LOW
r48u_20260914_JPLM_UDUC_ils_feedback_fix1,JPLM,UDUC,ils_feedback,2024-07-17T00:23:30,USER_WL_SD,2,0,1,0,0,0,0.999,LAMBDA_ALT,0,0,0,1e-06,NO_STOCHASTIC_DIRECTION
r48u_20260914_JPLM_UDUC_ils_feedback_fix1,JPLM,UDUC,ils_feedback,2024-07-17T00:24:00,USER_WL_SD,3,1,1,0,0.337758,0.337758,0.999,LAMBDA_ALT,0,0,0,1e-06,BEST_1D_BOOTSTRAP_TOO_LOW
r48u_20260914_JPLM_UDUC_ils_feedback_fix1,JPLM,UDUC,ils_feedback,2024-07-17T00:24:30,USER_WL_SD,3,1,1,0,0.427763,0.427763,0.999,LAMBDA_ALT,0,0,0,1e-06,BEST_1D_BOOTSTRAP_TOO_LOW
r48u_20260914_JPLM_UDUC_ils_feedback_fix1,JPLM,UDUC,ils_feedback,2024-07-17T00:25:00,USER_WL_SD,3,1,1,0,0.497591,0.497591,0.999,LAMBDA_ALT,0,0,0,1e-06,BEST_1D_BOOTSTRAP_TOO_LOW
r48u_20260914_JPLM_UDUC_ils_feedback_fix1,JPLM,UDUC,ils_feedback,2024-07-17T00:25:30,USER_WL_SD,2,1,1,0,0.555207,0.555207,0.999,LAMBDA_ALT,0,0,0,1e-06,BEST_1D_BOOTSTRAP_TOO_LOW
r48u_20260914_JPLM_UDUC_ils_feedback_fix1,JPLM,UDUC,ils_feedback,2024-07-17T00:26:00,USER_WL_SD,3,1,1,0,0.604108,0.604108,0.999,LAMBDA_ALT,0,0,0,1e-06,BEST_1D_BOOTSTRAP_TOO_LOW
r48u_20260914_JPLM_UDUC_ils_feedback_fix1,JPLM,UDUC,ils_feedback,2024-07-17T00:26:30,USER_WL_SD,3,1,1,0,0.646196,0.646196,0.999,LAMBDA_ALT,0,0,0,1e-06,BEST_1D_BOOTSTRAP_TOO_LOW
r48u_20260914_JPLM_UDUC_ils_feedback_fix1,JPLM,UDUC,ils_feedback,2024-07-17T00:27:00,USER_WL_SD,2,1,1,0,0.683292,0.683292,0.999,LAMBDA_ALT,0,0,0,1e-06,BEST_1D_BOOTSTRAP_TOO_LOW
r48u_20260914_JPLM_UDUC_ils_feedback_fix1,JPLM,UDUC,ils_feedback,2024-07-17T00:27:30,USER_WL_SD,2,1,1,0,0.716066,0.716066,0.999,LAMBDA_ALT,0,0,0,1e-06,BEST_1D_BOOTSTRAP_TOO_LOW
r48u_20260914_JPLM_UDUC_ils_feedback_fix1,JPLM,UDUC,ils_feedback,2024-07-17T00:28:00,USER_WL_SD,2,1,1,0,0.745206,0.745206,0.999,LAMBDA_ALT,0,0,0,1e-06,BEST_1D_BOOTSTRAP_TOO_LOW
r48u_20260914_JPLM_UDUC_ils_feedback_fix1,JPLM,UDUC,ils_feedback,2024-07-17T00:28:30,USER_WL_SD,3,1,1,0,0.771147,0.771147,0.999,LAMBDA_ALT,0,0,0,1e-06,BEST_1D_BOOTSTRAP_TOO_LOW
r48u_20260914_JPLM_UDUC_ils_feedback_fix1,JPLM,UDUC,ils_feedback,2024-07-17T00:29:00,USER_WL_SD,3,1,1,0,0.794486,0.794486,0.999,LAMBDA_ALT,0,0,0,1e-06,BEST_1D_BOOTSTRAP_TOO_LOW
r48u_20260914_JPLM_UDUC_ils_feedback_fix1,JPLM,UDUC,ils_feedback,2024-07-17T00:29:30,USER_WL_SD,3,1,1,0,0.815453,0.815453,0.999,LAMBDA_ALT,0,0,0,1e-06,BEST_1D_BOOTSTRAP_TOO_LOW
r48u_20260914_JPLM_UDUC_ils_feedback_fix1,JPLM,UDUC,ils_feedback,2024-07-17T00:30:00,USER_WL_SD,3,1,1,0,0.834322,0.834322,0.999,LAMBDA_ALT,0,0,0,1e-06,BEST_1D_BOOTSTRAP_TOO_LOW
