case,station,model,mode,time,receiver,system,stage,candidates,provisional_selected,selected,joint_nis,joint_threshold,joint_rank,maximum_perr,reliability_gate,feedback,passed
r48u_20260914_DYNG_IF_round_shadow_fix1,DYNG,IF,round_shadow,2024-07-17T00:10:30,DYNG,GPS,USER_IF_WL_SD,5,0,0,nan,nan,0,0,0,0,False
r48u_20260914_DYNG_IF_round_shadow_fix1,DYNG,IF,round_shadow,2024-07-17T00:17:00,DYNG,GPS,USER_IF_WL_SD,5,0,0,nan,nan,0,0,0,0,False
r48u_20260914_DYNG_IF_round_shadow_fix1,DYNG,IF,round_shadow,2024-07-17T00:17:30,DYNG,GPS,USER_IF_WL_SD,5,0,0,nan,nan,0,0,0,0,False
r48u_20260914_DYNG_IF_round_shadow_fix1,DYNG,IF,round_shadow,2024-07-17T00:18:00,DYNG,GPS,USER_IF_WL_SD,5,0,0,nan,nan,0,0,0,0,False
r48u_20260914_DYNG_IF_round_shadow_fix1,DYNG,IF,round_shadow,2024-07-17T00:18:30,DYNG,GPS,USER_IF_WL_SD,5,0,0,nan,nan,0,0,0,0,False
r48u_20260914_DYNG_IF_round_shadow_fix1,DYNG,IF,round_shadow,2024-07-17T00:19:00,DYNG,GPS,USER_IF_WL_SD,5,0,0,nan,nan,0,0,0,0,False
r48u_20260914_DYNG_IF_round_shadow_fix1,DYNG,IF,round_shadow,2024-07-17T00:19:30,DYNG,GPS,USER_IF_WL_SD,5,0,0,nan,nan,0,0,0,0,False
r48u_20260914_DYNG_IF_round_shadow_fix1,DYNG,IF,round_shadow,2024-07-17T00:20:00,DYNG,GPS,USER_IF_WL_SD,5,0,0,nan,nan,0,0,0,0,False
r48u_20260914_DYNG_IF_round_shadow_fix1,DYNG,IF,round_shadow,2024-07-17T00:20:30,DYNG,GPS,USER_IF_WL_SD,6,1,1,0.0238616,23.9281,1,0.000889138,1,0,True
r48u_20260914_DYNG_IF_round_shadow_fix1,DYNG,IF,round_shadow,2024-07-17T00:20:30,DYNG,GPS,USER_IF_L1_SD_CONDITIONAL,1,0,0,nan,nan,0,0,0,0,False
r48u_20260914_DYNG_IF_round_shadow_fix1,DYNG,IF,round_shadow,2024-07-17T00:21:00,DYNG,GPS,USER_IF_WL_SD,5,1,1,0.0375849,23.9281,1,0.000364092,1,0,True
r48u_20260914_DYNG_IF_round_shadow_fix1,DYNG,IF,round_shadow,2024-07-17T00:21:00,DYNG,GPS,USER_IF_L1_SD_CONDITIONAL,1,0,0,nan,nan,0,0,0,0,False
r48u_20260914_DYNG_IF_round_shadow_fix1,DYNG,IF,round_shadow,2024-07-17T00:21:30,DYNG,GPS,USER_IF_WL_SD,6,1,1,0.0414835,23.9281,1,0.000141768,1,0,True
r48u_20260914_DYNG_IF_round_shadow_fix1,DYNG,IF,round_shadow,2024-07-17T00:21:30,DYNG,GPS,USER_IF_L1_SD_CONDITIONAL,1,0,0,nan,nan,0,0,0,0,False
r48u_20260914_DYNG_IF_round_shadow_fix1,DYNG,IF,round_shadow,2024-07-17T00:22:00,DYNG,GPS,USER_IF_WL_SD,6,1,1,0.0379156,23.9281,1,5.34597e-05,1,0,True
r48u_20260914_DYNG_IF_round_shadow_fix1,DYNG,IF,round_shadow,2024-07-17T00:22:00,DYNG,GPS,USER_IF_L1_SD_CONDITIONAL,1,0,0,nan,nan,0,0,0,0,False
r48u_20260914_DYNG_IF_round_shadow_fix1,DYNG,IF,round_shadow,2024-07-17T00:22:30,DYNG,GPS,USER_IF_WL_SD,6,1,1,0.0381846,23.9281,1,2.05065e-05,1,0,True
r48u_20260914_DYNG_IF_round_shadow_fix1,DYNG,IF,round_shadow,2024-07-17T00:22:30,DYNG,GPS,USER_IF_L1_SD_CONDITIONAL,1,0,0,nan,nan,0,0,0,0,False
r48u_20260914_DYNG_IF_round_shadow_fix1,DYNG,IF,round_shadow,2024-07-17T00:23:00,DYNG,GPS,USER_IF_WL_SD,6,1,1,0.0154866,23.9281,1,6.9038e-06,1,0,True
r48u_20260914_DYNG_IF_round_shadow_fix1,DYNG,IF,round_shadow,2024-07-17T00:23:00,DYNG,GPS,USER_IF_L1_SD_CONDITIONAL,1,0,0,nan,nan,0,0,0,0,False
r48u_20260914_DYNG_IF_round_shadow_fix1,DYNG,IF,round_shadow,2024-07-17T00:23:30,DYNG,GPS,USER_IF_WL_SD,5,2,2,0.0655028,27.631,2,0.00097891,1,0,True
r48u_20260914_DYNG_IF_round_shadow_fix1,DYNG,IF,round_shadow,2024-07-17T00:23:30,DYNG,GPS,USER_IF_L1_SD_CONDITIONAL,2,0,0,nan,nan,0,0,0,0,False
r48u_20260914_DYNG_IF_round_shadow_fix1,DYNG,IF,round_shadow,2024-07-17T00:24:00,DYNG,GPS,USER_IF_WL_SD,5,2,2,0.0622386,27.631,2,0.000550513,1,0,True
r48u_20260914_DYNG_IF_round_shadow_fix1,DYNG,IF,round_shadow,2024-07-17T00:24:00,DYNG,GPS,USER_IF_L1_SD_CONDITIONAL,2,0,0,nan,nan,0,0,0,0,False
r48u_20260914_DYNG_IF_round_shadow_fix1,DYNG,IF,round_shadow,2024-07-17T00:24:30,DYNG,GPS,USER_IF_WL_SD,5,2,2,0.105696,27.631,2,0.000357328,1,0,True
r48u_20260914_DYNG_IF_round_shadow_fix1,DYNG,IF,round_shadow,2024-07-17T00:24:30,DYNG,GPS,USER_IF_L1_SD_CONDITIONAL,2,0,0,nan,nan,0,0,0,0,False
r48u_20260914_DYNG_IF_round_shadow_fix1,DYNG,IF,round_shadow,2024-07-17T00:25:00,DYNG,GPS,USER_IF_WL_SD,5,3,0,0.15292,30.6648,3,0.00158494,0,0,False
r48u_20260914_DYNG_IF_round_shadow_fix1,DYNG,IF,round_shadow,2024-07-17T00:25:00,DYNG,GPS,USER_IF_L1_SD_CONDITIONAL,2,0,0,nan,nan,0,0,0,0,False
r48u_20260914_DYNG_IF_round_shadow_fix1,DYNG,IF,round_shadow,2024-07-17T00:26:00,DYNG,GPS,USER_IF_WL_SD,5,3,0,0.137005,30.6648,3,0.00105861,0,0,False
r48u_20260914_DYNG_IF_round_shadow_fix1,DYNG,IF,round_shadow,2024-07-17T00:26:00,DYNG,GPS,USER_IF_L1_SD_CONDITIONAL,2,0,0,nan,nan,0,0,0,0,False
r48u_20260914_DYNG_IF_round_shadow_fix1,DYNG,IF,round_shadow,2024-07-17T00:26:30,DYNG,GPS,USER_IF_WL_SD,5,3,3,0.0893439,30.6648,3,0.000681561,1,0,True
r48u_20260914_DYNG_IF_round_shadow_fix1,DYNG,IF,round_shadow,2024-07-17T00:26:30,DYNG,GPS,USER_IF_L1_SD_CONDITIONAL,3,0,0,nan,nan,0,0,0,0,False
r48u_20260914_DYNG_IF_round_shadow_fix1,DYNG,IF,round_shadow,2024-07-17T00:27:00,DYNG,GPS,USER_IF_WL_SD,6,3,3,0.0542351,30.6648,3,0.000415244,1,0,True
r48u_20260914_DYNG_IF_round_shadow_fix1,DYNG,IF,round_shadow,2024-07-17T00:27:00,DYNG,GPS,USER_IF_L1_SD_CONDITIONAL,3,0,0,nan,nan,0,0,0,0,False
r48u_20260914_DYNG_IF_round_shadow_fix1,DYNG,IF,round_shadow,2024-07-17T00:27:30,DYNG,GPS,USER_IF_WL_SD,6,3,3,0.0862335,30.6648,3,0.000313754,1,0,True
r48u_20260914_DYNG_IF_round_shadow_fix1,DYNG,IF,round_shadow,2024-07-17T00:27:30,DYNG,GPS,USER_IF_L1_SD_CONDITIONAL,3,0,0,nan,nan,0,0,0,0,False
r48u_20260914_DYNG_IF_round_shadow_fix1,DYNG,IF,round_shadow,2024-07-17T00:28:00,DYNG,GPS,USER_IF_WL_SD,6,3,3,0.114906,30.6648,3,0.000225089,1,0,True
r48u_20260914_DYNG_IF_round_shadow_fix1,DYNG,IF,round_shadow,2024-07-17T00:28:00,DYNG,GPS,USER_IF_L1_SD_CONDITIONAL,3,0,0,nan,nan,0,0,0,0,False
r48u_20260914_DYNG_IF_round_shadow_fix1,DYNG,IF,round_shadow,2024-07-17T00:28:30,DYNG,GPS,USER_IF_WL_SD,6,3,3,0.117504,30.6648,3,0.000139835,1,0,True
r48u_20260914_DYNG_IF_round_shadow_fix1,DYNG,IF,round_shadow,2024-07-17T00:28:30,DYNG,GPS,USER_IF_L1_SD_CONDITIONAL,3,0,0,nan,nan,0,0,0,0,False
r48u_20260914_DYNG_IF_round_shadow_fix1,DYNG,IF,round_shadow,2024-07-17T00:29:00,DYNG,GPS,USER_IF_WL_SD,6,3,3,0.0982027,30.6648,3,9.00117e-05,1,0,True
r48u_20260914_DYNG_IF_round_shadow_fix1,DYNG,IF,round_shadow,2024-07-17T00:29:00,DYNG,GPS,USER_IF_L1_SD_CONDITIONAL,3,0,0,nan,nan,0,0,0,0,False
r48u_20260914_DYNG_IF_round_shadow_fix1,DYNG,IF,round_shadow,2024-07-17T00:29:30,DYNG,GPS,USER_IF_WL_SD,6,3,3,0.12207,30.6648,3,6.74712e-05,1,0,True
r48u_20260914_DYNG_IF_round_shadow_fix1,DYNG,IF,round_shadow,2024-07-17T00:29:30,DYNG,GPS,USER_IF_L1_SD_CONDITIONAL,3,0,0,nan,nan,0,0,0,0,False
r48u_20260914_DYNG_IF_round_shadow_fix1,DYNG,IF,round_shadow,2024-07-17T00:30:00,DYNG,GPS,USER_IF_WL_SD,6,3,3,0.158057,30.6648,3,5.22816e-05,1,0,True
r48u_20260914_DYNG_IF_round_shadow_fix1,DYNG,IF,round_shadow,2024-07-17T00:30:00,DYNG,GPS,USER_IF_L1_SD_CONDITIONAL,3,0,0,nan,nan,0,0,0,0,False
r48u_20260914_DYNG_IF_round_feedback_fix1,DYNG,IF,round_feedback,2024-07-17T00:10:30,DYNG,GPS,USER_IF_WL_SD,5,0,0,nan,nan,0,0,0,1,False
r48u_20260914_DYNG_IF_round_feedback_fix1,DYNG,IF,round_feedback,2024-07-17T00:17:00,DYNG,GPS,USER_IF_WL_SD,5,0,0,nan,nan,0,0,0,1,False
r48u_20260914_DYNG_IF_round_feedback_fix1,DYNG,IF,round_feedback,2024-07-17T00:17:30,DYNG,GPS,USER_IF_WL_SD,5,0,0,nan,nan,0,0,0,1,False
r48u_20260914_DYNG_IF_round_feedback_fix1,DYNG,IF,round_feedback,2024-07-17T00:18:00,DYNG,GPS,USER_IF_WL_SD,5,0,0,nan,nan,0,0,0,1,False
r48u_20260914_DYNG_IF_round_feedback_fix1,DYNG,IF,round_feedback,2024-07-17T00:18:30,DYNG,GPS,USER_IF_WL_SD,5,0,0,nan,nan,0,0,0,1,False
r48u_20260914_DYNG_IF_round_feedback_fix1,DYNG,IF,round_feedback,2024-07-17T00:19:00,DYNG,GPS,USER_IF_WL_SD,5,0,0,nan,nan,0,0,0,1,False
r48u_20260914_DYNG_IF_round_feedback_fix1,DYNG,IF,round_feedback,2024-07-17T00:19:30,DYNG,GPS,USER_IF_WL_SD,5,0,0,nan,nan,0,0,0,1,False
r48u_20260914_DYNG_IF_round_feedback_fix1,DYNG,IF,round_feedback,2024-07-17T00:20:00,DYNG,GPS,USER_IF_WL_SD,5,0,0,nan,nan,0,0,0,1,False
r48u_20260914_DYNG_IF_round_feedback_fix1,DYNG,IF,round_feedback,2024-07-17T00:20:30,DYNG,GPS,USER_IF_WL_SD,6,1,1,0.0238616,23.9281,1,0.000889138,1,1,True
r48u_20260914_DYNG_IF_round_feedback_fix1,DYNG,IF,round_feedback,2024-07-17T00:20:30,DYNG,GPS,USER_IF_L1_SD_CONDITIONAL,1,0,0,nan,nan,0,0,0,1,False
r48u_20260914_DYNG_IF_round_feedback_fix1,DYNG,IF,round_feedback,2024-07-17T00:21:00,DYNG,GPS,USER_IF_WL_SD,5,1,1,0.0375849,23.9281,1,0.000364092,1,1,True
r48u_20260914_DYNG_IF_round_feedback_fix1,DYNG,IF,round_feedback,2024-07-17T00:21:00,DYNG,GPS,USER_IF_L1_SD_CONDITIONAL,1,0,0,nan,nan,0,0,0,1,False
r48u_20260914_DYNG_IF_round_feedback_fix1,DYNG,IF,round_feedback,2024-07-17T00:21:30,DYNG,GPS,USER_IF_WL_SD,6,1,1,0.0414835,23.9281,1,0.000141768,1,1,True
r48u_20260914_DYNG_IF_round_feedback_fix1,DYNG,IF,round_feedback,2024-07-17T00:21:30,DYNG,GPS,USER_IF_L1_SD_CONDITIONAL,1,0,0,nan,nan,0,0,0,1,False
r48u_20260914_DYNG_IF_round_feedback_fix1,DYNG,IF,round_feedback,2024-07-17T00:22:00,DYNG,GPS,USER_IF_WL_SD,6,1,1,0.0379156,23.9281,1,5.34597e-05,1,1,True
r48u_20260914_DYNG_IF_round_feedback_fix1,DYNG,IF,round_feedback,2024-07-17T00:22:00,DYNG,GPS,USER_IF_L1_SD_CONDITIONAL,1,0,0,nan,nan,0,0,0,1,False
r48u_20260914_DYNG_IF_round_feedback_fix1,DYNG,IF,round_feedback,2024-07-17T00:22:30,DYNG,GPS,USER_IF_WL_SD,6,1,1,0.0381846,23.9281,1,2.05065e-05,1,1,True
r48u_20260914_DYNG_IF_round_feedback_fix1,DYNG,IF,round_feedback,2024-07-17T00:22:30,DYNG,GPS,USER_IF_L1_SD_CONDITIONAL,1,0,0,nan,nan,0,0,0,1,False
r48u_20260914_DYNG_IF_round_feedback_fix1,DYNG,IF,round_feedback,2024-07-17T00:23:00,DYNG,GPS,USER_IF_WL_SD,6,1,1,0.0154866,23.9281,1,6.9038e-06,1,1,True
r48u_20260914_DYNG_IF_round_feedback_fix1,DYNG,IF,round_feedback,2024-07-17T00:23:00,DYNG,GPS,USER_IF_L1_SD_CONDITIONAL,1,0,0,nan,nan,0,0,0,1,False
r48u_20260914_DYNG_IF_round_feedback_fix1,DYNG,IF,round_feedback,2024-07-17T00:23:30,DYNG,GPS,USER_IF_WL_SD,5,2,2,0.0655028,27.631,2,0.00097891,1,1,True
r48u_20260914_DYNG_IF_round_feedback_fix1,DYNG,IF,round_feedback,2024-07-17T00:23:30,DYNG,GPS,USER_IF_L1_SD_CONDITIONAL,2,0,0,nan,nan,0,0,0,1,False
r48u_20260914_DYNG_IF_round_feedback_fix1,DYNG,IF,round_feedback,2024-07-17T00:24:00,DYNG,GPS,USER_IF_WL_SD,5,2,2,0.0622386,27.631,2,0.000550513,1,1,True
r48u_20260914_DYNG_IF_round_feedback_fix1,DYNG,IF,round_feedback,2024-07-17T00:24:00,DYNG,GPS,USER_IF_L1_SD_CONDITIONAL,2,0,0,nan,nan,0,0,0,1,False
r48u_20260914_DYNG_IF_round_feedback_fix1,DYNG,IF,round_feedback,2024-07-17T00:24:30,DYNG,GPS,USER_IF_WL_SD,5,2,2,0.105696,27.631,2,0.000357328,1,1,True
r48u_20260914_DYNG_IF_round_feedback_fix1,DYNG,IF,round_feedback,2024-07-17T00:24:30,DYNG,GPS,USER_IF_L1_SD_CONDITIONAL,2,0,0,nan,nan,0,0,0,1,False
r48u_20260914_DYNG_IF_round_feedback_fix1,DYNG,IF,round_feedback,2024-07-17T00:25:00,DYNG,GPS,USER_IF_WL_SD,5,3,0,0.15292,30.6648,3,0.00158494,0,1,False
r48u_20260914_DYNG_IF_round_feedback_fix1,DYNG,IF,round_feedback,2024-07-17T00:25:00,DYNG,GPS,USER_IF_L1_SD_CONDITIONAL,2,0,0,nan,nan,0,0,0,1,False
r48u_20260914_DYNG_IF_round_feedback_fix1,DYNG,IF,round_feedback,2024-07-17T00:26:00,DYNG,GPS,USER_IF_WL_SD,5,3,0,0.137005,30.6648,3,0.00105861,0,1,False
r48u_20260914_DYNG_IF_round_feedback_fix1,DYNG,IF,round_feedback,2024-07-17T00:26:00,DYNG,GPS,USER_IF_L1_SD_CONDITIONAL,2,0,0,nan,nan,0,0,0,1,False
r48u_20260914_DYNG_IF_round_feedback_fix1,DYNG,IF,round_feedback,2024-07-17T00:26:30,DYNG,GPS,USER_IF_WL_SD,5,3,3,0.0893439,30.6648,3,0.000681561,1,1,True
r48u_20260914_DYNG_IF_round_feedback_fix1,DYNG,IF,round_feedback,2024-07-17T00:26:30,DYNG,GPS,USER_IF_L1_SD_CONDITIONAL,3,0,0,nan,nan,0,0,0,1,False
r48u_20260914_DYNG_IF_round_feedback_fix1,DYNG,IF,round_feedback,2024-07-17T00:27:00,DYNG,GPS,USER_IF_WL_SD,6,3,3,0.0542351,30.6648,3,0.000415244,1,1,True
r48u_20260914_DYNG_IF_round_feedback_fix1,DYNG,IF,round_feedback,2024-07-17T00:27:00,DYNG,GPS,USER_IF_L1_SD_CONDITIONAL,3,0,0,nan,nan,0,0,0,1,False
r48u_20260914_DYNG_IF_round_feedback_fix1,DYNG,IF,round_feedback,2024-07-17T00:27:30,DYNG,GPS,USER_IF_WL_SD,6,3,3,0.0862335,30.6648,3,0.000313754,1,1,True
r48u_20260914_DYNG_IF_round_feedback_fix1,DYNG,IF,round_feedback,2024-07-17T00:27:30,DYNG,GPS,USER_IF_L1_SD_CONDITIONAL,3,0,0,nan,nan,0,0,0,1,False
r48u_20260914_DYNG_IF_round_feedback_fix1,DYNG,IF,round_feedback,2024-07-17T00:28:00,DYNG,GPS,USER_IF_WL_SD,6,3,3,0.114906,30.6648,3,0.000225089,1,1,True
r48u_20260914_DYNG_IF_round_feedback_fix1,DYNG,IF,round_feedback,2024-07-17T00:28:00,DYNG,GPS,USER_IF_L1_SD_CONDITIONAL,3,0,0,nan,nan,0,0,0,1,False
r48u_20260914_DYNG_IF_round_feedback_fix1,DYNG,IF,round_feedback,2024-07-17T00:28:30,DYNG,GPS,USER_IF_WL_SD,6,3,3,0.117504,30.6648,3,0.000139835,1,1,True
r48u_20260914_DYNG_IF_round_feedback_fix1,DYNG,IF,round_feedback,2024-07-17T00:28:30,DYNG,GPS,USER_IF_L1_SD_CONDITIONAL,3,0,0,nan,nan,0,0,0,1,False
r48u_20260914_DYNG_IF_round_feedback_fix1,DYNG,IF,round_feedback,2024-07-17T00:29:00,DYNG,GPS,USER_IF_WL_SD,6,3,3,0.0982027,30.6648,3,9.00117e-05,1,1,True
r48u_20260914_DYNG_IF_round_feedback_fix1,DYNG,IF,round_feedback,2024-07-17T00:29:00,DYNG,GPS,USER_IF_L1_SD_CONDITIONAL,3,0,0,nan,nan,0,0,0,1,False
r48u_20260914_DYNG_IF_round_feedback_fix1,DYNG,IF,round_feedback,2024-07-17T00:29:30,DYNG,GPS,USER_IF_WL_SD,6,3,3,0.12207,30.6648,3,6.74712e-05,1,1,True
r48u_20260914_DYNG_IF_round_feedback_fix1,DYNG,IF,round_feedback,2024-07-17T00:29:30,DYNG,GPS,USER_IF_L1_SD_CONDITIONAL,3,0,0,nan,nan,0,0,0,1,False
r48u_20260914_DYNG_IF_round_feedback_fix1,DYNG,IF,round_feedback,2024-07-17T00:30:00,DYNG,GPS,USER_IF_WL_SD,6,3,3,0.158057,30.6648,3,5.22816e-05,1,1,True
r48u_20260914_DYNG_IF_round_feedback_fix1,DYNG,IF,round_feedback,2024-07-17T00:30:00,DYNG,GPS,USER_IF_L1_SD_CONDITIONAL,3,0,0,nan,nan,0,0,0,1,False
r48u_20260914_DYNG_IF_ils_shadow_fix1,DYNG,IF,ils_shadow,2024-07-17T00:10:30,DYNG,GPS,USER_IF_WL_SD,5,0,0,nan,nan,0,0,0,0,False
r48u_20260914_DYNG_IF_ils_shadow_fix1,DYNG,IF,ils_shadow,2024-07-17T00:17:00,DYNG,GPS,USER_IF_WL_SD,5,0,0,nan,nan,0,0,0,0,False
r48u_20260914_DYNG_IF_ils_shadow_fix1,DYNG,IF,ils_shadow,2024-07-17T00:17:30,DYNG,GPS,USER_IF_WL_SD,5,0,0,nan,nan,0,0,0,0,False
r48u_20260914_DYNG_IF_ils_shadow_fix1,DYNG,IF,ils_shadow,2024-07-17T00:18:00,DYNG,GPS,USER_IF_WL_SD,5,0,0,nan,nan,0,0,0,0,False
r48u_20260914_DYNG_IF_ils_shadow_fix1,DYNG,IF,ils_shadow,2024-07-17T00:18:30,DYNG,GPS,USER_IF_WL_SD,5,0,0,nan,nan,0,0,0,0,False
r48u_20260914_DYNG_IF_ils_shadow_fix1,DYNG,IF,ils_shadow,2024-07-17T00:19:00,DYNG,GPS,USER_IF_WL_SD,5,0,0,nan,nan,0,0,0,0,False
r48u_20260914_DYNG_IF_ils_shadow_fix1,DYNG,IF,ils_shadow,2024-07-17T00:19:30,DYNG,GPS,USER_IF_WL_SD,5,0,0,nan,nan,0,0,0,0,False
r48u_20260914_DYNG_IF_ils_shadow_fix1,DYNG,IF,ils_shadow,2024-07-17T00:20:00,DYNG,GPS,USER_IF_WL_SD,5,0,0,nan,nan,0,0,0,0,False
r48u_20260914_DYNG_IF_ils_shadow_fix1,DYNG,IF,ils_shadow,2024-07-17T00:20:30,DYNG,GPS,USER_IF_WL_SD,6,0,0,nan,nan,0,0,0,0,False
r48u_20260914_DYNG_IF_ils_shadow_fix1,DYNG,IF,ils_shadow,2024-07-17T00:21:00,DYNG,GPS,USER_IF_WL_SD,5,0,0,nan,nan,0,0,0,0,False
r48u_20260914_DYNG_IF_ils_shadow_fix1,DYNG,IF,ils_shadow,2024-07-17T00:21:30,DYNG,GPS,USER_IF_WL_SD,6,0,0,nan,nan,0,0,0,0,False
r48u_20260914_DYNG_IF_ils_shadow_fix1,DYNG,IF,ils_shadow,2024-07-17T00:22:00,DYNG,GPS,USER_IF_WL_SD,6,0,0,nan,nan,0,0,0,0,False
r48u_20260914_DYNG_IF_ils_shadow_fix1,DYNG,IF,ils_shadow,2024-07-17T00:22:30,DYNG,GPS,USER_IF_WL_SD,6,1,1,0.0381846,23.9281,1,2.05065e-05,1,0,True
r48u_20260914_DYNG_IF_ils_shadow_fix1,DYNG,IF,ils_shadow,2024-07-17T00:22:30,DYNG,GPS,USER_IF_L1_SD_CONDITIONAL,1,0,0,nan,nan,0,0,0,0,False
r48u_20260914_DYNG_IF_ils_shadow_fix1,DYNG,IF,ils_shadow,2024-07-17T00:23:00,DYNG,GPS,USER_IF_WL_SD,6,1,1,0.0154866,23.9281,1,6.9038e-06,1,0,True
r48u_20260914_DYNG_IF_ils_shadow_fix1,DYNG,IF,ils_shadow,2024-07-17T00:23:00,DYNG,GPS,USER_IF_L1_SD_CONDITIONAL,1,0,0,nan,nan,0,0,0,0,False
r48u_20260914_DYNG_IF_ils_shadow_fix1,DYNG,IF,ils_shadow,2024-07-17T00:23:30,DYNG,GPS,USER_IF_WL_SD,5,1,1,0.00906442,23.9281,1,2.55604e-06,1,0,True
r48u_20260914_DYNG_IF_ils_shadow_fix1,DYNG,IF,ils_shadow,2024-07-17T00:23:30,DYNG,GPS,USER_IF_L1_SD_CONDITIONAL,1,0,0,nan,nan,0,0,0,0,False
r48u_20260914_DYNG_IF_ils_shadow_fix1,DYNG,IF,ils_shadow,2024-07-17T00:24:00,DYNG,GPS,USER_IF_WL_SD,5,1,1,0.0131462,23.9281,1,1.01215e-06,1,0,True
r48u_20260914_DYNG_IF_ils_shadow_fix1,DYNG,IF,ils_shadow,2024-07-17T00:24:00,DYNG,GPS,USER_IF_L1_SD_CONDITIONAL,1,0,0,nan,nan,0,0,0,0,False
r48u_20260914_DYNG_IF_ils_shadow_fix1,DYNG,IF,ils_shadow,2024-07-17T00:24:30,DYNG,GPS,USER_IF_WL_SD,5,1,1,0.0382632,23.9281,1,4.64183e-07,1,0,True
r48u_20260914_DYNG_IF_ils_shadow_fix1,DYNG,IF,ils_shadow,2024-07-17T00:24:30,DYNG,GPS,USER_IF_L1_SD_CONDITIONAL,1,0,0,nan,nan,0,0,0,0,False
r48u_20260914_DYNG_IF_ils_shadow_fix1,DYNG,IF,ils_shadow,2024-07-17T00:25:00,DYNG,GPS,USER_IF_WL_SD,5,2,2,0.133639,27.631,2,0.000218671,1,0,True
r48u_20260914_DYNG_IF_ils_shadow_fix1,DYNG,IF,ils_shadow,2024-07-17T00:25:00,DYNG,GPS,USER_IF_L1_SD_CONDITIONAL,2,0,0,nan,nan,0,0,0,0,False
r48u_20260914_DYNG_IF_ils_shadow_fix1,DYNG,IF,ils_shadow,2024-07-17T00:26:00,DYNG,GPS,USER_IF_WL_SD,5,2,2,0.106613,27.631,2,0.000117077,1,0,True
r48u_20260914_DYNG_IF_ils_shadow_fix1,DYNG,IF,ils_shadow,2024-07-17T00:26:00,DYNG,GPS,USER_IF_L1_SD_CONDITIONAL,2,0,0,nan,nan,0,0,0,0,False
r48u_20260914_DYNG_IF_ils_shadow_fix1,DYNG,IF,ils_shadow,2024-07-17T00:26:30,DYNG,GPS,USER_IF_WL_SD,5,2,2,0.0578989,27.631,2,5.31083e-05,1,0,True
r48u_20260914_DYNG_IF_ils_shadow_fix1,DYNG,IF,ils_shadow,2024-07-17T00:26:30,DYNG,GPS,USER_IF_L1_SD_CONDITIONAL,2,0,0,nan,nan,0,0,0,0,False
r48u_20260914_DYNG_IF_ils_shadow_fix1,DYNG,IF,ils_shadow,2024-07-17T00:27:00,DYNG,GPS,USER_IF_WL_SD,6,2,2,0.0319937,27.631,2,2.56303e-05,1,0,True
r48u_20260914_DYNG_IF_ils_shadow_fix1,DYNG,IF,ils_shadow,2024-07-17T00:27:00,DYNG,GPS,USER_IF_L1_SD_CONDITIONAL,2,0,0,nan,nan,0,0,0,0,False
r48u_20260914_DYNG_IF_ils_shadow_fix1,DYNG,IF,ils_shadow,2024-07-17T00:27:30,DYNG,GPS,USER_IF_WL_SD,6,2,2,0.0300975,27.631,2,1.41734e-05,1,0,True
r48u_20260914_DYNG_IF_ils_shadow_fix1,DYNG,IF,ils_shadow,2024-07-17T00:27:30,DYNG,GPS,USER_IF_L1_SD_CONDITIONAL,2,0,0,nan,nan,0,0,0,0,False
r48u_20260914_DYNG_IF_ils_shadow_fix1,DYNG,IF,ils_shadow,2024-07-17T00:28:00,DYNG,GPS,USER_IF_WL_SD,6,2,2,0.0424082,27.631,2,8.29221e-06,1,0,True
r48u_20260914_DYNG_IF_ils_shadow_fix1,DYNG,IF,ils_shadow,2024-07-17T00:28:00,DYNG,GPS,USER_IF_L1_SD_CONDITIONAL,2,0,0,nan,nan,0,0,0,0,False
r48u_20260914_DYNG_IF_ils_shadow_fix1,DYNG,IF,ils_shadow,2024-07-17T00:28:30,DYNG,GPS,USER_IF_WL_SD,6,3,3,0.117504,30.6648,3,0.000139835,1,0,True
r48u_20260914_DYNG_IF_ils_shadow_fix1,DYNG,IF,ils_shadow,2024-07-17T00:28:30,DYNG,GPS,USER_IF_L1_SD_CONDITIONAL,3,0,0,nan,nan,0,0,0,0,False
r48u_20260914_DYNG_IF_ils_shadow_fix1,DYNG,IF,ils_shadow,2024-07-17T00:29:00,DYNG,GPS,USER_IF_WL_SD,6,3,3,0.0982027,30.6648,3,9.00117e-05,1,0,True
r48u_20260914_DYNG_IF_ils_shadow_fix1,DYNG,IF,ils_shadow,2024-07-17T00:29:00,DYNG,GPS,USER_IF_L1_SD_CONDITIONAL,3,0,0,nan,nan,0,0,0,0,False
r48u_20260914_DYNG_IF_ils_shadow_fix1,DYNG,IF,ils_shadow,2024-07-17T00:29:30,DYNG,GPS,USER_IF_WL_SD,6,3,3,0.12207,30.6648,3,6.74712e-05,1,0,True
r48u_20260914_DYNG_IF_ils_shadow_fix1,DYNG,IF,ils_shadow,2024-07-17T00:29:30,DYNG,GPS,USER_IF_L1_SD_CONDITIONAL,3,0,0,nan,nan,0,0,0,0,False
r48u_20260914_DYNG_IF_ils_shadow_fix1,DYNG,IF,ils_shadow,2024-07-17T00:30:00,DYNG,GPS,USER_IF_WL_SD,6,3,3,0.158057,30.6648,3,5.22816e-05,1,0,True
r48u_20260914_DYNG_IF_ils_shadow_fix1,DYNG,IF,ils_shadow,2024-07-17T00:30:00,DYNG,GPS,USER_IF_L1_SD_CONDITIONAL,3,0,0,nan,nan,0,0,0,0,False
r48u_20260914_DYNG_IF_ils_feedback_fix1,DYNG,IF,ils_feedback,2024-07-17T00:10:30,DYNG,GPS,USER_IF_WL_SD,5,0,0,nan,nan,0,0,0,1,False
r48u_20260914_DYNG_IF_ils_feedback_fix1,DYNG,IF,ils_feedback,2024-07-17T00:17:00,DYNG,GPS,USER_IF_WL_SD,5,0,0,nan,nan,0,0,0,1,False
r48u_20260914_DYNG_IF_ils_feedback_fix1,DYNG,IF,ils_feedback,2024-07-17T00:17:30,DYNG,GPS,USER_IF_WL_SD,5,0,0,nan,nan,0,0,0,1,False
r48u_20260914_DYNG_IF_ils_feedback_fix1,DYNG,IF,ils_feedback,2024-07-17T00:18:00,DYNG,GPS,USER_IF_WL_SD,5,0,0,nan,nan,0,0,0,1,False
r48u_20260914_DYNG_IF_ils_feedback_fix1,DYNG,IF,ils_feedback,2024-07-17T00:18:30,DYNG,GPS,USER_IF_WL_SD,5,0,0,nan,nan,0,0,0,1,False
r48u_20260914_DYNG_IF_ils_feedback_fix1,DYNG,IF,ils_feedback,2024-07-17T00:19:00,DYNG,GPS,USER_IF_WL_SD,5,0,0,nan,nan,0,0,0,1,False
r48u_20260914_DYNG_IF_ils_feedback_fix1,DYNG,IF,ils_feedback,2024-07-17T00:19:30,DYNG,GPS,USER_IF_WL_SD,5,0,0,nan,nan,0,0,0,1,False
r48u_20260914_DYNG_IF_ils_feedback_fix1,DYNG,IF,ils_feedback,2024-07-17T00:20:00,DYNG,GPS,USER_IF_WL_SD,5,0,0,nan,nan,0,0,0,1,False
r48u_20260914_DYNG_IF_ils_feedback_fix1,DYNG,IF,ils_feedback,2024-07-17T00:20:30,DYNG,GPS,USER_IF_WL_SD,6,0,0,nan,nan,0,0,0,1,False
r48u_20260914_DYNG_IF_ils_feedback_fix1,DYNG,IF,ils_feedback,2024-07-17T00:21:00,DYNG,GPS,USER_IF_WL_SD,5,0,0,nan,nan,0,0,0,1,False
r48u_20260914_DYNG_IF_ils_feedback_fix1,DYNG,IF,ils_feedback,2024-07-17T00:21:30,DYNG,GPS,USER_IF_WL_SD,6,0,0,nan,nan,0,0,0,1,False
r48u_20260914_DYNG_IF_ils_feedback_fix1,DYNG,IF,ils_feedback,2024-07-17T00:22:00,DYNG,GPS,USER_IF_WL_SD,6,0,0,nan,nan,0,0,0,1,False
r48u_20260914_DYNG_IF_ils_feedback_fix1,DYNG,IF,ils_feedback,2024-07-17T00:22:30,DYNG,GPS,USER_IF_WL_SD,6,1,1,0.0381846,23.9281,1,2.05065e-05,1,1,True
r48u_20260914_DYNG_IF_ils_feedback_fix1,DYNG,IF,ils_feedback,2024-07-17T00:22:30,DYNG,GPS,USER_IF_L1_SD_CONDITIONAL,1,0,0,nan,nan,0,0,0,1,False
r48u_20260914_DYNG_IF_ils_feedback_fix1,DYNG,IF,ils_feedback,2024-07-17T00:23:00,DYNG,GPS,USER_IF_WL_SD,6,1,1,0.0154866,23.9281,1,6.9038e-06,1,1,True
r48u_20260914_DYNG_IF_ils_feedback_fix1,DYNG,IF,ils_feedback,2024-07-17T00:23:00,DYNG,GPS,USER_IF_L1_SD_CONDITIONAL,1,0,0,nan,nan,0,0,0,1,False
r48u_20260914_DYNG_IF_ils_feedback_fix1,DYNG,IF,ils_feedback,2024-07-17T00:23:30,DYNG,GPS,USER_IF_WL_SD,5,1,1,0.00906442,23.9281,1,2.55604e-06,1,1,True
r48u_20260914_DYNG_IF_ils_feedback_fix1,DYNG,IF,ils_feedback,2024-07-17T00:23:30,DYNG,GPS,USER_IF_L1_SD_CONDITIONAL,1,0,0,nan,nan,0,0,0,1,False
r48u_20260914_DYNG_IF_ils_feedback_fix1,DYNG,IF,ils_feedback,2024-07-17T00:24:00,DYNG,GPS,USER_IF_WL_SD,5,1,1,0.0131462,23.9281,1,1.01215e-06,1,1,True
r48u_20260914_DYNG_IF_ils_feedback_fix1,DYNG,IF,ils_feedback,2024-07-17T00:24:00,DYNG,GPS,USER_IF_L1_SD_CONDITIONAL,1,0,0,nan,nan,0,0,0,1,False
r48u_20260914_DYNG_IF_ils_feedback_fix1,DYNG,IF,ils_feedback,2024-07-17T00:24:30,DYNG,GPS,USER_IF_WL_SD,5,1,1,0.0382632,23.9281,1,4.64183e-07,1,1,True
r48u_20260914_DYNG_IF_ils_feedback_fix1,DYNG,IF,ils_feedback,2024-07-17T00:24:30,DYNG,GPS,USER_IF_L1_SD_CONDITIONAL,1,0,0,nan,nan,0,0,0,1,False
r48u_20260914_DYNG_IF_ils_feedback_fix1,DYNG,IF,ils_feedback,2024-07-17T00:25:00,DYNG,GPS,USER_IF_WL_SD,5,2,2,0.133639,27.631,2,0.000218671,1,1,True
r48u_20260914_DYNG_IF_ils_feedback_fix1,DYNG,IF,ils_feedback,2024-07-17T00:25:00,DYNG,GPS,USER_IF_L1_SD_CONDITIONAL,2,0,0,nan,nan,0,0,0,1,False
r48u_20260914_DYNG_IF_ils_feedback_fix1,DYNG,IF,ils_feedback,2024-07-17T00:26:00,DYNG,GPS,USER_IF_WL_SD,5,2,2,0.106613,27.631,2,0.000117077,1,1,True
r48u_20260914_DYNG_IF_ils_feedback_fix1,DYNG,IF,ils_feedback,2024-07-17T00:26:00,DYNG,GPS,USER_IF_L1_SD_CONDITIONAL,2,0,0,nan,nan,0,0,0,1,False
r48u_20260914_DYNG_IF_ils_feedback_fix1,DYNG,IF,ils_feedback,2024-07-17T00:26:30,DYNG,GPS,USER_IF_WL_SD,5,2,2,0.0578989,27.631,2,5.31083e-05,1,1,True
r48u_20260914_DYNG_IF_ils_feedback_fix1,DYNG,IF,ils_feedback,2024-07-17T00:26:30,DYNG,GPS,USER_IF_L1_SD_CONDITIONAL,2,0,0,nan,nan,0,0,0,1,False
r48u_20260914_DYNG_IF_ils_feedback_fix1,DYNG,IF,ils_feedback,2024-07-17T00:27:00,DYNG,GPS,USER_IF_WL_SD,6,2,2,0.0319937,27.631,2,2.56303e-05,1,1,True
r48u_20260914_DYNG_IF_ils_feedback_fix1,DYNG,IF,ils_feedback,2024-07-17T00:27:00,DYNG,GPS,USER_IF_L1_SD_CONDITIONAL,2,0,0,nan,nan,0,0,0,1,False
r48u_20260914_DYNG_IF_ils_feedback_fix1,DYNG,IF,ils_feedback,2024-07-17T00:27:30,DYNG,GPS,USER_IF_WL_SD,6,2,2,0.0300975,27.631,2,1.41734e-05,1,1,True
r48u_20260914_DYNG_IF_ils_feedback_fix1,DYNG,IF,ils_feedback,2024-07-17T00:27:30,DYNG,GPS,USER_IF_L1_SD_CONDITIONAL,2,0,0,nan,nan,0,0,0,1,False
r48u_20260914_DYNG_IF_ils_feedback_fix1,DYNG,IF,ils_feedback,2024-07-17T00:28:00,DYNG,GPS,USER_IF_WL_SD,6,2,2,0.0424082,27.631,2,8.29221e-06,1,1,True
r48u_20260914_DYNG_IF_ils_feedback_fix1,DYNG,IF,ils_feedback,2024-07-17T00:28:00,DYNG,GPS,USER_IF_L1_SD_CONDITIONAL,2,0,0,nan,nan,0,0,0,1,False
r48u_20260914_DYNG_IF_ils_feedback_fix1,DYNG,IF,ils_feedback,2024-07-17T00:28:30,DYNG,GPS,USER_IF_WL_SD,6,3,3,0.117504,30.6648,3,0.000139835,1,1,True
r48u_20260914_DYNG_IF_ils_feedback_fix1,DYNG,IF,ils_feedback,2024-07-17T00:28:30,DYNG,GPS,USER_IF_L1_SD_CONDITIONAL,3,0,0,nan,nan,0,0,0,1,False
r48u_20260914_DYNG_IF_ils_feedback_fix1,DYNG,IF,ils_feedback,2024-07-17T00:29:00,DYNG,GPS,USER_IF_WL_SD,6,3,3,0.0982027,30.6648,3,9.00117e-05,1,1,True
r48u_20260914_DYNG_IF_ils_feedback_fix1,DYNG,IF,ils_feedback,2024-07-17T00:29:00,DYNG,GPS,USER_IF_L1_SD_CONDITIONAL,3,0,0,nan,nan,0,0,0,1,False
r48u_20260914_DYNG_IF_ils_feedback_fix1,DYNG,IF,ils_feedback,2024-07-17T00:29:30,DYNG,GPS,USER_IF_WL_SD,6,3,3,0.12207,30.6648,3,6.74712e-05,1,1,True
r48u_20260914_DYNG_IF_ils_feedback_fix1,DYNG,IF,ils_feedback,2024-07-17T00:29:30,DYNG,GPS,USER_IF_L1_SD_CONDITIONAL,3,0,0,nan,nan,0,0,0,1,False
r48u_20260914_DYNG_IF_ils_feedback_fix1,DYNG,IF,ils_feedback,2024-07-17T00:30:00,DYNG,GPS,USER_IF_WL_SD,6,3,3,0.158057,30.6648,3,5.22816e-05,1,1,True
r48u_20260914_DYNG_IF_ils_feedback_fix1,DYNG,IF,ils_feedback,2024-07-17T00:30:00,DYNG,GPS,USER_IF_L1_SD_CONDITIONAL,3,0,0,nan,nan,0,0,0,1,False
r48u_20260914_NICO_IF_round_shadow_fix1,NICO,IF,round_shadow,2024-07-17T00:10:30,NICO,GPS,USER_IF_WL_SD,6,0,0,nan,nan,0,0,0,0,False
r48u_20260914_NICO_IF_round_shadow_fix1,NICO,IF,round_shadow,2024-07-17T00:17:00,NICO,GPS,USER_IF_WL_SD,5,0,0,nan,nan,0,0,0,0,False
r48u_20260914_NICO_IF_round_shadow_fix1,NICO,IF,round_shadow,2024-07-17T00:17:30,NICO,GPS,USER_IF_WL_SD,5,0,0,nan,nan,0,0,0,0,False
r48u_20260914_NICO_IF_round_shadow_fix1,NICO,IF,round_shadow,2024-07-17T00:18:00,NICO,GPS,USER_IF_WL_SD,5,0,0,nan,nan,0,0,0,0,False
r48u_20260914_NICO_IF_round_shadow_fix1,NICO,IF,round_shadow,2024-07-17T00:18:30,NICO,GPS,USER_IF_WL_SD,5,0,0,nan,nan,0,0,0,0,False
r48u_20260914_NICO_IF_round_shadow_fix1,NICO,IF,round_shadow,2024-07-17T00:19:00,NICO,GPS,USER_IF_WL_SD,5,0,0,nan,nan,0,0,0,0,False
r48u_20260914_NICO_IF_round_shadow_fix1,NICO,IF,round_shadow,2024-07-17T00:19:30,NICO,GPS,USER_IF_WL_SD,5,0,0,nan,nan,0,0,0,0,False
r48u_20260914_NICO_IF_round_shadow_fix1,NICO,IF,round_shadow,2024-07-17T00:20:00,NICO,GPS,USER_IF_WL_SD,5,0,0,nan,nan,0,0,0,0,False
r48u_20260914_NICO_IF_round_shadow_fix1,NICO,IF,round_shadow,2024-07-17T00:20:30,NICO,GPS,USER_IF_WL_SD,6,0,0,nan,nan,0,0,0,0,False
r48u_20260914_NICO_IF_round_shadow_fix1,NICO,IF,round_shadow,2024-07-17T00:21:00,NICO,GPS,USER_IF_WL_SD,5,1,0,0.155703,23.9281,1,0.00113718,0,0,False
r48u_20260914_NICO_IF_round_shadow_fix1,NICO,IF,round_shadow,2024-07-17T00:21:30,NICO,GPS,USER_IF_WL_SD,6,1,1,0.124769,23.9281,1,0.000441402,1,0,True
r48u_20260914_NICO_IF_round_shadow_fix1,NICO,IF,round_shadow,2024-07-17T00:21:30,NICO,GPS,USER_IF_L1_SD_CONDITIONAL,1,0,0,nan,nan,0,0,0,0,False
r48u_20260914_NICO_IF_round_shadow_fix1,NICO,IF,round_shadow,2024-07-17T00:22:00,NICO,GPS,USER_IF_WL_SD,6,1,1,0.0789766,23.9281,1,0.000157902,1,0,True
r48u_20260914_NICO_IF_round_shadow_fix1,NICO,IF,round_shadow,2024-07-17T00:22:00,NICO,GPS,USER_IF_L1_SD_CONDITIONAL,1,0,0,nan,nan,0,0,0,0,False
r48u_20260914_NICO_IF_round_shadow_fix1,NICO,IF,round_shadow,2024-07-17T00:22:30,NICO,GPS,USER_IF_WL_SD,6,1,1,0.0367828,23.9281,1,5.47349e-05,1,0,True
r48u_20260914_NICO_IF_round_shadow_fix1,NICO,IF,round_shadow,2024-07-17T00:22:30,NICO,GPS,USER_IF_L1_SD_CONDITIONAL,1,0,0,nan,nan,0,0,0,0,False
r48u_20260914_NICO_IF_round_shadow_fix1,NICO,IF,round_shadow,2024-07-17T00:23:00,NICO,GPS,USER_IF_WL_SD,6,2,2,0.0200219,27.631,2,0.000936313,1,0,True
r48u_20260914_NICO_IF_round_shadow_fix1,NICO,IF,round_shadow,2024-07-17T00:23:00,NICO,GPS,USER_IF_L1_SD_CONDITIONAL,2,0,0,nan,nan,0,0,0,0,False
r48u_20260914_NICO_IF_round_shadow_fix1,NICO,IF,round_shadow,2024-07-17T00:23:30,NICO,GPS,USER_IF_WL_SD,5,2,2,0.00652986,27.631,2,0.000505833,1,0,True
r48u_20260914_NICO_IF_round_shadow_fix1,NICO,IF,round_shadow,2024-07-17T00:23:30,NICO,GPS,USER_IF_L1_SD_CONDITIONAL,2,0,0,nan,nan,0,0,0,0,False
r48u_20260914_NICO_IF_round_shadow_fix1,NICO,IF,round_shadow,2024-07-17T00:24:00,NICO,GPS,USER_IF_WL_SD,5,2,2,9.85503e-07,27.631,2,0.000276,1,0,True
r48u_20260914_NICO_IF_round_shadow_fix1,NICO,IF,round_shadow,2024-07-17T00:24:00,NICO,GPS,USER_IF_L1_SD_CONDITIONAL,2,0,0,nan,nan,0,0,0,0,False
r48u_20260914_NICO_IF_round_shadow_fix1,NICO,IF,round_shadow,2024-07-17T00:24:30,NICO,GPS,USER_IF_WL_SD,5,3,0,0.0125832,30.6648,3,0.00155675,0,0,False
r48u_20260914_NICO_IF_round_shadow_fix1,NICO,IF,round_shadow,2024-07-17T00:24:30,NICO,GPS,USER_IF_L1_SD_CONDITIONAL,2,0,0,nan,nan,0,0,0,0,False
r48u_20260914_NICO_IF_round_shadow_fix1,NICO,IF,round_shadow,2024-07-17T00:25:00,NICO,GPS,USER_IF_WL_SD,5,3,0,0.0194822,30.6648,3,0.00101782,0,0,False
r48u_20260914_NICO_IF_round_shadow_fix1,NICO,IF,round_shadow,2024-07-17T00:25:00,NICO,GPS,USER_IF_L1_SD_CONDITIONAL,2,0,0,nan,nan,0,0,0,0,False
r48u_20260914_NICO_IF_round_shadow_fix1,NICO,IF,round_shadow,2024-07-17T00:26:00,NICO,GPS,USER_IF_WL_SD,5,3,3,0.0190302,30.6648,3,0.000680991,1,0,True
r48u_20260914_NICO_IF_round_shadow_fix1,NICO,IF,round_shadow,2024-07-17T00:26:00,NICO,GPS,USER_IF_L1_SD_CONDITIONAL,3,0,0,nan,nan,0,0,0,0,False
r48u_20260914_NICO_IF_round_shadow_fix1,NICO,IF,round_shadow,2024-07-17T00:26:30,NICO,GPS,USER_IF_WL_SD,5,3,3,0.0225774,30.6648,3,0.00046864,1,0,True
r48u_20260914_NICO_IF_round_shadow_fix1,NICO,IF,round_shadow,2024-07-17T00:26:30,NICO,GPS,USER_IF_L1_SD_CONDITIONAL,3,0,0,nan,nan,0,0,0,0,False
r48u_20260914_NICO_IF_round_shadow_fix1,NICO,IF,round_shadow,2024-07-17T00:27:00,NICO,GPS,USER_IF_WL_SD,6,3,3,0.0238027,30.6648,3,0.000313111,1,0,True
r48u_20260914_NICO_IF_round_shadow_fix1,NICO,IF,round_shadow,2024-07-17T00:27:00,NICO,GPS,USER_IF_L1_SD_CONDITIONAL,3,0,0,nan,nan,0,0,0,0,False
r48u_20260914_NICO_IF_round_shadow_fix1,NICO,IF,round_shadow,2024-07-17T00:27:30,NICO,GPS,USER_IF_WL_SD,6,3,3,0.0329942,30.6648,3,0.000210847,1,0,True
r48u_20260914_NICO_IF_round_shadow_fix1,NICO,IF,round_shadow,2024-07-17T00:27:30,NICO,GPS,USER_IF_L1_SD_CONDITIONAL,3,0,0,nan,nan,0,0,0,0,False
r48u_20260914_NICO_IF_round_shadow_fix1,NICO,IF,round_shadow,2024-07-17T00:28:00,NICO,GPS,USER_IF_WL_SD,6,3,3,0.0417755,30.6648,3,0.000143497,1,0,True
r48u_20260914_NICO_IF_round_shadow_fix1,NICO,IF,round_shadow,2024-07-17T00:28:00,NICO,GPS,USER_IF_L1_SD_CONDITIONAL,3,0,0,nan,nan,0,0,0,0,False
r48u_20260914_NICO_IF_round_shadow_fix1,NICO,IF,round_shadow,2024-07-17T00:28:30,NICO,GPS,USER_IF_WL_SD,6,3,3,0.0482101,30.6648,3,9.96407e-05,1,0,True
r48u_20260914_NICO_IF_round_shadow_fix1,NICO,IF,round_shadow,2024-07-17T00:28:30,NICO,GPS,USER_IF_L1_SD_CONDITIONAL,3,0,0,nan,nan,0,0,0,0,False
r48u_20260914_NICO_IF_round_shadow_fix1,NICO,IF,round_shadow,2024-07-17T00:29:00,NICO,GPS,USER_IF_WL_SD,6,3,3,0.037966,30.6648,3,6.78451e-05,1,0,True
r48u_20260914_NICO_IF_round_shadow_fix1,NICO,IF,round_shadow,2024-07-17T00:29:00,NICO,GPS,USER_IF_L1_SD_CONDITIONAL,3,0,0,nan,nan,0,0,0,0,False
r48u_20260914_NICO_IF_round_shadow_fix1,NICO,IF,round_shadow,2024-07-17T00:29:30,NICO,GPS,USER_IF_WL_SD,6,3,3,0.0374586,30.6648,3,4.67932e-05,1,0,True
r48u_20260914_NICO_IF_round_shadow_fix1,NICO,IF,round_shadow,2024-07-17T00:29:30,NICO,GPS,USER_IF_L1_SD_CONDITIONAL,3,0,0,nan,nan,0,0,0,0,False
r48u_20260914_NICO_IF_round_shadow_fix1,NICO,IF,round_shadow,2024-07-17T00:30:00,NICO,GPS,USER_IF_WL_SD,6,3,3,0.0402687,30.6648,3,3.26933e-05,1,0,True
r48u_20260914_NICO_IF_round_shadow_fix1,NICO,IF,round_shadow,2024-07-17T00:30:00,NICO,GPS,USER_IF_L1_SD_CONDITIONAL,3,0,0,nan,nan,0,0,0,0,False
r48u_20260914_NICO_IF_round_feedback_fix1,NICO,IF,round_feedback,2024-07-17T00:10:30,NICO,GPS,USER_IF_WL_SD,6,0,0,nan,nan,0,0,0,1,False
r48u_20260914_NICO_IF_round_feedback_fix1,NICO,IF,round_feedback,2024-07-17T00:17:00,NICO,GPS,USER_IF_WL_SD,5,0,0,nan,nan,0,0,0,1,False
r48u_20260914_NICO_IF_round_feedback_fix1,NICO,IF,round_feedback,2024-07-17T00:17:30,NICO,GPS,USER_IF_WL_SD,5,0,0,nan,nan,0,0,0,1,False
r48u_20260914_NICO_IF_round_feedback_fix1,NICO,IF,round_feedback,2024-07-17T00:18:00,NICO,GPS,USER_IF_WL_SD,5,0,0,nan,nan,0,0,0,1,False
r48u_20260914_NICO_IF_round_feedback_fix1,NICO,IF,round_feedback,2024-07-17T00:18:30,NICO,GPS,USER_IF_WL_SD,5,0,0,nan,nan,0,0,0,1,False
r48u_20260914_NICO_IF_round_feedback_fix1,NICO,IF,round_feedback,2024-07-17T00:19:00,NICO,GPS,USER_IF_WL_SD,5,0,0,nan,nan,0,0,0,1,False
r48u_20260914_NICO_IF_round_feedback_fix1,NICO,IF,round_feedback,2024-07-17T00:19:30,NICO,GPS,USER_IF_WL_SD,5,0,0,nan,nan,0,0,0,1,False
r48u_20260914_NICO_IF_round_feedback_fix1,NICO,IF,round_feedback,2024-07-17T00:20:00,NICO,GPS,USER_IF_WL_SD,5,0,0,nan,nan,0,0,0,1,False
r48u_20260914_NICO_IF_round_feedback_fix1,NICO,IF,round_feedback,2024-07-17T00:20:30,NICO,GPS,USER_IF_WL_SD,6,0,0,nan,nan,0,0,0,1,False
r48u_20260914_NICO_IF_round_feedback_fix1,NICO,IF,round_feedback,2024-07-17T00:21:00,NICO,GPS,USER_IF_WL_SD,5,1,0,0.155703,23.9281,1,0.00113718,0,1,False
r48u_20260914_NICO_IF_round_feedback_fix1,NICO,IF,round_feedback,2024-07-17T00:21:30,NICO,GPS,USER_IF_WL_SD,6,1,1,0.124769,23.9281,1,0.000441402,1,1,True
r48u_20260914_NICO_IF_round_feedback_fix1,NICO,IF,round_feedback,2024-07-17T00:21:30,NICO,GPS,USER_IF_L1_SD_CONDITIONAL,1,0,0,nan,nan,0,0,0,1,False
r48u_20260914_NICO_IF_round_feedback_fix1,NICO,IF,round_feedback,2024-07-17T00:22:00,NICO,GPS,USER_IF_WL_SD,6,1,1,0.0789766,23.9281,1,0.000157902,1,1,True
r48u_20260914_NICO_IF_round_feedback_fix1,NICO,IF,round_feedback,2024-07-17T00:22:00,NICO,GPS,USER_IF_L1_SD_CONDITIONAL,1,0,0,nan,nan,0,0,0,1,False
r48u_20260914_NICO_IF_round_feedback_fix1,NICO,IF,round_feedback,2024-07-17T00:22:30,NICO,GPS,USER_IF_WL_SD,6,1,1,0.0367828,23.9281,1,5.47349e-05,1,1,True
r48u_20260914_NICO_IF_round_feedback_fix1,NICO,IF,round_feedback,2024-07-17T00:22:30,NICO,GPS,USER_IF_L1_SD_CONDITIONAL,1,0,0,nan,nan,0,0,0,1,False
r48u_20260914_NICO_IF_round_feedback_fix1,NICO,IF,round_feedback,2024-07-17T00:23:00,NICO,GPS,USER_IF_WL_SD,6,2,2,0.0200219,27.631,2,0.000936313,1,1,True
r48u_20260914_NICO_IF_round_feedback_fix1,NICO,IF,round_feedback,2024-07-17T00:23:00,NICO,GPS,USER_IF_L1_SD_CONDITIONAL,2,0,0,nan,nan,0,0,0,1,False
r48u_20260914_NICO_IF_round_feedback_fix1,NICO,IF,round_feedback,2024-07-17T00:23:30,NICO,GPS,USER_IF_WL_SD,5,2,2,0.00652986,27.631,2,0.000505833,1,1,True
r48u_20260914_NICO_IF_round_feedback_fix1,NICO,IF,round_feedback,2024-07-17T00:23:30,NICO,GPS,USER_IF_L1_SD_CONDITIONAL,2,0,0,nan,nan,0,0,0,1,False
r48u_20260914_NICO_IF_round_feedback_fix1,NICO,IF,round_feedback,2024-07-17T00:24:00,NICO,GPS,USER_IF_WL_SD,5,2,2,9.85503e-07,27.631,2,0.000276,1,1,True
r48u_20260914_NICO_IF_round_feedback_fix1,NICO,IF,round_feedback,2024-07-17T00:24:00,NICO,GPS,USER_IF_L1_SD_CONDITIONAL,2,0,0,nan,nan,0,0,0,1,False
r48u_20260914_NICO_IF_round_feedback_fix1,NICO,IF,round_feedback,2024-07-17T00:24:30,NICO,GPS,USER_IF_WL_SD,5,3,0,0.0125832,30.6648,3,0.00155675,0,1,False
r48u_20260914_NICO_IF_round_feedback_fix1,NICO,IF,round_feedback,2024-07-17T00:24:30,NICO,GPS,USER_IF_L1_SD_CONDITIONAL,2,0,0,nan,nan,0,0,0,1,False
r48u_20260914_NICO_IF_round_feedback_fix1,NICO,IF,round_feedback,2024-07-17T00:25:00,NICO,GPS,USER_IF_WL_SD,5,3,0,0.0194822,30.6648,3,0.00101782,0,1,False
r48u_20260914_NICO_IF_round_feedback_fix1,NICO,IF,round_feedback,2024-07-17T00:25:00,NICO,GPS,USER_IF_L1_SD_CONDITIONAL,2,0,0,nan,nan,0,0,0,1,False
r48u_20260914_NICO_IF_round_feedback_fix1,NICO,IF,round_feedback,2024-07-17T00:26:00,NICO,GPS,USER_IF_WL_SD,5,3,3,0.0190302,30.6648,3,0.000680991,1,1,True
r48u_20260914_NICO_IF_round_feedback_fix1,NICO,IF,round_feedback,2024-07-17T00:26:00,NICO,GPS,USER_IF_L1_SD_CONDITIONAL,3,0,0,nan,nan,0,0,0,1,False
r48u_20260914_NICO_IF_round_feedback_fix1,NICO,IF,round_feedback,2024-07-17T00:26:30,NICO,GPS,USER_IF_WL_SD,5,3,3,0.0225774,30.6648,3,0.00046864,1,1,True
r48u_20260914_NICO_IF_round_feedback_fix1,NICO,IF,round_feedback,2024-07-17T00:26:30,NICO,GPS,USER_IF_L1_SD_CONDITIONAL,3,0,0,nan,nan,0,0,0,1,False
r48u_20260914_NICO_IF_round_feedback_fix1,NICO,IF,round_feedback,2024-07-17T00:27:00,NICO,GPS,USER_IF_WL_SD,6,3,3,0.0238027,30.6648,3,0.000313111,1,1,True
r48u_20260914_NICO_IF_round_feedback_fix1,NICO,IF,round_feedback,2024-07-17T00:27:00,NICO,GPS,USER_IF_L1_SD_CONDITIONAL,3,0,0,nan,nan,0,0,0,1,False
r48u_20260914_NICO_IF_round_feedback_fix1,NICO,IF,round_feedback,2024-07-17T00:27:30,NICO,GPS,USER_IF_WL_SD,6,3,3,0.0329942,30.6648,3,0.000210847,1,1,True
r48u_20260914_NICO_IF_round_feedback_fix1,NICO,IF,round_feedback,2024-07-17T00:27:30,NICO,GPS,USER_IF_L1_SD_CONDITIONAL,3,0,0,nan,nan,0,0,0,1,False
r48u_20260914_NICO_IF_round_feedback_fix1,NICO,IF,round_feedback,2024-07-17T00:28:00,NICO,GPS,USER_IF_WL_SD,6,3,3,0.0417755,30.6648,3,0.000143497,1,1,True
r48u_20260914_NICO_IF_round_feedback_fix1,NICO,IF,round_feedback,2024-07-17T00:28:00,NICO,GPS,USER_IF_L1_SD_CONDITIONAL,3,0,0,nan,nan,0,0,0,1,False
r48u_20260914_NICO_IF_round_feedback_fix1,NICO,IF,round_feedback,2024-07-17T00:28:30,NICO,GPS,USER_IF_WL_SD,6,3,3,0.0482101,30.6648,3,9.96407e-05,1,1,True
r48u_20260914_NICO_IF_round_feedback_fix1,NICO,IF,round_feedback,2024-07-17T00:28:30,NICO,GPS,USER_IF_L1_SD_CONDITIONAL,3,0,0,nan,nan,0,0,0,1,False
r48u_20260914_NICO_IF_round_feedback_fix1,NICO,IF,round_feedback,2024-07-17T00:29:00,NICO,GPS,USER_IF_WL_SD,6,3,3,0.037966,30.6648,3,6.78451e-05,1,1,True
r48u_20260914_NICO_IF_round_feedback_fix1,NICO,IF,round_feedback,2024-07-17T00:29:00,NICO,GPS,USER_IF_L1_SD_CONDITIONAL,3,0,0,nan,nan,0,0,0,1,False
r48u_20260914_NICO_IF_round_feedback_fix1,NICO,IF,round_feedback,2024-07-17T00:29:30,NICO,GPS,USER_IF_WL_SD,6,3,3,0.0374586,30.6648,3,4.67932e-05,1,1,True
r48u_20260914_NICO_IF_round_feedback_fix1,NICO,IF,round_feedback,2024-07-17T00:29:30,NICO,GPS,USER_IF_L1_SD_CONDITIONAL,3,0,0,nan,nan,0,0,0,1,False
r48u_20260914_NICO_IF_round_feedback_fix1,NICO,IF,round_feedback,2024-07-17T00:30:00,NICO,GPS,USER_IF_WL_SD,6,3,3,0.0402687,30.6648,3,3.26933e-05,1,1,True
r48u_20260914_NICO_IF_round_feedback_fix1,NICO,IF,round_feedback,2024-07-17T00:30:00,NICO,GPS,USER_IF_L1_SD_CONDITIONAL,3,0,0,nan,nan,0,0,0,1,False
r48u_20260914_NICO_IF_ils_shadow_fix1,NICO,IF,ils_shadow,2024-07-17T00:10:30,NICO,GPS,USER_IF_WL_SD,6,0,0,nan,nan,0,0,0,0,False
r48u_20260914_NICO_IF_ils_shadow_fix1,NICO,IF,ils_shadow,2024-07-17T00:17:00,NICO,GPS,USER_IF_WL_SD,5,0,0,nan,nan,0,0,0,0,False
r48u_20260914_NICO_IF_ils_shadow_fix1,NICO,IF,ils_shadow,2024-07-17T00:17:30,NICO,GPS,USER_IF_WL_SD,5,0,0,nan,nan,0,0,0,0,False
r48u_20260914_NICO_IF_ils_shadow_fix1,NICO,IF,ils_shadow,2024-07-17T00:18:00,NICO,GPS,USER_IF_WL_SD,5,0,0,nan,nan,0,0,0,0,False
r48u_20260914_NICO_IF_ils_shadow_fix1,NICO,IF,ils_shadow,2024-07-17T00:18:30,NICO,GPS,USER_IF_WL_SD,5,0,0,nan,nan,0,0,0,0,False
r48u_20260914_NICO_IF_ils_shadow_fix1,NICO,IF,ils_shadow,2024-07-17T00:19:00,NICO,GPS,USER_IF_WL_SD,5,0,0,nan,nan,0,0,0,0,False
r48u_20260914_NICO_IF_ils_shadow_fix1,NICO,IF,ils_shadow,2024-07-17T00:19:30,NICO,GPS,USER_IF_WL_SD,5,0,0,nan,nan,0,0,0,0,False
r48u_20260914_NICO_IF_ils_shadow_fix1,NICO,IF,ils_shadow,2024-07-17T00:20:00,NICO,GPS,USER_IF_WL_SD,5,0,0,nan,nan,0,0,0,0,False
r48u_20260914_NICO_IF_ils_shadow_fix1,NICO,IF,ils_shadow,2024-07-17T00:20:30,NICO,GPS,USER_IF_WL_SD,6,0,0,nan,nan,0,0,0,0,False
r48u_20260914_NICO_IF_ils_shadow_fix1,NICO,IF,ils_shadow,2024-07-17T00:21:00,NICO,GPS,USER_IF_WL_SD,5,0,0,nan,nan,0,0,0,0,False
r48u_20260914_NICO_IF_ils_shadow_fix1,NICO,IF,ils_shadow,2024-07-17T00:21:30,NICO,GPS,USER_IF_WL_SD,6,0,0,nan,nan,0,0,0,0,False
r48u_20260914_NICO_IF_ils_shadow_fix1,NICO,IF,ils_shadow,2024-07-17T00:22:00,NICO,GPS,USER_IF_WL_SD,6,0,0,nan,nan,0,0,0,0,False
r48u_20260914_NICO_IF_ils_shadow_fix1,NICO,IF,ils_shadow,2024-07-17T00:22:30,NICO,GPS,USER_IF_WL_SD,6,0,0,nan,nan,0,0,0,0,False
r48u_20260914_NICO_IF_ils_shadow_fix1,NICO,IF,ils_shadow,2024-07-17T00:23:00,NICO,GPS,USER_IF_WL_SD,6,1,1,0.0141372,23.9281,1,2.00276e-05,1,0,True
r48u_20260914_NICO_IF_ils_shadow_fix1,NICO,IF,ils_shadow,2024-07-17T00:23:00,NICO,GPS,USER_IF_L1_SD_CONDITIONAL,1,0,0,nan,nan,0,0,0,0,False
r48u_20260914_NICO_IF_ils_shadow_fix1,NICO,IF,ils_shadow,2024-07-17T00:23:30,NICO,GPS,USER_IF_WL_SD,5,1,1,0.00411305,23.9281,1,7.80707e-06,1,0,True
r48u_20260914_NICO_IF_ils_shadow_fix1,NICO,IF,ils_shadow,2024-07-17T00:23:30,NICO,GPS,USER_IF_L1_SD_CONDITIONAL,1,0,0,nan,nan,0,0,0,0,False
r48u_20260914_NICO_IF_ils_shadow_fix1,NICO,IF,ils_shadow,2024-07-17T00:24:00,NICO,GPS,USER_IF_WL_SD,5,1,1,2.06375e-08,23.9281,1,3.1291e-06,1,0,True
r48u_20260914_NICO_IF_ils_shadow_fix1,NICO,IF,ils_shadow,2024-07-17T00:24:00,NICO,GPS,USER_IF_L1_SD_CONDITIONAL,1,0,0,nan,nan,0,0,0,0,False
r48u_20260914_NICO_IF_ils_shadow_fix1,NICO,IF,ils_shadow,2024-07-17T00:24:30,NICO,GPS,USER_IF_WL_SD,5,1,1,0.000958065,23.9281,1,1.29391e-06,1,0,True
r48u_20260914_NICO_IF_ils_shadow_fix1,NICO,IF,ils_shadow,2024-07-17T00:24:30,NICO,GPS,USER_IF_L1_SD_CONDITIONAL,1,0,0,nan,nan,0,0,0,0,False
r48u_20260914_NICO_IF_ils_shadow_fix1,NICO,IF,ils_shadow,2024-07-17T00:25:00,NICO,GPS,USER_IF_WL_SD,5,2,2,0.0187521,27.631,2,9.35016e-05,1,0,True
r48u_20260914_NICO_IF_ils_shadow_fix1,NICO,IF,ils_shadow,2024-07-17T00:25:00,NICO,GPS,USER_IF_L1_SD_CONDITIONAL,2,0,0,nan,nan,0,0,0,0,False
r48u_20260914_NICO_IF_ils_shadow_fix1,NICO,IF,ils_shadow,2024-07-17T00:26:00,NICO,GPS,USER_IF_WL_SD,5,2,2,0.0182997,27.631,2,5.15599e-05,1,0,True
r48u_20260914_NICO_IF_ils_shadow_fix1,NICO,IF,ils_shadow,2024-07-17T00:26:00,NICO,GPS,USER_IF_L1_SD_CONDITIONAL,2,0,0,nan,nan,0,0,0,0,False
r48u_20260914_NICO_IF_ils_shadow_fix1,NICO,IF,ils_shadow,2024-07-17T00:26:30,NICO,GPS,USER_IF_WL_SD,5,2,2,0.0212116,27.631,2,2.96364e-05,1,0,True
r48u_20260914_NICO_IF_ils_shadow_fix1,NICO,IF,ils_shadow,2024-07-17T00:26:30,NICO,GPS,USER_IF_L1_SD_CONDITIONAL,2,0,0,nan,nan,0,0,0,0,False
r48u_20260914_NICO_IF_ils_shadow_fix1,NICO,IF,ils_shadow,2024-07-17T00:27:00,NICO,GPS,USER_IF_WL_SD,6,2,2,0.0236008,27.631,2,1.66128e-05,1,0,True
r48u_20260914_NICO_IF_ils_shadow_fix1,NICO,IF,ils_shadow,2024-07-17T00:27:00,NICO,GPS,USER_IF_L1_SD_CONDITIONAL,2,0,0,nan,nan,0,0,0,0,False
r48u_20260914_NICO_IF_ils_shadow_fix1,NICO,IF,ils_shadow,2024-07-17T00:27:30,NICO,GPS,USER_IF_WL_SD,6,2,2,0.0327027,27.631,2,9.64238e-06,1,0,True
r48u_20260914_NICO_IF_ils_shadow_fix1,NICO,IF,ils_shadow,2024-07-17T00:27:30,NICO,GPS,USER_IF_L1_SD_CONDITIONAL,2,0,0,nan,nan,0,0,0,0,False
r48u_20260914_NICO_IF_ils_shadow_fix1,NICO,IF,ils_shadow,2024-07-17T00:28:00,NICO,GPS,USER_IF_WL_SD,6,2,2,0.0410633,27.631,2,5.57282e-06,1,0,True
r48u_20260914_NICO_IF_ils_shadow_fix1,NICO,IF,ils_shadow,2024-07-17T00:28:00,NICO,GPS,USER_IF_L1_SD_CONDITIONAL,2,0,0,nan,nan,0,0,0,0,False
r48u_20260914_NICO_IF_ils_shadow_fix1,NICO,IF,ils_shadow,2024-07-17T00:28:30,NICO,GPS,USER_IF_WL_SD,6,3,3,0.0482101,30.6648,3,9.96407e-05,1,0,True
r48u_20260914_NICO_IF_ils_shadow_fix1,NICO,IF,ils_shadow,2024-07-17T00:28:30,NICO,GPS,USER_IF_L1_SD_CONDITIONAL,3,0,0,nan,nan,0,0,0,0,False
r48u_20260914_NICO_IF_ils_shadow_fix1,NICO,IF,ils_shadow,2024-07-17T00:29:00,NICO,GPS,USER_IF_WL_SD,6,3,3,0.037966,30.6648,3,6.78451e-05,1,0,True
r48u_20260914_NICO_IF_ils_shadow_fix1,NICO,IF,ils_shadow,2024-07-17T00:29:00,NICO,GPS,USER_IF_L1_SD_CONDITIONAL,3,0,0,nan,nan,0,0,0,0,False
r48u_20260914_NICO_IF_ils_shadow_fix1,NICO,IF,ils_shadow,2024-07-17T00:29:30,NICO,GPS,USER_IF_WL_SD,6,3,3,0.0374586,30.6648,3,4.67932e-05,1,0,True
r48u_20260914_NICO_IF_ils_shadow_fix1,NICO,IF,ils_shadow,2024-07-17T00:29:30,NICO,GPS,USER_IF_L1_SD_CONDITIONAL,3,0,0,nan,nan,0,0,0,0,False
r48u_20260914_NICO_IF_ils_shadow_fix1,NICO,IF,ils_shadow,2024-07-17T00:30:00,NICO,GPS,USER_IF_WL_SD,6,3,3,0.0402687,30.6648,3,3.26933e-05,1,0,True
r48u_20260914_NICO_IF_ils_shadow_fix1,NICO,IF,ils_shadow,2024-07-17T00:30:00,NICO,GPS,USER_IF_L1_SD_CONDITIONAL,3,0,0,nan,nan,0,0,0,0,False
r48u_20260914_NICO_IF_ils_feedback_fix1,NICO,IF,ils_feedback,2024-07-17T00:10:30,NICO,GPS,USER_IF_WL_SD,6,0,0,nan,nan,0,0,0,1,False
r48u_20260914_NICO_IF_ils_feedback_fix1,NICO,IF,ils_feedback,2024-07-17T00:17:00,NICO,GPS,USER_IF_WL_SD,5,0,0,nan,nan,0,0,0,1,False
r48u_20260914_NICO_IF_ils_feedback_fix1,NICO,IF,ils_feedback,2024-07-17T00:17:30,NICO,GPS,USER_IF_WL_SD,5,0,0,nan,nan,0,0,0,1,False
r48u_20260914_NICO_IF_ils_feedback_fix1,NICO,IF,ils_feedback,2024-07-17T00:18:00,NICO,GPS,USER_IF_WL_SD,5,0,0,nan,nan,0,0,0,1,False
r48u_20260914_NICO_IF_ils_feedback_fix1,NICO,IF,ils_feedback,2024-07-17T00:18:30,NICO,GPS,USER_IF_WL_SD,5,0,0,nan,nan,0,0,0,1,False
r48u_20260914_NICO_IF_ils_feedback_fix1,NICO,IF,ils_feedback,2024-07-17T00:19:00,NICO,GPS,USER_IF_WL_SD,5,0,0,nan,nan,0,0,0,1,False
r48u_20260914_NICO_IF_ils_feedback_fix1,NICO,IF,ils_feedback,2024-07-17T00:19:30,NICO,GPS,USER_IF_WL_SD,5,0,0,nan,nan,0,0,0,1,False
r48u_20260914_NICO_IF_ils_feedback_fix1,NICO,IF,ils_feedback,2024-07-17T00:20:00,NICO,GPS,USER_IF_WL_SD,5,0,0,nan,nan,0,0,0,1,False
r48u_20260914_NICO_IF_ils_feedback_fix1,NICO,IF,ils_feedback,2024-07-17T00:20:30,NICO,GPS,USER_IF_WL_SD,6,0,0,nan,nan,0,0,0,1,False
r48u_20260914_NICO_IF_ils_feedback_fix1,NICO,IF,ils_feedback,2024-07-17T00:21:00,NICO,GPS,USER_IF_WL_SD,5,0,0,nan,nan,0,0,0,1,False
r48u_20260914_NICO_IF_ils_feedback_fix1,NICO,IF,ils_feedback,2024-07-17T00:21:30,NICO,GPS,USER_IF_WL_SD,6,0,0,nan,nan,0,0,0,1,False
r48u_20260914_NICO_IF_ils_feedback_fix1,NICO,IF,ils_feedback,2024-07-17T00:22:00,NICO,GPS,USER_IF_WL_SD,6,0,0,nan,nan,0,0,0,1,False
r48u_20260914_NICO_IF_ils_feedback_fix1,NICO,IF,ils_feedback,2024-07-17T00:22:30,NICO,GPS,USER_IF_WL_SD,6,0,0,nan,nan,0,0,0,1,False
r48u_20260914_NICO_IF_ils_feedback_fix1,NICO,IF,ils_feedback,2024-07-17T00:23:00,NICO,GPS,USER_IF_WL_SD,6,1,1,0.0141372,23.9281,1,2.00276e-05,1,1,True
r48u_20260914_NICO_IF_ils_feedback_fix1,NICO,IF,ils_feedback,2024-07-17T00:23:00,NICO,GPS,USER_IF_L1_SD_CONDITIONAL,1,0,0,nan,nan,0,0,0,1,False
r48u_20260914_NICO_IF_ils_feedback_fix1,NICO,IF,ils_feedback,2024-07-17T00:23:30,NICO,GPS,USER_IF_WL_SD,5,1,1,0.00411305,23.9281,1,7.80707e-06,1,1,True
r48u_20260914_NICO_IF_ils_feedback_fix1,NICO,IF,ils_feedback,2024-07-17T00:23:30,NICO,GPS,USER_IF_L1_SD_CONDITIONAL,1,0,0,nan,nan,0,0,0,1,False
r48u_20260914_NICO_IF_ils_feedback_fix1,NICO,IF,ils_feedback,2024-07-17T00:24:00,NICO,GPS,USER_IF_WL_SD,5,1,1,2.06375e-08,23.9281,1,3.1291e-06,1,1,True
r48u_20260914_NICO_IF_ils_feedback_fix1,NICO,IF,ils_feedback,2024-07-17T00:24:00,NICO,GPS,USER_IF_L1_SD_CONDITIONAL,1,0,0,nan,nan,0,0,0,1,False
r48u_20260914_NICO_IF_ils_feedback_fix1,NICO,IF,ils_feedback,2024-07-17T00:24:30,NICO,GPS,USER_IF_WL_SD,5,1,1,0.000958065,23.9281,1,1.29391e-06,1,1,True
r48u_20260914_NICO_IF_ils_feedback_fix1,NICO,IF,ils_feedback,2024-07-17T00:24:30,NICO,GPS,USER_IF_L1_SD_CONDITIONAL,1,0,0,nan,nan,0,0,0,1,False
r48u_20260914_NICO_IF_ils_feedback_fix1,NICO,IF,ils_feedback,2024-07-17T00:25:00,NICO,GPS,USER_IF_WL_SD,5,2,2,0.0187521,27.631,2,9.35016e-05,1,1,True
r48u_20260914_NICO_IF_ils_feedback_fix1,NICO,IF,ils_feedback,2024-07-17T00:25:00,NICO,GPS,USER_IF_L1_SD_CONDITIONAL,2,0,0,nan,nan,0,0,0,1,False
r48u_20260914_NICO_IF_ils_feedback_fix1,NICO,IF,ils_feedback,2024-07-17T00:26:00,NICO,GPS,USER_IF_WL_SD,5,2,2,0.0182997,27.631,2,5.15599e-05,1,1,True
r48u_20260914_NICO_IF_ils_feedback_fix1,NICO,IF,ils_feedback,2024-07-17T00:26:00,NICO,GPS,USER_IF_L1_SD_CONDITIONAL,2,0,0,nan,nan,0,0,0,1,False
r48u_20260914_NICO_IF_ils_feedback_fix1,NICO,IF,ils_feedback,2024-07-17T00:26:30,NICO,GPS,USER_IF_WL_SD,5,2,2,0.0212116,27.631,2,2.96364e-05,1,1,True
r48u_20260914_NICO_IF_ils_feedback_fix1,NICO,IF,ils_feedback,2024-07-17T00:26:30,NICO,GPS,USER_IF_L1_SD_CONDITIONAL,2,0,0,nan,nan,0,0,0,1,False
r48u_20260914_NICO_IF_ils_feedback_fix1,NICO,IF,ils_feedback,2024-07-17T00:27:00,NICO,GPS,USER_IF_WL_SD,6,2,2,0.0236008,27.631,2,1.66128e-05,1,1,True
r48u_20260914_NICO_IF_ils_feedback_fix1,NICO,IF,ils_feedback,2024-07-17T00:27:00,NICO,GPS,USER_IF_L1_SD_CONDITIONAL,2,0,0,nan,nan,0,0,0,1,False
r48u_20260914_NICO_IF_ils_feedback_fix1,NICO,IF,ils_feedback,2024-07-17T00:27:30,NICO,GPS,USER_IF_WL_SD,6,2,2,0.0327027,27.631,2,9.64238e-06,1,1,True
r48u_20260914_NICO_IF_ils_feedback_fix1,NICO,IF,ils_feedback,2024-07-17T00:27:30,NICO,GPS,USER_IF_L1_SD_CONDITIONAL,2,0,0,nan,nan,0,0,0,1,False
r48u_20260914_NICO_IF_ils_feedback_fix1,NICO,IF,ils_feedback,2024-07-17T00:28:00,NICO,GPS,USER_IF_WL_SD,6,2,2,0.0410633,27.631,2,5.57282e-06,1,1,True
r48u_20260914_NICO_IF_ils_feedback_fix1,NICO,IF,ils_feedback,2024-07-17T00:28:00,NICO,GPS,USER_IF_L1_SD_CONDITIONAL,2,0,0,nan,nan,0,0,0,1,False
r48u_20260914_NICO_IF_ils_feedback_fix1,NICO,IF,ils_feedback,2024-07-17T00:28:30,NICO,GPS,USER_IF_WL_SD,6,3,3,0.0482101,30.6648,3,9.96407e-05,1,1,True
r48u_20260914_NICO_IF_ils_feedback_fix1,NICO,IF,ils_feedback,2024-07-17T00:28:30,NICO,GPS,USER_IF_L1_SD_CONDITIONAL,3,0,0,nan,nan,0,0,0,1,False
r48u_20260914_NICO_IF_ils_feedback_fix1,NICO,IF,ils_feedback,2024-07-17T00:29:00,NICO,GPS,USER_IF_WL_SD,6,3,3,0.037966,30.6648,3,6.78451e-05,1,1,True
r48u_20260914_NICO_IF_ils_feedback_fix1,NICO,IF,ils_feedback,2024-07-17T00:29:00,NICO,GPS,USER_IF_L1_SD_CONDITIONAL,3,0,0,nan,nan,0,0,0,1,False
r48u_20260914_NICO_IF_ils_feedback_fix1,NICO,IF,ils_feedback,2024-07-17T00:29:30,NICO,GPS,USER_IF_WL_SD,6,3,3,0.0374586,30.6648,3,4.67932e-05,1,1,True
r48u_20260914_NICO_IF_ils_feedback_fix1,NICO,IF,ils_feedback,2024-07-17T00:29:30,NICO,GPS,USER_IF_L1_SD_CONDITIONAL,3,0,0,nan,nan,0,0,0,1,False
r48u_20260914_NICO_IF_ils_feedback_fix1,NICO,IF,ils_feedback,2024-07-17T00:30:00,NICO,GPS,USER_IF_WL_SD,6,3,3,0.0402687,30.6648,3,3.26933e-05,1,1,True
r48u_20260914_NICO_IF_ils_feedback_fix1,NICO,IF,ils_feedback,2024-07-17T00:30:00,NICO,GPS,USER_IF_L1_SD_CONDITIONAL,3,0,0,nan,nan,0,0,0,1,False
r48u_20260914_BREW_IF_round_shadow_fix1,BREW,IF,round_shadow,2024-07-17T00:10:00,BREW,GPS,USER_IF_WL_SD,1,0,0,nan,nan,0,0,0,0,False
r48u_20260914_BREW_IF_round_shadow_fix1,BREW,IF,round_shadow,2024-07-17T00:10:30,BREW,GPS,USER_IF_WL_SD,1,0,0,nan,nan,0,0,0,0,False
r48u_20260914_BREW_IF_round_shadow_fix1,BREW,IF,round_shadow,2024-07-17T00:11:00,BREW,GPS,USER_IF_WL_SD,1,0,0,nan,nan,0,0,0,0,False
r48u_20260914_BREW_IF_round_shadow_fix1,BREW,IF,round_shadow,2024-07-17T00:11:30,BREW,GPS,USER_IF_WL_SD,2,0,0,nan,nan,0,0,0,0,False
r48u_20260914_BREW_IF_round_shadow_fix1,BREW,IF,round_shadow,2024-07-17T00:12:00,BREW,GPS,USER_IF_WL_SD,2,0,0,nan,nan,0,0,0,0,False
r48u_20260914_BREW_IF_round_shadow_fix1,BREW,IF,round_shadow,2024-07-17T00:12:30,BREW,GPS,USER_IF_WL_SD,2,0,0,nan,nan,0,0,0,0,False
r48u_20260914_BREW_IF_round_shadow_fix1,BREW,IF,round_shadow,2024-07-17T00:13:00,BREW,GPS,USER_IF_WL_SD,2,0,0,nan,nan,0,0,0,0,False
r48u_20260914_BREW_IF_round_shadow_fix1,BREW,IF,round_shadow,2024-07-17T00:13:30,BREW,GPS,USER_IF_WL_SD,2,0,0,nan,nan,0,0,0,0,False
r48u_20260914_BREW_IF_round_shadow_fix1,BREW,IF,round_shadow,2024-07-17T00:14:00,BREW,GPS,USER_IF_WL_SD,2,0,0,nan,nan,0,0,0,0,False
r48u_20260914_BREW_IF_round_shadow_fix1,BREW,IF,round_shadow,2024-07-17T00:14:30,BREW,GPS,USER_IF_WL_SD,2,0,0,nan,nan,0,0,0,0,False
r48u_20260914_BREW_IF_round_shadow_fix1,BREW,IF,round_shadow,2024-07-17T00:15:00,BREW,GPS,USER_IF_WL_SD,2,0,0,nan,nan,0,0,0,0,False
r48u_20260914_BREW_IF_round_shadow_fix1,BREW,IF,round_shadow,2024-07-17T00:15:30,BREW,GPS,USER_IF_WL_SD,2,0,0,nan,nan,0,0,0,0,False
r48u_20260914_BREW_IF_round_shadow_fix1,BREW,IF,round_shadow,2024-07-17T00:16:00,BREW,GPS,USER_IF_WL_SD,2,0,0,nan,nan,0,0,0,0,False
r48u_20260914_BREW_IF_round_shadow_fix1,BREW,IF,round_shadow,2024-07-17T00:16:30,BREW,GPS,USER_IF_WL_SD,2,0,0,nan,nan,0,0,0,0,False
r48u_20260914_BREW_IF_round_shadow_fix1,BREW,IF,round_shadow,2024-07-17T00:17:00,BREW,GPS,USER_IF_WL_SD,4,0,0,nan,nan,0,0,0,0,False
r48u_20260914_BREW_IF_round_shadow_fix1,BREW,IF,round_shadow,2024-07-17T00:17:30,BREW,GPS,USER_IF_WL_SD,4,0,0,nan,nan,0,0,0,0,False
r48u_20260914_BREW_IF_round_shadow_fix1,BREW,IF,round_shadow,2024-07-17T00:18:00,BREW,GPS,USER_IF_WL_SD,4,0,0,nan,nan,0,0,0,0,False
r48u_20260914_BREW_IF_round_shadow_fix1,BREW,IF,round_shadow,2024-07-17T00:18:30,BREW,GPS,USER_IF_WL_SD,4,0,0,nan,nan,0,0,0,0,False
r48u_20260914_BREW_IF_round_shadow_fix1,BREW,IF,round_shadow,2024-07-17T00:19:00,BREW,GPS,USER_IF_WL_SD,4,0,0,nan,nan,0,0,0,0,False
r48u_20260914_BREW_IF_round_shadow_fix1,BREW,IF,round_shadow,2024-07-17T00:19:30,BREW,GPS,USER_IF_WL_SD,4,0,0,nan,nan,0,0,0,0,False
r48u_20260914_BREW_IF_round_shadow_fix1,BREW,IF,round_shadow,2024-07-17T00:20:00,BREW,GPS,USER_IF_WL_SD,4,0,0,nan,nan,0,0,0,0,False
r48u_20260914_BREW_IF_round_shadow_fix1,BREW,IF,round_shadow,2024-07-17T00:20:30,BREW,GPS,USER_IF_WL_SD,5,0,0,nan,nan,0,0,0,0,False
r48u_20260914_BREW_IF_round_shadow_fix1,BREW,IF,round_shadow,2024-07-17T00:21:00,BREW,GPS,USER_IF_WL_SD,4,0,0,nan,nan,0,0,0,0,False
r48u_20260914_BREW_IF_round_shadow_fix1,BREW,IF,round_shadow,2024-07-17T00:21:30,BREW,GPS,USER_IF_WL_SD,4,0,0,nan,nan,0,0,0,0,False
r48u_20260914_BREW_IF_round_shadow_fix1,BREW,IF,round_shadow,2024-07-17T00:22:00,BREW,GPS,USER_IF_WL_SD,5,0,0,nan,nan,0,0,0,0,False
r48u_20260914_BREW_IF_round_shadow_fix1,BREW,IF,round_shadow,2024-07-17T00:22:30,BREW,GPS,USER_IF_WL_SD,5,0,0,nan,nan,0,0,0,0,False
r48u_20260914_BREW_IF_round_shadow_fix1,BREW,IF,round_shadow,2024-07-17T00:23:00,BREW,GPS,USER_IF_WL_SD,5,0,0,nan,nan,0,0,0,0,False
r48u_20260914_BREW_IF_round_shadow_fix1,BREW,IF,round_shadow,2024-07-17T00:23:30,BREW,GPS,USER_IF_WL_SD,4,0,0,nan,nan,0,0,0,0,False
r48u_20260914_BREW_IF_round_shadow_fix1,BREW,IF,round_shadow,2024-07-17T00:24:00,BREW,GPS,USER_IF_WL_SD,5,0,0,nan,nan,0,0,0,0,False
r48u_20260914_BREW_IF_round_shadow_fix1,BREW,IF,round_shadow,2024-07-17T00:24:30,BREW,GPS,USER_IF_WL_SD,5,0,0,nan,nan,0,0,0,0,False
r48u_20260914_BREW_IF_round_shadow_fix1,BREW,IF,round_shadow,2024-07-17T00:25:00,BREW,GPS,USER_IF_WL_SD,5,0,0,nan,nan,0,0,0,0,False
r48u_20260914_BREW_IF_round_shadow_fix1,BREW,IF,round_shadow,2024-07-17T00:25:30,BREW,GPS,USER_IF_WL_SD,2,0,0,nan,nan,0,0,0,0,False
r48u_20260914_BREW_IF_round_shadow_fix1,BREW,IF,round_shadow,2024-07-17T00:26:00,BREW,GPS,USER_IF_WL_SD,4,0,0,nan,nan,0,0,0,0,False
r48u_20260914_BREW_IF_round_shadow_fix1,BREW,IF,round_shadow,2024-07-17T00:26:30,BREW,GPS,USER_IF_WL_SD,4,0,0,nan,nan,0,0,0,0,False
r48u_20260914_BREW_IF_round_shadow_fix1,BREW,IF,round_shadow,2024-07-17T00:27:00,BREW,GPS,USER_IF_WL_SD,3,0,0,nan,nan,0,0,0,0,False
r48u_20260914_BREW_IF_round_shadow_fix1,BREW,IF,round_shadow,2024-07-17T00:27:30,BREW,GPS,USER_IF_WL_SD,3,0,0,nan,nan,0,0,0,0,False
r48u_20260914_BREW_IF_round_shadow_fix1,BREW,IF,round_shadow,2024-07-17T00:28:00,BREW,GPS,USER_IF_WL_SD,3,0,0,nan,nan,0,0,0,0,False
r48u_20260914_BREW_IF_round_shadow_fix1,BREW,IF,round_shadow,2024-07-17T00:28:30,BREW,GPS,USER_IF_WL_SD,4,0,0,nan,nan,0,0,0,0,False
r48u_20260914_BREW_IF_round_shadow_fix1,BREW,IF,round_shadow,2024-07-17T00:29:00,BREW,GPS,USER_IF_WL_SD,4,0,0,nan,nan,0,0,0,0,False
r48u_20260914_BREW_IF_round_shadow_fix1,BREW,IF,round_shadow,2024-07-17T00:29:30,BREW,GPS,USER_IF_WL_SD,4,0,0,nan,nan,0,0,0,0,False
r48u_20260914_BREW_IF_round_shadow_fix1,BREW,IF,round_shadow,2024-07-17T00:30:00,BREW,GPS,USER_IF_WL_SD,4,0,0,nan,nan,0,0,0,0,False
r48u_20260914_BREW_IF_round_feedback_fix1,BREW,IF,round_feedback,2024-07-17T00:10:00,BREW,GPS,USER_IF_WL_SD,1,0,0,nan,nan,0,0,0,1,False
r48u_20260914_BREW_IF_round_feedback_fix1,BREW,IF,round_feedback,2024-07-17T00:10:30,BREW,GPS,USER_IF_WL_SD,1,0,0,nan,nan,0,0,0,1,False
r48u_20260914_BREW_IF_round_feedback_fix1,BREW,IF,round_feedback,2024-07-17T00:11:00,BREW,GPS,USER_IF_WL_SD,1,0,0,nan,nan,0,0,0,1,False
r48u_20260914_BREW_IF_round_feedback_fix1,BREW,IF,round_feedback,2024-07-17T00:11:30,BREW,GPS,USER_IF_WL_SD,2,0,0,nan,nan,0,0,0,1,False
r48u_20260914_BREW_IF_round_feedback_fix1,BREW,IF,round_feedback,2024-07-17T00:12:00,BREW,GPS,USER_IF_WL_SD,2,0,0,nan,nan,0,0,0,1,False
r48u_20260914_BREW_IF_round_feedback_fix1,BREW,IF,round_feedback,2024-07-17T00:12:30,BREW,GPS,USER_IF_WL_SD,2,0,0,nan,nan,0,0,0,1,False
r48u_20260914_BREW_IF_round_feedback_fix1,BREW,IF,round_feedback,2024-07-17T00:13:00,BREW,GPS,USER_IF_WL_SD,2,0,0,nan,nan,0,0,0,1,False
r48u_20260914_BREW_IF_round_feedback_fix1,BREW,IF,round_feedback,2024-07-17T00:13:30,BREW,GPS,USER_IF_WL_SD,2,0,0,nan,nan,0,0,0,1,False
r48u_20260914_BREW_IF_round_feedback_fix1,BREW,IF,round_feedback,2024-07-17T00:14:00,BREW,GPS,USER_IF_WL_SD,2,0,0,nan,nan,0,0,0,1,False
r48u_20260914_BREW_IF_round_feedback_fix1,BREW,IF,round_feedback,2024-07-17T00:14:30,BREW,GPS,USER_IF_WL_SD,2,0,0,nan,nan,0,0,0,1,False
r48u_20260914_BREW_IF_round_feedback_fix1,BREW,IF,round_feedback,2024-07-17T00:15:00,BREW,GPS,USER_IF_WL_SD,2,0,0,nan,nan,0,0,0,1,False
r48u_20260914_BREW_IF_round_feedback_fix1,BREW,IF,round_feedback,2024-07-17T00:15:30,BREW,GPS,USER_IF_WL_SD,2,0,0,nan,nan,0,0,0,1,False
r48u_20260914_BREW_IF_round_feedback_fix1,BREW,IF,round_feedback,2024-07-17T00:16:00,BREW,GPS,USER_IF_WL_SD,2,0,0,nan,nan,0,0,0,1,False
r48u_20260914_BREW_IF_round_feedback_fix1,BREW,IF,round_feedback,2024-07-17T00:16:30,BREW,GPS,USER_IF_WL_SD,2,0,0,nan,nan,0,0,0,1,False
r48u_20260914_BREW_IF_round_feedback_fix1,BREW,IF,round_feedback,2024-07-17T00:17:00,BREW,GPS,USER_IF_WL_SD,4,0,0,nan,nan,0,0,0,1,False
r48u_20260914_BREW_IF_round_feedback_fix1,BREW,IF,round_feedback,2024-07-17T00:17:30,BREW,GPS,USER_IF_WL_SD,4,0,0,nan,nan,0,0,0,1,False
r48u_20260914_BREW_IF_round_feedback_fix1,BREW,IF,round_feedback,2024-07-17T00:18:00,BREW,GPS,USER_IF_WL_SD,4,0,0,nan,nan,0,0,0,1,False
r48u_20260914_BREW_IF_round_feedback_fix1,BREW,IF,round_feedback,2024-07-17T00:18:30,BREW,GPS,USER_IF_WL_SD,4,0,0,nan,nan,0,0,0,1,False
r48u_20260914_BREW_IF_round_feedback_fix1,BREW,IF,round_feedback,2024-07-17T00:19:00,BREW,GPS,USER_IF_WL_SD,4,0,0,nan,nan,0,0,0,1,False
r48u_20260914_BREW_IF_round_feedback_fix1,BREW,IF,round_feedback,2024-07-17T00:19:30,BREW,GPS,USER_IF_WL_SD,4,0,0,nan,nan,0,0,0,1,False
r48u_20260914_BREW_IF_round_feedback_fix1,BREW,IF,round_feedback,2024-07-17T00:20:00,BREW,GPS,USER_IF_WL_SD,4,0,0,nan,nan,0,0,0,1,False
r48u_20260914_BREW_IF_round_feedback_fix1,BREW,IF,round_feedback,2024-07-17T00:20:30,BREW,GPS,USER_IF_WL_SD,5,0,0,nan,nan,0,0,0,1,False
r48u_20260914_BREW_IF_round_feedback_fix1,BREW,IF,round_feedback,2024-07-17T00:21:00,BREW,GPS,USER_IF_WL_SD,4,0,0,nan,nan,0,0,0,1,False
r48u_20260914_BREW_IF_round_feedback_fix1,BREW,IF,round_feedback,2024-07-17T00:21:30,BREW,GPS,USER_IF_WL_SD,4,0,0,nan,nan,0,0,0,1,False
r48u_20260914_BREW_IF_round_feedback_fix1,BREW,IF,round_feedback,2024-07-17T00:22:00,BREW,GPS,USER_IF_WL_SD,5,0,0,nan,nan,0,0,0,1,False
r48u_20260914_BREW_IF_round_feedback_fix1,BREW,IF,round_feedback,2024-07-17T00:22:30,BREW,GPS,USER_IF_WL_SD,5,0,0,nan,nan,0,0,0,1,False
r48u_20260914_BREW_IF_round_feedback_fix1,BREW,IF,round_feedback,2024-07-17T00:23:00,BREW,GPS,USER_IF_WL_SD,5,0,0,nan,nan,0,0,0,1,False
r48u_20260914_BREW_IF_round_feedback_fix1,BREW,IF,round_feedback,2024-07-17T00:23:30,BREW,GPS,USER_IF_WL_SD,4,0,0,nan,nan,0,0,0,1,False
r48u_20260914_BREW_IF_round_feedback_fix1,BREW,IF,round_feedback,2024-07-17T00:24:00,BREW,GPS,USER_IF_WL_SD,5,0,0,nan,nan,0,0,0,1,False
r48u_20260914_BREW_IF_round_feedback_fix1,BREW,IF,round_feedback,2024-07-17T00:24:30,BREW,GPS,USER_IF_WL_SD,5,0,0,nan,nan,0,0,0,1,False
r48u_20260914_BREW_IF_round_feedback_fix1,BREW,IF,round_feedback,2024-07-17T00:25:00,BREW,GPS,USER_IF_WL_SD,5,0,0,nan,nan,0,0,0,1,False
r48u_20260914_BREW_IF_round_feedback_fix1,BREW,IF,round_feedback,2024-07-17T00:25:30,BREW,GPS,USER_IF_WL_SD,2,0,0,nan,nan,0,0,0,1,False
r48u_20260914_BREW_IF_round_feedback_fix1,BREW,IF,round_feedback,2024-07-17T00:26:00,BREW,GPS,USER_IF_WL_SD,4,0,0,nan,nan,0,0,0,1,False
r48u_20260914_BREW_IF_round_feedback_fix1,BREW,IF,round_feedback,2024-07-17T00:26:30,BREW,GPS,USER_IF_WL_SD,4,0,0,nan,nan,0,0,0,1,False
r48u_20260914_BREW_IF_round_feedback_fix1,BREW,IF,round_feedback,2024-07-17T00:27:00,BREW,GPS,USER_IF_WL_SD,3,0,0,nan,nan,0,0,0,1,False
r48u_20260914_BREW_IF_round_feedback_fix1,BREW,IF,round_feedback,2024-07-17T00:27:30,BREW,GPS,USER_IF_WL_SD,3,0,0,nan,nan,0,0,0,1,False
r48u_20260914_BREW_IF_round_feedback_fix1,BREW,IF,round_feedback,2024-07-17T00:28:00,BREW,GPS,USER_IF_WL_SD,3,0,0,nan,nan,0,0,0,1,False
r48u_20260914_BREW_IF_round_feedback_fix1,BREW,IF,round_feedback,2024-07-17T00:28:30,BREW,GPS,USER_IF_WL_SD,4,0,0,nan,nan,0,0,0,1,False
r48u_20260914_BREW_IF_round_feedback_fix1,BREW,IF,round_feedback,2024-07-17T00:29:00,BREW,GPS,USER_IF_WL_SD,4,0,0,nan,nan,0,0,0,1,False
r48u_20260914_BREW_IF_round_feedback_fix1,BREW,IF,round_feedback,2024-07-17T00:29:30,BREW,GPS,USER_IF_WL_SD,4,0,0,nan,nan,0,0,0,1,False
r48u_20260914_BREW_IF_round_feedback_fix1,BREW,IF,round_feedback,2024-07-17T00:30:00,BREW,GPS,USER_IF_WL_SD,4,0,0,nan,nan,0,0,0,1,False
r48u_20260914_BREW_IF_ils_shadow_fix1,BREW,IF,ils_shadow,2024-07-17T00:10:00,BREW,GPS,USER_IF_WL_SD,1,0,0,nan,nan,0,0,0,0,False
r48u_20260914_BREW_IF_ils_shadow_fix1,BREW,IF,ils_shadow,2024-07-17T00:10:30,BREW,GPS,USER_IF_WL_SD,1,0,0,nan,nan,0,0,0,0,False
r48u_20260914_BREW_IF_ils_shadow_fix1,BREW,IF,ils_shadow,2024-07-17T00:11:00,BREW,GPS,USER_IF_WL_SD,1,0,0,nan,nan,0,0,0,0,False
r48u_20260914_BREW_IF_ils_shadow_fix1,BREW,IF,ils_shadow,2024-07-17T00:11:30,BREW,GPS,USER_IF_WL_SD,2,0,0,nan,nan,0,0,0,0,False
r48u_20260914_BREW_IF_ils_shadow_fix1,BREW,IF,ils_shadow,2024-07-17T00:12:00,BREW,GPS,USER_IF_WL_SD,2,0,0,nan,nan,0,0,0,0,False
r48u_20260914_BREW_IF_ils_shadow_fix1,BREW,IF,ils_shadow,2024-07-17T00:12:30,BREW,GPS,USER_IF_WL_SD,2,0,0,nan,nan,0,0,0,0,False
r48u_20260914_BREW_IF_ils_shadow_fix1,BREW,IF,ils_shadow,2024-07-17T00:13:00,BREW,GPS,USER_IF_WL_SD,2,0,0,nan,nan,0,0,0,0,False
r48u_20260914_BREW_IF_ils_shadow_fix1,BREW,IF,ils_shadow,2024-07-17T00:13:30,BREW,GPS,USER_IF_WL_SD,2,0,0,nan,nan,0,0,0,0,False
r48u_20260914_BREW_IF_ils_shadow_fix1,BREW,IF,ils_shadow,2024-07-17T00:14:00,BREW,GPS,USER_IF_WL_SD,2,0,0,nan,nan,0,0,0,0,False
r48u_20260914_BREW_IF_ils_shadow_fix1,BREW,IF,ils_shadow,2024-07-17T00:14:30,BREW,GPS,USER_IF_WL_SD,2,0,0,nan,nan,0,0,0,0,False
r48u_20260914_BREW_IF_ils_shadow_fix1,BREW,IF,ils_shadow,2024-07-17T00:15:00,BREW,GPS,USER_IF_WL_SD,2,0,0,nan,nan,0,0,0,0,False
r48u_20260914_BREW_IF_ils_shadow_fix1,BREW,IF,ils_shadow,2024-07-17T00:15:30,BREW,GPS,USER_IF_WL_SD,2,0,0,nan,nan,0,0,0,0,False
r48u_20260914_BREW_IF_ils_shadow_fix1,BREW,IF,ils_shadow,2024-07-17T00:16:00,BREW,GPS,USER_IF_WL_SD,2,0,0,nan,nan,0,0,0,0,False
r48u_20260914_BREW_IF_ils_shadow_fix1,BREW,IF,ils_shadow,2024-07-17T00:16:30,BREW,GPS,USER_IF_WL_SD,2,0,0,nan,nan,0,0,0,0,False
r48u_20260914_BREW_IF_ils_shadow_fix1,BREW,IF,ils_shadow,2024-07-17T00:17:00,BREW,GPS,USER_IF_WL_SD,4,0,0,nan,nan,0,0,0,0,False
r48u_20260914_BREW_IF_ils_shadow_fix1,BREW,IF,ils_shadow,2024-07-17T00:17:30,BREW,GPS,USER_IF_WL_SD,4,0,0,nan,nan,0,0,0,0,False
r48u_20260914_BREW_IF_ils_shadow_fix1,BREW,IF,ils_shadow,2024-07-17T00:18:00,BREW,GPS,USER_IF_WL_SD,4,0,0,nan,nan,0,0,0,0,False
r48u_20260914_BREW_IF_ils_shadow_fix1,BREW,IF,ils_shadow,2024-07-17T00:18:30,BREW,GPS,USER_IF_WL_SD,4,0,0,nan,nan,0,0,0,0,False
r48u_20260914_BREW_IF_ils_shadow_fix1,BREW,IF,ils_shadow,2024-07-17T00:19:00,BREW,GPS,USER_IF_WL_SD,4,0,0,nan,nan,0,0,0,0,False
r48u_20260914_BREW_IF_ils_shadow_fix1,BREW,IF,ils_shadow,2024-07-17T00:19:30,BREW,GPS,USER_IF_WL_SD,4,1,0,3.73587,23.9281,1,0.00962996,0,0,False
r48u_20260914_BREW_IF_ils_shadow_fix1,BREW,IF,ils_shadow,2024-07-17T00:20:00,BREW,GPS,USER_IF_WL_SD,4,1,0,4.05321,23.9281,1,0.00779742,0,0,False
r48u_20260914_BREW_IF_ils_shadow_fix1,BREW,IF,ils_shadow,2024-07-17T00:20:30,BREW,GPS,USER_IF_WL_SD,5,1,0,4.18006,23.9281,1,0.00532601,0,0,False
r48u_20260914_BREW_IF_ils_shadow_fix1,BREW,IF,ils_shadow,2024-07-17T00:21:00,BREW,GPS,USER_IF_WL_SD,4,1,0,4.18458,23.9281,1,0.00326936,0,0,False
r48u_20260914_BREW_IF_ils_shadow_fix1,BREW,IF,ils_shadow,2024-07-17T00:21:30,BREW,GPS,USER_IF_WL_SD,4,1,0,4.56674,23.9281,1,0.00276827,0,0,False
r48u_20260914_BREW_IF_ils_shadow_fix1,BREW,IF,ils_shadow,2024-07-17T00:22:00,BREW,GPS,USER_IF_WL_SD,5,1,0,5.14076,23.9281,1,0.00274439,0,0,False
r48u_20260914_BREW_IF_ils_shadow_fix1,BREW,IF,ils_shadow,2024-07-17T00:22:30,BREW,GPS,USER_IF_WL_SD,5,1,0,5.32244,23.9281,1,0.00194334,0,0,False
r48u_20260914_BREW_IF_ils_shadow_fix1,BREW,IF,ils_shadow,2024-07-17T00:23:00,BREW,GPS,USER_IF_WL_SD,5,1,0,5.55437,23.9281,1,0.00143171,0,0,False
r48u_20260914_BREW_IF_ils_shadow_fix1,BREW,IF,ils_shadow,2024-07-17T00:23:30,BREW,GPS,USER_IF_WL_SD,4,1,1,5.64156,23.9281,1,0.000934104,1,0,True
r48u_20260914_BREW_IF_ils_shadow_fix1,BREW,IF,ils_shadow,2024-07-17T00:23:30,BREW,GPS,USER_IF_L1_SD_CONDITIONAL,1,0,0,nan,nan,0,0,0,0,False
r48u_20260914_BREW_IF_ils_shadow_fix1,BREW,IF,ils_shadow,2024-07-17T00:24:00,BREW,GPS,USER_IF_WL_SD,5,1,1,6.09099,23.9281,1,0.000827661,1,0,True
r48u_20260914_BREW_IF_ils_shadow_fix1,BREW,IF,ils_shadow,2024-07-17T00:24:00,BREW,GPS,USER_IF_L1_SD_CONDITIONAL,1,0,0,nan,nan,0,0,0,0,False
r48u_20260914_BREW_IF_ils_shadow_fix1,BREW,IF,ils_shadow,2024-07-17T00:24:30,BREW,GPS,USER_IF_WL_SD,5,2,0,9.3207,27.631,2,0.0469583,0,0,False
r48u_20260914_BREW_IF_ils_shadow_fix1,BREW,IF,ils_shadow,2024-07-17T00:25:00,BREW,GPS,USER_IF_WL_SD,5,2,0,9.98921,27.631,2,0.0415638,0,0,False
r48u_20260914_BREW_IF_ils_shadow_fix1,BREW,IF,ils_shadow,2024-07-17T00:25:30,BREW,GPS,USER_IF_WL_SD,2,1,1,8.00358,23.9281,1,0.000872214,1,0,True
r48u_20260914_BREW_IF_ils_shadow_fix1,BREW,IF,ils_shadow,2024-07-17T00:25:30,BREW,GPS,USER_IF_L1_SD_CONDITIONAL,1,0,0,nan,nan,0,0,0,0,False
r48u_20260914_BREW_IF_ils_shadow_fix1,BREW,IF,ils_shadow,2024-07-17T00:26:00,BREW,GPS,USER_IF_WL_SD,4,2,0,10.2764,27.631,2,0.0286591,0,0,False
r48u_20260914_BREW_IF_ils_shadow_fix1,BREW,IF,ils_shadow,2024-07-17T00:26:00,BREW,GPS,USER_IF_L1_SD_CONDITIONAL,1,0,0,nan,nan,0,0,0,0,False
r48u_20260914_BREW_IF_ils_shadow_fix1,BREW,IF,ils_shadow,2024-07-17T00:26:30,BREW,GPS,USER_IF_WL_SD,4,2,0,11.093,27.631,2,0.0287266,0,0,False
r48u_20260914_BREW_IF_ils_shadow_fix1,BREW,IF,ils_shadow,2024-07-17T00:26:30,BREW,GPS,USER_IF_L1_SD_CONDITIONAL,1,0,0,nan,nan,0,0,0,0,False
r48u_20260914_BREW_IF_ils_shadow_fix1,BREW,IF,ils_shadow,2024-07-17T00:27:00,BREW,GPS,USER_IF_WL_SD,3,1,0,6.20947,23.9281,1,0.0266265,0,0,False
r48u_20260914_BREW_IF_ils_shadow_fix1,BREW,IF,ils_shadow,2024-07-17T00:27:30,BREW,GPS,USER_IF_WL_SD,3,1,0,6.35417,23.9281,1,0.0208036,0,0,False
r48u_20260914_BREW_IF_ils_shadow_fix1,BREW,IF,ils_shadow,2024-07-17T00:28:00,BREW,GPS,USER_IF_WL_SD,3,1,0,6.95286,23.9281,1,0.0222758,0,0,False
r48u_20260914_BREW_IF_ils_shadow_fix1,BREW,IF,ils_shadow,2024-07-17T00:28:30,BREW,GPS,USER_IF_WL_SD,4,0,0,nan,nan,0,0,0,0,False
r48u_20260914_BREW_IF_ils_shadow_fix1,BREW,IF,ils_shadow,2024-07-17T00:29:00,BREW,GPS,USER_IF_WL_SD,4,0,0,nan,nan,0,0,0,0,False
r48u_20260914_BREW_IF_ils_shadow_fix1,BREW,IF,ils_shadow,2024-07-17T00:29:30,BREW,GPS,USER_IF_WL_SD,4,0,0,nan,nan,0,0,0,0,False
r48u_20260914_BREW_IF_ils_shadow_fix1,BREW,IF,ils_shadow,2024-07-17T00:30:00,BREW,GPS,USER_IF_WL_SD,4,0,0,nan,nan,0,0,0,0,False
r48u_20260914_BREW_IF_ils_feedback_fix1,BREW,IF,ils_feedback,2024-07-17T00:10:00,BREW,GPS,USER_IF_WL_SD,1,0,0,nan,nan,0,0,0,1,False
r48u_20260914_BREW_IF_ils_feedback_fix1,BREW,IF,ils_feedback,2024-07-17T00:10:30,BREW,GPS,USER_IF_WL_SD,1,0,0,nan,nan,0,0,0,1,False
r48u_20260914_BREW_IF_ils_feedback_fix1,BREW,IF,ils_feedback,2024-07-17T00:11:00,BREW,GPS,USER_IF_WL_SD,1,0,0,nan,nan,0,0,0,1,False
r48u_20260914_BREW_IF_ils_feedback_fix1,BREW,IF,ils_feedback,2024-07-17T00:11:30,BREW,GPS,USER_IF_WL_SD,2,0,0,nan,nan,0,0,0,1,False
r48u_20260914_BREW_IF_ils_feedback_fix1,BREW,IF,ils_feedback,2024-07-17T00:12:00,BREW,GPS,USER_IF_WL_SD,2,0,0,nan,nan,0,0,0,1,False
r48u_20260914_BREW_IF_ils_feedback_fix1,BREW,IF,ils_feedback,2024-07-17T00:12:30,BREW,GPS,USER_IF_WL_SD,2,0,0,nan,nan,0,0,0,1,False
r48u_20260914_BREW_IF_ils_feedback_fix1,BREW,IF,ils_feedback,2024-07-17T00:13:00,BREW,GPS,USER_IF_WL_SD,2,0,0,nan,nan,0,0,0,1,False
r48u_20260914_BREW_IF_ils_feedback_fix1,BREW,IF,ils_feedback,2024-07-17T00:13:30,BREW,GPS,USER_IF_WL_SD,2,0,0,nan,nan,0,0,0,1,False
r48u_20260914_BREW_IF_ils_feedback_fix1,BREW,IF,ils_feedback,2024-07-17T00:14:00,BREW,GPS,USER_IF_WL_SD,2,0,0,nan,nan,0,0,0,1,False
r48u_20260914_BREW_IF_ils_feedback_fix1,BREW,IF,ils_feedback,2024-07-17T00:14:30,BREW,GPS,USER_IF_WL_SD,2,0,0,nan,nan,0,0,0,1,False
r48u_20260914_BREW_IF_ils_feedback_fix1,BREW,IF,ils_feedback,2024-07-17T00:15:00,BREW,GPS,USER_IF_WL_SD,2,0,0,nan,nan,0,0,0,1,False
r48u_20260914_BREW_IF_ils_feedback_fix1,BREW,IF,ils_feedback,2024-07-17T00:15:30,BREW,GPS,USER_IF_WL_SD,2,0,0,nan,nan,0,0,0,1,False
r48u_20260914_BREW_IF_ils_feedback_fix1,BREW,IF,ils_feedback,2024-07-17T00:16:00,BREW,GPS,USER_IF_WL_SD,2,0,0,nan,nan,0,0,0,1,False
r48u_20260914_BREW_IF_ils_feedback_fix1,BREW,IF,ils_feedback,2024-07-17T00:16:30,BREW,GPS,USER_IF_WL_SD,2,0,0,nan,nan,0,0,0,1,False
r48u_20260914_BREW_IF_ils_feedback_fix1,BREW,IF,ils_feedback,2024-07-17T00:17:00,BREW,GPS,USER_IF_WL_SD,4,0,0,nan,nan,0,0,0,1,False
r48u_20260914_BREW_IF_ils_feedback_fix1,BREW,IF,ils_feedback,2024-07-17T00:17:30,BREW,GPS,USER_IF_WL_SD,4,0,0,nan,nan,0,0,0,1,False
r48u_20260914_BREW_IF_ils_feedback_fix1,BREW,IF,ils_feedback,2024-07-17T00:18:00,BREW,GPS,USER_IF_WL_SD,4,0,0,nan,nan,0,0,0,1,False
r48u_20260914_BREW_IF_ils_feedback_fix1,BREW,IF,ils_feedback,2024-07-17T00:18:30,BREW,GPS,USER_IF_WL_SD,4,0,0,nan,nan,0,0,0,1,False
r48u_20260914_BREW_IF_ils_feedback_fix1,BREW,IF,ils_feedback,2024-07-17T00:19:00,BREW,GPS,USER_IF_WL_SD,4,0,0,nan,nan,0,0,0,1,False
r48u_20260914_BREW_IF_ils_feedback_fix1,BREW,IF,ils_feedback,2024-07-17T00:19:30,BREW,GPS,USER_IF_WL_SD,4,1,0,3.73587,23.9281,1,0.00962996,0,1,False
r48u_20260914_BREW_IF_ils_feedback_fix1,BREW,IF,ils_feedback,2024-07-17T00:20:00,BREW,GPS,USER_IF_WL_SD,4,1,0,4.05321,23.9281,1,0.00779742,0,1,False
r48u_20260914_BREW_IF_ils_feedback_fix1,BREW,IF,ils_feedback,2024-07-17T00:20:30,BREW,GPS,USER_IF_WL_SD,5,1,0,4.18006,23.9281,1,0.00532601,0,1,False
r48u_20260914_BREW_IF_ils_feedback_fix1,BREW,IF,ils_feedback,2024-07-17T00:21:00,BREW,GPS,USER_IF_WL_SD,4,1,0,4.18458,23.9281,1,0.00326936,0,1,False
r48u_20260914_BREW_IF_ils_feedback_fix1,BREW,IF,ils_feedback,2024-07-17T00:21:30,BREW,GPS,USER_IF_WL_SD,4,1,0,4.56674,23.9281,1,0.00276827,0,1,False
r48u_20260914_BREW_IF_ils_feedback_fix1,BREW,IF,ils_feedback,2024-07-17T00:22:00,BREW,GPS,USER_IF_WL_SD,5,1,0,5.14076,23.9281,1,0.00274439,0,1,False
r48u_20260914_BREW_IF_ils_feedback_fix1,BREW,IF,ils_feedback,2024-07-17T00:22:30,BREW,GPS,USER_IF_WL_SD,5,1,0,5.32244,23.9281,1,0.00194334,0,1,False
r48u_20260914_BREW_IF_ils_feedback_fix1,BREW,IF,ils_feedback,2024-07-17T00:23:00,BREW,GPS,USER_IF_WL_SD,5,1,0,5.55437,23.9281,1,0.00143171,0,1,False
r48u_20260914_BREW_IF_ils_feedback_fix1,BREW,IF,ils_feedback,2024-07-17T00:23:30,BREW,GPS,USER_IF_WL_SD,4,1,1,5.64156,23.9281,1,0.000934104,1,1,True
r48u_20260914_BREW_IF_ils_feedback_fix1,BREW,IF,ils_feedback,2024-07-17T00:23:30,BREW,GPS,USER_IF_L1_SD_CONDITIONAL,1,0,0,nan,nan,0,0,0,1,False
r48u_20260914_BREW_IF_ils_feedback_fix1,BREW,IF,ils_feedback,2024-07-17T00:24:00,BREW,GPS,USER_IF_WL_SD,5,1,1,6.09099,23.9281,1,0.000827661,1,1,True
r48u_20260914_BREW_IF_ils_feedback_fix1,BREW,IF,ils_feedback,2024-07-17T00:24:00,BREW,GPS,USER_IF_L1_SD_CONDITIONAL,1,0,0,nan,nan,0,0,0,1,False
r48u_20260914_BREW_IF_ils_feedback_fix1,BREW,IF,ils_feedback,2024-07-17T00:24:30,BREW,GPS,USER_IF_WL_SD,5,2,0,9.3207,27.631,2,0.0469583,0,1,False
r48u_20260914_BREW_IF_ils_feedback_fix1,BREW,IF,ils_feedback,2024-07-17T00:25:00,BREW,GPS,USER_IF_WL_SD,5,2,0,9.98921,27.631,2,0.0415638,0,1,False
r48u_20260914_BREW_IF_ils_feedback_fix1,BREW,IF,ils_feedback,2024-07-17T00:25:30,BREW,GPS,USER_IF_WL_SD,2,1,1,8.00358,23.9281,1,0.000872214,1,1,True
r48u_20260914_BREW_IF_ils_feedback_fix1,BREW,IF,ils_feedback,2024-07-17T00:25:30,BREW,GPS,USER_IF_L1_SD_CONDITIONAL,1,0,0,nan,nan,0,0,0,1,False
r48u_20260914_BREW_IF_ils_feedback_fix1,BREW,IF,ils_feedback,2024-07-17T00:26:00,BREW,GPS,USER_IF_WL_SD,4,2,0,10.2764,27.631,2,0.0286591,0,1,False
r48u_20260914_BREW_IF_ils_feedback_fix1,BREW,IF,ils_feedback,2024-07-17T00:26:00,BREW,GPS,USER_IF_L1_SD_CONDITIONAL,1,0,0,nan,nan,0,0,0,1,False
r48u_20260914_BREW_IF_ils_feedback_fix1,BREW,IF,ils_feedback,2024-07-17T00:26:30,BREW,GPS,USER_IF_WL_SD,4,2,0,11.093,27.631,2,0.0287266,0,1,False
r48u_20260914_BREW_IF_ils_feedback_fix1,BREW,IF,ils_feedback,2024-07-17T00:26:30,BREW,GPS,USER_IF_L1_SD_CONDITIONAL,1,0,0,nan,nan,0,0,0,1,False
r48u_20260914_BREW_IF_ils_feedback_fix1,BREW,IF,ils_feedback,2024-07-17T00:27:00,BREW,GPS,USER_IF_WL_SD,3,1,0,6.20947,23.9281,1,0.0266265,0,1,False
r48u_20260914_BREW_IF_ils_feedback_fix1,BREW,IF,ils_feedback,2024-07-17T00:27:30,BREW,GPS,USER_IF_WL_SD,3,1,0,6.35417,23.9281,1,0.0208036,0,1,False
r48u_20260914_BREW_IF_ils_feedback_fix1,BREW,IF,ils_feedback,2024-07-17T00:28:00,BREW,GPS,USER_IF_WL_SD,3,1,0,6.95286,23.9281,1,0.0222758,0,1,False
r48u_20260914_BREW_IF_ils_feedback_fix1,BREW,IF,ils_feedback,2024-07-17T00:28:30,BREW,GPS,USER_IF_WL_SD,4,0,0,nan,nan,0,0,0,1,False
r48u_20260914_BREW_IF_ils_feedback_fix1,BREW,IF,ils_feedback,2024-07-17T00:29:00,BREW,GPS,USER_IF_WL_SD,4,0,0,nan,nan,0,0,0,1,False
r48u_20260914_BREW_IF_ils_feedback_fix1,BREW,IF,ils_feedback,2024-07-17T00:29:30,BREW,GPS,USER_IF_WL_SD,4,0,0,nan,nan,0,0,0,1,False
r48u_20260914_BREW_IF_ils_feedback_fix1,BREW,IF,ils_feedback,2024-07-17T00:30:00,BREW,GPS,USER_IF_WL_SD,4,0,0,nan,nan,0,0,0,1,False
r48u_20260914_MARS_IF_round_shadow_fix1,MARS,IF,round_shadow,2024-07-17T00:10:30,MARS,GPS,USER_IF_WL_SD,5,0,0,nan,nan,0,0,0,0,False
r48u_20260914_MARS_IF_round_shadow_fix1,MARS,IF,round_shadow,2024-07-17T00:17:00,MARS,GPS,USER_IF_WL_SD,5,0,0,nan,nan,0,0,0,0,False
r48u_20260914_MARS_IF_round_shadow_fix1,MARS,IF,round_shadow,2024-07-17T00:17:30,MARS,GPS,USER_IF_WL_SD,5,0,0,nan,nan,0,0,0,0,False
r48u_20260914_MARS_IF_round_shadow_fix1,MARS,IF,round_shadow,2024-07-17T00:18:00,MARS,GPS,USER_IF_WL_SD,5,0,0,nan,nan,0,0,0,0,False
r48u_20260914_MARS_IF_round_shadow_fix1,MARS,IF,round_shadow,2024-07-17T00:18:30,MARS,GPS,USER_IF_WL_SD,5,0,0,nan,nan,0,0,0,0,False
r48u_20260914_MARS_IF_round_shadow_fix1,MARS,IF,round_shadow,2024-07-17T00:19:00,MARS,GPS,USER_IF_WL_SD,5,0,0,nan,nan,0,0,0,0,False
r48u_20260914_MARS_IF_round_shadow_fix1,MARS,IF,round_shadow,2024-07-17T00:19:30,MARS,GPS,USER_IF_WL_SD,5,0,0,nan,nan,0,0,0,0,False
r48u_20260914_MARS_IF_round_shadow_fix1,MARS,IF,round_shadow,2024-07-17T00:20:00,MARS,GPS,USER_IF_WL_SD,5,0,0,nan,nan,0,0,0,0,False
r48u_20260914_MARS_IF_round_shadow_fix1,MARS,IF,round_shadow,2024-07-17T00:20:30,MARS,GPS,USER_IF_WL_SD,6,1,0,0.00830633,23.9281,1,0.00131674,0,0,False
r48u_20260914_MARS_IF_round_shadow_fix1,MARS,IF,round_shadow,2024-07-17T00:21:00,MARS,GPS,USER_IF_WL_SD,5,2,0,0.267354,27.631,2,0.0018046,0,0,False
r48u_20260914_MARS_IF_round_shadow_fix1,MARS,IF,round_shadow,2024-07-17T00:21:30,MARS,GPS,USER_IF_WL_SD,6,2,0,0.364773,27.631,2,0.00101743,0,0,False
r48u_20260914_MARS_IF_round_shadow_fix1,MARS,IF,round_shadow,2024-07-17T00:22:00,MARS,GPS,USER_IF_WL_SD,6,2,2,0.414657,27.631,2,0.000512595,1,0,True
r48u_20260914_MARS_IF_round_shadow_fix1,MARS,IF,round_shadow,2024-07-17T00:22:00,MARS,GPS,USER_IF_L1_SD_CONDITIONAL,2,0,0,nan,nan,0,0,0,0,False
r48u_20260914_MARS_IF_round_shadow_fix1,MARS,IF,round_shadow,2024-07-17T00:22:30,MARS,GPS,USER_IF_WL_SD,6,2,2,0.430225,27.631,2,0.000239932,1,0,True
r48u_20260914_MARS_IF_round_shadow_fix1,MARS,IF,round_shadow,2024-07-17T00:22:30,MARS,GPS,USER_IF_L1_SD_CONDITIONAL,2,0,0,nan,nan,0,0,0,0,False
r48u_20260914_MARS_IF_round_shadow_fix1,MARS,IF,round_shadow,2024-07-17T00:23:00,MARS,GPS,USER_IF_WL_SD,6,3,0,0.448553,30.6648,3,0.00108564,0,0,False
r48u_20260914_MARS_IF_round_shadow_fix1,MARS,IF,round_shadow,2024-07-17T00:23:00,MARS,GPS,USER_IF_L1_SD_CONDITIONAL,2,0,0,nan,nan,0,0,0,0,False
r48u_20260914_MARS_IF_round_shadow_fix1,MARS,IF,round_shadow,2024-07-17T00:23:30,MARS,GPS,USER_IF_WL_SD,5,3,3,0.489333,30.6648,3,0.000629559,1,0,True
r48u_20260914_MARS_IF_round_shadow_fix1,MARS,IF,round_shadow,2024-07-17T00:23:30,MARS,GPS,USER_IF_L1_SD_CONDITIONAL,3,0,0,nan,nan,0,0,0,0,False
r48u_20260914_MARS_IF_round_shadow_fix1,MARS,IF,round_shadow,2024-07-17T00:24:00,MARS,GPS,USER_IF_WL_SD,5,3,3,0.58433,30.6648,3,0.000372154,1,0,True
r48u_20260914_MARS_IF_round_shadow_fix1,MARS,IF,round_shadow,2024-07-17T00:24:00,MARS,GPS,USER_IF_L1_SD_CONDITIONAL,3,0,0,nan,nan,0,0,0,0,False
r48u_20260914_MARS_IF_round_shadow_fix1,MARS,IF,round_shadow,2024-07-17T00:24:30,MARS,GPS,USER_IF_WL_SD,5,3,3,0.73021,30.6648,3,0.000222561,1,0,True
r48u_20260914_MARS_IF_round_shadow_fix1,MARS,IF,round_shadow,2024-07-17T00:24:30,MARS,GPS,USER_IF_L1_SD_CONDITIONAL,3,0,0,nan,nan,0,0,0,0,False
r48u_20260914_MARS_IF_round_shadow_fix1,MARS,IF,round_shadow,2024-07-17T00:25:00,MARS,GPS,USER_IF_WL_SD,5,3,3,0.941395,30.6648,3,0.000132936,1,0,True
r48u_20260914_MARS_IF_round_shadow_fix1,MARS,IF,round_shadow,2024-07-17T00:25:00,MARS,GPS,USER_IF_L1_SD_CONDITIONAL,3,0,0,nan,nan,0,0,0,0,False
r48u_20260914_MARS_IF_round_shadow_fix1,MARS,IF,round_shadow,2024-07-17T00:26:00,MARS,GPS,USER_IF_WL_SD,5,3,3,1.11597,30.6648,3,7.88414e-05,1,0,True
r48u_20260914_MARS_IF_round_shadow_fix1,MARS,IF,round_shadow,2024-07-17T00:26:00,MARS,GPS,USER_IF_L1_SD_CONDITIONAL,3,0,0,nan,nan,0,0,0,0,False
r48u_20260914_MARS_IF_round_shadow_fix1,MARS,IF,round_shadow,2024-07-17T00:26:30,MARS,GPS,USER_IF_WL_SD,5,3,3,1.27175,30.6648,3,4.82746e-05,1,0,True
r48u_20260914_MARS_IF_round_shadow_fix1,MARS,IF,round_shadow,2024-07-17T00:26:30,MARS,GPS,USER_IF_L1_SD_CONDITIONAL,3,0,0,nan,nan,0,0,0,0,False
r48u_20260914_MARS_IF_round_shadow_fix1,MARS,IF,round_shadow,2024-07-17T00:27:00,MARS,GPS,USER_IF_WL_SD,6,3,3,1.37614,30.6648,3,2.8056e-05,1,0,True
r48u_20260914_MARS_IF_round_shadow_fix1,MARS,IF,round_shadow,2024-07-17T00:27:00,MARS,GPS,USER_IF_L1_SD_CONDITIONAL,3,0,0,nan,nan,0,0,0,0,False
r48u_20260914_MARS_IF_round_shadow_fix1,MARS,IF,round_shadow,2024-07-17T00:27:30,MARS,GPS,USER_IF_WL_SD,6,3,3,1.38242,30.6648,3,1.52787e-05,1,0,True
r48u_20260914_MARS_IF_round_shadow_fix1,MARS,IF,round_shadow,2024-07-17T00:27:30,MARS,GPS,USER_IF_L1_SD_CONDITIONAL,3,0,0,nan,nan,0,0,0,0,False
r48u_20260914_MARS_IF_round_shadow_fix1,MARS,IF,round_shadow,2024-07-17T00:28:00,MARS,GPS,USER_IF_WL_SD,6,3,3,1.42398,30.6648,3,8.46628e-06,1,0,True
r48u_20260914_MARS_IF_round_shadow_fix1,MARS,IF,round_shadow,2024-07-17T00:28:00,MARS,GPS,USER_IF_L1_SD_CONDITIONAL,3,0,0,nan,nan,0,0,0,0,False
r48u_20260914_MARS_IF_round_shadow_fix1,MARS,IF,round_shadow,2024-07-17T00:28:30,MARS,GPS,USER_IF_WL_SD,6,3,3,1.4513,30.6648,3,4.85286e-06,1,0,True
r48u_20260914_MARS_IF_round_shadow_fix1,MARS,IF,round_shadow,2024-07-17T00:28:30,MARS,GPS,USER_IF_L1_SD_CONDITIONAL,3,0,0,nan,nan,0,0,0,0,False
r48u_20260914_MARS_IF_round_shadow_fix1,MARS,IF,round_shadow,2024-07-17T00:29:00,MARS,GPS,USER_IF_WL_SD,6,3,3,1.518,30.6648,3,2.74572e-06,1,0,True
r48u_20260914_MARS_IF_round_shadow_fix1,MARS,IF,round_shadow,2024-07-17T00:29:00,MARS,GPS,USER_IF_L1_SD_CONDITIONAL,3,0,0,nan,nan,0,0,0,0,False
r48u_20260914_MARS_IF_round_shadow_fix1,MARS,IF,round_shadow,2024-07-17T00:29:30,MARS,GPS,USER_IF_WL_SD,7,3,3,1.5969,30.6648,3,1.56364e-06,1,0,True
r48u_20260914_MARS_IF_round_shadow_fix1,MARS,IF,round_shadow,2024-07-17T00:29:30,MARS,GPS,USER_IF_L1_SD_CONDITIONAL,3,0,0,nan,nan,0,0,0,0,False
r48u_20260914_MARS_IF_round_shadow_fix1,MARS,IF,round_shadow,2024-07-17T00:30:00,MARS,GPS,USER_IF_WL_SD,7,3,3,1.70496,30.6648,3,8.58242e-07,1,0,True
r48u_20260914_MARS_IF_round_shadow_fix1,MARS,IF,round_shadow,2024-07-17T00:30:00,MARS,GPS,USER_IF_L1_SD_CONDITIONAL,3,0,0,nan,nan,0,0,0,0,False
r48u_20260914_MARS_IF_round_feedback_fix1,MARS,IF,round_feedback,2024-07-17T00:10:30,MARS,GPS,USER_IF_WL_SD,5,0,0,nan,nan,0,0,0,1,False
r48u_20260914_MARS_IF_round_feedback_fix1,MARS,IF,round_feedback,2024-07-17T00:17:00,MARS,GPS,USER_IF_WL_SD,5,0,0,nan,nan,0,0,0,1,False
r48u_20260914_MARS_IF_round_feedback_fix1,MARS,IF,round_feedback,2024-07-17T00:17:30,MARS,GPS,USER_IF_WL_SD,5,0,0,nan,nan,0,0,0,1,False
r48u_20260914_MARS_IF_round_feedback_fix1,MARS,IF,round_feedback,2024-07-17T00:18:00,MARS,GPS,USER_IF_WL_SD,5,0,0,nan,nan,0,0,0,1,False
r48u_20260914_MARS_IF_round_feedback_fix1,MARS,IF,round_feedback,2024-07-17T00:18:30,MARS,GPS,USER_IF_WL_SD,5,0,0,nan,nan,0,0,0,1,False
r48u_20260914_MARS_IF_round_feedback_fix1,MARS,IF,round_feedback,2024-07-17T00:19:00,MARS,GPS,USER_IF_WL_SD,5,0,0,nan,nan,0,0,0,1,False
r48u_20260914_MARS_IF_round_feedback_fix1,MARS,IF,round_feedback,2024-07-17T00:19:30,MARS,GPS,USER_IF_WL_SD,5,0,0,nan,nan,0,0,0,1,False
r48u_20260914_MARS_IF_round_feedback_fix1,MARS,IF,round_feedback,2024-07-17T00:20:00,MARS,GPS,USER_IF_WL_SD,5,0,0,nan,nan,0,0,0,1,False
r48u_20260914_MARS_IF_round_feedback_fix1,MARS,IF,round_feedback,2024-07-17T00:20:30,MARS,GPS,USER_IF_WL_SD,6,1,0,0.00830633,23.9281,1,0.00131674,0,1,False
r48u_20260914_MARS_IF_round_feedback_fix1,MARS,IF,round_feedback,2024-07-17T00:21:00,MARS,GPS,USER_IF_WL_SD,5,2,0,0.267354,27.631,2,0.0018046,0,1,False
r48u_20260914_MARS_IF_round_feedback_fix1,MARS,IF,round_feedback,2024-07-17T00:21:30,MARS,GPS,USER_IF_WL_SD,6,2,0,0.364773,27.631,2,0.00101743,0,1,False
r48u_20260914_MARS_IF_round_feedback_fix1,MARS,IF,round_feedback,2024-07-17T00:22:00,MARS,GPS,USER_IF_WL_SD,6,2,2,0.414657,27.631,2,0.000512595,1,1,True
r48u_20260914_MARS_IF_round_feedback_fix1,MARS,IF,round_feedback,2024-07-17T00:22:00,MARS,GPS,USER_IF_L1_SD_CONDITIONAL,2,0,0,nan,nan,0,0,0,1,False
r48u_20260914_MARS_IF_round_feedback_fix1,MARS,IF,round_feedback,2024-07-17T00:22:30,MARS,GPS,USER_IF_WL_SD,6,2,2,0.430225,27.631,2,0.000239932,1,1,True
r48u_20260914_MARS_IF_round_feedback_fix1,MARS,IF,round_feedback,2024-07-17T00:22:30,MARS,GPS,USER_IF_L1_SD_CONDITIONAL,2,0,0,nan,nan,0,0,0,1,False
r48u_20260914_MARS_IF_round_feedback_fix1,MARS,IF,round_feedback,2024-07-17T00:23:00,MARS,GPS,USER_IF_WL_SD,6,3,0,0.448553,30.6648,3,0.00108564,0,1,False
r48u_20260914_MARS_IF_round_feedback_fix1,MARS,IF,round_feedback,2024-07-17T00:23:00,MARS,GPS,USER_IF_L1_SD_CONDITIONAL,2,0,0,nan,nan,0,0,0,1,False
r48u_20260914_MARS_IF_round_feedback_fix1,MARS,IF,round_feedback,2024-07-17T00:23:30,MARS,GPS,USER_IF_WL_SD,5,3,3,0.489333,30.6648,3,0.000629559,1,1,True
r48u_20260914_MARS_IF_round_feedback_fix1,MARS,IF,round_feedback,2024-07-17T00:23:30,MARS,GPS,USER_IF_L1_SD_CONDITIONAL,3,0,0,nan,nan,0,0,0,1,False
r48u_20260914_MARS_IF_round_feedback_fix1,MARS,IF,round_feedback,2024-07-17T00:24:00,MARS,GPS,USER_IF_WL_SD,5,3,3,0.58433,30.6648,3,0.000372154,1,1,True
r48u_20260914_MARS_IF_round_feedback_fix1,MARS,IF,round_feedback,2024-07-17T00:24:00,MARS,GPS,USER_IF_L1_SD_CONDITIONAL,3,0,0,nan,nan,0,0,0,1,False
r48u_20260914_MARS_IF_round_feedback_fix1,MARS,IF,round_feedback,2024-07-17T00:24:30,MARS,GPS,USER_IF_WL_SD,5,3,3,0.73021,30.6648,3,0.000222561,1,1,True
r48u_20260914_MARS_IF_round_feedback_fix1,MARS,IF,round_feedback,2024-07-17T00:24:30,MARS,GPS,USER_IF_L1_SD_CONDITIONAL,3,0,0,nan,nan,0,0,0,1,False
r48u_20260914_MARS_IF_round_feedback_fix1,MARS,IF,round_feedback,2024-07-17T00:25:00,MARS,GPS,USER_IF_WL_SD,5,3,3,0.941395,30.6648,3,0.000132936,1,1,True
r48u_20260914_MARS_IF_round_feedback_fix1,MARS,IF,round_feedback,2024-07-17T00:25:00,MARS,GPS,USER_IF_L1_SD_CONDITIONAL,3,0,0,nan,nan,0,0,0,1,False
r48u_20260914_MARS_IF_round_feedback_fix1,MARS,IF,round_feedback,2024-07-17T00:26:00,MARS,GPS,USER_IF_WL_SD,5,3,3,1.11597,30.6648,3,7.88414e-05,1,1,True
r48u_20260914_MARS_IF_round_feedback_fix1,MARS,IF,round_feedback,2024-07-17T00:26:00,MARS,GPS,USER_IF_L1_SD_CONDITIONAL,3,0,0,nan,nan,0,0,0,1,False
r48u_20260914_MARS_IF_round_feedback_fix1,MARS,IF,round_feedback,2024-07-17T00:26:30,MARS,GPS,USER_IF_WL_SD,5,3,3,1.27175,30.6648,3,4.82746e-05,1,1,True
r48u_20260914_MARS_IF_round_feedback_fix1,MARS,IF,round_feedback,2024-07-17T00:26:30,MARS,GPS,USER_IF_L1_SD_CONDITIONAL,3,0,0,nan,nan,0,0,0,1,False
r48u_20260914_MARS_IF_round_feedback_fix1,MARS,IF,round_feedback,2024-07-17T00:27:00,MARS,GPS,USER_IF_WL_SD,6,3,3,1.37614,30.6648,3,2.8056e-05,1,1,True
r48u_20260914_MARS_IF_round_feedback_fix1,MARS,IF,round_feedback,2024-07-17T00:27:00,MARS,GPS,USER_IF_L1_SD_CONDITIONAL,3,0,0,nan,nan,0,0,0,1,False
r48u_20260914_MARS_IF_round_feedback_fix1,MARS,IF,round_feedback,2024-07-17T00:27:30,MARS,GPS,USER_IF_WL_SD,6,3,3,1.38242,30.6648,3,1.52787e-05,1,1,True
r48u_20260914_MARS_IF_round_feedback_fix1,MARS,IF,round_feedback,2024-07-17T00:27:30,MARS,GPS,USER_IF_L1_SD_CONDITIONAL,3,0,0,nan,nan,0,0,0,1,False
r48u_20260914_MARS_IF_round_feedback_fix1,MARS,IF,round_feedback,2024-07-17T00:28:00,MARS,GPS,USER_IF_WL_SD,6,3,3,1.42398,30.6648,3,8.46628e-06,1,1,True
r48u_20260914_MARS_IF_round_feedback_fix1,MARS,IF,round_feedback,2024-07-17T00:28:00,MARS,GPS,USER_IF_L1_SD_CONDITIONAL,3,0,0,nan,nan,0,0,0,1,False
r48u_20260914_MARS_IF_round_feedback_fix1,MARS,IF,round_feedback,2024-07-17T00:28:30,MARS,GPS,USER_IF_WL_SD,6,3,3,1.4513,30.6648,3,4.85286e-06,1,1,True
r48u_20260914_MARS_IF_round_feedback_fix1,MARS,IF,round_feedback,2024-07-17T00:28:30,MARS,GPS,USER_IF_L1_SD_CONDITIONAL,3,0,0,nan,nan,0,0,0,1,False
r48u_20260914_MARS_IF_round_feedback_fix1,MARS,IF,round_feedback,2024-07-17T00:29:00,MARS,GPS,USER_IF_WL_SD,6,3,3,1.518,30.6648,3,2.74572e-06,1,1,True
r48u_20260914_MARS_IF_round_feedback_fix1,MARS,IF,round_feedback,2024-07-17T00:29:00,MARS,GPS,USER_IF_L1_SD_CONDITIONAL,3,0,0,nan,nan,0,0,0,1,False
r48u_20260914_MARS_IF_round_feedback_fix1,MARS,IF,round_feedback,2024-07-17T00:29:30,MARS,GPS,USER_IF_WL_SD,7,3,3,1.5969,30.6648,3,1.56364e-06,1,1,True
r48u_20260914_MARS_IF_round_feedback_fix1,MARS,IF,round_feedback,2024-07-17T00:29:30,MARS,GPS,USER_IF_L1_SD_CONDITIONAL,3,0,0,nan,nan,0,0,0,1,False
r48u_20260914_MARS_IF_round_feedback_fix1,MARS,IF,round_feedback,2024-07-17T00:30:00,MARS,GPS,USER_IF_WL_SD,7,3,3,1.70496,30.6648,3,8.58242e-07,1,1,True
r48u_20260914_MARS_IF_round_feedback_fix1,MARS,IF,round_feedback,2024-07-17T00:30:00,MARS,GPS,USER_IF_L1_SD_CONDITIONAL,3,0,0,nan,nan,0,0,0,1,False
r48u_20260914_MARS_IF_ils_shadow_fix1,MARS,IF,ils_shadow,2024-07-17T00:10:30,MARS,GPS,USER_IF_WL_SD,5,0,0,nan,nan,0,0,0,0,False
r48u_20260914_MARS_IF_ils_shadow_fix1,MARS,IF,ils_shadow,2024-07-17T00:17:00,MARS,GPS,USER_IF_WL_SD,5,0,0,nan,nan,0,0,0,0,False
r48u_20260914_MARS_IF_ils_shadow_fix1,MARS,IF,ils_shadow,2024-07-17T00:17:30,MARS,GPS,USER_IF_WL_SD,5,0,0,nan,nan,0,0,0,0,False
r48u_20260914_MARS_IF_ils_shadow_fix1,MARS,IF,ils_shadow,2024-07-17T00:18:00,MARS,GPS,USER_IF_WL_SD,5,0,0,nan,nan,0,0,0,0,False
r48u_20260914_MARS_IF_ils_shadow_fix1,MARS,IF,ils_shadow,2024-07-17T00:18:30,MARS,GPS,USER_IF_WL_SD,5,0,0,nan,nan,0,0,0,0,False
r48u_20260914_MARS_IF_ils_shadow_fix1,MARS,IF,ils_shadow,2024-07-17T00:19:00,MARS,GPS,USER_IF_WL_SD,5,0,0,nan,nan,0,0,0,0,False
r48u_20260914_MARS_IF_ils_shadow_fix1,MARS,IF,ils_shadow,2024-07-17T00:19:30,MARS,GPS,USER_IF_WL_SD,5,0,0,nan,nan,0,0,0,0,False
r48u_20260914_MARS_IF_ils_shadow_fix1,MARS,IF,ils_shadow,2024-07-17T00:20:00,MARS,GPS,USER_IF_WL_SD,5,0,0,nan,nan,0,0,0,0,False
r48u_20260914_MARS_IF_ils_shadow_fix1,MARS,IF,ils_shadow,2024-07-17T00:20:30,MARS,GPS,USER_IF_WL_SD,6,0,0,nan,nan,0,0,0,0,False
r48u_20260914_MARS_IF_ils_shadow_fix1,MARS,IF,ils_shadow,2024-07-17T00:21:00,MARS,GPS,USER_IF_WL_SD,5,0,0,nan,nan,0,0,0,0,False
r48u_20260914_MARS_IF_ils_shadow_fix1,MARS,IF,ils_shadow,2024-07-17T00:21:30,MARS,GPS,USER_IF_WL_SD,6,0,0,nan,nan,0,0,0,0,False
r48u_20260914_MARS_IF_ils_shadow_fix1,MARS,IF,ils_shadow,2024-07-17T00:22:00,MARS,GPS,USER_IF_WL_SD,6,0,0,nan,nan,0,0,0,0,False
r48u_20260914_MARS_IF_ils_shadow_fix1,MARS,IF,ils_shadow,2024-07-17T00:22:30,MARS,GPS,USER_IF_WL_SD,6,1,1,0.049957,23.9281,1,4.48941e-05,1,0,True
r48u_20260914_MARS_IF_ils_shadow_fix1,MARS,IF,ils_shadow,2024-07-17T00:22:30,MARS,GPS,USER_IF_L1_SD_CONDITIONAL,1,0,0,nan,nan,0,0,0,0,False
r48u_20260914_MARS_IF_ils_shadow_fix1,MARS,IF,ils_shadow,2024-07-17T00:23:00,MARS,GPS,USER_IF_WL_SD,6,2,2,0.447894,27.631,2,0.000112313,1,0,True
r48u_20260914_MARS_IF_ils_shadow_fix1,MARS,IF,ils_shadow,2024-07-17T00:23:00,MARS,GPS,USER_IF_L1_SD_CONDITIONAL,2,0,0,nan,nan,0,0,0,0,False
r48u_20260914_MARS_IF_ils_shadow_fix1,MARS,IF,ils_shadow,2024-07-17T00:23:30,MARS,GPS,USER_IF_WL_SD,5,2,2,0.489271,27.631,2,5.64629e-05,1,0,True
r48u_20260914_MARS_IF_ils_shadow_fix1,MARS,IF,ils_shadow,2024-07-17T00:23:30,MARS,GPS,USER_IF_L1_SD_CONDITIONAL,2,0,0,nan,nan,0,0,0,0,False
r48u_20260914_MARS_IF_ils_shadow_fix1,MARS,IF,ils_shadow,2024-07-17T00:24:00,MARS,GPS,USER_IF_WL_SD,5,2,2,0.584294,27.631,2,3.22161e-05,1,0,True
r48u_20260914_MARS_IF_ils_shadow_fix1,MARS,IF,ils_shadow,2024-07-17T00:24:00,MARS,GPS,USER_IF_L1_SD_CONDITIONAL,2,0,0,nan,nan,0,0,0,0,False
r48u_20260914_MARS_IF_ils_shadow_fix1,MARS,IF,ils_shadow,2024-07-17T00:24:30,MARS,GPS,USER_IF_WL_SD,5,3,3,0.73021,30.6648,3,0.000222561,1,0,True
r48u_20260914_MARS_IF_ils_shadow_fix1,MARS,IF,ils_shadow,2024-07-17T00:24:30,MARS,GPS,USER_IF_L1_SD_CONDITIONAL,3,0,0,nan,nan,0,0,0,0,False
r48u_20260914_MARS_IF_ils_shadow_fix1,MARS,IF,ils_shadow,2024-07-17T00:25:00,MARS,GPS,USER_IF_WL_SD,5,3,3,0.941395,30.6648,3,0.000132936,1,0,True
r48u_20260914_MARS_IF_ils_shadow_fix1,MARS,IF,ils_shadow,2024-07-17T00:25:00,MARS,GPS,USER_IF_L1_SD_CONDITIONAL,3,0,0,nan,nan,0,0,0,0,False
r48u_20260914_MARS_IF_ils_shadow_fix1,MARS,IF,ils_shadow,2024-07-17T00:26:00,MARS,GPS,USER_IF_WL_SD,5,3,3,1.11597,30.6648,3,7.88414e-05,1,0,True
r48u_20260914_MARS_IF_ils_shadow_fix1,MARS,IF,ils_shadow,2024-07-17T00:26:00,MARS,GPS,USER_IF_L1_SD_CONDITIONAL,3,0,0,nan,nan,0,0,0,0,False
r48u_20260914_MARS_IF_ils_shadow_fix1,MARS,IF,ils_shadow,2024-07-17T00:26:30,MARS,GPS,USER_IF_WL_SD,5,3,3,1.27175,30.6648,3,4.82746e-05,1,0,True
r48u_20260914_MARS_IF_ils_shadow_fix1,MARS,IF,ils_shadow,2024-07-17T00:26:30,MARS,GPS,USER_IF_L1_SD_CONDITIONAL,3,0,0,nan,nan,0,0,0,0,False
r48u_20260914_MARS_IF_ils_shadow_fix1,MARS,IF,ils_shadow,2024-07-17T00:27:00,MARS,GPS,USER_IF_WL_SD,6,3,3,1.37614,30.6648,3,2.8056e-05,1,0,True
r48u_20260914_MARS_IF_ils_shadow_fix1,MARS,IF,ils_shadow,2024-07-17T00:27:00,MARS,GPS,USER_IF_L1_SD_CONDITIONAL,3,0,0,nan,nan,0,0,0,0,False
r48u_20260914_MARS_IF_ils_shadow_fix1,MARS,IF,ils_shadow,2024-07-17T00:27:30,MARS,GPS,USER_IF_WL_SD,6,3,3,1.38242,30.6648,3,1.52787e-05,1,0,True
r48u_20260914_MARS_IF_ils_shadow_fix1,MARS,IF,ils_shadow,2024-07-17T00:27:30,MARS,GPS,USER_IF_L1_SD_CONDITIONAL,3,0,0,nan,nan,0,0,0,0,False
r48u_20260914_MARS_IF_ils_shadow_fix1,MARS,IF,ils_shadow,2024-07-17T00:28:00,MARS,GPS,USER_IF_WL_SD,6,3,3,1.42398,30.6648,3,8.46628e-06,1,0,True
r48u_20260914_MARS_IF_ils_shadow_fix1,MARS,IF,ils_shadow,2024-07-17T00:28:00,MARS,GPS,USER_IF_L1_SD_CONDITIONAL,3,0,0,nan,nan,0,0,0,0,False
r48u_20260914_MARS_IF_ils_shadow_fix1,MARS,IF,ils_shadow,2024-07-17T00:28:30,MARS,GPS,USER_IF_WL_SD,6,3,3,1.4513,30.6648,3,4.85286e-06,1,0,True
r48u_20260914_MARS_IF_ils_shadow_fix1,MARS,IF,ils_shadow,2024-07-17T00:28:30,MARS,GPS,USER_IF_L1_SD_CONDITIONAL,3,0,0,nan,nan,0,0,0,0,False
r48u_20260914_MARS_IF_ils_shadow_fix1,MARS,IF,ils_shadow,2024-07-17T00:29:00,MARS,GPS,USER_IF_WL_SD,6,3,3,1.518,30.6648,3,2.74572e-06,1,0,True
r48u_20260914_MARS_IF_ils_shadow_fix1,MARS,IF,ils_shadow,2024-07-17T00:29:00,MARS,GPS,USER_IF_L1_SD_CONDITIONAL,3,0,0,nan,nan,0,0,0,0,False
r48u_20260914_MARS_IF_ils_shadow_fix1,MARS,IF,ils_shadow,2024-07-17T00:29:30,MARS,GPS,USER_IF_WL_SD,7,3,3,1.5969,30.6648,3,1.56364e-06,1,0,True
r48u_20260914_MARS_IF_ils_shadow_fix1,MARS,IF,ils_shadow,2024-07-17T00:29:30,MARS,GPS,USER_IF_L1_SD_CONDITIONAL,3,0,0,nan,nan,0,0,0,0,False
r48u_20260914_MARS_IF_ils_shadow_fix1,MARS,IF,ils_shadow,2024-07-17T00:30:00,MARS,GPS,USER_IF_WL_SD,7,3,3,1.70496,30.6648,3,8.58242e-07,1,0,True
r48u_20260914_MARS_IF_ils_shadow_fix1,MARS,IF,ils_shadow,2024-07-17T00:30:00,MARS,GPS,USER_IF_L1_SD_CONDITIONAL,3,0,0,nan,nan,0,0,0,0,False
r48u_20260914_MARS_IF_ils_feedback_fix1,MARS,IF,ils_feedback,2024-07-17T00:10:30,MARS,GPS,USER_IF_WL_SD,5,0,0,nan,nan,0,0,0,1,False
r48u_20260914_MARS_IF_ils_feedback_fix1,MARS,IF,ils_feedback,2024-07-17T00:17:00,MARS,GPS,USER_IF_WL_SD,5,0,0,nan,nan,0,0,0,1,False
r48u_20260914_MARS_IF_ils_feedback_fix1,MARS,IF,ils_feedback,2024-07-17T00:17:30,MARS,GPS,USER_IF_WL_SD,5,0,0,nan,nan,0,0,0,1,False
r48u_20260914_MARS_IF_ils_feedback_fix1,MARS,IF,ils_feedback,2024-07-17T00:18:00,MARS,GPS,USER_IF_WL_SD,5,0,0,nan,nan,0,0,0,1,False
r48u_20260914_MARS_IF_ils_feedback_fix1,MARS,IF,ils_feedback,2024-07-17T00:18:30,MARS,GPS,USER_IF_WL_SD,5,0,0,nan,nan,0,0,0,1,False
r48u_20260914_MARS_IF_ils_feedback_fix1,MARS,IF,ils_feedback,2024-07-17T00:19:00,MARS,GPS,USER_IF_WL_SD,5,0,0,nan,nan,0,0,0,1,False
r48u_20260914_MARS_IF_ils_feedback_fix1,MARS,IF,ils_feedback,2024-07-17T00:19:30,MARS,GPS,USER_IF_WL_SD,5,0,0,nan,nan,0,0,0,1,False
r48u_20260914_MARS_IF_ils_feedback_fix1,MARS,IF,ils_feedback,2024-07-17T00:20:00,MARS,GPS,USER_IF_WL_SD,5,0,0,nan,nan,0,0,0,1,False
r48u_20260914_MARS_IF_ils_feedback_fix1,MARS,IF,ils_feedback,2024-07-17T00:20:30,MARS,GPS,USER_IF_WL_SD,6,0,0,nan,nan,0,0,0,1,False
r48u_20260914_MARS_IF_ils_feedback_fix1,MARS,IF,ils_feedback,2024-07-17T00:21:00,MARS,GPS,USER_IF_WL_SD,5,0,0,nan,nan,0,0,0,1,False
r48u_20260914_MARS_IF_ils_feedback_fix1,MARS,IF,ils_feedback,2024-07-17T00:21:30,MARS,GPS,USER_IF_WL_SD,6,0,0,nan,nan,0,0,0,1,False
r48u_20260914_MARS_IF_ils_feedback_fix1,MARS,IF,ils_feedback,2024-07-17T00:22:00,MARS,GPS,USER_IF_WL_SD,6,0,0,nan,nan,0,0,0,1,False
r48u_20260914_MARS_IF_ils_feedback_fix1,MARS,IF,ils_feedback,2024-07-17T00:22:30,MARS,GPS,USER_IF_WL_SD,6,1,1,0.049957,23.9281,1,4.48941e-05,1,1,True
r48u_20260914_MARS_IF_ils_feedback_fix1,MARS,IF,ils_feedback,2024-07-17T00:22:30,MARS,GPS,USER_IF_L1_SD_CONDITIONAL,1,0,0,nan,nan,0,0,0,1,False
r48u_20260914_MARS_IF_ils_feedback_fix1,MARS,IF,ils_feedback,2024-07-17T00:23:00,MARS,GPS,USER_IF_WL_SD,6,2,2,0.447894,27.631,2,0.000112313,1,1,True
r48u_20260914_MARS_IF_ils_feedback_fix1,MARS,IF,ils_feedback,2024-07-17T00:23:00,MARS,GPS,USER_IF_L1_SD_CONDITIONAL,2,0,0,nan,nan,0,0,0,1,False
r48u_20260914_MARS_IF_ils_feedback_fix1,MARS,IF,ils_feedback,2024-07-17T00:23:30,MARS,GPS,USER_IF_WL_SD,5,2,2,0.489271,27.631,2,5.64629e-05,1,1,True
r48u_20260914_MARS_IF_ils_feedback_fix1,MARS,IF,ils_feedback,2024-07-17T00:23:30,MARS,GPS,USER_IF_L1_SD_CONDITIONAL,2,0,0,nan,nan,0,0,0,1,False
r48u_20260914_MARS_IF_ils_feedback_fix1,MARS,IF,ils_feedback,2024-07-17T00:24:00,MARS,GPS,USER_IF_WL_SD,5,2,2,0.584294,27.631,2,3.22161e-05,1,1,True
r48u_20260914_MARS_IF_ils_feedback_fix1,MARS,IF,ils_feedback,2024-07-17T00:24:00,MARS,GPS,USER_IF_L1_SD_CONDITIONAL,2,0,0,nan,nan,0,0,0,1,False
r48u_20260914_MARS_IF_ils_feedback_fix1,MARS,IF,ils_feedback,2024-07-17T00:24:30,MARS,GPS,USER_IF_WL_SD,5,3,3,0.73021,30.6648,3,0.000222561,1,1,True
r48u_20260914_MARS_IF_ils_feedback_fix1,MARS,IF,ils_feedback,2024-07-17T00:24:30,MARS,GPS,USER_IF_L1_SD_CONDITIONAL,3,0,0,nan,nan,0,0,0,1,False
r48u_20260914_MARS_IF_ils_feedback_fix1,MARS,IF,ils_feedback,2024-07-17T00:25:00,MARS,GPS,USER_IF_WL_SD,5,3,3,0.941395,30.6648,3,0.000132936,1,1,True
r48u_20260914_MARS_IF_ils_feedback_fix1,MARS,IF,ils_feedback,2024-07-17T00:25:00,MARS,GPS,USER_IF_L1_SD_CONDITIONAL,3,0,0,nan,nan,0,0,0,1,False
r48u_20260914_MARS_IF_ils_feedback_fix1,MARS,IF,ils_feedback,2024-07-17T00:26:00,MARS,GPS,USER_IF_WL_SD,5,3,3,1.11597,30.6648,3,7.88414e-05,1,1,True
r48u_20260914_MARS_IF_ils_feedback_fix1,MARS,IF,ils_feedback,2024-07-17T00:26:00,MARS,GPS,USER_IF_L1_SD_CONDITIONAL,3,0,0,nan,nan,0,0,0,1,False
r48u_20260914_MARS_IF_ils_feedback_fix1,MARS,IF,ils_feedback,2024-07-17T00:26:30,MARS,GPS,USER_IF_WL_SD,5,3,3,1.27175,30.6648,3,4.82746e-05,1,1,True
r48u_20260914_MARS_IF_ils_feedback_fix1,MARS,IF,ils_feedback,2024-07-17T00:26:30,MARS,GPS,USER_IF_L1_SD_CONDITIONAL,3,0,0,nan,nan,0,0,0,1,False
r48u_20260914_MARS_IF_ils_feedback_fix1,MARS,IF,ils_feedback,2024-07-17T00:27:00,MARS,GPS,USER_IF_WL_SD,6,3,3,1.37614,30.6648,3,2.8056e-05,1,1,True
r48u_20260914_MARS_IF_ils_feedback_fix1,MARS,IF,ils_feedback,2024-07-17T00:27:00,MARS,GPS,USER_IF_L1_SD_CONDITIONAL,3,0,0,nan,nan,0,0,0,1,False
r48u_20260914_MARS_IF_ils_feedback_fix1,MARS,IF,ils_feedback,2024-07-17T00:27:30,MARS,GPS,USER_IF_WL_SD,6,3,3,1.38242,30.6648,3,1.52787e-05,1,1,True
r48u_20260914_MARS_IF_ils_feedback_fix1,MARS,IF,ils_feedback,2024-07-17T00:27:30,MARS,GPS,USER_IF_L1_SD_CONDITIONAL,3,0,0,nan,nan,0,0,0,1,False
r48u_20260914_MARS_IF_ils_feedback_fix1,MARS,IF,ils_feedback,2024-07-17T00:28:00,MARS,GPS,USER_IF_WL_SD,6,3,3,1.42398,30.6648,3,8.46628e-06,1,1,True
r48u_20260914_MARS_IF_ils_feedback_fix1,MARS,IF,ils_feedback,2024-07-17T00:28:00,MARS,GPS,USER_IF_L1_SD_CONDITIONAL,3,0,0,nan,nan,0,0,0,1,False
r48u_20260914_MARS_IF_ils_feedback_fix1,MARS,IF,ils_feedback,2024-07-17T00:28:30,MARS,GPS,USER_IF_WL_SD,6,3,3,1.4513,30.6648,3,4.85286e-06,1,1,True
r48u_20260914_MARS_IF_ils_feedback_fix1,MARS,IF,ils_feedback,2024-07-17T00:28:30,MARS,GPS,USER_IF_L1_SD_CONDITIONAL,3,0,0,nan,nan,0,0,0,1,False
r48u_20260914_MARS_IF_ils_feedback_fix1,MARS,IF,ils_feedback,2024-07-17T00:29:00,MARS,GPS,USER_IF_WL_SD,6,3,3,1.518,30.6648,3,2.74572e-06,1,1,True
r48u_20260914_MARS_IF_ils_feedback_fix1,MARS,IF,ils_feedback,2024-07-17T00:29:00,MARS,GPS,USER_IF_L1_SD_CONDITIONAL,3,0,0,nan,nan,0,0,0,1,False
r48u_20260914_MARS_IF_ils_feedback_fix1,MARS,IF,ils_feedback,2024-07-17T00:29:30,MARS,GPS,USER_IF_WL_SD,7,3,3,1.5969,30.6648,3,1.56364e-06,1,1,True
r48u_20260914_MARS_IF_ils_feedback_fix1,MARS,IF,ils_feedback,2024-07-17T00:29:30,MARS,GPS,USER_IF_L1_SD_CONDITIONAL,3,0,0,nan,nan,0,0,0,1,False
r48u_20260914_MARS_IF_ils_feedback_fix1,MARS,IF,ils_feedback,2024-07-17T00:30:00,MARS,GPS,USER_IF_WL_SD,7,3,3,1.70496,30.6648,3,8.58242e-07,1,1,True
r48u_20260914_MARS_IF_ils_feedback_fix1,MARS,IF,ils_feedback,2024-07-17T00:30:00,MARS,GPS,USER_IF_L1_SD_CONDITIONAL,3,0,0,nan,nan,0,0,0,1,False
r48u_20260914_JPLM_IF_round_shadow_fix1,JPLM,IF,round_shadow,2024-07-17T00:10:00,JPLM,GPS,USER_IF_WL_SD,1,0,0,nan,nan,0,0,0,0,False
r48u_20260914_JPLM_IF_round_shadow_fix1,JPLM,IF,round_shadow,2024-07-17T00:11:00,JPLM,GPS,USER_IF_WL_SD,1,0,0,nan,nan,0,0,0,0,False
r48u_20260914_JPLM_IF_round_shadow_fix1,JPLM,IF,round_shadow,2024-07-17T00:11:30,JPLM,GPS,USER_IF_WL_SD,2,0,0,nan,nan,0,0,0,0,False
r48u_20260914_JPLM_IF_round_shadow_fix1,JPLM,IF,round_shadow,2024-07-17T00:12:00,JPLM,GPS,USER_IF_WL_SD,2,0,0,nan,nan,0,0,0,0,False
r48u_20260914_JPLM_IF_round_shadow_fix1,JPLM,IF,round_shadow,2024-07-17T00:12:30,JPLM,GPS,USER_IF_WL_SD,2,0,0,nan,nan,0,0,0,0,False
r48u_20260914_JPLM_IF_round_shadow_fix1,JPLM,IF,round_shadow,2024-07-17T00:13:00,JPLM,GPS,USER_IF_WL_SD,2,0,0,nan,nan,0,0,0,0,False
r48u_20260914_JPLM_IF_round_shadow_fix1,JPLM,IF,round_shadow,2024-07-17T00:13:30,JPLM,GPS,USER_IF_WL_SD,2,0,0,nan,nan,0,0,0,0,False
r48u_20260914_JPLM_IF_round_shadow_fix1,JPLM,IF,round_shadow,2024-07-17T00:14:00,JPLM,GPS,USER_IF_WL_SD,2,0,0,nan,nan,0,0,0,0,False
r48u_20260914_JPLM_IF_round_shadow_fix1,JPLM,IF,round_shadow,2024-07-17T00:14:30,JPLM,GPS,USER_IF_WL_SD,2,0,0,nan,nan,0,0,0,0,False
r48u_20260914_JPLM_IF_round_shadow_fix1,JPLM,IF,round_shadow,2024-07-17T00:15:00,JPLM,GPS,USER_IF_WL_SD,2,0,0,nan,nan,0,0,0,0,False
r48u_20260914_JPLM_IF_round_shadow_fix1,JPLM,IF,round_shadow,2024-07-17T00:15:30,JPLM,GPS,USER_IF_WL_SD,2,0,0,nan,nan,0,0,0,0,False
r48u_20260914_JPLM_IF_round_shadow_fix1,JPLM,IF,round_shadow,2024-07-17T00:16:00,JPLM,GPS,USER_IF_WL_SD,2,0,0,nan,nan,0,0,0,0,False
r48u_20260914_JPLM_IF_round_shadow_fix1,JPLM,IF,round_shadow,2024-07-17T00:16:30,JPLM,GPS,USER_IF_WL_SD,2,0,0,nan,nan,0,0,0,0,False
r48u_20260914_JPLM_IF_round_shadow_fix1,JPLM,IF,round_shadow,2024-07-17T00:17:00,JPLM,GPS,USER_IF_WL_SD,3,0,0,nan,nan,0,0,0,0,False
r48u_20260914_JPLM_IF_round_shadow_fix1,JPLM,IF,round_shadow,2024-07-17T00:17:30,JPLM,GPS,USER_IF_WL_SD,3,0,0,nan,nan,0,0,0,0,False
r48u_20260914_JPLM_IF_round_shadow_fix1,JPLM,IF,round_shadow,2024-07-17T00:18:00,JPLM,GPS,USER_IF_WL_SD,3,0,0,nan,nan,0,0,0,0,False
r48u_20260914_JPLM_IF_round_shadow_fix1,JPLM,IF,round_shadow,2024-07-17T00:18:30,JPLM,GPS,USER_IF_WL_SD,3,0,0,nan,nan,0,0,0,0,False
r48u_20260914_JPLM_IF_round_shadow_fix1,JPLM,IF,round_shadow,2024-07-17T00:19:00,JPLM,GPS,USER_IF_WL_SD,4,0,0,nan,nan,0,0,0,0,False
r48u_20260914_JPLM_IF_round_shadow_fix1,JPLM,IF,round_shadow,2024-07-17T00:19:30,JPLM,GPS,USER_IF_WL_SD,4,0,0,nan,nan,0,0,0,0,False
r48u_20260914_JPLM_IF_round_shadow_fix1,JPLM,IF,round_shadow,2024-07-17T00:20:00,JPLM,GPS,USER_IF_WL_SD,4,0,0,nan,nan,0,0,0,0,False
r48u_20260914_JPLM_IF_round_shadow_fix1,JPLM,IF,round_shadow,2024-07-17T00:20:30,JPLM,GPS,USER_IF_WL_SD,4,0,0,nan,nan,0,0,0,0,False
r48u_20260914_JPLM_IF_round_shadow_fix1,JPLM,IF,round_shadow,2024-07-17T00:21:00,JPLM,GPS,USER_IF_WL_SD,4,0,0,nan,nan,0,0,0,0,False
r48u_20260914_JPLM_IF_round_shadow_fix1,JPLM,IF,round_shadow,2024-07-17T00:21:30,JPLM,GPS,USER_IF_WL_SD,4,0,0,nan,nan,0,0,0,0,False
r48u_20260914_JPLM_IF_round_shadow_fix1,JPLM,IF,round_shadow,2024-07-17T00:22:00,JPLM,GPS,USER_IF_WL_SD,4,0,0,nan,nan,0,0,0,0,False
r48u_20260914_JPLM_IF_round_shadow_fix1,JPLM,IF,round_shadow,2024-07-17T00:22:30,JPLM,GPS,USER_IF_WL_SD,4,0,0,nan,nan,0,0,0,0,False
r48u_20260914_JPLM_IF_round_shadow_fix1,JPLM,IF,round_shadow,2024-07-17T00:23:00,JPLM,GPS,USER_IF_WL_SD,4,0,0,nan,nan,0,0,0,0,False
r48u_20260914_JPLM_IF_round_shadow_fix1,JPLM,IF,round_shadow,2024-07-17T00:23:30,JPLM,GPS,USER_IF_WL_SD,3,0,0,nan,nan,0,0,0,0,False
r48u_20260914_JPLM_IF_round_shadow_fix1,JPLM,IF,round_shadow,2024-07-17T00:24:00,JPLM,GPS,USER_IF_WL_SD,4,0,0,nan,nan,0,0,0,0,False
r48u_20260914_JPLM_IF_round_shadow_fix1,JPLM,IF,round_shadow,2024-07-17T00:24:30,JPLM,GPS,USER_IF_WL_SD,4,0,0,nan,nan,0,0,0,0,False
r48u_20260914_JPLM_IF_round_shadow_fix1,JPLM,IF,round_shadow,2024-07-17T00:25:00,JPLM,GPS,USER_IF_WL_SD,4,1,0,1.00922,23.9281,1,0.002354,0,0,False
r48u_20260914_JPLM_IF_round_shadow_fix1,JPLM,IF,round_shadow,2024-07-17T00:25:30,JPLM,GPS,USER_IF_WL_SD,3,1,0,1.26912,23.9281,1,0.0027053,0,0,False
r48u_20260914_JPLM_IF_round_shadow_fix1,JPLM,IF,round_shadow,2024-07-17T00:26:00,JPLM,GPS,USER_IF_WL_SD,4,0,0,nan,nan,0,0,0,0,False
r48u_20260914_JPLM_IF_round_shadow_fix1,JPLM,IF,round_shadow,2024-07-17T00:26:30,JPLM,GPS,USER_IF_WL_SD,4,0,0,nan,nan,0,0,0,0,False
r48u_20260914_JPLM_IF_round_shadow_fix1,JPLM,IF,round_shadow,2024-07-17T00:27:00,JPLM,GPS,USER_IF_WL_SD,3,1,0,1.7242,23.9281,1,0.00251432,0,0,False
r48u_20260914_JPLM_IF_round_shadow_fix1,JPLM,IF,round_shadow,2024-07-17T00:27:30,JPLM,GPS,USER_IF_WL_SD,3,1,0,1.98649,23.9281,1,0.0027788,0,0,False
r48u_20260914_JPLM_IF_round_shadow_fix1,JPLM,IF,round_shadow,2024-07-17T00:28:00,JPLM,GPS,USER_IF_WL_SD,3,1,0,2.14879,23.9281,1,0.00272262,0,0,False
r48u_20260914_JPLM_IF_round_shadow_fix1,JPLM,IF,round_shadow,2024-07-17T00:28:30,JPLM,GPS,USER_IF_WL_SD,4,1,0,2.06569,23.9281,1,0.00203617,0,0,False
r48u_20260914_JPLM_IF_round_shadow_fix1,JPLM,IF,round_shadow,2024-07-17T00:29:00,JPLM,GPS,USER_IF_WL_SD,4,1,0,2.03898,23.9281,1,0.00161622,0,0,False
r48u_20260914_JPLM_IF_round_shadow_fix1,JPLM,IF,round_shadow,2024-07-17T00:29:30,JPLM,GPS,USER_IF_WL_SD,4,1,0,2.07303,23.9281,1,0.00137971,0,0,False
r48u_20260914_JPLM_IF_round_shadow_fix1,JPLM,IF,round_shadow,2024-07-17T00:30:00,JPLM,GPS,USER_IF_WL_SD,4,1,0,2.05649,23.9281,1,0.00111204,0,0,False
r48u_20260914_JPLM_IF_round_feedback_fix1,JPLM,IF,round_feedback,2024-07-17T00:10:00,JPLM,GPS,USER_IF_WL_SD,1,0,0,nan,nan,0,0,0,1,False
r48u_20260914_JPLM_IF_round_feedback_fix1,JPLM,IF,round_feedback,2024-07-17T00:11:00,JPLM,GPS,USER_IF_WL_SD,1,0,0,nan,nan,0,0,0,1,False
r48u_20260914_JPLM_IF_round_feedback_fix1,JPLM,IF,round_feedback,2024-07-17T00:11:30,JPLM,GPS,USER_IF_WL_SD,2,0,0,nan,nan,0,0,0,1,False
r48u_20260914_JPLM_IF_round_feedback_fix1,JPLM,IF,round_feedback,2024-07-17T00:12:00,JPLM,GPS,USER_IF_WL_SD,2,0,0,nan,nan,0,0,0,1,False
r48u_20260914_JPLM_IF_round_feedback_fix1,JPLM,IF,round_feedback,2024-07-17T00:12:30,JPLM,GPS,USER_IF_WL_SD,2,0,0,nan,nan,0,0,0,1,False
r48u_20260914_JPLM_IF_round_feedback_fix1,JPLM,IF,round_feedback,2024-07-17T00:13:00,JPLM,GPS,USER_IF_WL_SD,2,0,0,nan,nan,0,0,0,1,False
r48u_20260914_JPLM_IF_round_feedback_fix1,JPLM,IF,round_feedback,2024-07-17T00:13:30,JPLM,GPS,USER_IF_WL_SD,2,0,0,nan,nan,0,0,0,1,False
r48u_20260914_JPLM_IF_round_feedback_fix1,JPLM,IF,round_feedback,2024-07-17T00:14:00,JPLM,GPS,USER_IF_WL_SD,2,0,0,nan,nan,0,0,0,1,False
r48u_20260914_JPLM_IF_round_feedback_fix1,JPLM,IF,round_feedback,2024-07-17T00:14:30,JPLM,GPS,USER_IF_WL_SD,2,0,0,nan,nan,0,0,0,1,False
r48u_20260914_JPLM_IF_round_feedback_fix1,JPLM,IF,round_feedback,2024-07-17T00:15:00,JPLM,GPS,USER_IF_WL_SD,2,0,0,nan,nan,0,0,0,1,False
r48u_20260914_JPLM_IF_round_feedback_fix1,JPLM,IF,round_feedback,2024-07-17T00:15:30,JPLM,GPS,USER_IF_WL_SD,2,0,0,nan,nan,0,0,0,1,False
r48u_20260914_JPLM_IF_round_feedback_fix1,JPLM,IF,round_feedback,2024-07-17T00:16:00,JPLM,GPS,USER_IF_WL_SD,2,0,0,nan,nan,0,0,0,1,False
r48u_20260914_JPLM_IF_round_feedback_fix1,JPLM,IF,round_feedback,2024-07-17T00:16:30,JPLM,GPS,USER_IF_WL_SD,2,0,0,nan,nan,0,0,0,1,False
r48u_20260914_JPLM_IF_round_feedback_fix1,JPLM,IF,round_feedback,2024-07-17T00:17:00,JPLM,GPS,USER_IF_WL_SD,3,0,0,nan,nan,0,0,0,1,False
r48u_20260914_JPLM_IF_round_feedback_fix1,JPLM,IF,round_feedback,2024-07-17T00:17:30,JPLM,GPS,USER_IF_WL_SD,3,0,0,nan,nan,0,0,0,1,False
r48u_20260914_JPLM_IF_round_feedback_fix1,JPLM,IF,round_feedback,2024-07-17T00:18:00,JPLM,GPS,USER_IF_WL_SD,3,0,0,nan,nan,0,0,0,1,False
r48u_20260914_JPLM_IF_round_feedback_fix1,JPLM,IF,round_feedback,2024-07-17T00:18:30,JPLM,GPS,USER_IF_WL_SD,3,0,0,nan,nan,0,0,0,1,False
r48u_20260914_JPLM_IF_round_feedback_fix1,JPLM,IF,round_feedback,2024-07-17T00:19:00,JPLM,GPS,USER_IF_WL_SD,4,0,0,nan,nan,0,0,0,1,False
r48u_20260914_JPLM_IF_round_feedback_fix1,JPLM,IF,round_feedback,2024-07-17T00:19:30,JPLM,GPS,USER_IF_WL_SD,4,0,0,nan,nan,0,0,0,1,False
r48u_20260914_JPLM_IF_round_feedback_fix1,JPLM,IF,round_feedback,2024-07-17T00:20:00,JPLM,GPS,USER_IF_WL_SD,4,0,0,nan,nan,0,0,0,1,False
r48u_20260914_JPLM_IF_round_feedback_fix1,JPLM,IF,round_feedback,2024-07-17T00:20:30,JPLM,GPS,USER_IF_WL_SD,4,0,0,nan,nan,0,0,0,1,False
r48u_20260914_JPLM_IF_round_feedback_fix1,JPLM,IF,round_feedback,2024-07-17T00:21:00,JPLM,GPS,USER_IF_WL_SD,4,0,0,nan,nan,0,0,0,1,False
r48u_20260914_JPLM_IF_round_feedback_fix1,JPLM,IF,round_feedback,2024-07-17T00:21:30,JPLM,GPS,USER_IF_WL_SD,4,0,0,nan,nan,0,0,0,1,False
r48u_20260914_JPLM_IF_round_feedback_fix1,JPLM,IF,round_feedback,2024-07-17T00:22:00,JPLM,GPS,USER_IF_WL_SD,4,0,0,nan,nan,0,0,0,1,False
r48u_20260914_JPLM_IF_round_feedback_fix1,JPLM,IF,round_feedback,2024-07-17T00:22:30,JPLM,GPS,USER_IF_WL_SD,4,0,0,nan,nan,0,0,0,1,False
r48u_20260914_JPLM_IF_round_feedback_fix1,JPLM,IF,round_feedback,2024-07-17T00:23:00,JPLM,GPS,USER_IF_WL_SD,4,0,0,nan,nan,0,0,0,1,False
r48u_20260914_JPLM_IF_round_feedback_fix1,JPLM,IF,round_feedback,2024-07-17T00:23:30,JPLM,GPS,USER_IF_WL_SD,3,0,0,nan,nan,0,0,0,1,False
r48u_20260914_JPLM_IF_round_feedback_fix1,JPLM,IF,round_feedback,2024-07-17T00:24:00,JPLM,GPS,USER_IF_WL_SD,4,0,0,nan,nan,0,0,0,1,False
r48u_20260914_JPLM_IF_round_feedback_fix1,JPLM,IF,round_feedback,2024-07-17T00:24:30,JPLM,GPS,USER_IF_WL_SD,4,0,0,nan,nan,0,0,0,1,False
r48u_20260914_JPLM_IF_round_feedback_fix1,JPLM,IF,round_feedback,2024-07-17T00:25:00,JPLM,GPS,USER_IF_WL_SD,4,1,0,1.00922,23.9281,1,0.002354,0,1,False
r48u_20260914_JPLM_IF_round_feedback_fix1,JPLM,IF,round_feedback,2024-07-17T00:25:30,JPLM,GPS,USER_IF_WL_SD,3,1,0,1.26912,23.9281,1,0.0027053,0,1,False
r48u_20260914_JPLM_IF_round_feedback_fix1,JPLM,IF,round_feedback,2024-07-17T00:26:00,JPLM,GPS,USER_IF_WL_SD,4,0,0,nan,nan,0,0,0,1,False
r48u_20260914_JPLM_IF_round_feedback_fix1,JPLM,IF,round_feedback,2024-07-17T00:26:30,JPLM,GPS,USER_IF_WL_SD,4,0,0,nan,nan,0,0,0,1,False
r48u_20260914_JPLM_IF_round_feedback_fix1,JPLM,IF,round_feedback,2024-07-17T00:27:00,JPLM,GPS,USER_IF_WL_SD,3,1,0,1.7242,23.9281,1,0.00251432,0,1,False
r48u_20260914_JPLM_IF_round_feedback_fix1,JPLM,IF,round_feedback,2024-07-17T00:27:30,JPLM,GPS,USER_IF_WL_SD,3,1,0,1.98649,23.9281,1,0.0027788,0,1,False
r48u_20260914_JPLM_IF_round_feedback_fix1,JPLM,IF,round_feedback,2024-07-17T00:28:00,JPLM,GPS,USER_IF_WL_SD,3,1,0,2.14879,23.9281,1,0.00272262,0,1,False
r48u_20260914_JPLM_IF_round_feedback_fix1,JPLM,IF,round_feedback,2024-07-17T00:28:30,JPLM,GPS,USER_IF_WL_SD,4,1,0,2.06569,23.9281,1,0.00203617,0,1,False
r48u_20260914_JPLM_IF_round_feedback_fix1,JPLM,IF,round_feedback,2024-07-17T00:29:00,JPLM,GPS,USER_IF_WL_SD,4,1,0,2.03898,23.9281,1,0.00161622,0,1,False
r48u_20260914_JPLM_IF_round_feedback_fix1,JPLM,IF,round_feedback,2024-07-17T00:29:30,JPLM,GPS,USER_IF_WL_SD,4,1,0,2.07303,23.9281,1,0.00137971,0,1,False
r48u_20260914_JPLM_IF_round_feedback_fix1,JPLM,IF,round_feedback,2024-07-17T00:30:00,JPLM,GPS,USER_IF_WL_SD,4,1,0,2.05649,23.9281,1,0.00111204,0,1,False
r48u_20260914_JPLM_IF_ils_shadow_fix1,JPLM,IF,ils_shadow,2024-07-17T00:10:00,JPLM,GPS,USER_IF_WL_SD,1,0,0,nan,nan,0,0,0,0,False
r48u_20260914_JPLM_IF_ils_shadow_fix1,JPLM,IF,ils_shadow,2024-07-17T00:11:00,JPLM,GPS,USER_IF_WL_SD,1,0,0,nan,nan,0,0,0,0,False
r48u_20260914_JPLM_IF_ils_shadow_fix1,JPLM,IF,ils_shadow,2024-07-17T00:11:30,JPLM,GPS,USER_IF_WL_SD,2,0,0,nan,nan,0,0,0,0,False
r48u_20260914_JPLM_IF_ils_shadow_fix1,JPLM,IF,ils_shadow,2024-07-17T00:12:00,JPLM,GPS,USER_IF_WL_SD,2,0,0,nan,nan,0,0,0,0,False
r48u_20260914_JPLM_IF_ils_shadow_fix1,JPLM,IF,ils_shadow,2024-07-17T00:12:30,JPLM,GPS,USER_IF_WL_SD,2,0,0,nan,nan,0,0,0,0,False
r48u_20260914_JPLM_IF_ils_shadow_fix1,JPLM,IF,ils_shadow,2024-07-17T00:13:00,JPLM,GPS,USER_IF_WL_SD,2,0,0,nan,nan,0,0,0,0,False
r48u_20260914_JPLM_IF_ils_shadow_fix1,JPLM,IF,ils_shadow,2024-07-17T00:13:30,JPLM,GPS,USER_IF_WL_SD,2,0,0,nan,nan,0,0,0,0,False
r48u_20260914_JPLM_IF_ils_shadow_fix1,JPLM,IF,ils_shadow,2024-07-17T00:14:00,JPLM,GPS,USER_IF_WL_SD,2,0,0,nan,nan,0,0,0,0,False
r48u_20260914_JPLM_IF_ils_shadow_fix1,JPLM,IF,ils_shadow,2024-07-17T00:14:30,JPLM,GPS,USER_IF_WL_SD,2,0,0,nan,nan,0,0,0,0,False
r48u_20260914_JPLM_IF_ils_shadow_fix1,JPLM,IF,ils_shadow,2024-07-17T00:15:00,JPLM,GPS,USER_IF_WL_SD,2,0,0,nan,nan,0,0,0,0,False
r48u_20260914_JPLM_IF_ils_shadow_fix1,JPLM,IF,ils_shadow,2024-07-17T00:15:30,JPLM,GPS,USER_IF_WL_SD,2,0,0,nan,nan,0,0,0,0,False
r48u_20260914_JPLM_IF_ils_shadow_fix1,JPLM,IF,ils_shadow,2024-07-17T00:16:00,JPLM,GPS,USER_IF_WL_SD,2,0,0,nan,nan,0,0,0,0,False
r48u_20260914_JPLM_IF_ils_shadow_fix1,JPLM,IF,ils_shadow,2024-07-17T00:16:30,JPLM,GPS,USER_IF_WL_SD,2,0,0,nan,nan,0,0,0,0,False
r48u_20260914_JPLM_IF_ils_shadow_fix1,JPLM,IF,ils_shadow,2024-07-17T00:17:00,JPLM,GPS,USER_IF_WL_SD,3,0,0,nan,nan,0,0,0,0,False
r48u_20260914_JPLM_IF_ils_shadow_fix1,JPLM,IF,ils_shadow,2024-07-17T00:17:30,JPLM,GPS,USER_IF_WL_SD,3,1,0,3.87345,23.9281,1,0.00999198,0,0,False
r48u_20260914_JPLM_IF_ils_shadow_fix1,JPLM,IF,ils_shadow,2024-07-17T00:18:00,JPLM,GPS,USER_IF_WL_SD,3,1,0,4.34254,23.9281,1,0.00797983,0,0,False
r48u_20260914_JPLM_IF_ils_shadow_fix1,JPLM,IF,ils_shadow,2024-07-17T00:18:30,JPLM,GPS,USER_IF_WL_SD,3,1,0,4.87363,23.9281,1,0.00667579,0,0,False
r48u_20260914_JPLM_IF_ils_shadow_fix1,JPLM,IF,ils_shadow,2024-07-17T00:19:00,JPLM,GPS,USER_IF_WL_SD,4,1,0,5.1284,23.9281,1,0.00444997,0,0,False
r48u_20260914_JPLM_IF_ils_shadow_fix1,JPLM,IF,ils_shadow,2024-07-17T00:19:30,JPLM,GPS,USER_IF_WL_SD,4,1,0,5.26468,23.9281,1,0.00268353,0,0,False
r48u_20260914_JPLM_IF_ils_shadow_fix1,JPLM,IF,ils_shadow,2024-07-17T00:20:00,JPLM,GPS,USER_IF_WL_SD,4,1,0,5.56564,23.9281,1,0.00186663,0,0,False
r48u_20260914_JPLM_IF_ils_shadow_fix1,JPLM,IF,ils_shadow,2024-07-17T00:20:30,JPLM,GPS,USER_IF_WL_SD,4,1,0,5.76278,23.9281,1,0.00117894,0,0,False
r48u_20260914_JPLM_IF_ils_shadow_fix1,JPLM,IF,ils_shadow,2024-07-17T00:21:00,JPLM,GPS,USER_IF_WL_SD,4,1,1,5.91521,23.9281,1,0.000721034,1,0,True
r48u_20260914_JPLM_IF_ils_shadow_fix1,JPLM,IF,ils_shadow,2024-07-17T00:21:00,JPLM,GPS,USER_IF_L1_SD_CONDITIONAL,1,0,0,nan,nan,0,0,0,0,False
r48u_20260914_JPLM_IF_ils_shadow_fix1,JPLM,IF,ils_shadow,2024-07-17T00:21:30,JPLM,GPS,USER_IF_WL_SD,4,1,1,6.11798,23.9281,1,0.000455844,1,0,True
r48u_20260914_JPLM_IF_ils_shadow_fix1,JPLM,IF,ils_shadow,2024-07-17T00:21:30,JPLM,GPS,USER_IF_L1_SD_CONDITIONAL,1,0,0,nan,nan,0,0,0,0,False
r48u_20260914_JPLM_IF_ils_shadow_fix1,JPLM,IF,ils_shadow,2024-07-17T00:22:00,JPLM,GPS,USER_IF_WL_SD,4,1,1,6.34073,23.9281,1,0.000292833,1,0,True
r48u_20260914_JPLM_IF_ils_shadow_fix1,JPLM,IF,ils_shadow,2024-07-17T00:22:00,JPLM,GPS,USER_IF_L1_SD_CONDITIONAL,1,0,0,nan,nan,0,0,0,0,False
r48u_20260914_JPLM_IF_ils_shadow_fix1,JPLM,IF,ils_shadow,2024-07-17T00:22:30,JPLM,GPS,USER_IF_WL_SD,4,1,1,6.74776,23.9281,1,0.000220512,1,0,True
r48u_20260914_JPLM_IF_ils_shadow_fix1,JPLM,IF,ils_shadow,2024-07-17T00:22:30,JPLM,GPS,USER_IF_L1_SD_CONDITIONAL,1,0,0,nan,nan,0,0,0,0,False
r48u_20260914_JPLM_IF_ils_shadow_fix1,JPLM,IF,ils_shadow,2024-07-17T00:23:00,JPLM,GPS,USER_IF_WL_SD,4,1,1,7.19001,23.9281,1,0.000170908,1,0,True
r48u_20260914_JPLM_IF_ils_shadow_fix1,JPLM,IF,ils_shadow,2024-07-17T00:23:00,JPLM,GPS,USER_IF_L1_SD_CONDITIONAL,1,0,0,nan,nan,0,0,0,0,False
r48u_20260914_JPLM_IF_ils_shadow_fix1,JPLM,IF,ils_shadow,2024-07-17T00:23:30,JPLM,GPS,USER_IF_WL_SD,3,1,1,7.65948,23.9281,1,0.000136301,1,0,True
r48u_20260914_JPLM_IF_ils_shadow_fix1,JPLM,IF,ils_shadow,2024-07-17T00:23:30,JPLM,GPS,USER_IF_L1_SD_CONDITIONAL,1,0,0,nan,nan,0,0,0,0,False
r48u_20260914_JPLM_IF_ils_shadow_fix1,JPLM,IF,ils_shadow,2024-07-17T00:24:00,JPLM,GPS,USER_IF_WL_SD,4,1,1,7.75836,23.9281,1,7.93026e-05,1,0,True
r48u_20260914_JPLM_IF_ils_shadow_fix1,JPLM,IF,ils_shadow,2024-07-17T00:24:00,JPLM,GPS,USER_IF_L1_SD_CONDITIONAL,1,0,0,nan,nan,0,0,0,0,False
r48u_20260914_JPLM_IF_ils_shadow_fix1,JPLM,IF,ils_shadow,2024-07-17T00:24:30,JPLM,GPS,USER_IF_WL_SD,4,1,1,7.81103,23.9281,1,4.41989e-05,1,0,True
r48u_20260914_JPLM_IF_ils_shadow_fix1,JPLM,IF,ils_shadow,2024-07-17T00:24:30,JPLM,GPS,USER_IF_L1_SD_CONDITIONAL,1,0,0,nan,nan,0,0,0,0,False
r48u_20260914_JPLM_IF_ils_shadow_fix1,JPLM,IF,ils_shadow,2024-07-17T00:25:00,JPLM,GPS,USER_IF_WL_SD,4,1,1,7.75009,23.9281,1,2.21927e-05,1,0,True
r48u_20260914_JPLM_IF_ils_shadow_fix1,JPLM,IF,ils_shadow,2024-07-17T00:25:00,JPLM,GPS,USER_IF_L1_SD_CONDITIONAL,1,0,0,nan,nan,0,0,0,0,False
r48u_20260914_JPLM_IF_ils_shadow_fix1,JPLM,IF,ils_shadow,2024-07-17T00:25:30,JPLM,GPS,USER_IF_WL_SD,3,1,1,7.96754,23.9281,1,1.41195e-05,1,0,True
r48u_20260914_JPLM_IF_ils_shadow_fix1,JPLM,IF,ils_shadow,2024-07-17T00:25:30,JPLM,GPS,USER_IF_L1_SD_CONDITIONAL,1,0,0,nan,nan,0,0,0,0,False
r48u_20260914_JPLM_IF_ils_shadow_fix1,JPLM,IF,ils_shadow,2024-07-17T00:26:00,JPLM,GPS,USER_IF_WL_SD,4,1,1,8.35581,23.9281,1,1.0454e-05,1,0,True
r48u_20260914_JPLM_IF_ils_shadow_fix1,JPLM,IF,ils_shadow,2024-07-17T00:26:00,JPLM,GPS,USER_IF_L1_SD_CONDITIONAL,1,0,0,nan,nan,0,0,0,0,False
r48u_20260914_JPLM_IF_ils_shadow_fix1,JPLM,IF,ils_shadow,2024-07-17T00:26:30,JPLM,GPS,USER_IF_WL_SD,4,2,0,8.83511,27.631,2,0.00267436,0,0,False
r48u_20260914_JPLM_IF_ils_shadow_fix1,JPLM,IF,ils_shadow,2024-07-17T00:26:30,JPLM,GPS,USER_IF_L1_SD_CONDITIONAL,1,0,0,nan,nan,0,0,0,0,False
r48u_20260914_JPLM_IF_ils_shadow_fix1,JPLM,IF,ils_shadow,2024-07-17T00:27:00,JPLM,GPS,USER_IF_WL_SD,3,0,0,nan,nan,0,0,0,0,False
r48u_20260914_JPLM_IF_ils_shadow_fix1,JPLM,IF,ils_shadow,2024-07-17T00:27:30,JPLM,GPS,USER_IF_WL_SD,3,0,0,nan,nan,0,0,0,0,False
r48u_20260914_JPLM_IF_ils_shadow_fix1,JPLM,IF,ils_shadow,2024-07-17T00:28:00,JPLM,GPS,USER_IF_WL_SD,3,0,0,nan,nan,0,0,0,0,False
r48u_20260914_JPLM_IF_ils_shadow_fix1,JPLM,IF,ils_shadow,2024-07-17T00:28:30,JPLM,GPS,USER_IF_WL_SD,4,1,0,2.06569,23.9281,1,0.00203617,0,0,False
r48u_20260914_JPLM_IF_ils_shadow_fix1,JPLM,IF,ils_shadow,2024-07-17T00:29:00,JPLM,GPS,USER_IF_WL_SD,4,1,0,2.03898,23.9281,1,0.00161622,0,0,False
r48u_20260914_JPLM_IF_ils_shadow_fix1,JPLM,IF,ils_shadow,2024-07-17T00:29:30,JPLM,GPS,USER_IF_WL_SD,4,1,0,2.07303,23.9281,1,0.00137971,0,0,False
r48u_20260914_JPLM_IF_ils_shadow_fix1,JPLM,IF,ils_shadow,2024-07-17T00:30:00,JPLM,GPS,USER_IF_WL_SD,4,1,0,2.05649,23.9281,1,0.00111204,0,0,False
r48u_20260914_JPLM_IF_ils_feedback_fix1,JPLM,IF,ils_feedback,2024-07-17T00:10:00,JPLM,GPS,USER_IF_WL_SD,1,0,0,nan,nan,0,0,0,1,False
r48u_20260914_JPLM_IF_ils_feedback_fix1,JPLM,IF,ils_feedback,2024-07-17T00:11:00,JPLM,GPS,USER_IF_WL_SD,1,0,0,nan,nan,0,0,0,1,False
r48u_20260914_JPLM_IF_ils_feedback_fix1,JPLM,IF,ils_feedback,2024-07-17T00:11:30,JPLM,GPS,USER_IF_WL_SD,2,0,0,nan,nan,0,0,0,1,False
r48u_20260914_JPLM_IF_ils_feedback_fix1,JPLM,IF,ils_feedback,2024-07-17T00:12:00,JPLM,GPS,USER_IF_WL_SD,2,0,0,nan,nan,0,0,0,1,False
r48u_20260914_JPLM_IF_ils_feedback_fix1,JPLM,IF,ils_feedback,2024-07-17T00:12:30,JPLM,GPS,USER_IF_WL_SD,2,0,0,nan,nan,0,0,0,1,False
r48u_20260914_JPLM_IF_ils_feedback_fix1,JPLM,IF,ils_feedback,2024-07-17T00:13:00,JPLM,GPS,USER_IF_WL_SD,2,0,0,nan,nan,0,0,0,1,False
r48u_20260914_JPLM_IF_ils_feedback_fix1,JPLM,IF,ils_feedback,2024-07-17T00:13:30,JPLM,GPS,USER_IF_WL_SD,2,0,0,nan,nan,0,0,0,1,False
r48u_20260914_JPLM_IF_ils_feedback_fix1,JPLM,IF,ils_feedback,2024-07-17T00:14:00,JPLM,GPS,USER_IF_WL_SD,2,0,0,nan,nan,0,0,0,1,False
r48u_20260914_JPLM_IF_ils_feedback_fix1,JPLM,IF,ils_feedback,2024-07-17T00:14:30,JPLM,GPS,USER_IF_WL_SD,2,0,0,nan,nan,0,0,0,1,False
r48u_20260914_JPLM_IF_ils_feedback_fix1,JPLM,IF,ils_feedback,2024-07-17T00:15:00,JPLM,GPS,USER_IF_WL_SD,2,0,0,nan,nan,0,0,0,1,False
r48u_20260914_JPLM_IF_ils_feedback_fix1,JPLM,IF,ils_feedback,2024-07-17T00:15:30,JPLM,GPS,USER_IF_WL_SD,2,0,0,nan,nan,0,0,0,1,False
r48u_20260914_JPLM_IF_ils_feedback_fix1,JPLM,IF,ils_feedback,2024-07-17T00:16:00,JPLM,GPS,USER_IF_WL_SD,2,0,0,nan,nan,0,0,0,1,False
r48u_20260914_JPLM_IF_ils_feedback_fix1,JPLM,IF,ils_feedback,2024-07-17T00:16:30,JPLM,GPS,USER_IF_WL_SD,2,0,0,nan,nan,0,0,0,1,False
r48u_20260914_JPLM_IF_ils_feedback_fix1,JPLM,IF,ils_feedback,2024-07-17T00:17:00,JPLM,GPS,USER_IF_WL_SD,3,0,0,nan,nan,0,0,0,1,False
r48u_20260914_JPLM_IF_ils_feedback_fix1,JPLM,IF,ils_feedback,2024-07-17T00:17:30,JPLM,GPS,USER_IF_WL_SD,3,1,0,3.87345,23.9281,1,0.00999198,0,1,False
r48u_20260914_JPLM_IF_ils_feedback_fix1,JPLM,IF,ils_feedback,2024-07-17T00:18:00,JPLM,GPS,USER_IF_WL_SD,3,1,0,4.34254,23.9281,1,0.00797983,0,1,False
r48u_20260914_JPLM_IF_ils_feedback_fix1,JPLM,IF,ils_feedback,2024-07-17T00:18:30,JPLM,GPS,USER_IF_WL_SD,3,1,0,4.87363,23.9281,1,0.00667579,0,1,False
r48u_20260914_JPLM_IF_ils_feedback_fix1,JPLM,IF,ils_feedback,2024-07-17T00:19:00,JPLM,GPS,USER_IF_WL_SD,4,1,0,5.1284,23.9281,1,0.00444997,0,1,False
r48u_20260914_JPLM_IF_ils_feedback_fix1,JPLM,IF,ils_feedback,2024-07-17T00:19:30,JPLM,GPS,USER_IF_WL_SD,4,1,0,5.26468,23.9281,1,0.00268353,0,1,False
r48u_20260914_JPLM_IF_ils_feedback_fix1,JPLM,IF,ils_feedback,2024-07-17T00:20:00,JPLM,GPS,USER_IF_WL_SD,4,1,0,5.56564,23.9281,1,0.00186663,0,1,False
r48u_20260914_JPLM_IF_ils_feedback_fix1,JPLM,IF,ils_feedback,2024-07-17T00:20:30,JPLM,GPS,USER_IF_WL_SD,4,1,0,5.76278,23.9281,1,0.00117894,0,1,False
r48u_20260914_JPLM_IF_ils_feedback_fix1,JPLM,IF,ils_feedback,2024-07-17T00:21:00,JPLM,GPS,USER_IF_WL_SD,4,1,1,5.91521,23.9281,1,0.000721034,1,1,True
r48u_20260914_JPLM_IF_ils_feedback_fix1,JPLM,IF,ils_feedback,2024-07-17T00:21:00,JPLM,GPS,USER_IF_L1_SD_CONDITIONAL,1,0,0,nan,nan,0,0,0,1,False
r48u_20260914_JPLM_IF_ils_feedback_fix1,JPLM,IF,ils_feedback,2024-07-17T00:21:30,JPLM,GPS,USER_IF_WL_SD,4,1,1,6.11798,23.9281,1,0.000455844,1,1,True
r48u_20260914_JPLM_IF_ils_feedback_fix1,JPLM,IF,ils_feedback,2024-07-17T00:21:30,JPLM,GPS,USER_IF_L1_SD_CONDITIONAL,1,0,0,nan,nan,0,0,0,1,False
r48u_20260914_JPLM_IF_ils_feedback_fix1,JPLM,IF,ils_feedback,2024-07-17T00:22:00,JPLM,GPS,USER_IF_WL_SD,4,1,1,6.34073,23.9281,1,0.000292833,1,1,True
r48u_20260914_JPLM_IF_ils_feedback_fix1,JPLM,IF,ils_feedback,2024-07-17T00:22:00,JPLM,GPS,USER_IF_L1_SD_CONDITIONAL,1,0,0,nan,nan,0,0,0,1,False
r48u_20260914_JPLM_IF_ils_feedback_fix1,JPLM,IF,ils_feedback,2024-07-17T00:22:30,JPLM,GPS,USER_IF_WL_SD,4,1,1,6.74776,23.9281,1,0.000220512,1,1,True
r48u_20260914_JPLM_IF_ils_feedback_fix1,JPLM,IF,ils_feedback,2024-07-17T00:22:30,JPLM,GPS,USER_IF_L1_SD_CONDITIONAL,1,0,0,nan,nan,0,0,0,1,False
r48u_20260914_JPLM_IF_ils_feedback_fix1,JPLM,IF,ils_feedback,2024-07-17T00:23:00,JPLM,GPS,USER_IF_WL_SD,4,1,1,7.19001,23.9281,1,0.000170908,1,1,True
r48u_20260914_JPLM_IF_ils_feedback_fix1,JPLM,IF,ils_feedback,2024-07-17T00:23:00,JPLM,GPS,USER_IF_L1_SD_CONDITIONAL,1,0,0,nan,nan,0,0,0,1,False
r48u_20260914_JPLM_IF_ils_feedback_fix1,JPLM,IF,ils_feedback,2024-07-17T00:23:30,JPLM,GPS,USER_IF_WL_SD,3,1,1,7.65948,23.9281,1,0.000136301,1,1,True
r48u_20260914_JPLM_IF_ils_feedback_fix1,JPLM,IF,ils_feedback,2024-07-17T00:23:30,JPLM,GPS,USER_IF_L1_SD_CONDITIONAL,1,0,0,nan,nan,0,0,0,1,False
r48u_20260914_JPLM_IF_ils_feedback_fix1,JPLM,IF,ils_feedback,2024-07-17T00:24:00,JPLM,GPS,USER_IF_WL_SD,4,1,1,7.75836,23.9281,1,7.93026e-05,1,1,True
r48u_20260914_JPLM_IF_ils_feedback_fix1,JPLM,IF,ils_feedback,2024-07-17T00:24:00,JPLM,GPS,USER_IF_L1_SD_CONDITIONAL,1,0,0,nan,nan,0,0,0,1,False
r48u_20260914_JPLM_IF_ils_feedback_fix1,JPLM,IF,ils_feedback,2024-07-17T00:24:30,JPLM,GPS,USER_IF_WL_SD,4,1,1,7.81103,23.9281,1,4.41989e-05,1,1,True
r48u_20260914_JPLM_IF_ils_feedback_fix1,JPLM,IF,ils_feedback,2024-07-17T00:24:30,JPLM,GPS,USER_IF_L1_SD_CONDITIONAL,1,0,0,nan,nan,0,0,0,1,False
r48u_20260914_JPLM_IF_ils_feedback_fix1,JPLM,IF,ils_feedback,2024-07-17T00:25:00,JPLM,GPS,USER_IF_WL_SD,4,1,1,7.75009,23.9281,1,2.21927e-05,1,1,True
r48u_20260914_JPLM_IF_ils_feedback_fix1,JPLM,IF,ils_feedback,2024-07-17T00:25:00,JPLM,GPS,USER_IF_L1_SD_CONDITIONAL,1,0,0,nan,nan,0,0,0,1,False
r48u_20260914_JPLM_IF_ils_feedback_fix1,JPLM,IF,ils_feedback,2024-07-17T00:25:30,JPLM,GPS,USER_IF_WL_SD,3,1,1,7.96754,23.9281,1,1.41195e-05,1,1,True
r48u_20260914_JPLM_IF_ils_feedback_fix1,JPLM,IF,ils_feedback,2024-07-17T00:25:30,JPLM,GPS,USER_IF_L1_SD_CONDITIONAL,1,0,0,nan,nan,0,0,0,1,False
r48u_20260914_JPLM_IF_ils_feedback_fix1,JPLM,IF,ils_feedback,2024-07-17T00:26:00,JPLM,GPS,USER_IF_WL_SD,4,1,1,8.35581,23.9281,1,1.0454e-05,1,1,True
r48u_20260914_JPLM_IF_ils_feedback_fix1,JPLM,IF,ils_feedback,2024-07-17T00:26:00,JPLM,GPS,USER_IF_L1_SD_CONDITIONAL,1,0,0,nan,nan,0,0,0,1,False
r48u_20260914_JPLM_IF_ils_feedback_fix1,JPLM,IF,ils_feedback,2024-07-17T00:26:30,JPLM,GPS,USER_IF_WL_SD,4,2,0,8.83511,27.631,2,0.00267436,0,1,False
r48u_20260914_JPLM_IF_ils_feedback_fix1,JPLM,IF,ils_feedback,2024-07-17T00:26:30,JPLM,GPS,USER_IF_L1_SD_CONDITIONAL,1,0,0,nan,nan,0,0,0,1,False
r48u_20260914_JPLM_IF_ils_feedback_fix1,JPLM,IF,ils_feedback,2024-07-17T00:27:00,JPLM,GPS,USER_IF_WL_SD,3,0,0,nan,nan,0,0,0,1,False
r48u_20260914_JPLM_IF_ils_feedback_fix1,JPLM,IF,ils_feedback,2024-07-17T00:27:30,JPLM,GPS,USER_IF_WL_SD,3,0,0,nan,nan,0,0,0,1,False
r48u_20260914_JPLM_IF_ils_feedback_fix1,JPLM,IF,ils_feedback,2024-07-17T00:28:00,JPLM,GPS,USER_IF_WL_SD,3,0,0,nan,nan,0,0,0,1,False
r48u_20260914_JPLM_IF_ils_feedback_fix1,JPLM,IF,ils_feedback,2024-07-17T00:28:30,JPLM,GPS,USER_IF_WL_SD,4,1,0,2.06569,23.9281,1,0.00203617,0,1,False
r48u_20260914_JPLM_IF_ils_feedback_fix1,JPLM,IF,ils_feedback,2024-07-17T00:29:00,JPLM,GPS,USER_IF_WL_SD,4,1,0,2.03898,23.9281,1,0.00161622,0,1,False
r48u_20260914_JPLM_IF_ils_feedback_fix1,JPLM,IF,ils_feedback,2024-07-17T00:29:30,JPLM,GPS,USER_IF_WL_SD,4,1,0,2.07303,23.9281,1,0.00137971,0,1,False
r48u_20260914_JPLM_IF_ils_feedback_fix1,JPLM,IF,ils_feedback,2024-07-17T00:30:00,JPLM,GPS,USER_IF_WL_SD,4,1,0,2.05649,23.9281,1,0.00111204,0,1,False
r48u_20260914_DYNG_UDUC_round_shadow_fix1,DYNG,UDUC,round_shadow,2024-07-17T00:10:30,DYNG,GPS,USER_WL_SD,4,1,0,0.180641,23.9281,1,0.00162524,0,0,False
r48u_20260914_DYNG_UDUC_round_shadow_fix1,DYNG,UDUC,round_shadow,2024-07-17T00:17:00,DYNG,GPS,USER_WL_SD,4,3,3,2.83164,30.6648,3,0.000267593,1,0,True
r48u_20260914_DYNG_UDUC_round_shadow_fix1,DYNG,UDUC,round_shadow,2024-07-17T00:17:00,DYNG,GPS,USER_L1_SD_CONDITIONAL,4,0,0,nan,nan,0,0,0,0,False
r48u_20260914_DYNG_UDUC_round_shadow_fix1,DYNG,UDUC,round_shadow,2024-07-17T00:17:30,DYNG,GPS,USER_WL_SD,4,3,3,2.82925,30.6648,3,0.000175985,1,0,True
r48u_20260914_DYNG_UDUC_round_shadow_fix1,DYNG,UDUC,round_shadow,2024-07-17T00:17:30,DYNG,GPS,USER_L1_SD_CONDITIONAL,4,0,0,nan,nan,0,0,0,0,False
r48u_20260914_DYNG_UDUC_round_shadow_fix1,DYNG,UDUC,round_shadow,2024-07-17T00:18:00,DYNG,GPS,USER_WL_SD,4,4,0,2.80868,33.3768,4,0.00207673,0,0,False
r48u_20260914_DYNG_UDUC_round_shadow_fix1,DYNG,UDUC,round_shadow,2024-07-17T00:18:00,DYNG,GPS,USER_L1_SD_CONDITIONAL,4,0,0,nan,nan,0,0,0,0,False
r48u_20260914_DYNG_UDUC_round_shadow_fix1,DYNG,UDUC,round_shadow,2024-07-17T00:18:30,DYNG,GPS,USER_WL_SD,4,4,0,2.81015,33.3768,4,0.00158889,0,0,False
r48u_20260914_DYNG_UDUC_round_shadow_fix1,DYNG,UDUC,round_shadow,2024-07-17T00:18:30,DYNG,GPS,USER_L1_SD_CONDITIONAL,4,0,0,nan,nan,0,0,0,0,False
r48u_20260914_DYNG_UDUC_round_shadow_fix1,DYNG,UDUC,round_shadow,2024-07-17T00:19:00,DYNG,GPS,USER_WL_SD,4,4,0,2.82003,33.3768,4,0.00121803,0,0,False
r48u_20260914_DYNG_UDUC_round_shadow_fix1,DYNG,UDUC,round_shadow,2024-07-17T00:19:00,DYNG,GPS,USER_L1_SD_CONDITIONAL,4,0,0,nan,nan,0,0,0,0,False
r48u_20260914_DYNG_UDUC_round_shadow_fix1,DYNG,UDUC,round_shadow,2024-07-17T00:19:30,DYNG,GPS,USER_WL_SD,4,4,4,2.73472,33.3768,4,0.000956557,1,0,True
r48u_20260914_DYNG_UDUC_round_shadow_fix1,DYNG,UDUC,round_shadow,2024-07-17T00:19:30,DYNG,GPS,USER_L1_SD_CONDITIONAL,4,0,0,nan,nan,0,0,0,0,False
r48u_20260914_DYNG_UDUC_round_shadow_fix1,DYNG,UDUC,round_shadow,2024-07-17T00:20:00,DYNG,GPS,USER_WL_SD,4,4,4,2.79058,33.3768,4,0.000783741,1,0,True
r48u_20260914_DYNG_UDUC_round_shadow_fix1,DYNG,UDUC,round_shadow,2024-07-17T00:20:00,DYNG,GPS,USER_L1_SD_CONDITIONAL,4,0,0,nan,nan,0,0,0,0,False
r48u_20260914_DYNG_UDUC_round_shadow_fix1,DYNG,UDUC,round_shadow,2024-07-17T00:20:30,DYNG,GPS,USER_WL_SD,5,4,4,2.71187,33.3768,4,0.000617438,1,0,True
r48u_20260914_DYNG_UDUC_round_shadow_fix1,DYNG,UDUC,round_shadow,2024-07-17T00:20:30,DYNG,GPS,USER_L1_SD_CONDITIONAL,5,0,0,nan,nan,0,0,0,0,False
r48u_20260914_DYNG_UDUC_round_shadow_fix1,DYNG,UDUC,round_shadow,2024-07-17T00:21:00,DYNG,GPS,USER_WL_SD,4,4,4,2.90644,33.3768,4,0.000468606,1,0,True
r48u_20260914_DYNG_UDUC_round_shadow_fix1,DYNG,UDUC,round_shadow,2024-07-17T00:21:00,DYNG,GPS,USER_L1_SD_CONDITIONAL,4,0,0,nan,nan,0,0,0,0,False
r48u_20260914_DYNG_UDUC_round_shadow_fix1,DYNG,UDUC,round_shadow,2024-07-17T00:21:30,DYNG,GPS,USER_WL_SD,5,5,0,3.3242,35.8882,5,0.00179988,0,0,False
r48u_20260914_DYNG_UDUC_round_shadow_fix1,DYNG,UDUC,round_shadow,2024-07-17T00:21:30,DYNG,GPS,USER_L1_SD_CONDITIONAL,5,0,0,nan,nan,0,0,0,0,False
r48u_20260914_DYNG_UDUC_round_shadow_fix1,DYNG,UDUC,round_shadow,2024-07-17T00:22:00,DYNG,GPS,USER_WL_SD,5,5,0,3.24504,35.8882,5,0.00123349,0,0,False
r48u_20260914_DYNG_UDUC_round_shadow_fix1,DYNG,UDUC,round_shadow,2024-07-17T00:22:00,DYNG,GPS,USER_L1_SD_CONDITIONAL,5,0,0,nan,nan,0,0,0,0,False
r48u_20260914_DYNG_UDUC_round_shadow_fix1,DYNG,UDUC,round_shadow,2024-07-17T00:22:30,DYNG,GPS,USER_WL_SD,5,5,0,3.57361,35.8882,5,0.0011641,0,0,False
r48u_20260914_DYNG_UDUC_round_shadow_fix1,DYNG,UDUC,round_shadow,2024-07-17T00:22:30,DYNG,GPS,USER_L1_SD_CONDITIONAL,5,0,0,nan,nan,0,0,0,0,False
r48u_20260914_DYNG_UDUC_round_shadow_fix1,DYNG,UDUC,round_shadow,2024-07-17T00:23:00,DYNG,GPS,USER_WL_SD,5,5,0,4.0023,35.8882,5,0.00113169,0,0,False
r48u_20260914_DYNG_UDUC_round_shadow_fix1,DYNG,UDUC,round_shadow,2024-07-17T00:23:00,DYNG,GPS,USER_L1_SD_CONDITIONAL,5,0,0,nan,nan,0,0,0,0,False
r48u_20260914_DYNG_UDUC_round_shadow_fix1,DYNG,UDUC,round_shadow,2024-07-17T00:23:30,DYNG,GPS,USER_WL_SD,4,4,4,3.05695,33.3768,4,0.000104814,1,0,True
r48u_20260914_DYNG_UDUC_round_shadow_fix1,DYNG,UDUC,round_shadow,2024-07-17T00:23:30,DYNG,GPS,USER_L1_SD_CONDITIONAL,4,0,0,nan,nan,0,0,0,0,False
r48u_20260914_DYNG_UDUC_round_shadow_fix1,DYNG,UDUC,round_shadow,2024-07-17T00:24:00,DYNG,GPS,USER_WL_SD,4,4,4,3.33962,33.3768,4,7.73777e-05,1,0,True
r48u_20260914_DYNG_UDUC_round_shadow_fix1,DYNG,UDUC,round_shadow,2024-07-17T00:24:00,DYNG,GPS,USER_L1_SD_CONDITIONAL,4,0,0,nan,nan,0,0,0,0,False
r48u_20260914_DYNG_UDUC_round_shadow_fix1,DYNG,UDUC,round_shadow,2024-07-17T00:24:30,DYNG,GPS,USER_WL_SD,4,4,4,3.66784,33.3768,4,5.90211e-05,1,0,True
r48u_20260914_DYNG_UDUC_round_shadow_fix1,DYNG,UDUC,round_shadow,2024-07-17T00:24:30,DYNG,GPS,USER_L1_SD_CONDITIONAL,4,0,0,nan,nan,0,0,0,0,False
r48u_20260914_DYNG_UDUC_round_shadow_fix1,DYNG,UDUC,round_shadow,2024-07-17T00:25:00,DYNG,GPS,USER_WL_SD,4,4,4,4.12075,33.3768,4,4.4411e-05,1,0,True
r48u_20260914_DYNG_UDUC_round_shadow_fix1,DYNG,UDUC,round_shadow,2024-07-17T00:25:00,DYNG,GPS,USER_L1_SD_CONDITIONAL,4,0,0,nan,nan,0,0,0,0,False
r48u_20260914_DYNG_UDUC_round_shadow_fix1,DYNG,UDUC,round_shadow,2024-07-17T00:26:00,DYNG,GPS,USER_WL_SD,4,4,4,4.2072,33.3768,4,2.55668e-05,1,0,True
r48u_20260914_DYNG_UDUC_round_shadow_fix1,DYNG,UDUC,round_shadow,2024-07-17T00:26:00,DYNG,GPS,USER_L1_SD_CONDITIONAL,4,0,0,nan,nan,0,0,0,0,False
r48u_20260914_DYNG_UDUC_round_shadow_fix1,DYNG,UDUC,round_shadow,2024-07-17T00:26:30,DYNG,GPS,USER_WL_SD,4,4,4,4.25084,33.3768,4,1.97199e-05,1,0,True
r48u_20260914_DYNG_UDUC_round_shadow_fix1,DYNG,UDUC,round_shadow,2024-07-17T00:26:30,DYNG,GPS,USER_L1_SD_CONDITIONAL,4,0,0,nan,nan,0,0,0,0,False
r48u_20260914_DYNG_UDUC_round_shadow_fix1,DYNG,UDUC,round_shadow,2024-07-17T00:27:00,DYNG,GPS,USER_WL_SD,5,5,5,6.18325,35.8882,5,0.000198687,1,0,True
r48u_20260914_DYNG_UDUC_round_shadow_fix1,DYNG,UDUC,round_shadow,2024-07-17T00:27:00,DYNG,GPS,USER_L1_SD_CONDITIONAL,5,0,0,nan,nan,0,0,0,0,False
r48u_20260914_DYNG_UDUC_round_shadow_fix1,DYNG,UDUC,round_shadow,2024-07-17T00:27:30,DYNG,GPS,USER_WL_SD,5,4,4,4.14986,33.3768,4,1.04726e-05,1,0,True
r48u_20260914_DYNG_UDUC_round_shadow_fix1,DYNG,UDUC,round_shadow,2024-07-17T00:27:30,DYNG,GPS,USER_L1_SD_CONDITIONAL,5,0,0,nan,nan,0,0,0,0,False
r48u_20260914_DYNG_UDUC_round_shadow_fix1,DYNG,UDUC,round_shadow,2024-07-17T00:28:00,DYNG,GPS,USER_WL_SD,5,4,4,4.12839,33.3768,4,7.53617e-06,1,0,True
r48u_20260914_DYNG_UDUC_round_shadow_fix1,DYNG,UDUC,round_shadow,2024-07-17T00:28:00,DYNG,GPS,USER_L1_SD_CONDITIONAL,5,0,0,nan,nan,0,0,0,0,False
r48u_20260914_DYNG_UDUC_round_shadow_fix1,DYNG,UDUC,round_shadow,2024-07-17T00:28:30,DYNG,GPS,USER_WL_SD,5,4,4,4.35068,33.3768,4,5.34274e-06,1,0,True
r48u_20260914_DYNG_UDUC_round_shadow_fix1,DYNG,UDUC,round_shadow,2024-07-17T00:28:30,DYNG,GPS,USER_L1_SD_CONDITIONAL,5,0,0,nan,nan,0,0,0,0,False
r48u_20260914_DYNG_UDUC_round_shadow_fix1,DYNG,UDUC,round_shadow,2024-07-17T00:29:00,DYNG,GPS,USER_WL_SD,5,4,4,4.24426,33.3768,4,3.85903e-06,1,0,True
r48u_20260914_DYNG_UDUC_round_shadow_fix1,DYNG,UDUC,round_shadow,2024-07-17T00:29:00,DYNG,GPS,USER_L1_SD_CONDITIONAL,5,0,0,nan,nan,0,0,0,0,False
r48u_20260914_DYNG_UDUC_round_shadow_fix1,DYNG,UDUC,round_shadow,2024-07-17T00:29:30,DYNG,GPS,USER_WL_SD,5,4,4,4.1435,33.3768,4,2.83608e-06,1,0,True
r48u_20260914_DYNG_UDUC_round_shadow_fix1,DYNG,UDUC,round_shadow,2024-07-17T00:29:30,DYNG,GPS,USER_L1_SD_CONDITIONAL,5,0,0,nan,nan,0,0,0,0,False
r48u_20260914_DYNG_UDUC_round_shadow_fix1,DYNG,UDUC,round_shadow,2024-07-17T00:30:00,DYNG,GPS,USER_WL_SD,5,4,4,4.25633,33.3768,4,2.08291e-06,1,0,True
r48u_20260914_DYNG_UDUC_round_shadow_fix1,DYNG,UDUC,round_shadow,2024-07-17T00:30:00,DYNG,GPS,USER_L1_SD_CONDITIONAL,5,0,0,nan,nan,0,0,0,0,False
r48u_20260914_DYNG_UDUC_round_feedback_fix1,DYNG,UDUC,round_feedback,2024-07-17T00:10:30,DYNG,GPS,USER_WL_SD,4,1,0,0.180641,23.9281,1,0.00162524,0,1,False
r48u_20260914_DYNG_UDUC_round_feedback_fix1,DYNG,UDUC,round_feedback,2024-07-17T00:17:00,DYNG,GPS,USER_WL_SD,4,3,3,2.83164,30.6648,3,0.000267593,1,1,True
r48u_20260914_DYNG_UDUC_round_feedback_fix1,DYNG,UDUC,round_feedback,2024-07-17T00:17:00,DYNG,GPS,USER_L1_SD_CONDITIONAL,4,0,0,nan,nan,0,0,0,1,False
r48u_20260914_DYNG_UDUC_round_feedback_fix1,DYNG,UDUC,round_feedback,2024-07-17T00:17:30,DYNG,GPS,USER_WL_SD,4,0,0,nan,nan,0,0,0,1,False
r48u_20260914_DYNG_UDUC_round_feedback_fix1,DYNG,UDUC,round_feedback,2024-07-17T00:17:30,DYNG,GPS,USER_L1_SD_CONDITIONAL,4,0,0,nan,nan,0,0,0,1,False
r48u_20260914_DYNG_UDUC_round_feedback_fix1,DYNG,UDUC,round_feedback,2024-07-17T00:18:00,DYNG,GPS,USER_WL_SD,4,0,0,nan,nan,0,0,0,1,False
r48u_20260914_DYNG_UDUC_round_feedback_fix1,DYNG,UDUC,round_feedback,2024-07-17T00:18:30,DYNG,GPS,USER_WL_SD,4,0,0,nan,nan,0,0,0,1,False
r48u_20260914_DYNG_UDUC_round_feedback_fix1,DYNG,UDUC,round_feedback,2024-07-17T00:19:00,DYNG,GPS,USER_WL_SD,4,0,0,nan,nan,0,0,0,1,False
r48u_20260914_DYNG_UDUC_round_feedback_fix1,DYNG,UDUC,round_feedback,2024-07-17T00:19:30,DYNG,GPS,USER_WL_SD,4,0,0,nan,nan,0,0,0,1,False
r48u_20260914_DYNG_UDUC_round_feedback_fix1,DYNG,UDUC,round_feedback,2024-07-17T00:20:00,DYNG,GPS,USER_WL_SD,4,0,0,nan,nan,0,0,0,1,False
r48u_20260914_DYNG_UDUC_round_feedback_fix1,DYNG,UDUC,round_feedback,2024-07-17T00:20:30,DYNG,GPS,USER_WL_SD,5,0,0,nan,nan,0,0,0,1,False
r48u_20260914_DYNG_UDUC_round_feedback_fix1,DYNG,UDUC,round_feedback,2024-07-17T00:21:00,DYNG,GPS,USER_WL_SD,4,0,0,nan,nan,0,0,0,1,False
r48u_20260914_DYNG_UDUC_round_feedback_fix1,DYNG,UDUC,round_feedback,2024-07-17T00:21:30,DYNG,GPS,USER_WL_SD,5,0,0,nan,nan,0,0,0,1,False
r48u_20260914_DYNG_UDUC_round_feedback_fix1,DYNG,UDUC,round_feedback,2024-07-17T00:22:00,DYNG,GPS,USER_WL_SD,5,0,0,nan,nan,0,0,0,1,False
r48u_20260914_DYNG_UDUC_round_feedback_fix1,DYNG,UDUC,round_feedback,2024-07-17T00:22:00,DYNG,GPS,USER_L1_SD_CONDITIONAL,5,0,0,nan,nan,0,0,0,1,False
r48u_20260914_DYNG_UDUC_round_feedback_fix1,DYNG,UDUC,round_feedback,2024-07-17T00:22:30,DYNG,GPS,USER_WL_SD,5,0,0,nan,nan,0,0,0,1,False
r48u_20260914_DYNG_UDUC_round_feedback_fix1,DYNG,UDUC,round_feedback,2024-07-17T00:22:30,DYNG,GPS,USER_L1_SD_CONDITIONAL,5,0,0,nan,nan,0,0,0,1,False
r48u_20260914_DYNG_UDUC_round_feedback_fix1,DYNG,UDUC,round_feedback,2024-07-17T00:23:00,DYNG,GPS,USER_WL_SD,5,0,0,nan,nan,0,0,0,1,False
r48u_20260914_DYNG_UDUC_round_feedback_fix1,DYNG,UDUC,round_feedback,2024-07-17T00:23:30,DYNG,GPS,USER_WL_SD,4,0,0,nan,nan,0,0,0,1,False
r48u_20260914_DYNG_UDUC_round_feedback_fix1,DYNG,UDUC,round_feedback,2024-07-17T00:24:00,DYNG,GPS,USER_WL_SD,4,0,0,nan,nan,0,0,0,1,False
r48u_20260914_DYNG_UDUC_round_feedback_fix1,DYNG,UDUC,round_feedback,2024-07-17T00:24:30,DYNG,GPS,USER_WL_SD,4,0,0,nan,nan,0,0,0,1,False
r48u_20260914_DYNG_UDUC_round_feedback_fix1,DYNG,UDUC,round_feedback,2024-07-17T00:25:00,DYNG,GPS,USER_WL_SD,4,0,0,nan,nan,0,0,0,1,False
r48u_20260914_DYNG_UDUC_round_feedback_fix1,DYNG,UDUC,round_feedback,2024-07-17T00:26:00,DYNG,GPS,USER_WL_SD,4,0,0,nan,nan,0,0,0,1,False
r48u_20260914_DYNG_UDUC_round_feedback_fix1,DYNG,UDUC,round_feedback,2024-07-17T00:26:30,DYNG,GPS,USER_WL_SD,4,0,0,nan,nan,0,0,0,1,False
r48u_20260914_DYNG_UDUC_round_feedback_fix1,DYNG,UDUC,round_feedback,2024-07-17T00:27:00,DYNG,GPS,USER_WL_SD,5,0,0,nan,nan,0,0,0,1,False
r48u_20260914_DYNG_UDUC_round_feedback_fix1,DYNG,UDUC,round_feedback,2024-07-17T00:27:30,DYNG,GPS,USER_WL_SD,5,0,0,nan,nan,0,0,0,1,False
r48u_20260914_DYNG_UDUC_round_feedback_fix1,DYNG,UDUC,round_feedback,2024-07-17T00:28:00,DYNG,GPS,USER_WL_SD,5,0,0,nan,nan,0,0,0,1,False
r48u_20260914_DYNG_UDUC_round_feedback_fix1,DYNG,UDUC,round_feedback,2024-07-17T00:28:30,DYNG,GPS,USER_WL_SD,5,0,0,nan,nan,0,0,0,1,False
r48u_20260914_DYNG_UDUC_round_feedback_fix1,DYNG,UDUC,round_feedback,2024-07-17T00:29:00,DYNG,GPS,USER_WL_SD,5,0,0,nan,nan,0,0,0,1,False
r48u_20260914_DYNG_UDUC_round_feedback_fix1,DYNG,UDUC,round_feedback,2024-07-17T00:29:30,DYNG,GPS,USER_WL_SD,5,0,0,nan,nan,0,0,0,1,False
r48u_20260914_DYNG_UDUC_round_feedback_fix1,DYNG,UDUC,round_feedback,2024-07-17T00:30:00,DYNG,GPS,USER_WL_SD,5,0,0,nan,nan,0,0,0,1,False
r48u_20260914_DYNG_UDUC_ils_shadow_fix1,DYNG,UDUC,ils_shadow,2024-07-17T00:10:30,DYNG,GPS,USER_WL_SD,4,0,0,nan,nan,0,0,0,0,False
r48u_20260914_DYNG_UDUC_ils_shadow_fix1,DYNG,UDUC,ils_shadow,2024-07-17T00:17:00,DYNG,GPS,USER_WL_SD,4,3,3,2.83164,30.6648,3,0.000267593,1,0,True
r48u_20260914_DYNG_UDUC_ils_shadow_fix1,DYNG,UDUC,ils_shadow,2024-07-17T00:17:00,DYNG,GPS,USER_L1_SD_CONDITIONAL,4,0,0,nan,nan,0,0,0,0,False
r48u_20260914_DYNG_UDUC_ils_shadow_fix1,DYNG,UDUC,ils_shadow,2024-07-17T00:17:30,DYNG,GPS,USER_WL_SD,4,3,3,2.82925,30.6648,3,0.000175985,1,0,True
r48u_20260914_DYNG_UDUC_ils_shadow_fix1,DYNG,UDUC,ils_shadow,2024-07-17T00:17:30,DYNG,GPS,USER_L1_SD_CONDITIONAL,4,0,0,nan,nan,0,0,0,0,False
r48u_20260914_DYNG_UDUC_ils_shadow_fix1,DYNG,UDUC,ils_shadow,2024-07-17T00:18:00,DYNG,GPS,USER_WL_SD,4,3,3,2.79997,30.6648,3,0.000114228,1,0,True
r48u_20260914_DYNG_UDUC_ils_shadow_fix1,DYNG,UDUC,ils_shadow,2024-07-17T00:18:00,DYNG,GPS,USER_L1_SD_CONDITIONAL,4,0,0,nan,nan,0,0,0,0,False
r48u_20260914_DYNG_UDUC_ils_shadow_fix1,DYNG,UDUC,ils_shadow,2024-07-17T00:18:30,DYNG,GPS,USER_WL_SD,4,3,3,2.79722,30.6648,3,8.23557e-05,1,0,True
r48u_20260914_DYNG_UDUC_ils_shadow_fix1,DYNG,UDUC,ils_shadow,2024-07-17T00:18:30,DYNG,GPS,USER_L1_SD_CONDITIONAL,4,0,0,nan,nan,0,0,0,0,False
r48u_20260914_DYNG_UDUC_ils_shadow_fix1,DYNG,UDUC,ils_shadow,2024-07-17T00:19:00,DYNG,GPS,USER_WL_SD,4,3,3,2.80886,30.6648,3,6.37138e-05,1,0,True
r48u_20260914_DYNG_UDUC_ils_shadow_fix1,DYNG,UDUC,ils_shadow,2024-07-17T00:19:00,DYNG,GPS,USER_L1_SD_CONDITIONAL,4,0,0,nan,nan,0,0,0,0,False
r48u_20260914_DYNG_UDUC_ils_shadow_fix1,DYNG,UDUC,ils_shadow,2024-07-17T00:19:30,DYNG,GPS,USER_WL_SD,4,3,3,2.73384,30.6648,3,4.11355e-05,1,0,True
r48u_20260914_DYNG_UDUC_ils_shadow_fix1,DYNG,UDUC,ils_shadow,2024-07-17T00:19:30,DYNG,GPS,USER_L1_SD_CONDITIONAL,4,0,0,nan,nan,0,0,0,0,False
r48u_20260914_DYNG_UDUC_ils_shadow_fix1,DYNG,UDUC,ils_shadow,2024-07-17T00:20:00,DYNG,GPS,USER_WL_SD,4,3,3,2.78866,30.6648,3,3.09192e-05,1,0,True
r48u_20260914_DYNG_UDUC_ils_shadow_fix1,DYNG,UDUC,ils_shadow,2024-07-17T00:20:00,DYNG,GPS,USER_L1_SD_CONDITIONAL,4,0,0,nan,nan,0,0,0,0,False
r48u_20260914_DYNG_UDUC_ils_shadow_fix1,DYNG,UDUC,ils_shadow,2024-07-17T00:20:30,DYNG,GPS,USER_WL_SD,5,3,3,2.70473,30.6648,3,1.75916e-05,1,0,True
r48u_20260914_DYNG_UDUC_ils_shadow_fix1,DYNG,UDUC,ils_shadow,2024-07-17T00:20:30,DYNG,GPS,USER_L1_SD_CONDITIONAL,5,0,0,nan,nan,0,0,0,0,False
r48u_20260914_DYNG_UDUC_ils_shadow_fix1,DYNG,UDUC,ils_shadow,2024-07-17T00:21:00,DYNG,GPS,USER_WL_SD,4,3,3,2.89861,30.6648,3,1.32494e-05,1,0,True
r48u_20260914_DYNG_UDUC_ils_shadow_fix1,DYNG,UDUC,ils_shadow,2024-07-17T00:21:00,DYNG,GPS,USER_L1_SD_CONDITIONAL,4,0,0,nan,nan,0,0,0,0,False
r48u_20260914_DYNG_UDUC_ils_shadow_fix1,DYNG,UDUC,ils_shadow,2024-07-17T00:21:30,DYNG,GPS,USER_WL_SD,5,3,3,2.67792,30.6648,3,6.74044e-06,1,0,True
r48u_20260914_DYNG_UDUC_ils_shadow_fix1,DYNG,UDUC,ils_shadow,2024-07-17T00:21:30,DYNG,GPS,USER_L1_SD_CONDITIONAL,5,0,0,nan,nan,0,0,0,0,False
r48u_20260914_DYNG_UDUC_ils_shadow_fix1,DYNG,UDUC,ils_shadow,2024-07-17T00:22:00,DYNG,GPS,USER_WL_SD,5,3,3,2.56872,30.6648,3,3.68101e-06,1,0,True
r48u_20260914_DYNG_UDUC_ils_shadow_fix1,DYNG,UDUC,ils_shadow,2024-07-17T00:22:00,DYNG,GPS,USER_L1_SD_CONDITIONAL,5,0,0,nan,nan,0,0,0,0,False
r48u_20260914_DYNG_UDUC_ils_shadow_fix1,DYNG,UDUC,ils_shadow,2024-07-17T00:22:30,DYNG,GPS,USER_WL_SD,5,3,3,2.63699,30.6648,3,2.80204e-06,1,0,True
r48u_20260914_DYNG_UDUC_ils_shadow_fix1,DYNG,UDUC,ils_shadow,2024-07-17T00:22:30,DYNG,GPS,USER_L1_SD_CONDITIONAL,5,0,0,nan,nan,0,0,0,0,False
r48u_20260914_DYNG_UDUC_ils_shadow_fix1,DYNG,UDUC,ils_shadow,2024-07-17T00:23:00,DYNG,GPS,USER_WL_SD,5,3,3,2.79062,30.6648,3,2.16424e-06,1,0,True
r48u_20260914_DYNG_UDUC_ils_shadow_fix1,DYNG,UDUC,ils_shadow,2024-07-17T00:23:00,DYNG,GPS,USER_L1_SD_CONDITIONAL,5,0,0,nan,nan,0,0,0,0,False
r48u_20260914_DYNG_UDUC_ils_shadow_fix1,DYNG,UDUC,ils_shadow,2024-07-17T00:23:30,DYNG,GPS,USER_WL_SD,4,3,3,3.05653,30.6648,3,2.29766e-06,1,0,True
r48u_20260914_DYNG_UDUC_ils_shadow_fix1,DYNG,UDUC,ils_shadow,2024-07-17T00:23:30,DYNG,GPS,USER_L1_SD_CONDITIONAL,4,0,0,nan,nan,0,0,0,0,False
r48u_20260914_DYNG_UDUC_ils_shadow_fix1,DYNG,UDUC,ils_shadow,2024-07-17T00:24:00,DYNG,GPS,USER_WL_SD,4,3,3,3.33948,30.6648,3,2.44902e-06,1,0,True
r48u_20260914_DYNG_UDUC_ils_shadow_fix1,DYNG,UDUC,ils_shadow,2024-07-17T00:24:00,DYNG,GPS,USER_L1_SD_CONDITIONAL,4,0,0,2.13849,23.9281,1,0,0,0,False
r48u_20260914_DYNG_UDUC_ils_shadow_fix1,DYNG,UDUC,ils_shadow,2024-07-17T00:24:30,DYNG,GPS,USER_WL_SD,4,4,4,3.66784,33.3768,4,5.90211e-05,1,0,True
r48u_20260914_DYNG_UDUC_ils_shadow_fix1,DYNG,UDUC,ils_shadow,2024-07-17T00:24:30,DYNG,GPS,USER_L1_SD_CONDITIONAL,4,0,0,2.46525,23.9281,1,0,0,0,False
r48u_20260914_DYNG_UDUC_ils_shadow_fix1,DYNG,UDUC,ils_shadow,2024-07-17T00:25:00,DYNG,GPS,USER_WL_SD,4,4,4,4.12075,33.3768,4,4.4411e-05,1,0,True
r48u_20260914_DYNG_UDUC_ils_shadow_fix1,DYNG,UDUC,ils_shadow,2024-07-17T00:25:00,DYNG,GPS,USER_L1_SD_CONDITIONAL,4,0,0,2.69421,23.9281,1,0,0,0,False
r48u_20260914_DYNG_UDUC_ils_shadow_fix1,DYNG,UDUC,ils_shadow,2024-07-17T00:26:00,DYNG,GPS,USER_WL_SD,4,4,4,4.2072,33.3768,4,2.55668e-05,1,0,True
r48u_20260914_DYNG_UDUC_ils_shadow_fix1,DYNG,UDUC,ils_shadow,2024-07-17T00:26:00,DYNG,GPS,USER_L1_SD_CONDITIONAL,4,0,0,3.41655,23.9281,1,0,0,0,False
r48u_20260914_DYNG_UDUC_ils_shadow_fix1,DYNG,UDUC,ils_shadow,2024-07-17T00:26:30,DYNG,GPS,USER_WL_SD,4,4,4,4.25084,33.3768,4,1.97199e-05,1,0,True
r48u_20260914_DYNG_UDUC_ils_shadow_fix1,DYNG,UDUC,ils_shadow,2024-07-17T00:26:30,DYNG,GPS,USER_L1_SD_CONDITIONAL,4,0,0,3.77343,23.9281,1,0,0,0,False
r48u_20260914_DYNG_UDUC_ils_shadow_fix1,DYNG,UDUC,ils_shadow,2024-07-17T00:27:00,DYNG,GPS,USER_WL_SD,5,5,5,6.18325,35.8882,5,0.000198687,1,0,True
r48u_20260914_DYNG_UDUC_ils_shadow_fix1,DYNG,UDUC,ils_shadow,2024-07-17T00:27:00,DYNG,GPS,USER_L1_SD_CONDITIONAL,5,0,0,5.50067,27.631,2,0,0,0,False
r48u_20260914_DYNG_UDUC_ils_shadow_fix1,DYNG,UDUC,ils_shadow,2024-07-17T00:27:30,DYNG,GPS,USER_WL_SD,5,4,4,4.14986,33.3768,4,1.04726e-05,1,0,True
r48u_20260914_DYNG_UDUC_ils_shadow_fix1,DYNG,UDUC,ils_shadow,2024-07-17T00:27:30,DYNG,GPS,USER_L1_SD_CONDITIONAL,5,0,0,5.93575,27.631,2,0,0,0,False
r48u_20260914_DYNG_UDUC_ils_shadow_fix1,DYNG,UDUC,ils_shadow,2024-07-17T00:28:00,DYNG,GPS,USER_WL_SD,5,4,4,4.12839,33.3768,4,7.53617e-06,1,0,True
r48u_20260914_DYNG_UDUC_ils_shadow_fix1,DYNG,UDUC,ils_shadow,2024-07-17T00:28:00,DYNG,GPS,USER_L1_SD_CONDITIONAL,5,2,0,7.67479,30.6648,3,0.293034,0,0,False
r48u_20260914_DYNG_UDUC_ils_shadow_fix1,DYNG,UDUC,ils_shadow,2024-07-17T00:28:30,DYNG,GPS,USER_WL_SD,5,4,4,4.35068,33.3768,4,5.34274e-06,1,0,True
r48u_20260914_DYNG_UDUC_ils_shadow_fix1,DYNG,UDUC,ils_shadow,2024-07-17T00:28:30,DYNG,GPS,USER_L1_SD_CONDITIONAL,5,2,0,7.85547,30.6648,3,0.272266,0,0,False
r48u_20260914_DYNG_UDUC_ils_shadow_fix1,DYNG,UDUC,ils_shadow,2024-07-17T00:29:00,DYNG,GPS,USER_WL_SD,5,4,4,4.24426,33.3768,4,3.85903e-06,1,0,True
r48u_20260914_DYNG_UDUC_ils_shadow_fix1,DYNG,UDUC,ils_shadow,2024-07-17T00:29:00,DYNG,GPS,USER_L1_SD_CONDITIONAL,5,2,0,8.27206,30.6648,3,0.252483,0,0,False
r48u_20260914_DYNG_UDUC_ils_shadow_fix1,DYNG,UDUC,ils_shadow,2024-07-17T00:29:30,DYNG,GPS,USER_WL_SD,5,4,4,4.1435,33.3768,4,2.83608e-06,1,0,True
r48u_20260914_DYNG_UDUC_ils_shadow_fix1,DYNG,UDUC,ils_shadow,2024-07-17T00:29:30,DYNG,GPS,USER_L1_SD_CONDITIONAL,5,2,0,8.96096,30.6648,3,0.234763,0,0,False
r48u_20260914_DYNG_UDUC_ils_shadow_fix1,DYNG,UDUC,ils_shadow,2024-07-17T00:30:00,DYNG,GPS,USER_WL_SD,5,4,4,4.25633,33.3768,4,2.08291e-06,1,0,True
r48u_20260914_DYNG_UDUC_ils_shadow_fix1,DYNG,UDUC,ils_shadow,2024-07-17T00:30:00,DYNG,GPS,USER_L1_SD_CONDITIONAL,5,2,0,9.65765,30.6648,3,0.216959,0,0,False
r48u_20260914_DYNG_UDUC_ils_feedback_fix1,DYNG,UDUC,ils_feedback,2024-07-17T00:10:30,DYNG,GPS,USER_WL_SD,4,0,0,nan,nan,0,0,0,1,False
r48u_20260914_DYNG_UDUC_ils_feedback_fix1,DYNG,UDUC,ils_feedback,2024-07-17T00:17:00,DYNG,GPS,USER_WL_SD,4,3,3,2.83164,30.6648,3,0.000267593,1,1,True
r48u_20260914_DYNG_UDUC_ils_feedback_fix1,DYNG,UDUC,ils_feedback,2024-07-17T00:17:00,DYNG,GPS,USER_L1_SD_CONDITIONAL,4,0,0,nan,nan,0,0,0,1,False
r48u_20260914_DYNG_UDUC_ils_feedback_fix1,DYNG,UDUC,ils_feedback,2024-07-17T00:17:30,DYNG,GPS,USER_WL_SD,4,0,0,nan,nan,0,0,0,1,False
r48u_20260914_DYNG_UDUC_ils_feedback_fix1,DYNG,UDUC,ils_feedback,2024-07-17T00:17:30,DYNG,GPS,USER_L1_SD_CONDITIONAL,4,0,0,nan,nan,0,0,0,1,False
r48u_20260914_DYNG_UDUC_ils_feedback_fix1,DYNG,UDUC,ils_feedback,2024-07-17T00:18:00,DYNG,GPS,USER_WL_SD,4,0,0,nan,nan,0,0,0,1,False
r48u_20260914_DYNG_UDUC_ils_feedback_fix1,DYNG,UDUC,ils_feedback,2024-07-17T00:18:30,DYNG,GPS,USER_WL_SD,4,0,0,nan,nan,0,0,0,1,False
r48u_20260914_DYNG_UDUC_ils_feedback_fix1,DYNG,UDUC,ils_feedback,2024-07-17T00:19:00,DYNG,GPS,USER_WL_SD,4,0,0,nan,nan,0,0,0,1,False
r48u_20260914_DYNG_UDUC_ils_feedback_fix1,DYNG,UDUC,ils_feedback,2024-07-17T00:19:30,DYNG,GPS,USER_WL_SD,4,0,0,nan,nan,0,0,0,1,False
r48u_20260914_DYNG_UDUC_ils_feedback_fix1,DYNG,UDUC,ils_feedback,2024-07-17T00:20:00,DYNG,GPS,USER_WL_SD,4,0,0,nan,nan,0,0,0,1,False
r48u_20260914_DYNG_UDUC_ils_feedback_fix1,DYNG,UDUC,ils_feedback,2024-07-17T00:20:30,DYNG,GPS,USER_WL_SD,5,0,0,nan,nan,0,0,0,1,False
r48u_20260914_DYNG_UDUC_ils_feedback_fix1,DYNG,UDUC,ils_feedback,2024-07-17T00:21:00,DYNG,GPS,USER_WL_SD,4,0,0,nan,nan,0,0,0,1,False
r48u_20260914_DYNG_UDUC_ils_feedback_fix1,DYNG,UDUC,ils_feedback,2024-07-17T00:21:30,DYNG,GPS,USER_WL_SD,5,0,0,nan,nan,0,0,0,1,False
r48u_20260914_DYNG_UDUC_ils_feedback_fix1,DYNG,UDUC,ils_feedback,2024-07-17T00:22:00,DYNG,GPS,USER_WL_SD,5,0,0,nan,nan,0,0,0,1,False
r48u_20260914_DYNG_UDUC_ils_feedback_fix1,DYNG,UDUC,ils_feedback,2024-07-17T00:22:00,DYNG,GPS,USER_L1_SD_CONDITIONAL,5,0,0,nan,nan,0,0,0,1,False
r48u_20260914_DYNG_UDUC_ils_feedback_fix1,DYNG,UDUC,ils_feedback,2024-07-17T00:22:30,DYNG,GPS,USER_WL_SD,5,0,0,nan,nan,0,0,0,1,False
r48u_20260914_DYNG_UDUC_ils_feedback_fix1,DYNG,UDUC,ils_feedback,2024-07-17T00:22:30,DYNG,GPS,USER_L1_SD_CONDITIONAL,5,0,0,nan,nan,0,0,0,1,False
r48u_20260914_DYNG_UDUC_ils_feedback_fix1,DYNG,UDUC,ils_feedback,2024-07-17T00:23:00,DYNG,GPS,USER_WL_SD,5,0,0,nan,nan,0,0,0,1,False
r48u_20260914_DYNG_UDUC_ils_feedback_fix1,DYNG,UDUC,ils_feedback,2024-07-17T00:23:30,DYNG,GPS,USER_WL_SD,4,0,0,nan,nan,0,0,0,1,False
r48u_20260914_DYNG_UDUC_ils_feedback_fix1,DYNG,UDUC,ils_feedback,2024-07-17T00:24:00,DYNG,GPS,USER_WL_SD,4,0,0,nan,nan,0,0,0,1,False
r48u_20260914_DYNG_UDUC_ils_feedback_fix1,DYNG,UDUC,ils_feedback,2024-07-17T00:24:30,DYNG,GPS,USER_WL_SD,4,0,0,nan,nan,0,0,0,1,False
r48u_20260914_DYNG_UDUC_ils_feedback_fix1,DYNG,UDUC,ils_feedback,2024-07-17T00:25:00,DYNG,GPS,USER_WL_SD,4,0,0,nan,nan,0,0,0,1,False
r48u_20260914_DYNG_UDUC_ils_feedback_fix1,DYNG,UDUC,ils_feedback,2024-07-17T00:26:00,DYNG,GPS,USER_WL_SD,4,0,0,nan,nan,0,0,0,1,False
r48u_20260914_DYNG_UDUC_ils_feedback_fix1,DYNG,UDUC,ils_feedback,2024-07-17T00:26:30,DYNG,GPS,USER_WL_SD,4,0,0,nan,nan,0,0,0,1,False
r48u_20260914_DYNG_UDUC_ils_feedback_fix1,DYNG,UDUC,ils_feedback,2024-07-17T00:27:00,DYNG,GPS,USER_WL_SD,5,0,0,nan,nan,0,0,0,1,False
r48u_20260914_DYNG_UDUC_ils_feedback_fix1,DYNG,UDUC,ils_feedback,2024-07-17T00:27:30,DYNG,GPS,USER_WL_SD,5,0,0,nan,nan,0,0,0,1,False
r48u_20260914_DYNG_UDUC_ils_feedback_fix1,DYNG,UDUC,ils_feedback,2024-07-17T00:28:00,DYNG,GPS,USER_WL_SD,5,0,0,nan,nan,0,0,0,1,False
r48u_20260914_DYNG_UDUC_ils_feedback_fix1,DYNG,UDUC,ils_feedback,2024-07-17T00:28:30,DYNG,GPS,USER_WL_SD,5,0,0,nan,nan,0,0,0,1,False
r48u_20260914_DYNG_UDUC_ils_feedback_fix1,DYNG,UDUC,ils_feedback,2024-07-17T00:29:00,DYNG,GPS,USER_WL_SD,5,0,0,nan,nan,0,0,0,1,False
r48u_20260914_DYNG_UDUC_ils_feedback_fix1,DYNG,UDUC,ils_feedback,2024-07-17T00:29:30,DYNG,GPS,USER_WL_SD,5,0,0,nan,nan,0,0,0,1,False
r48u_20260914_DYNG_UDUC_ils_feedback_fix1,DYNG,UDUC,ils_feedback,2024-07-17T00:30:00,DYNG,GPS,USER_WL_SD,5,0,0,nan,nan,0,0,0,1,False
r48u_20260914_NICO_UDUC_round_shadow_fix1,NICO,UDUC,round_shadow,2024-07-17T00:10:30,NICO,GPS,USER_WL_SD,5,1,0,0.341503,23.9281,1,0.00145169,0,0,False
r48u_20260914_NICO_UDUC_round_shadow_fix1,NICO,UDUC,round_shadow,2024-07-17T00:17:00,NICO,GPS,USER_WL_SD,4,3,0,1.83862,30.6648,3,0.00229749,0,0,False
r48u_20260914_NICO_UDUC_round_shadow_fix1,NICO,UDUC,round_shadow,2024-07-17T00:17:30,NICO,GPS,USER_WL_SD,4,3,0,1.87696,30.6648,3,0.00176787,0,0,False
r48u_20260914_NICO_UDUC_round_shadow_fix1,NICO,UDUC,round_shadow,2024-07-17T00:18:00,NICO,GPS,USER_WL_SD,4,3,0,1.88522,30.6648,3,0.00138953,0,0,False
r48u_20260914_NICO_UDUC_round_shadow_fix1,NICO,UDUC,round_shadow,2024-07-17T00:18:30,NICO,GPS,USER_WL_SD,4,3,0,1.8701,30.6648,3,0.00104403,0,0,False
r48u_20260914_NICO_UDUC_round_shadow_fix1,NICO,UDUC,round_shadow,2024-07-17T00:19:00,NICO,GPS,USER_WL_SD,5,3,3,1.84181,30.6648,3,0.000780994,1,0,True
r48u_20260914_NICO_UDUC_round_shadow_fix1,NICO,UDUC,round_shadow,2024-07-17T00:19:00,NICO,GPS,USER_L1_SD_CONDITIONAL,5,0,0,nan,nan,0,0,0,0,False
r48u_20260914_NICO_UDUC_round_shadow_fix1,NICO,UDUC,round_shadow,2024-07-17T00:19:30,NICO,GPS,USER_WL_SD,5,3,3,1.77129,30.6648,3,0.000593802,1,0,True
r48u_20260914_NICO_UDUC_round_shadow_fix1,NICO,UDUC,round_shadow,2024-07-17T00:19:30,NICO,GPS,USER_L1_SD_CONDITIONAL,5,0,0,nan,nan,0,0,0,0,False
r48u_20260914_NICO_UDUC_round_shadow_fix1,NICO,UDUC,round_shadow,2024-07-17T00:20:00,NICO,GPS,USER_WL_SD,4,3,3,1.78338,30.6648,3,0.000422125,1,0,True
r48u_20260914_NICO_UDUC_round_shadow_fix1,NICO,UDUC,round_shadow,2024-07-17T00:20:00,NICO,GPS,USER_L1_SD_CONDITIONAL,4,0,0,nan,nan,0,0,0,0,False
r48u_20260914_NICO_UDUC_round_shadow_fix1,NICO,UDUC,round_shadow,2024-07-17T00:20:30,NICO,GPS,USER_WL_SD,7,4,4,2.14028,33.3768,4,0.00031542,1,0,True
r48u_20260914_NICO_UDUC_round_shadow_fix1,NICO,UDUC,round_shadow,2024-07-17T00:20:30,NICO,GPS,USER_L1_SD_CONDITIONAL,7,0,0,nan,nan,0,0,0,0,False
r48u_20260914_NICO_UDUC_round_shadow_fix1,NICO,UDUC,round_shadow,2024-07-17T00:21:00,NICO,GPS,USER_WL_SD,4,3,3,1.72922,30.6648,3,0.000250931,1,0,True
r48u_20260914_NICO_UDUC_round_shadow_fix1,NICO,UDUC,round_shadow,2024-07-17T00:21:00,NICO,GPS,USER_L1_SD_CONDITIONAL,4,0,0,nan,nan,0,0,0,0,False
r48u_20260914_NICO_UDUC_round_shadow_fix1,NICO,UDUC,round_shadow,2024-07-17T00:21:30,NICO,GPS,USER_WL_SD,5,4,4,2.29821,33.3768,4,0.000213661,1,0,True
r48u_20260914_NICO_UDUC_round_shadow_fix1,NICO,UDUC,round_shadow,2024-07-17T00:21:30,NICO,GPS,USER_L1_SD_CONDITIONAL,5,0,0,nan,nan,0,0,0,0,False
r48u_20260914_NICO_UDUC_round_shadow_fix1,NICO,UDUC,round_shadow,2024-07-17T00:22:00,NICO,GPS,USER_WL_SD,6,4,4,2.21236,33.3768,4,0.000159887,1,0,True
r48u_20260914_NICO_UDUC_round_shadow_fix1,NICO,UDUC,round_shadow,2024-07-17T00:22:00,NICO,GPS,USER_L1_SD_CONDITIONAL,6,0,0,nan,nan,0,0,0,0,False
r48u_20260914_NICO_UDUC_round_shadow_fix1,NICO,UDUC,round_shadow,2024-07-17T00:22:30,NICO,GPS,USER_WL_SD,6,4,4,2.1183,33.3768,4,0.000101595,1,0,True
r48u_20260914_NICO_UDUC_round_shadow_fix1,NICO,UDUC,round_shadow,2024-07-17T00:22:30,NICO,GPS,USER_L1_SD_CONDITIONAL,6,0,0,nan,nan,0,0,0,0,False
r48u_20260914_NICO_UDUC_round_shadow_fix1,NICO,UDUC,round_shadow,2024-07-17T00:23:00,NICO,GPS,USER_WL_SD,6,4,4,1.97956,33.3768,4,5.88868e-05,1,0,True
r48u_20260914_NICO_UDUC_round_shadow_fix1,NICO,UDUC,round_shadow,2024-07-17T00:23:00,NICO,GPS,USER_L1_SD_CONDITIONAL,6,0,0,nan,nan,0,0,0,0,False
r48u_20260914_NICO_UDUC_round_shadow_fix1,NICO,UDUC,round_shadow,2024-07-17T00:23:30,NICO,GPS,USER_WL_SD,5,3,3,1.26872,30.6648,3,3.54504e-05,1,0,True
r48u_20260914_NICO_UDUC_round_shadow_fix1,NICO,UDUC,round_shadow,2024-07-17T00:23:30,NICO,GPS,USER_L1_SD_CONDITIONAL,5,0,0,nan,nan,0,0,0,0,False
r48u_20260914_NICO_UDUC_round_shadow_fix1,NICO,UDUC,round_shadow,2024-07-17T00:24:00,NICO,GPS,USER_WL_SD,5,3,3,1.28871,30.6648,3,2.48986e-05,1,0,True
r48u_20260914_NICO_UDUC_round_shadow_fix1,NICO,UDUC,round_shadow,2024-07-17T00:24:00,NICO,GPS,USER_L1_SD_CONDITIONAL,5,0,0,nan,nan,0,0,0,0,False
r48u_20260914_NICO_UDUC_round_shadow_fix1,NICO,UDUC,round_shadow,2024-07-17T00:24:30,NICO,GPS,USER_WL_SD,5,3,3,1.39656,30.6648,3,2.05774e-05,1,0,True
r48u_20260914_NICO_UDUC_round_shadow_fix1,NICO,UDUC,round_shadow,2024-07-17T00:24:30,NICO,GPS,USER_L1_SD_CONDITIONAL,5,0,0,nan,nan,0,0,0,0,False
r48u_20260914_NICO_UDUC_round_shadow_fix1,NICO,UDUC,round_shadow,2024-07-17T00:25:00,NICO,GPS,USER_WL_SD,5,3,3,1.48007,30.6648,3,1.58154e-05,1,0,True
r48u_20260914_NICO_UDUC_round_shadow_fix1,NICO,UDUC,round_shadow,2024-07-17T00:25:00,NICO,GPS,USER_L1_SD_CONDITIONAL,5,0,0,nan,nan,0,0,0,0,False
r48u_20260914_NICO_UDUC_round_shadow_fix1,NICO,UDUC,round_shadow,2024-07-17T00:26:00,NICO,GPS,USER_WL_SD,4,3,3,1.45971,30.6648,3,8.22236e-06,1,0,True
r48u_20260914_NICO_UDUC_round_shadow_fix1,NICO,UDUC,round_shadow,2024-07-17T00:26:00,NICO,GPS,USER_L1_SD_CONDITIONAL,4,0,0,nan,nan,0,0,0,0,False
r48u_20260914_NICO_UDUC_round_shadow_fix1,NICO,UDUC,round_shadow,2024-07-17T00:26:30,NICO,GPS,USER_WL_SD,4,3,3,1.56787,30.6648,3,6.82943e-06,1,0,True
r48u_20260914_NICO_UDUC_round_shadow_fix1,NICO,UDUC,round_shadow,2024-07-17T00:26:30,NICO,GPS,USER_L1_SD_CONDITIONAL,4,0,0,nan,nan,0,0,0,0,False
r48u_20260914_NICO_UDUC_round_shadow_fix1,NICO,UDUC,round_shadow,2024-07-17T00:27:00,NICO,GPS,USER_WL_SD,6,4,4,2.89574,33.3768,4,4.92571e-06,1,0,True
r48u_20260914_NICO_UDUC_round_shadow_fix1,NICO,UDUC,round_shadow,2024-07-17T00:27:00,NICO,GPS,USER_L1_SD_CONDITIONAL,6,0,0,nan,nan,0,0,0,0,False
r48u_20260914_NICO_UDUC_round_shadow_fix1,NICO,UDUC,round_shadow,2024-07-17T00:27:30,NICO,GPS,USER_WL_SD,6,3,3,1.56004,30.6648,3,3.07438e-06,1,0,True
r48u_20260914_NICO_UDUC_round_shadow_fix1,NICO,UDUC,round_shadow,2024-07-17T00:27:30,NICO,GPS,USER_L1_SD_CONDITIONAL,6,0,0,nan,nan,0,0,0,0,False
r48u_20260914_NICO_UDUC_round_shadow_fix1,NICO,UDUC,round_shadow,2024-07-17T00:28:00,NICO,GPS,USER_WL_SD,5,3,3,1.57401,30.6648,3,2.10376e-06,1,0,True
r48u_20260914_NICO_UDUC_round_shadow_fix1,NICO,UDUC,round_shadow,2024-07-17T00:28:00,NICO,GPS,USER_L1_SD_CONDITIONAL,5,0,0,nan,nan,0,0,0,0,False
r48u_20260914_NICO_UDUC_round_shadow_fix1,NICO,UDUC,round_shadow,2024-07-17T00:28:30,NICO,GPS,USER_WL_SD,5,3,3,1.62417,30.6648,3,1.50532e-06,1,0,True
r48u_20260914_NICO_UDUC_round_shadow_fix1,NICO,UDUC,round_shadow,2024-07-17T00:28:30,NICO,GPS,USER_L1_SD_CONDITIONAL,5,0,0,nan,nan,0,0,0,0,False
r48u_20260914_NICO_UDUC_round_shadow_fix1,NICO,UDUC,round_shadow,2024-07-17T00:29:00,NICO,GPS,USER_WL_SD,5,3,3,1.67556,30.6648,3,1.14482e-06,1,0,True
r48u_20260914_NICO_UDUC_round_shadow_fix1,NICO,UDUC,round_shadow,2024-07-17T00:29:00,NICO,GPS,USER_L1_SD_CONDITIONAL,5,0,0,nan,nan,0,0,0,0,False
r48u_20260914_NICO_UDUC_round_shadow_fix1,NICO,UDUC,round_shadow,2024-07-17T00:29:30,NICO,GPS,USER_WL_SD,5,3,3,1.7374,30.6648,3,8.54137e-07,1,0,True
r48u_20260914_NICO_UDUC_round_shadow_fix1,NICO,UDUC,round_shadow,2024-07-17T00:29:30,NICO,GPS,USER_L1_SD_CONDITIONAL,5,0,0,nan,nan,0,0,0,0,False
r48u_20260914_NICO_UDUC_round_shadow_fix1,NICO,UDUC,round_shadow,2024-07-17T00:30:00,NICO,GPS,USER_WL_SD,5,3,3,1.8293,30.6648,3,6.82196e-07,1,0,True
r48u_20260914_NICO_UDUC_round_shadow_fix1,NICO,UDUC,round_shadow,2024-07-17T00:30:00,NICO,GPS,USER_L1_SD_CONDITIONAL,5,0,0,nan,nan,0,0,0,0,False
r48u_20260914_NICO_UDUC_round_feedback_fix1,NICO,UDUC,round_feedback,2024-07-17T00:10:30,NICO,GPS,USER_WL_SD,5,1,0,0.341503,23.9281,1,0.00145169,0,1,False
r48u_20260914_NICO_UDUC_round_feedback_fix1,NICO,UDUC,round_feedback,2024-07-17T00:17:00,NICO,GPS,USER_WL_SD,4,3,0,1.83862,30.6648,3,0.00229749,0,1,False
r48u_20260914_NICO_UDUC_round_feedback_fix1,NICO,UDUC,round_feedback,2024-07-17T00:17:30,NICO,GPS,USER_WL_SD,4,3,0,1.87696,30.6648,3,0.00176787,0,1,False
r48u_20260914_NICO_UDUC_round_feedback_fix1,NICO,UDUC,round_feedback,2024-07-17T00:18:00,NICO,GPS,USER_WL_SD,4,3,0,1.88522,30.6648,3,0.00138953,0,1,False
r48u_20260914_NICO_UDUC_round_feedback_fix1,NICO,UDUC,round_feedback,2024-07-17T00:18:30,NICO,GPS,USER_WL_SD,4,3,0,1.8701,30.6648,3,0.00104403,0,1,False
r48u_20260914_NICO_UDUC_round_feedback_fix1,NICO,UDUC,round_feedback,2024-07-17T00:19:00,NICO,GPS,USER_WL_SD,5,3,3,1.84181,30.6648,3,0.000780994,1,1,True
r48u_20260914_NICO_UDUC_round_feedback_fix1,NICO,UDUC,round_feedback,2024-07-17T00:19:00,NICO,GPS,USER_L1_SD_CONDITIONAL,5,0,0,nan,nan,0,0,0,1,False
r48u_20260914_NICO_UDUC_round_feedback_fix1,NICO,UDUC,round_feedback,2024-07-17T00:19:30,NICO,GPS,USER_WL_SD,5,0,0,nan,nan,0,0,0,1,False
r48u_20260914_NICO_UDUC_round_feedback_fix1,NICO,UDUC,round_feedback,2024-07-17T00:19:30,NICO,GPS,USER_L1_SD_CONDITIONAL,5,0,0,nan,nan,0,0,0,1,False
r48u_20260914_NICO_UDUC_round_feedback_fix1,NICO,UDUC,round_feedback,2024-07-17T00:20:00,NICO,GPS,USER_WL_SD,4,0,0,nan,nan,0,0,0,1,False
r48u_20260914_NICO_UDUC_round_feedback_fix1,NICO,UDUC,round_feedback,2024-07-17T00:20:00,NICO,GPS,USER_L1_SD_CONDITIONAL,4,0,0,nan,nan,0,0,0,1,False
r48u_20260914_NICO_UDUC_round_feedback_fix1,NICO,UDUC,round_feedback,2024-07-17T00:20:30,NICO,GPS,USER_WL_SD,7,0,0,nan,nan,0,0,0,1,False
r48u_20260914_NICO_UDUC_round_feedback_fix1,NICO,UDUC,round_feedback,2024-07-17T00:20:30,NICO,GPS,USER_L1_SD_CONDITIONAL,7,0,0,nan,nan,0,0,0,1,False
r48u_20260914_NICO_UDUC_round_feedback_fix1,NICO,UDUC,round_feedback,2024-07-17T00:21:00,NICO,GPS,USER_WL_SD,4,0,0,nan,nan,0,0,0,1,False
r48u_20260914_NICO_UDUC_round_feedback_fix1,NICO,UDUC,round_feedback,2024-07-17T00:21:00,NICO,GPS,USER_L1_SD_CONDITIONAL,4,0,0,nan,nan,0,0,0,1,False
r48u_20260914_NICO_UDUC_round_feedback_fix1,NICO,UDUC,round_feedback,2024-07-17T00:21:30,NICO,GPS,USER_WL_SD,5,0,0,nan,nan,0,0,0,1,False
r48u_20260914_NICO_UDUC_round_feedback_fix1,NICO,UDUC,round_feedback,2024-07-17T00:21:30,NICO,GPS,USER_L1_SD_CONDITIONAL,5,0,0,nan,nan,0,0,0,1,False
r48u_20260914_NICO_UDUC_round_feedback_fix1,NICO,UDUC,round_feedback,2024-07-17T00:22:00,NICO,GPS,USER_WL_SD,6,0,0,nan,nan,0,0,0,1,False
r48u_20260914_NICO_UDUC_round_feedback_fix1,NICO,UDUC,round_feedback,2024-07-17T00:22:00,NICO,GPS,USER_L1_SD_CONDITIONAL,6,0,0,nan,nan,0,0,0,1,False
r48u_20260914_NICO_UDUC_round_feedback_fix1,NICO,UDUC,round_feedback,2024-07-17T00:22:30,NICO,GPS,USER_WL_SD,6,0,0,nan,nan,0,0,0,1,False
r48u_20260914_NICO_UDUC_round_feedback_fix1,NICO,UDUC,round_feedback,2024-07-17T00:22:30,NICO,GPS,USER_L1_SD_CONDITIONAL,6,0,0,nan,nan,0,0,0,1,False
r48u_20260914_NICO_UDUC_round_feedback_fix1,NICO,UDUC,round_feedback,2024-07-17T00:23:00,NICO,GPS,USER_WL_SD,6,0,0,nan,nan,0,0,0,1,False
r48u_20260914_NICO_UDUC_round_feedback_fix1,NICO,UDUC,round_feedback,2024-07-17T00:23:00,NICO,GPS,USER_L1_SD_CONDITIONAL,6,0,0,nan,nan,0,0,0,1,False
r48u_20260914_NICO_UDUC_round_feedback_fix1,NICO,UDUC,round_feedback,2024-07-17T00:23:30,NICO,GPS,USER_WL_SD,5,0,0,nan,nan,0,0,0,1,False
r48u_20260914_NICO_UDUC_round_feedback_fix1,NICO,UDUC,round_feedback,2024-07-17T00:23:30,NICO,GPS,USER_L1_SD_CONDITIONAL,5,0,0,nan,nan,0,0,0,1,False
r48u_20260914_NICO_UDUC_round_feedback_fix1,NICO,UDUC,round_feedback,2024-07-17T00:24:00,NICO,GPS,USER_WL_SD,5,0,0,nan,nan,0,0,0,1,False
r48u_20260914_NICO_UDUC_round_feedback_fix1,NICO,UDUC,round_feedback,2024-07-17T00:24:00,NICO,GPS,USER_L1_SD_CONDITIONAL,5,0,0,nan,nan,0,0,0,1,False
r48u_20260914_NICO_UDUC_round_feedback_fix1,NICO,UDUC,round_feedback,2024-07-17T00:24:30,NICO,GPS,USER_WL_SD,5,0,0,nan,nan,0,0,0,1,False
r48u_20260914_NICO_UDUC_round_feedback_fix1,NICO,UDUC,round_feedback,2024-07-17T00:24:30,NICO,GPS,USER_L1_SD_CONDITIONAL,5,0,0,nan,nan,0,0,0,1,False
r48u_20260914_NICO_UDUC_round_feedback_fix1,NICO,UDUC,round_feedback,2024-07-17T00:25:00,NICO,GPS,USER_WL_SD,5,0,0,nan,nan,0,0,0,1,False
r48u_20260914_NICO_UDUC_round_feedback_fix1,NICO,UDUC,round_feedback,2024-07-17T00:25:00,NICO,GPS,USER_L1_SD_CONDITIONAL,5,0,0,nan,nan,0,0,0,1,False
r48u_20260914_NICO_UDUC_round_feedback_fix1,NICO,UDUC,round_feedback,2024-07-17T00:26:00,NICO,GPS,USER_WL_SD,4,0,0,nan,nan,0,0,0,1,False
r48u_20260914_NICO_UDUC_round_feedback_fix1,NICO,UDUC,round_feedback,2024-07-17T00:26:00,NICO,GPS,USER_L1_SD_CONDITIONAL,4,0,0,nan,nan,0,0,0,1,False
r48u_20260914_NICO_UDUC_round_feedback_fix1,NICO,UDUC,round_feedback,2024-07-17T00:26:30,NICO,GPS,USER_WL_SD,4,0,0,nan,nan,0,0,0,1,False
r48u_20260914_NICO_UDUC_round_feedback_fix1,NICO,UDUC,round_feedback,2024-07-17T00:26:30,NICO,GPS,USER_L1_SD_CONDITIONAL,4,0,0,nan,nan,0,0,0,1,False
r48u_20260914_NICO_UDUC_round_feedback_fix1,NICO,UDUC,round_feedback,2024-07-17T00:27:00,NICO,GPS,USER_WL_SD,6,0,0,nan,nan,0,0,0,1,False
r48u_20260914_NICO_UDUC_round_feedback_fix1,NICO,UDUC,round_feedback,2024-07-17T00:27:00,NICO,GPS,USER_L1_SD_CONDITIONAL,6,0,0,nan,nan,0,0,0,1,False
r48u_20260914_NICO_UDUC_round_feedback_fix1,NICO,UDUC,round_feedback,2024-07-17T00:27:30,NICO,GPS,USER_WL_SD,6,0,0,nan,nan,0,0,0,1,False
r48u_20260914_NICO_UDUC_round_feedback_fix1,NICO,UDUC,round_feedback,2024-07-17T00:27:30,NICO,GPS,USER_L1_SD_CONDITIONAL,6,0,0,nan,nan,0,0,0,1,False
r48u_20260914_NICO_UDUC_round_feedback_fix1,NICO,UDUC,round_feedback,2024-07-17T00:28:00,NICO,GPS,USER_WL_SD,5,0,0,nan,nan,0,0,0,1,False
r48u_20260914_NICO_UDUC_round_feedback_fix1,NICO,UDUC,round_feedback,2024-07-17T00:28:00,NICO,GPS,USER_L1_SD_CONDITIONAL,5,0,0,nan,nan,0,0,0,1,False
r48u_20260914_NICO_UDUC_round_feedback_fix1,NICO,UDUC,round_feedback,2024-07-17T00:28:30,NICO,GPS,USER_WL_SD,5,0,0,nan,nan,0,0,0,1,False
r48u_20260914_NICO_UDUC_round_feedback_fix1,NICO,UDUC,round_feedback,2024-07-17T00:28:30,NICO,GPS,USER_L1_SD_CONDITIONAL,5,0,0,nan,nan,0,0,0,1,False
r48u_20260914_NICO_UDUC_round_feedback_fix1,NICO,UDUC,round_feedback,2024-07-17T00:29:00,NICO,GPS,USER_WL_SD,5,0,0,nan,nan,0,0,0,1,False
r48u_20260914_NICO_UDUC_round_feedback_fix1,NICO,UDUC,round_feedback,2024-07-17T00:29:00,NICO,GPS,USER_L1_SD_CONDITIONAL,5,0,0,nan,nan,0,0,0,1,False
r48u_20260914_NICO_UDUC_round_feedback_fix1,NICO,UDUC,round_feedback,2024-07-17T00:29:30,NICO,GPS,USER_WL_SD,5,0,0,nan,nan,0,0,0,1,False
r48u_20260914_NICO_UDUC_round_feedback_fix1,NICO,UDUC,round_feedback,2024-07-17T00:29:30,NICO,GPS,USER_L1_SD_CONDITIONAL,5,0,0,nan,nan,0,0,0,1,False
r48u_20260914_NICO_UDUC_round_feedback_fix1,NICO,UDUC,round_feedback,2024-07-17T00:30:00,NICO,GPS,USER_WL_SD,5,0,0,nan,nan,0,0,0,1,False
r48u_20260914_NICO_UDUC_round_feedback_fix1,NICO,UDUC,round_feedback,2024-07-17T00:30:00,NICO,GPS,USER_L1_SD_CONDITIONAL,5,0,0,nan,nan,0,0,0,1,False
r48u_20260914_NICO_UDUC_ils_shadow_fix1,NICO,UDUC,ils_shadow,2024-07-17T00:10:30,NICO,GPS,USER_WL_SD,5,0,0,nan,nan,0,0,0,0,False
r48u_20260914_NICO_UDUC_ils_shadow_fix1,NICO,UDUC,ils_shadow,2024-07-17T00:17:00,NICO,GPS,USER_WL_SD,4,2,2,1.38217,27.631,2,1.2973e-05,1,0,True
r48u_20260914_NICO_UDUC_ils_shadow_fix1,NICO,UDUC,ils_shadow,2024-07-17T00:17:00,NICO,GPS,USER_L1_SD_CONDITIONAL,4,0,0,nan,nan,0,0,0,0,False
r48u_20260914_NICO_UDUC_ils_shadow_fix1,NICO,UDUC,ils_shadow,2024-07-17T00:17:30,NICO,GPS,USER_WL_SD,4,2,2,1.39673,27.631,2,8.5652e-06,1,0,True
r48u_20260914_NICO_UDUC_ils_shadow_fix1,NICO,UDUC,ils_shadow,2024-07-17T00:17:30,NICO,GPS,USER_L1_SD_CONDITIONAL,4,0,0,nan,nan,0,0,0,0,False
r48u_20260914_NICO_UDUC_ils_shadow_fix1,NICO,UDUC,ils_shadow,2024-07-17T00:18:00,NICO,GPS,USER_WL_SD,4,2,2,1.35878,27.631,2,5.01973e-06,1,0,True
r48u_20260914_NICO_UDUC_ils_shadow_fix1,NICO,UDUC,ils_shadow,2024-07-17T00:18:00,NICO,GPS,USER_L1_SD_CONDITIONAL,4,0,0,nan,nan,0,0,0,0,False
r48u_20260914_NICO_UDUC_ils_shadow_fix1,NICO,UDUC,ils_shadow,2024-07-17T00:18:30,NICO,GPS,USER_WL_SD,4,3,0,1.8701,30.6648,3,0.00104403,0,0,False
r48u_20260914_NICO_UDUC_ils_shadow_fix1,NICO,UDUC,ils_shadow,2024-07-17T00:18:30,NICO,GPS,USER_L1_SD_CONDITIONAL,4,0,0,nan,nan,0,0,0,0,False
r48u_20260914_NICO_UDUC_ils_shadow_fix1,NICO,UDUC,ils_shadow,2024-07-17T00:19:00,NICO,GPS,USER_WL_SD,5,3,3,1.84181,30.6648,3,0.000780994,1,0,True
r48u_20260914_NICO_UDUC_ils_shadow_fix1,NICO,UDUC,ils_shadow,2024-07-17T00:19:00,NICO,GPS,USER_L1_SD_CONDITIONAL,5,0,0,nan,nan,0,0,0,0,False
r48u_20260914_NICO_UDUC_ils_shadow_fix1,NICO,UDUC,ils_shadow,2024-07-17T00:19:30,NICO,GPS,USER_WL_SD,5,3,3,1.77129,30.6648,3,0.000593802,1,0,True
r48u_20260914_NICO_UDUC_ils_shadow_fix1,NICO,UDUC,ils_shadow,2024-07-17T00:19:30,NICO,GPS,USER_L1_SD_CONDITIONAL,5,0,0,nan,nan,0,0,0,0,False
r48u_20260914_NICO_UDUC_ils_shadow_fix1,NICO,UDUC,ils_shadow,2024-07-17T00:20:00,NICO,GPS,USER_WL_SD,4,3,3,1.78338,30.6648,3,0.000422125,1,0,True
r48u_20260914_NICO_UDUC_ils_shadow_fix1,NICO,UDUC,ils_shadow,2024-07-17T00:20:00,NICO,GPS,USER_L1_SD_CONDITIONAL,4,0,0,nan,nan,0,0,0,0,False
r48u_20260914_NICO_UDUC_ils_shadow_fix1,NICO,UDUC,ils_shadow,2024-07-17T00:20:30,NICO,GPS,USER_WL_SD,7,4,4,2.14028,33.3768,4,0.00031542,1,0,True
r48u_20260914_NICO_UDUC_ils_shadow_fix1,NICO,UDUC,ils_shadow,2024-07-17T00:20:30,NICO,GPS,USER_L1_SD_CONDITIONAL,7,0,0,nan,nan,0,0,0,0,False
r48u_20260914_NICO_UDUC_ils_shadow_fix1,NICO,UDUC,ils_shadow,2024-07-17T00:21:00,NICO,GPS,USER_WL_SD,4,3,3,1.72922,30.6648,3,0.000250931,1,0,True
r48u_20260914_NICO_UDUC_ils_shadow_fix1,NICO,UDUC,ils_shadow,2024-07-17T00:21:00,NICO,GPS,USER_L1_SD_CONDITIONAL,4,0,0,nan,nan,0,0,0,0,False
r48u_20260914_NICO_UDUC_ils_shadow_fix1,NICO,UDUC,ils_shadow,2024-07-17T00:21:30,NICO,GPS,USER_WL_SD,5,4,4,2.29821,33.3768,4,0.000213661,1,0,True
r48u_20260914_NICO_UDUC_ils_shadow_fix1,NICO,UDUC,ils_shadow,2024-07-17T00:21:30,NICO,GPS,USER_L1_SD_CONDITIONAL,5,0,0,nan,nan,0,0,0,0,False
r48u_20260914_NICO_UDUC_ils_shadow_fix1,NICO,UDUC,ils_shadow,2024-07-17T00:22:00,NICO,GPS,USER_WL_SD,6,4,4,2.21236,33.3768,4,0.000159887,1,0,True
r48u_20260914_NICO_UDUC_ils_shadow_fix1,NICO,UDUC,ils_shadow,2024-07-17T00:22:00,NICO,GPS,USER_L1_SD_CONDITIONAL,6,0,0,1.30129,23.9281,1,0,0,0,False
r48u_20260914_NICO_UDUC_ils_shadow_fix1,NICO,UDUC,ils_shadow,2024-07-17T00:22:30,NICO,GPS,USER_WL_SD,6,4,4,2.1183,33.3768,4,0.000101595,1,0,True
r48u_20260914_NICO_UDUC_ils_shadow_fix1,NICO,UDUC,ils_shadow,2024-07-17T00:22:30,NICO,GPS,USER_L1_SD_CONDITIONAL,6,0,0,0.777706,23.9281,1,0,0,0,False
r48u_20260914_NICO_UDUC_ils_shadow_fix1,NICO,UDUC,ils_shadow,2024-07-17T00:23:00,NICO,GPS,USER_WL_SD,6,4,4,1.97956,33.3768,4,5.88868e-05,1,0,True
r48u_20260914_NICO_UDUC_ils_shadow_fix1,NICO,UDUC,ils_shadow,2024-07-17T00:23:00,NICO,GPS,USER_L1_SD_CONDITIONAL,6,0,0,0.595462,23.9281,1,0,0,0,False
r48u_20260914_NICO_UDUC_ils_shadow_fix1,NICO,UDUC,ils_shadow,2024-07-17T00:23:30,NICO,GPS,USER_WL_SD,5,3,3,1.26872,30.6648,3,3.54504e-05,1,0,True
r48u_20260914_NICO_UDUC_ils_shadow_fix1,NICO,UDUC,ils_shadow,2024-07-17T00:23:30,NICO,GPS,USER_L1_SD_CONDITIONAL,5,0,0,0.507509,23.9281,1,0,0,0,False
r48u_20260914_NICO_UDUC_ils_shadow_fix1,NICO,UDUC,ils_shadow,2024-07-17T00:24:00,NICO,GPS,USER_WL_SD,5,3,3,1.28871,30.6648,3,2.48986e-05,1,0,True
r48u_20260914_NICO_UDUC_ils_shadow_fix1,NICO,UDUC,ils_shadow,2024-07-17T00:24:00,NICO,GPS,USER_L1_SD_CONDITIONAL,5,0,0,0.356725,23.9281,1,0,0,0,False
r48u_20260914_NICO_UDUC_ils_shadow_fix1,NICO,UDUC,ils_shadow,2024-07-17T00:24:30,NICO,GPS,USER_WL_SD,5,3,3,1.39656,30.6648,3,2.05774e-05,1,0,True
r48u_20260914_NICO_UDUC_ils_shadow_fix1,NICO,UDUC,ils_shadow,2024-07-17T00:24:30,NICO,GPS,USER_L1_SD_CONDITIONAL,5,0,0,0.390216,23.9281,1,0,0,0,False
r48u_20260914_NICO_UDUC_ils_shadow_fix1,NICO,UDUC,ils_shadow,2024-07-17T00:25:00,NICO,GPS,USER_WL_SD,5,3,3,1.48007,30.6648,3,1.58154e-05,1,0,True
r48u_20260914_NICO_UDUC_ils_shadow_fix1,NICO,UDUC,ils_shadow,2024-07-17T00:25:00,NICO,GPS,USER_L1_SD_CONDITIONAL,5,0,0,0.400017,23.9281,1,0,0,0,False
r48u_20260914_NICO_UDUC_ils_shadow_fix1,NICO,UDUC,ils_shadow,2024-07-17T00:26:00,NICO,GPS,USER_WL_SD,4,3,3,1.45971,30.6648,3,8.22236e-06,1,0,True
r48u_20260914_NICO_UDUC_ils_shadow_fix1,NICO,UDUC,ils_shadow,2024-07-17T00:26:00,NICO,GPS,USER_L1_SD_CONDITIONAL,4,0,0,0.520996,23.9281,1,0,0,0,False
r48u_20260914_NICO_UDUC_ils_shadow_fix1,NICO,UDUC,ils_shadow,2024-07-17T00:26:30,NICO,GPS,USER_WL_SD,4,3,3,1.56787,30.6648,3,6.82943e-06,1,0,True
r48u_20260914_NICO_UDUC_ils_shadow_fix1,NICO,UDUC,ils_shadow,2024-07-17T00:26:30,NICO,GPS,USER_L1_SD_CONDITIONAL,4,0,0,0.618,23.9281,1,0,0,0,False
r48u_20260914_NICO_UDUC_ils_shadow_fix1,NICO,UDUC,ils_shadow,2024-07-17T00:27:00,NICO,GPS,USER_WL_SD,6,4,4,2.89574,33.3768,4,4.92571e-06,1,0,True
r48u_20260914_NICO_UDUC_ils_shadow_fix1,NICO,UDUC,ils_shadow,2024-07-17T00:27:00,NICO,GPS,USER_L1_SD_CONDITIONAL,6,1,0,8.35206,30.6648,3,0.426918,0,0,False
r48u_20260914_NICO_UDUC_ils_shadow_fix1,NICO,UDUC,ils_shadow,2024-07-17T00:27:30,NICO,GPS,USER_WL_SD,6,3,3,1.56004,30.6648,3,3.07438e-06,1,0,True
r48u_20260914_NICO_UDUC_ils_shadow_fix1,NICO,UDUC,ils_shadow,2024-07-17T00:27:30,NICO,GPS,USER_L1_SD_CONDITIONAL,6,0,0,0.767571,23.9281,1,0,0,0,False
r48u_20260914_NICO_UDUC_ils_shadow_fix1,NICO,UDUC,ils_shadow,2024-07-17T00:28:00,NICO,GPS,USER_WL_SD,5,3,3,1.57401,30.6648,3,2.10376e-06,1,0,True
r48u_20260914_NICO_UDUC_ils_shadow_fix1,NICO,UDUC,ils_shadow,2024-07-17T00:28:00,NICO,GPS,USER_L1_SD_CONDITIONAL,5,0,0,nan,nan,0,0,0,0,False
r48u_20260914_NICO_UDUC_ils_shadow_fix1,NICO,UDUC,ils_shadow,2024-07-17T00:28:30,NICO,GPS,USER_WL_SD,5,3,3,1.62417,30.6648,3,1.50532e-06,1,0,True
r48u_20260914_NICO_UDUC_ils_shadow_fix1,NICO,UDUC,ils_shadow,2024-07-17T00:28:30,NICO,GPS,USER_L1_SD_CONDITIONAL,5,0,0,nan,nan,0,0,0,0,False
r48u_20260914_NICO_UDUC_ils_shadow_fix1,NICO,UDUC,ils_shadow,2024-07-17T00:29:00,NICO,GPS,USER_WL_SD,5,3,3,1.67556,30.6648,3,1.14482e-06,1,0,True
r48u_20260914_NICO_UDUC_ils_shadow_fix1,NICO,UDUC,ils_shadow,2024-07-17T00:29:00,NICO,GPS,USER_L1_SD_CONDITIONAL,5,0,0,nan,nan,0,0,0,0,False
r48u_20260914_NICO_UDUC_ils_shadow_fix1,NICO,UDUC,ils_shadow,2024-07-17T00:29:30,NICO,GPS,USER_WL_SD,5,3,3,1.7374,30.6648,3,8.54137e-07,1,0,True
r48u_20260914_NICO_UDUC_ils_shadow_fix1,NICO,UDUC,ils_shadow,2024-07-17T00:29:30,NICO,GPS,USER_L1_SD_CONDITIONAL,5,1,0,8.34137,27.631,2,0.318762,0,0,False
r48u_20260914_NICO_UDUC_ils_shadow_fix1,NICO,UDUC,ils_shadow,2024-07-17T00:30:00,NICO,GPS,USER_WL_SD,5,3,3,1.8293,30.6648,3,6.82196e-07,1,0,True
r48u_20260914_NICO_UDUC_ils_shadow_fix1,NICO,UDUC,ils_shadow,2024-07-17T00:30:00,NICO,GPS,USER_L1_SD_CONDITIONAL,5,1,0,8.03648,27.631,2,0.205996,0,0,False
r48u_20260914_NICO_UDUC_ils_feedback_fix1,NICO,UDUC,ils_feedback,2024-07-17T00:10:30,NICO,GPS,USER_WL_SD,5,0,0,nan,nan,0,0,0,1,False
r48u_20260914_NICO_UDUC_ils_feedback_fix1,NICO,UDUC,ils_feedback,2024-07-17T00:17:00,NICO,GPS,USER_WL_SD,4,2,2,1.38217,27.631,2,1.2973e-05,1,1,True
r48u_20260914_NICO_UDUC_ils_feedback_fix1,NICO,UDUC,ils_feedback,2024-07-17T00:17:00,NICO,GPS,USER_L1_SD_CONDITIONAL,4,0,0,nan,nan,0,0,0,1,False
r48u_20260914_NICO_UDUC_ils_feedback_fix1,NICO,UDUC,ils_feedback,2024-07-17T00:17:30,NICO,GPS,USER_WL_SD,4,0,0,nan,nan,0,0,0,1,False
r48u_20260914_NICO_UDUC_ils_feedback_fix1,NICO,UDUC,ils_feedback,2024-07-17T00:17:30,NICO,GPS,USER_L1_SD_CONDITIONAL,4,0,0,nan,nan,0,0,0,1,False
r48u_20260914_NICO_UDUC_ils_feedback_fix1,NICO,UDUC,ils_feedback,2024-07-17T00:18:00,NICO,GPS,USER_WL_SD,4,0,0,nan,nan,0,0,0,1,False
r48u_20260914_NICO_UDUC_ils_feedback_fix1,NICO,UDUC,ils_feedback,2024-07-17T00:18:00,NICO,GPS,USER_L1_SD_CONDITIONAL,4,0,0,nan,nan,0,0,0,1,False
r48u_20260914_NICO_UDUC_ils_feedback_fix1,NICO,UDUC,ils_feedback,2024-07-17T00:18:30,NICO,GPS,USER_WL_SD,4,0,0,nan,nan,0,0,0,1,False
r48u_20260914_NICO_UDUC_ils_feedback_fix1,NICO,UDUC,ils_feedback,2024-07-17T00:18:30,NICO,GPS,USER_L1_SD_CONDITIONAL,4,0,0,nan,nan,0,0,0,1,False
r48u_20260914_NICO_UDUC_ils_feedback_fix1,NICO,UDUC,ils_feedback,2024-07-17T00:19:00,NICO,GPS,USER_WL_SD,5,0,0,nan,nan,0,0,0,1,False
r48u_20260914_NICO_UDUC_ils_feedback_fix1,NICO,UDUC,ils_feedback,2024-07-17T00:19:00,NICO,GPS,USER_L1_SD_CONDITIONAL,5,0,0,nan,nan,0,0,0,1,False
r48u_20260914_NICO_UDUC_ils_feedback_fix1,NICO,UDUC,ils_feedback,2024-07-17T00:19:30,NICO,GPS,USER_WL_SD,5,0,0,nan,nan,0,0,0,1,False
r48u_20260914_NICO_UDUC_ils_feedback_fix1,NICO,UDUC,ils_feedback,2024-07-17T00:19:30,NICO,GPS,USER_L1_SD_CONDITIONAL,5,0,0,nan,nan,0,0,0,1,False
r48u_20260914_NICO_UDUC_ils_feedback_fix1,NICO,UDUC,ils_feedback,2024-07-17T00:20:00,NICO,GPS,USER_WL_SD,4,1,1,0.625871,23.9281,1,5.19259e-05,1,1,True
r48u_20260914_NICO_UDUC_ils_feedback_fix1,NICO,UDUC,ils_feedback,2024-07-17T00:20:00,NICO,GPS,USER_L1_SD_CONDITIONAL,4,0,0,nan,nan,0,0,0,1,False
r48u_20260914_NICO_UDUC_ils_feedback_fix1,NICO,UDUC,ils_feedback,2024-07-17T00:20:30,NICO,GPS,USER_WL_SD,7,1,1,0.494644,23.9281,1,2.86506e-08,1,1,True
r48u_20260914_NICO_UDUC_ils_feedback_fix1,NICO,UDUC,ils_feedback,2024-07-17T00:20:30,NICO,GPS,USER_L1_SD_CONDITIONAL,7,0,0,nan,nan,0,0,0,1,False
r48u_20260914_NICO_UDUC_ils_feedback_fix1,NICO,UDUC,ils_feedback,2024-07-17T00:21:00,NICO,GPS,USER_WL_SD,4,0,0,nan,nan,0,0,0,1,False
r48u_20260914_NICO_UDUC_ils_feedback_fix1,NICO,UDUC,ils_feedback,2024-07-17T00:21:00,NICO,GPS,USER_L1_SD_CONDITIONAL,4,0,0,nan,nan,0,0,0,1,False
r48u_20260914_NICO_UDUC_ils_feedback_fix1,NICO,UDUC,ils_feedback,2024-07-17T00:21:30,NICO,GPS,USER_WL_SD,5,0,0,nan,nan,0,0,0,1,False
r48u_20260914_NICO_UDUC_ils_feedback_fix1,NICO,UDUC,ils_feedback,2024-07-17T00:21:30,NICO,GPS,USER_L1_SD_CONDITIONAL,5,0,0,nan,nan,0,0,0,1,False
r48u_20260914_NICO_UDUC_ils_feedback_fix1,NICO,UDUC,ils_feedback,2024-07-17T00:22:00,NICO,GPS,USER_WL_SD,6,0,0,nan,nan,0,0,0,1,False
r48u_20260914_NICO_UDUC_ils_feedback_fix1,NICO,UDUC,ils_feedback,2024-07-17T00:22:00,NICO,GPS,USER_L1_SD_CONDITIONAL,6,0,0,1.30129,23.9281,1,0,0,1,False
r48u_20260914_NICO_UDUC_ils_feedback_fix1,NICO,UDUC,ils_feedback,2024-07-17T00:22:30,NICO,GPS,USER_WL_SD,6,0,0,nan,nan,0,0,0,1,False
r48u_20260914_NICO_UDUC_ils_feedback_fix1,NICO,UDUC,ils_feedback,2024-07-17T00:22:30,NICO,GPS,USER_L1_SD_CONDITIONAL,6,0,0,0.777703,23.9281,1,0,0,1,False
r48u_20260914_NICO_UDUC_ils_feedback_fix1,NICO,UDUC,ils_feedback,2024-07-17T00:23:00,NICO,GPS,USER_WL_SD,6,0,0,nan,nan,0,0,0,1,False
r48u_20260914_NICO_UDUC_ils_feedback_fix1,NICO,UDUC,ils_feedback,2024-07-17T00:23:00,NICO,GPS,USER_L1_SD_CONDITIONAL,6,0,0,0.595459,23.9281,1,0,0,1,False
r48u_20260914_NICO_UDUC_ils_feedback_fix1,NICO,UDUC,ils_feedback,2024-07-17T00:23:30,NICO,GPS,USER_WL_SD,5,0,0,nan,nan,0,0,0,1,False
r48u_20260914_NICO_UDUC_ils_feedback_fix1,NICO,UDUC,ils_feedback,2024-07-17T00:23:30,NICO,GPS,USER_L1_SD_CONDITIONAL,5,0,0,0.500499,23.9281,1,0,0,1,False
r48u_20260914_NICO_UDUC_ils_feedback_fix1,NICO,UDUC,ils_feedback,2024-07-17T00:24:00,NICO,GPS,USER_WL_SD,5,0,0,nan,nan,0,0,0,1,False
r48u_20260914_NICO_UDUC_ils_feedback_fix1,NICO,UDUC,ils_feedback,2024-07-17T00:24:00,NICO,GPS,USER_L1_SD_CONDITIONAL,5,0,0,0.350178,23.9281,1,0,0,1,False
r48u_20260914_NICO_UDUC_ils_feedback_fix1,NICO,UDUC,ils_feedback,2024-07-17T00:24:30,NICO,GPS,USER_WL_SD,5,0,0,nan,nan,0,0,0,1,False
r48u_20260914_NICO_UDUC_ils_feedback_fix1,NICO,UDUC,ils_feedback,2024-07-17T00:24:30,NICO,GPS,USER_L1_SD_CONDITIONAL,5,0,0,0.382698,23.9281,1,0,0,1,False
r48u_20260914_NICO_UDUC_ils_feedback_fix1,NICO,UDUC,ils_feedback,2024-07-17T00:25:00,NICO,GPS,USER_WL_SD,5,0,0,nan,nan,0,0,0,1,False
r48u_20260914_NICO_UDUC_ils_feedback_fix1,NICO,UDUC,ils_feedback,2024-07-17T00:25:00,NICO,GPS,USER_L1_SD_CONDITIONAL,5,0,0,0.391626,23.9281,1,0,0,1,False
r48u_20260914_NICO_UDUC_ils_feedback_fix1,NICO,UDUC,ils_feedback,2024-07-17T00:26:00,NICO,GPS,USER_WL_SD,4,0,0,nan,nan,0,0,0,1,False
r48u_20260914_NICO_UDUC_ils_feedback_fix1,NICO,UDUC,ils_feedback,2024-07-17T00:26:00,NICO,GPS,USER_L1_SD_CONDITIONAL,4,0,0,0.50954,23.9281,1,0,0,1,False
r48u_20260914_NICO_UDUC_ils_feedback_fix1,NICO,UDUC,ils_feedback,2024-07-17T00:26:30,NICO,GPS,USER_WL_SD,4,0,0,nan,nan,0,0,0,1,False
r48u_20260914_NICO_UDUC_ils_feedback_fix1,NICO,UDUC,ils_feedback,2024-07-17T00:26:30,NICO,GPS,USER_L1_SD_CONDITIONAL,4,0,0,0.606092,23.9281,1,0,0,1,False
r48u_20260914_NICO_UDUC_ils_feedback_fix1,NICO,UDUC,ils_feedback,2024-07-17T00:27:00,NICO,GPS,USER_WL_SD,6,0,0,nan,nan,0,0,0,1,False
r48u_20260914_NICO_UDUC_ils_feedback_fix1,NICO,UDUC,ils_feedback,2024-07-17T00:27:00,NICO,GPS,USER_L1_SD_CONDITIONAL,6,1,0,8.35203,30.6648,3,0.426921,0,1,False
r48u_20260914_NICO_UDUC_ils_feedback_fix1,NICO,UDUC,ils_feedback,2024-07-17T00:27:30,NICO,GPS,USER_WL_SD,6,0,0,nan,nan,0,0,0,1,False
r48u_20260914_NICO_UDUC_ils_feedback_fix1,NICO,UDUC,ils_feedback,2024-07-17T00:28:00,NICO,GPS,USER_WL_SD,5,0,0,nan,nan,0,0,0,1,False
r48u_20260914_NICO_UDUC_ils_feedback_fix1,NICO,UDUC,ils_feedback,2024-07-17T00:28:30,NICO,GPS,USER_WL_SD,5,0,0,nan,nan,0,0,0,1,False
r48u_20260914_NICO_UDUC_ils_feedback_fix1,NICO,UDUC,ils_feedback,2024-07-17T00:29:00,NICO,GPS,USER_WL_SD,5,0,0,nan,nan,0,0,0,1,False
r48u_20260914_NICO_UDUC_ils_feedback_fix1,NICO,UDUC,ils_feedback,2024-07-17T00:29:30,NICO,GPS,USER_WL_SD,5,0,0,nan,nan,0,0,0,1,False
r48u_20260914_NICO_UDUC_ils_feedback_fix1,NICO,UDUC,ils_feedback,2024-07-17T00:30:00,NICO,GPS,USER_WL_SD,5,0,0,nan,nan,0,0,0,1,False
r48u_20260914_BREW_UDUC_round_shadow_fix1,BREW,UDUC,round_shadow,2024-07-17T00:11:30,BREW,GPS,USER_WL_SD,1,0,0,nan,nan,0,0,0,0,False
r48u_20260914_BREW_UDUC_round_shadow_fix1,BREW,UDUC,round_shadow,2024-07-17T00:12:00,BREW,GPS,USER_WL_SD,1,0,0,nan,nan,0,0,0,0,False
r48u_20260914_BREW_UDUC_round_shadow_fix1,BREW,UDUC,round_shadow,2024-07-17T00:12:30,BREW,GPS,USER_WL_SD,1,1,0,0.000243924,23.9281,1,0.00977751,0,0,False
r48u_20260914_BREW_UDUC_round_shadow_fix1,BREW,UDUC,round_shadow,2024-07-17T00:13:00,BREW,GPS,USER_WL_SD,1,1,0,0.00257963,23.9281,1,0.00770203,0,0,False
r48u_20260914_BREW_UDUC_round_shadow_fix1,BREW,UDUC,round_shadow,2024-07-17T00:13:30,BREW,GPS,USER_WL_SD,1,1,0,0.00359435,23.9281,1,0.00606098,0,0,False
r48u_20260914_BREW_UDUC_round_shadow_fix1,BREW,UDUC,round_shadow,2024-07-17T00:14:00,BREW,GPS,USER_WL_SD,1,1,0,5.79205e-05,23.9281,1,0.00471723,0,0,False
r48u_20260914_BREW_UDUC_round_shadow_fix1,BREW,UDUC,round_shadow,2024-07-17T00:14:30,BREW,GPS,USER_WL_SD,1,1,0,0.011288,23.9281,1,0.00384952,0,0,False
r48u_20260914_BREW_UDUC_round_shadow_fix1,BREW,UDUC,round_shadow,2024-07-17T00:15:00,BREW,GPS,USER_WL_SD,1,1,0,0.046524,23.9281,1,0.00339288,0,0,False
r48u_20260914_BREW_UDUC_round_shadow_fix1,BREW,UDUC,round_shadow,2024-07-17T00:15:30,BREW,GPS,USER_WL_SD,1,1,0,0.0736694,23.9281,1,0.00292899,0,0,False
r48u_20260914_BREW_UDUC_round_shadow_fix1,BREW,UDUC,round_shadow,2024-07-17T00:16:00,BREW,GPS,USER_WL_SD,1,1,0,0.136146,23.9281,1,0.00279724,0,0,False
r48u_20260914_BREW_UDUC_round_shadow_fix1,BREW,UDUC,round_shadow,2024-07-17T00:16:30,BREW,GPS,USER_WL_SD,1,1,0,0.108119,23.9281,1,0.00208417,0,0,False
r48u_20260914_BREW_UDUC_round_shadow_fix1,BREW,UDUC,round_shadow,2024-07-17T00:17:00,BREW,GPS,USER_WL_SD,3,2,0,0.604495,27.631,2,0.00307694,0,0,False
r48u_20260914_BREW_UDUC_round_shadow_fix1,BREW,UDUC,round_shadow,2024-07-17T00:17:30,BREW,GPS,USER_WL_SD,3,2,0,0.512197,27.631,2,0.00207799,0,0,False
r48u_20260914_BREW_UDUC_round_shadow_fix1,BREW,UDUC,round_shadow,2024-07-17T00:18:00,BREW,GPS,USER_WL_SD,3,2,0,0.504936,27.631,2,0.00158189,0,0,False
r48u_20260914_BREW_UDUC_round_shadow_fix1,BREW,UDUC,round_shadow,2024-07-17T00:18:30,BREW,GPS,USER_WL_SD,3,2,0,0.480469,27.631,2,0.00134778,0,0,False
r48u_20260914_BREW_UDUC_round_shadow_fix1,BREW,UDUC,round_shadow,2024-07-17T00:19:00,BREW,GPS,USER_WL_SD,3,2,0,0.567583,27.631,2,0.00140689,0,0,False
r48u_20260914_BREW_UDUC_round_shadow_fix1,BREW,UDUC,round_shadow,2024-07-17T00:19:30,BREW,GPS,USER_WL_SD,3,2,0,0.643936,27.631,2,0.00139771,0,0,False
r48u_20260914_BREW_UDUC_round_shadow_fix1,BREW,UDUC,round_shadow,2024-07-17T00:20:00,BREW,GPS,USER_WL_SD,3,2,0,0.699469,27.631,2,0.00116541,0,0,False
r48u_20260914_BREW_UDUC_round_shadow_fix1,BREW,UDUC,round_shadow,2024-07-17T00:20:30,BREW,GPS,USER_WL_SD,4,2,2,0.609569,27.631,2,0.000875461,1,0,True
r48u_20260914_BREW_UDUC_round_shadow_fix1,BREW,UDUC,round_shadow,2024-07-17T00:20:30,BREW,GPS,USER_L1_SD_CONDITIONAL,4,0,0,nan,nan,0,0,0,0,False
r48u_20260914_BREW_UDUC_round_shadow_fix1,BREW,UDUC,round_shadow,2024-07-17T00:21:00,BREW,GPS,USER_WL_SD,3,2,2,0.545921,27.631,2,0.000632282,1,0,True
r48u_20260914_BREW_UDUC_round_shadow_fix1,BREW,UDUC,round_shadow,2024-07-17T00:21:00,BREW,GPS,USER_L1_SD_CONDITIONAL,3,0,0,nan,nan,0,0,0,0,False
r48u_20260914_BREW_UDUC_round_shadow_fix1,BREW,UDUC,round_shadow,2024-07-17T00:21:30,BREW,GPS,USER_WL_SD,3,2,2,0.444062,27.631,2,0.000466853,1,0,True
r48u_20260914_BREW_UDUC_round_shadow_fix1,BREW,UDUC,round_shadow,2024-07-17T00:21:30,BREW,GPS,USER_L1_SD_CONDITIONAL,3,0,0,nan,nan,0,0,0,0,False
r48u_20260914_BREW_UDUC_round_shadow_fix1,BREW,UDUC,round_shadow,2024-07-17T00:22:00,BREW,GPS,USER_WL_SD,4,2,2,0.345226,27.631,2,0.000319309,1,0,True
r48u_20260914_BREW_UDUC_round_shadow_fix1,BREW,UDUC,round_shadow,2024-07-17T00:22:00,BREW,GPS,USER_L1_SD_CONDITIONAL,4,1,0,0.962233,23.9281,1,0.00214286,0,0,False
r48u_20260914_BREW_UDUC_round_shadow_fix1,BREW,UDUC,round_shadow,2024-07-17T00:22:30,BREW,GPS,USER_WL_SD,4,2,2,0.273532,27.631,2,0.000234353,1,0,True
r48u_20260914_BREW_UDUC_round_shadow_fix1,BREW,UDUC,round_shadow,2024-07-17T00:22:30,BREW,GPS,USER_L1_SD_CONDITIONAL,4,1,0,0.96182,23.9281,1,0.0011955,0,0,False
r48u_20260914_BREW_UDUC_round_shadow_fix1,BREW,UDUC,round_shadow,2024-07-17T00:23:00,BREW,GPS,USER_WL_SD,4,2,2,0.221539,27.631,2,0.000184131,1,0,True
r48u_20260914_BREW_UDUC_round_shadow_fix1,BREW,UDUC,round_shadow,2024-07-17T00:23:00,BREW,GPS,USER_L1_SD_CONDITIONAL,4,1,1,1.06536,23.9281,1,0.000763102,1,0,True
r48u_20260914_BREW_UDUC_round_shadow_fix1,BREW,UDUC,round_shadow,2024-07-17T00:23:30,BREW,GPS,USER_WL_SD,3,2,2,0.217484,27.631,2,0.000161446,1,0,True
r48u_20260914_BREW_UDUC_round_shadow_fix1,BREW,UDUC,round_shadow,2024-07-17T00:23:30,BREW,GPS,USER_L1_SD_CONDITIONAL,3,1,1,1.24746,23.9281,1,0.000533073,1,0,True
r48u_20260914_BREW_UDUC_round_shadow_fix1,BREW,UDUC,round_shadow,2024-07-17T00:24:00,BREW,GPS,USER_WL_SD,4,2,2,0.239134,27.631,2,8.75488e-05,1,0,True
r48u_20260914_BREW_UDUC_round_shadow_fix1,BREW,UDUC,round_shadow,2024-07-17T00:24:00,BREW,GPS,USER_L1_SD_CONDITIONAL,4,0,0,nan,nan,0,0,0,0,False
r48u_20260914_BREW_UDUC_round_shadow_fix1,BREW,UDUC,round_shadow,2024-07-17T00:24:30,BREW,GPS,USER_WL_SD,4,2,2,0.297217,27.631,2,7.00412e-05,1,0,True
r48u_20260914_BREW_UDUC_round_shadow_fix1,BREW,UDUC,round_shadow,2024-07-17T00:24:30,BREW,GPS,USER_L1_SD_CONDITIONAL,4,0,0,nan,nan,0,0,0,0,False
r48u_20260914_BREW_UDUC_round_shadow_fix1,BREW,UDUC,round_shadow,2024-07-17T00:25:00,BREW,GPS,USER_WL_SD,4,2,2,0.311591,27.631,2,5.94022e-05,1,0,True
r48u_20260914_BREW_UDUC_round_shadow_fix1,BREW,UDUC,round_shadow,2024-07-17T00:25:00,BREW,GPS,USER_L1_SD_CONDITIONAL,4,0,0,nan,nan,0,0,0,0,False
r48u_20260914_BREW_UDUC_round_shadow_fix1,BREW,UDUC,round_shadow,2024-07-17T00:25:30,BREW,GPS,USER_WL_SD,1,1,1,0.0445018,23.9281,1,4.9733e-05,1,0,True
r48u_20260914_BREW_UDUC_round_shadow_fix1,BREW,UDUC,round_shadow,2024-07-17T00:25:30,BREW,GPS,USER_L1_SD_CONDITIONAL,1,0,0,nan,nan,0,0,0,0,False
r48u_20260914_BREW_UDUC_round_shadow_fix1,BREW,UDUC,round_shadow,2024-07-17T00:26:00,BREW,GPS,USER_WL_SD,3,2,2,0.232735,27.631,2,4.23592e-05,1,0,True
r48u_20260914_BREW_UDUC_round_shadow_fix1,BREW,UDUC,round_shadow,2024-07-17T00:26:00,BREW,GPS,USER_L1_SD_CONDITIONAL,3,0,0,nan,nan,0,0,0,0,False
r48u_20260914_BREW_UDUC_round_shadow_fix1,BREW,UDUC,round_shadow,2024-07-17T00:26:30,BREW,GPS,USER_WL_SD,3,2,2,0.216128,27.631,2,3.58094e-05,1,0,True
r48u_20260914_BREW_UDUC_round_shadow_fix1,BREW,UDUC,round_shadow,2024-07-17T00:26:30,BREW,GPS,USER_L1_SD_CONDITIONAL,3,0,0,nan,nan,0,0,0,0,False
r48u_20260914_BREW_UDUC_round_shadow_fix1,BREW,UDUC,round_shadow,2024-07-17T00:27:00,BREW,GPS,USER_WL_SD,2,1,1,0.178903,23.9281,1,5.65124e-05,1,0,True
r48u_20260914_BREW_UDUC_round_shadow_fix1,BREW,UDUC,round_shadow,2024-07-17T00:27:00,BREW,GPS,USER_L1_SD_CONDITIONAL,2,1,1,1.00021,23.9281,1,1.52672e-06,1,0,True
r48u_20260914_BREW_UDUC_round_shadow_fix1,BREW,UDUC,round_shadow,2024-07-17T00:27:30,BREW,GPS,USER_WL_SD,2,1,1,0.175328,23.9281,1,4.87673e-05,1,0,True
r48u_20260914_BREW_UDUC_round_shadow_fix1,BREW,UDUC,round_shadow,2024-07-17T00:27:30,BREW,GPS,USER_L1_SD_CONDITIONAL,2,1,1,0.995493,23.9281,1,6.02896e-07,1,0,True
r48u_20260914_BREW_UDUC_round_shadow_fix1,BREW,UDUC,round_shadow,2024-07-17T00:28:00,BREW,GPS,USER_WL_SD,2,2,0,0.155029,27.631,2,0.00464257,0,0,False
r48u_20260914_BREW_UDUC_round_shadow_fix1,BREW,UDUC,round_shadow,2024-07-17T00:28:00,BREW,GPS,USER_L1_SD_CONDITIONAL,2,1,1,1.06128,23.9281,1,2.68082e-07,1,0,True
r48u_20260914_BREW_UDUC_round_shadow_fix1,BREW,UDUC,round_shadow,2024-07-17T00:28:30,BREW,GPS,USER_WL_SD,3,2,2,0.249706,27.631,2,1.59446e-05,1,0,True
r48u_20260914_BREW_UDUC_round_shadow_fix1,BREW,UDUC,round_shadow,2024-07-17T00:28:30,BREW,GPS,USER_L1_SD_CONDITIONAL,3,0,0,nan,nan,0,0,0,0,False
r48u_20260914_BREW_UDUC_round_shadow_fix1,BREW,UDUC,round_shadow,2024-07-17T00:29:00,BREW,GPS,USER_WL_SD,3,2,2,0.23315,27.631,2,1.34207e-05,1,0,True
r48u_20260914_BREW_UDUC_round_shadow_fix1,BREW,UDUC,round_shadow,2024-07-17T00:29:00,BREW,GPS,USER_L1_SD_CONDITIONAL,3,0,0,nan,nan,0,0,0,0,False
r48u_20260914_BREW_UDUC_round_shadow_fix1,BREW,UDUC,round_shadow,2024-07-17T00:29:30,BREW,GPS,USER_WL_SD,3,2,2,0.244197,27.631,2,1.1755e-05,1,0,True
r48u_20260914_BREW_UDUC_round_shadow_fix1,BREW,UDUC,round_shadow,2024-07-17T00:29:30,BREW,GPS,USER_L1_SD_CONDITIONAL,3,0,0,nan,nan,0,0,0,0,False
r48u_20260914_BREW_UDUC_round_shadow_fix1,BREW,UDUC,round_shadow,2024-07-17T00:30:00,BREW,GPS,USER_WL_SD,3,2,2,0.273742,27.631,2,1.00576e-05,1,0,True
r48u_20260914_BREW_UDUC_round_shadow_fix1,BREW,UDUC,round_shadow,2024-07-17T00:30:00,BREW,GPS,USER_L1_SD_CONDITIONAL,3,0,0,nan,nan,0,0,0,0,False
r48u_20260914_BREW_UDUC_round_feedback_fix1,BREW,UDUC,round_feedback,2024-07-17T00:11:30,BREW,GPS,USER_WL_SD,1,0,0,nan,nan,0,0,0,1,False
r48u_20260914_BREW_UDUC_round_feedback_fix1,BREW,UDUC,round_feedback,2024-07-17T00:12:00,BREW,GPS,USER_WL_SD,1,0,0,nan,nan,0,0,0,1,False
r48u_20260914_BREW_UDUC_round_feedback_fix1,BREW,UDUC,round_feedback,2024-07-17T00:12:30,BREW,GPS,USER_WL_SD,1,1,0,0.000243924,23.9281,1,0.00977751,0,1,False
r48u_20260914_BREW_UDUC_round_feedback_fix1,BREW,UDUC,round_feedback,2024-07-17T00:13:00,BREW,GPS,USER_WL_SD,1,1,0,0.00257963,23.9281,1,0.00770203,0,1,False
r48u_20260914_BREW_UDUC_round_feedback_fix1,BREW,UDUC,round_feedback,2024-07-17T00:13:30,BREW,GPS,USER_WL_SD,1,1,0,0.00359435,23.9281,1,0.00606098,0,1,False
r48u_20260914_BREW_UDUC_round_feedback_fix1,BREW,UDUC,round_feedback,2024-07-17T00:14:00,BREW,GPS,USER_WL_SD,1,1,0,5.79205e-05,23.9281,1,0.00471723,0,1,False
r48u_20260914_BREW_UDUC_round_feedback_fix1,BREW,UDUC,round_feedback,2024-07-17T00:14:30,BREW,GPS,USER_WL_SD,1,1,0,0.011288,23.9281,1,0.00384952,0,1,False
r48u_20260914_BREW_UDUC_round_feedback_fix1,BREW,UDUC,round_feedback,2024-07-17T00:15:00,BREW,GPS,USER_WL_SD,1,1,0,0.046524,23.9281,1,0.00339288,0,1,False
r48u_20260914_BREW_UDUC_round_feedback_fix1,BREW,UDUC,round_feedback,2024-07-17T00:15:30,BREW,GPS,USER_WL_SD,1,1,0,0.0736694,23.9281,1,0.00292899,0,1,False
r48u_20260914_BREW_UDUC_round_feedback_fix1,BREW,UDUC,round_feedback,2024-07-17T00:16:00,BREW,GPS,USER_WL_SD,1,1,0,0.136146,23.9281,1,0.00279724,0,1,False
r48u_20260914_BREW_UDUC_round_feedback_fix1,BREW,UDUC,round_feedback,2024-07-17T00:16:30,BREW,GPS,USER_WL_SD,1,1,0,0.108119,23.9281,1,0.00208417,0,1,False
r48u_20260914_BREW_UDUC_round_feedback_fix1,BREW,UDUC,round_feedback,2024-07-17T00:17:00,BREW,GPS,USER_WL_SD,3,2,0,0.604495,27.631,2,0.00307694,0,1,False
r48u_20260914_BREW_UDUC_round_feedback_fix1,BREW,UDUC,round_feedback,2024-07-17T00:17:30,BREW,GPS,USER_WL_SD,3,2,0,0.512197,27.631,2,0.00207799,0,1,False
r48u_20260914_BREW_UDUC_round_feedback_fix1,BREW,UDUC,round_feedback,2024-07-17T00:18:00,BREW,GPS,USER_WL_SD,3,2,0,0.504936,27.631,2,0.00158189,0,1,False
r48u_20260914_BREW_UDUC_round_feedback_fix1,BREW,UDUC,round_feedback,2024-07-17T00:18:30,BREW,GPS,USER_WL_SD,3,2,0,0.480469,27.631,2,0.00134778,0,1,False
r48u_20260914_BREW_UDUC_round_feedback_fix1,BREW,UDUC,round_feedback,2024-07-17T00:19:00,BREW,GPS,USER_WL_SD,3,2,0,0.567583,27.631,2,0.00140689,0,1,False
r48u_20260914_BREW_UDUC_round_feedback_fix1,BREW,UDUC,round_feedback,2024-07-17T00:19:30,BREW,GPS,USER_WL_SD,3,2,0,0.643936,27.631,2,0.00139771,0,1,False
r48u_20260914_BREW_UDUC_round_feedback_fix1,BREW,UDUC,round_feedback,2024-07-17T00:20:00,BREW,GPS,USER_WL_SD,3,2,0,0.699469,27.631,2,0.00116541,0,1,False
r48u_20260914_BREW_UDUC_round_feedback_fix1,BREW,UDUC,round_feedback,2024-07-17T00:20:30,BREW,GPS,USER_WL_SD,4,2,2,0.609569,27.631,2,0.000875461,1,1,True
r48u_20260914_BREW_UDUC_round_feedback_fix1,BREW,UDUC,round_feedback,2024-07-17T00:20:30,BREW,GPS,USER_L1_SD_CONDITIONAL,4,0,0,nan,nan,0,0,0,1,False
r48u_20260914_BREW_UDUC_round_feedback_fix1,BREW,UDUC,round_feedback,2024-07-17T00:21:00,BREW,GPS,USER_WL_SD,3,0,0,nan,nan,0,0,0,1,False
r48u_20260914_BREW_UDUC_round_feedback_fix1,BREW,UDUC,round_feedback,2024-07-17T00:21:00,BREW,GPS,USER_L1_SD_CONDITIONAL,3,0,0,nan,nan,0,0,0,1,False
r48u_20260914_BREW_UDUC_round_feedback_fix1,BREW,UDUC,round_feedback,2024-07-17T00:21:30,BREW,GPS,USER_WL_SD,3,0,0,nan,nan,0,0,0,1,False
r48u_20260914_BREW_UDUC_round_feedback_fix1,BREW,UDUC,round_feedback,2024-07-17T00:21:30,BREW,GPS,USER_L1_SD_CONDITIONAL,3,0,0,nan,nan,0,0,0,1,False
r48u_20260914_BREW_UDUC_round_feedback_fix1,BREW,UDUC,round_feedback,2024-07-17T00:22:00,BREW,GPS,USER_WL_SD,4,0,0,nan,nan,0,0,0,1,False
r48u_20260914_BREW_UDUC_round_feedback_fix1,BREW,UDUC,round_feedback,2024-07-17T00:22:00,BREW,GPS,USER_L1_SD_CONDITIONAL,4,1,0,0.962233,23.9281,1,0.00214286,0,1,False
r48u_20260914_BREW_UDUC_round_feedback_fix1,BREW,UDUC,round_feedback,2024-07-17T00:22:30,BREW,GPS,USER_WL_SD,4,0,0,nan,nan,0,0,0,1,False
r48u_20260914_BREW_UDUC_round_feedback_fix1,BREW,UDUC,round_feedback,2024-07-17T00:22:30,BREW,GPS,USER_L1_SD_CONDITIONAL,4,1,0,0.961821,23.9281,1,0.0011955,0,1,False
r48u_20260914_BREW_UDUC_round_feedback_fix1,BREW,UDUC,round_feedback,2024-07-17T00:23:00,BREW,GPS,USER_WL_SD,4,0,0,nan,nan,0,0,0,1,False
r48u_20260914_BREW_UDUC_round_feedback_fix1,BREW,UDUC,round_feedback,2024-07-17T00:23:00,BREW,GPS,USER_L1_SD_CONDITIONAL,4,1,1,1.06536,23.9281,1,0.000763102,1,1,True
r48u_20260914_BREW_UDUC_round_feedback_fix1,BREW,UDUC,round_feedback,2024-07-17T00:23:30,BREW,GPS,USER_WL_SD,3,0,0,nan,nan,0,0,0,1,False
r48u_20260914_BREW_UDUC_round_feedback_fix1,BREW,UDUC,round_feedback,2024-07-17T00:24:00,BREW,GPS,USER_WL_SD,4,0,0,nan,nan,0,0,0,1,False
r48u_20260914_BREW_UDUC_round_feedback_fix1,BREW,UDUC,round_feedback,2024-07-17T00:24:30,BREW,GPS,USER_WL_SD,4,0,0,nan,nan,0,0,0,1,False
r48u_20260914_BREW_UDUC_round_feedback_fix1,BREW,UDUC,round_feedback,2024-07-17T00:25:00,BREW,GPS,USER_WL_SD,4,0,0,nan,nan,0,0,0,1,False
r48u_20260914_BREW_UDUC_round_feedback_fix1,BREW,UDUC,round_feedback,2024-07-17T00:25:30,BREW,GPS,USER_WL_SD,1,0,0,nan,nan,0,0,0,1,False
r48u_20260914_BREW_UDUC_round_feedback_fix1,BREW,UDUC,round_feedback,2024-07-17T00:26:00,BREW,GPS,USER_WL_SD,3,0,0,nan,nan,0,0,0,1,False
r48u_20260914_BREW_UDUC_round_feedback_fix1,BREW,UDUC,round_feedback,2024-07-17T00:26:30,BREW,GPS,USER_WL_SD,3,0,0,nan,nan,0,0,0,1,False
r48u_20260914_BREW_UDUC_round_feedback_fix1,BREW,UDUC,round_feedback,2024-07-17T00:27:00,BREW,GPS,USER_WL_SD,2,1,0,0.0133402,23.9281,1,0.00443282,0,1,False
r48u_20260914_BREW_UDUC_round_feedback_fix1,BREW,UDUC,round_feedback,2024-07-17T00:27:30,BREW,GPS,USER_WL_SD,2,1,0,0.0150923,23.9281,1,0.0038307,0,1,False
r48u_20260914_BREW_UDUC_round_feedback_fix1,BREW,UDUC,round_feedback,2024-07-17T00:28:00,BREW,GPS,USER_WL_SD,2,1,0,0.0126758,23.9281,1,0.00326564,0,1,False
r48u_20260914_BREW_UDUC_round_feedback_fix1,BREW,UDUC,round_feedback,2024-07-17T00:28:30,BREW,GPS,USER_WL_SD,3,0,0,nan,nan,0,0,0,1,False
r48u_20260914_BREW_UDUC_round_feedback_fix1,BREW,UDUC,round_feedback,2024-07-17T00:29:00,BREW,GPS,USER_WL_SD,3,0,0,nan,nan,0,0,0,1,False
r48u_20260914_BREW_UDUC_round_feedback_fix1,BREW,UDUC,round_feedback,2024-07-17T00:29:30,BREW,GPS,USER_WL_SD,3,0,0,nan,nan,0,0,0,1,False
r48u_20260914_BREW_UDUC_round_feedback_fix1,BREW,UDUC,round_feedback,2024-07-17T00:30:00,BREW,GPS,USER_WL_SD,3,0,0,nan,nan,0,0,0,1,False
r48u_20260914_BREW_UDUC_ils_shadow_fix1,BREW,UDUC,ils_shadow,2024-07-17T00:11:30,BREW,GPS,USER_WL_SD,1,0,0,nan,nan,0,0,0,0,False
r48u_20260914_BREW_UDUC_ils_shadow_fix1,BREW,UDUC,ils_shadow,2024-07-17T00:12:00,BREW,GPS,USER_WL_SD,1,0,0,nan,nan,0,0,0,0,False
r48u_20260914_BREW_UDUC_ils_shadow_fix1,BREW,UDUC,ils_shadow,2024-07-17T00:12:30,BREW,GPS,USER_WL_SD,1,0,0,nan,nan,0,0,0,0,False
r48u_20260914_BREW_UDUC_ils_shadow_fix1,BREW,UDUC,ils_shadow,2024-07-17T00:13:00,BREW,GPS,USER_WL_SD,1,0,0,nan,nan,0,0,0,0,False
r48u_20260914_BREW_UDUC_ils_shadow_fix1,BREW,UDUC,ils_shadow,2024-07-17T00:13:30,BREW,GPS,USER_WL_SD,1,0,0,nan,nan,0,0,0,0,False
r48u_20260914_BREW_UDUC_ils_shadow_fix1,BREW,UDUC,ils_shadow,2024-07-17T00:14:00,BREW,GPS,USER_WL_SD,1,0,0,nan,nan,0,0,0,0,False
r48u_20260914_BREW_UDUC_ils_shadow_fix1,BREW,UDUC,ils_shadow,2024-07-17T00:14:30,BREW,GPS,USER_WL_SD,1,0,0,nan,nan,0,0,0,0,False
r48u_20260914_BREW_UDUC_ils_shadow_fix1,BREW,UDUC,ils_shadow,2024-07-17T00:15:00,BREW,GPS,USER_WL_SD,1,0,0,nan,nan,0,0,0,0,False
r48u_20260914_BREW_UDUC_ils_shadow_fix1,BREW,UDUC,ils_shadow,2024-07-17T00:15:30,BREW,GPS,USER_WL_SD,1,0,0,nan,nan,0,0,0,0,False
r48u_20260914_BREW_UDUC_ils_shadow_fix1,BREW,UDUC,ils_shadow,2024-07-17T00:16:00,BREW,GPS,USER_WL_SD,1,0,0,nan,nan,0,0,0,0,False
r48u_20260914_BREW_UDUC_ils_shadow_fix1,BREW,UDUC,ils_shadow,2024-07-17T00:16:30,BREW,GPS,USER_WL_SD,1,0,0,nan,nan,0,0,0,0,False
r48u_20260914_BREW_UDUC_ils_shadow_fix1,BREW,UDUC,ils_shadow,2024-07-17T00:17:00,BREW,GPS,USER_WL_SD,3,1,1,0.321772,23.9281,1,1.03814e-06,1,0,True
r48u_20260914_BREW_UDUC_ils_shadow_fix1,BREW,UDUC,ils_shadow,2024-07-17T00:17:00,BREW,GPS,USER_L1_SD_CONDITIONAL,3,0,0,nan,nan,0,0,0,0,False
r48u_20260914_BREW_UDUC_ils_shadow_fix1,BREW,UDUC,ils_shadow,2024-07-17T00:17:30,BREW,GPS,USER_WL_SD,3,1,1,0.305493,23.9281,1,5.58872e-07,1,0,True
r48u_20260914_BREW_UDUC_ils_shadow_fix1,BREW,UDUC,ils_shadow,2024-07-17T00:17:30,BREW,GPS,USER_L1_SD_CONDITIONAL,3,0,0,nan,nan,0,0,0,0,False
r48u_20260914_BREW_UDUC_ils_shadow_fix1,BREW,UDUC,ils_shadow,2024-07-17T00:18:00,BREW,GPS,USER_WL_SD,3,1,1,0.335876,23.9281,1,3.55002e-07,1,0,True
r48u_20260914_BREW_UDUC_ils_shadow_fix1,BREW,UDUC,ils_shadow,2024-07-17T00:18:00,BREW,GPS,USER_L1_SD_CONDITIONAL,3,0,0,nan,nan,0,0,0,0,False
r48u_20260914_BREW_UDUC_ils_shadow_fix1,BREW,UDUC,ils_shadow,2024-07-17T00:18:30,BREW,GPS,USER_WL_SD,3,1,1,0.292129,23.9281,1,1.71985e-07,1,0,True
r48u_20260914_BREW_UDUC_ils_shadow_fix1,BREW,UDUC,ils_shadow,2024-07-17T00:18:30,BREW,GPS,USER_L1_SD_CONDITIONAL,3,0,0,nan,nan,0,0,0,0,False
r48u_20260914_BREW_UDUC_ils_shadow_fix1,BREW,UDUC,ils_shadow,2024-07-17T00:19:00,BREW,GPS,USER_WL_SD,3,1,1,0.300436,23.9281,1,1.00878e-07,1,0,True
r48u_20260914_BREW_UDUC_ils_shadow_fix1,BREW,UDUC,ils_shadow,2024-07-17T00:19:00,BREW,GPS,USER_L1_SD_CONDITIONAL,3,0,0,nan,nan,0,0,0,0,False
r48u_20260914_BREW_UDUC_ils_shadow_fix1,BREW,UDUC,ils_shadow,2024-07-17T00:19:30,BREW,GPS,USER_WL_SD,3,1,1,0.312913,23.9281,1,6.01675e-08,1,0,True
r48u_20260914_BREW_UDUC_ils_shadow_fix1,BREW,UDUC,ils_shadow,2024-07-17T00:19:30,BREW,GPS,USER_L1_SD_CONDITIONAL,3,0,0,nan,nan,0,0,0,0,False
r48u_20260914_BREW_UDUC_ils_shadow_fix1,BREW,UDUC,ils_shadow,2024-07-17T00:20:00,BREW,GPS,USER_WL_SD,3,1,1,0.401949,23.9281,1,4.80457e-08,1,0,True
r48u_20260914_BREW_UDUC_ils_shadow_fix1,BREW,UDUC,ils_shadow,2024-07-17T00:20:00,BREW,GPS,USER_L1_SD_CONDITIONAL,3,0,0,nan,nan,0,0,0,0,False
r48u_20260914_BREW_UDUC_ils_shadow_fix1,BREW,UDUC,ils_shadow,2024-07-17T00:20:30,BREW,GPS,USER_WL_SD,4,1,1,0.339095,23.9281,1,2.1795e-08,1,0,True
r48u_20260914_BREW_UDUC_ils_shadow_fix1,BREW,UDUC,ils_shadow,2024-07-17T00:20:30,BREW,GPS,USER_L1_SD_CONDITIONAL,4,0,0,nan,nan,0,0,0,0,False
r48u_20260914_BREW_UDUC_ils_shadow_fix1,BREW,UDUC,ils_shadow,2024-07-17T00:21:00,BREW,GPS,USER_WL_SD,3,1,1,0.329602,23.9281,1,1.20902e-08,1,0,True
r48u_20260914_BREW_UDUC_ils_shadow_fix1,BREW,UDUC,ils_shadow,2024-07-17T00:21:00,BREW,GPS,USER_L1_SD_CONDITIONAL,3,0,0,nan,nan,0,0,0,0,False
r48u_20260914_BREW_UDUC_ils_shadow_fix1,BREW,UDUC,ils_shadow,2024-07-17T00:21:30,BREW,GPS,USER_WL_SD,3,1,1,0.250427,23.9281,1,4.91139e-09,1,0,True
r48u_20260914_BREW_UDUC_ils_shadow_fix1,BREW,UDUC,ils_shadow,2024-07-17T00:21:30,BREW,GPS,USER_L1_SD_CONDITIONAL,3,0,0,nan,nan,0,0,0,0,False
r48u_20260914_BREW_UDUC_ils_shadow_fix1,BREW,UDUC,ils_shadow,2024-07-17T00:22:00,BREW,GPS,USER_WL_SD,4,1,1,0.202191,23.9281,1,2.20202e-09,1,0,True
r48u_20260914_BREW_UDUC_ils_shadow_fix1,BREW,UDUC,ils_shadow,2024-07-17T00:22:00,BREW,GPS,USER_L1_SD_CONDITIONAL,4,0,0,nan,nan,0,0,0,0,False
r48u_20260914_BREW_UDUC_ils_shadow_fix1,BREW,UDUC,ils_shadow,2024-07-17T00:22:30,BREW,GPS,USER_WL_SD,4,2,2,0.273532,27.631,2,0.000234353,1,0,True
r48u_20260914_BREW_UDUC_ils_shadow_fix1,BREW,UDUC,ils_shadow,2024-07-17T00:22:30,BREW,GPS,USER_L1_SD_CONDITIONAL,4,0,0,nan,nan,0,0,0,0,False
r48u_20260914_BREW_UDUC_ils_shadow_fix1,BREW,UDUC,ils_shadow,2024-07-17T00:23:00,BREW,GPS,USER_WL_SD,4,2,2,0.221539,27.631,2,0.000184131,1,0,True
r48u_20260914_BREW_UDUC_ils_shadow_fix1,BREW,UDUC,ils_shadow,2024-07-17T00:23:00,BREW,GPS,USER_L1_SD_CONDITIONAL,4,0,0,nan,nan,0,0,0,0,False
r48u_20260914_BREW_UDUC_ils_shadow_fix1,BREW,UDUC,ils_shadow,2024-07-17T00:23:30,BREW,GPS,USER_WL_SD,3,2,2,0.217484,27.631,2,0.000161446,1,0,True
r48u_20260914_BREW_UDUC_ils_shadow_fix1,BREW,UDUC,ils_shadow,2024-07-17T00:23:30,BREW,GPS,USER_L1_SD_CONDITIONAL,3,1,1,1.24746,23.9281,1,0.000533073,1,0,True
r48u_20260914_BREW_UDUC_ils_shadow_fix1,BREW,UDUC,ils_shadow,2024-07-17T00:24:00,BREW,GPS,USER_WL_SD,4,2,2,0.239134,27.631,2,8.75488e-05,1,0,True
r48u_20260914_BREW_UDUC_ils_shadow_fix1,BREW,UDUC,ils_shadow,2024-07-17T00:24:00,BREW,GPS,USER_L1_SD_CONDITIONAL,4,0,0,1.33182,23.9281,1,0,0,0,False
r48u_20260914_BREW_UDUC_ils_shadow_fix1,BREW,UDUC,ils_shadow,2024-07-17T00:24:30,BREW,GPS,USER_WL_SD,4,2,2,0.297217,27.631,2,7.00412e-05,1,0,True
r48u_20260914_BREW_UDUC_ils_shadow_fix1,BREW,UDUC,ils_shadow,2024-07-17T00:24:30,BREW,GPS,USER_L1_SD_CONDITIONAL,4,0,0,1.36367,23.9281,1,0,0,0,False
r48u_20260914_BREW_UDUC_ils_shadow_fix1,BREW,UDUC,ils_shadow,2024-07-17T00:25:00,BREW,GPS,USER_WL_SD,4,2,2,0.311591,27.631,2,5.94022e-05,1,0,True
r48u_20260914_BREW_UDUC_ils_shadow_fix1,BREW,UDUC,ils_shadow,2024-07-17T00:25:00,BREW,GPS,USER_L1_SD_CONDITIONAL,4,0,0,1.38539,23.9281,1,0,0,0,False
r48u_20260914_BREW_UDUC_ils_shadow_fix1,BREW,UDUC,ils_shadow,2024-07-17T00:25:30,BREW,GPS,USER_WL_SD,1,0,0,nan,nan,0,0,0,0,False
r48u_20260914_BREW_UDUC_ils_shadow_fix1,BREW,UDUC,ils_shadow,2024-07-17T00:25:30,BREW,GPS,USER_L1_SD_CONDITIONAL,1,0,0,nan,nan,0,0,0,0,False
r48u_20260914_BREW_UDUC_ils_shadow_fix1,BREW,UDUC,ils_shadow,2024-07-17T00:26:00,BREW,GPS,USER_WL_SD,3,2,2,0.232735,27.631,2,4.23592e-05,1,0,True
r48u_20260914_BREW_UDUC_ils_shadow_fix1,BREW,UDUC,ils_shadow,2024-07-17T00:26:00,BREW,GPS,USER_L1_SD_CONDITIONAL,3,0,0,1.16628,23.9281,1,0,0,0,False
r48u_20260914_BREW_UDUC_ils_shadow_fix1,BREW,UDUC,ils_shadow,2024-07-17T00:26:30,BREW,GPS,USER_WL_SD,3,2,2,0.216128,27.631,2,3.58094e-05,1,0,True
r48u_20260914_BREW_UDUC_ils_shadow_fix1,BREW,UDUC,ils_shadow,2024-07-17T00:26:30,BREW,GPS,USER_L1_SD_CONDITIONAL,3,0,0,1.00307,23.9281,1,0,0,0,False
r48u_20260914_BREW_UDUC_ils_shadow_fix1,BREW,UDUC,ils_shadow,2024-07-17T00:27:00,BREW,GPS,USER_WL_SD,2,1,1,0.178903,23.9281,1,5.65124e-05,1,0,True
r48u_20260914_BREW_UDUC_ils_shadow_fix1,BREW,UDUC,ils_shadow,2024-07-17T00:27:00,BREW,GPS,USER_L1_SD_CONDITIONAL,2,1,1,1.00021,23.9281,1,1.52672e-06,1,0,True
r48u_20260914_BREW_UDUC_ils_shadow_fix1,BREW,UDUC,ils_shadow,2024-07-17T00:27:30,BREW,GPS,USER_WL_SD,2,1,1,0.175328,23.9281,1,4.87673e-05,1,0,True
r48u_20260914_BREW_UDUC_ils_shadow_fix1,BREW,UDUC,ils_shadow,2024-07-17T00:27:30,BREW,GPS,USER_L1_SD_CONDITIONAL,2,1,1,0.995493,23.9281,1,6.02896e-07,1,0,True
r48u_20260914_BREW_UDUC_ils_shadow_fix1,BREW,UDUC,ils_shadow,2024-07-17T00:28:00,BREW,GPS,USER_WL_SD,2,1,1,0.153133,23.9281,1,3.93833e-05,1,0,True
r48u_20260914_BREW_UDUC_ils_shadow_fix1,BREW,UDUC,ils_shadow,2024-07-17T00:28:00,BREW,GPS,USER_L1_SD_CONDITIONAL,2,1,1,1.06128,23.9281,1,2.68082e-07,1,0,True
r48u_20260914_BREW_UDUC_ils_shadow_fix1,BREW,UDUC,ils_shadow,2024-07-17T00:28:30,BREW,GPS,USER_WL_SD,3,2,2,0.249706,27.631,2,1.59446e-05,1,0,True
r48u_20260914_BREW_UDUC_ils_shadow_fix1,BREW,UDUC,ils_shadow,2024-07-17T00:28:30,BREW,GPS,USER_L1_SD_CONDITIONAL,3,0,0,1.01074,23.9281,1,0,0,0,False
r48u_20260914_BREW_UDUC_ils_shadow_fix1,BREW,UDUC,ils_shadow,2024-07-17T00:29:00,BREW,GPS,USER_WL_SD,3,2,2,0.23315,27.631,2,1.34207e-05,1,0,True
r48u_20260914_BREW_UDUC_ils_shadow_fix1,BREW,UDUC,ils_shadow,2024-07-17T00:29:00,BREW,GPS,USER_L1_SD_CONDITIONAL,3,0,0,0.718579,23.9281,1,0,0,0,False
r48u_20260914_BREW_UDUC_ils_shadow_fix1,BREW,UDUC,ils_shadow,2024-07-17T00:29:30,BREW,GPS,USER_WL_SD,3,2,2,0.244197,27.631,2,1.1755e-05,1,0,True
r48u_20260914_BREW_UDUC_ils_shadow_fix1,BREW,UDUC,ils_shadow,2024-07-17T00:29:30,BREW,GPS,USER_L1_SD_CONDITIONAL,3,0,0,0.576821,23.9281,1,0,0,0,False
r48u_20260914_BREW_UDUC_ils_shadow_fix1,BREW,UDUC,ils_shadow,2024-07-17T00:30:00,BREW,GPS,USER_WL_SD,3,2,2,0.273742,27.631,2,1.00576e-05,1,0,True
r48u_20260914_BREW_UDUC_ils_shadow_fix1,BREW,UDUC,ils_shadow,2024-07-17T00:30:00,BREW,GPS,USER_L1_SD_CONDITIONAL,3,0,0,0.56149,23.9281,1,0,0,0,False
r48u_20260914_BREW_UDUC_ils_feedback_fix1,BREW,UDUC,ils_feedback,2024-07-17T00:11:30,BREW,GPS,USER_WL_SD,1,0,0,nan,nan,0,0,0,1,False
r48u_20260914_BREW_UDUC_ils_feedback_fix1,BREW,UDUC,ils_feedback,2024-07-17T00:12:00,BREW,GPS,USER_WL_SD,1,0,0,nan,nan,0,0,0,1,False
r48u_20260914_BREW_UDUC_ils_feedback_fix1,BREW,UDUC,ils_feedback,2024-07-17T00:12:30,BREW,GPS,USER_WL_SD,1,0,0,nan,nan,0,0,0,1,False
r48u_20260914_BREW_UDUC_ils_feedback_fix1,BREW,UDUC,ils_feedback,2024-07-17T00:13:00,BREW,GPS,USER_WL_SD,1,0,0,nan,nan,0,0,0,1,False
r48u_20260914_BREW_UDUC_ils_feedback_fix1,BREW,UDUC,ils_feedback,2024-07-17T00:13:30,BREW,GPS,USER_WL_SD,1,0,0,nan,nan,0,0,0,1,False
r48u_20260914_BREW_UDUC_ils_feedback_fix1,BREW,UDUC,ils_feedback,2024-07-17T00:14:00,BREW,GPS,USER_WL_SD,1,0,0,nan,nan,0,0,0,1,False
r48u_20260914_BREW_UDUC_ils_feedback_fix1,BREW,UDUC,ils_feedback,2024-07-17T00:14:30,BREW,GPS,USER_WL_SD,1,0,0,nan,nan,0,0,0,1,False
r48u_20260914_BREW_UDUC_ils_feedback_fix1,BREW,UDUC,ils_feedback,2024-07-17T00:15:00,BREW,GPS,USER_WL_SD,1,0,0,nan,nan,0,0,0,1,False
r48u_20260914_BREW_UDUC_ils_feedback_fix1,BREW,UDUC,ils_feedback,2024-07-17T00:15:30,BREW,GPS,USER_WL_SD,1,0,0,nan,nan,0,0,0,1,False
r48u_20260914_BREW_UDUC_ils_feedback_fix1,BREW,UDUC,ils_feedback,2024-07-17T00:16:00,BREW,GPS,USER_WL_SD,1,0,0,nan,nan,0,0,0,1,False
r48u_20260914_BREW_UDUC_ils_feedback_fix1,BREW,UDUC,ils_feedback,2024-07-17T00:16:30,BREW,GPS,USER_WL_SD,1,0,0,nan,nan,0,0,0,1,False
r48u_20260914_BREW_UDUC_ils_feedback_fix1,BREW,UDUC,ils_feedback,2024-07-17T00:17:00,BREW,GPS,USER_WL_SD,3,1,1,0.321772,23.9281,1,1.03814e-06,1,1,True
r48u_20260914_BREW_UDUC_ils_feedback_fix1,BREW,UDUC,ils_feedback,2024-07-17T00:17:00,BREW,GPS,USER_L1_SD_CONDITIONAL,3,0,0,nan,nan,0,0,0,1,False
r48u_20260914_BREW_UDUC_ils_feedback_fix1,BREW,UDUC,ils_feedback,2024-07-17T00:17:30,BREW,GPS,USER_WL_SD,3,0,0,nan,nan,0,0,0,1,False
r48u_20260914_BREW_UDUC_ils_feedback_fix1,BREW,UDUC,ils_feedback,2024-07-17T00:17:30,BREW,GPS,USER_L1_SD_CONDITIONAL,3,0,0,nan,nan,0,0,0,1,False
r48u_20260914_BREW_UDUC_ils_feedback_fix1,BREW,UDUC,ils_feedback,2024-07-17T00:18:00,BREW,GPS,USER_WL_SD,3,0,0,nan,nan,0,0,0,1,False
r48u_20260914_BREW_UDUC_ils_feedback_fix1,BREW,UDUC,ils_feedback,2024-07-17T00:18:00,BREW,GPS,USER_L1_SD_CONDITIONAL,3,0,0,nan,nan,0,0,0,1,False
r48u_20260914_BREW_UDUC_ils_feedback_fix1,BREW,UDUC,ils_feedback,2024-07-17T00:18:30,BREW,GPS,USER_WL_SD,3,0,0,nan,nan,0,0,0,1,False
r48u_20260914_BREW_UDUC_ils_feedback_fix1,BREW,UDUC,ils_feedback,2024-07-17T00:18:30,BREW,GPS,USER_L1_SD_CONDITIONAL,3,0,0,nan,nan,0,0,0,1,False
r48u_20260914_BREW_UDUC_ils_feedback_fix1,BREW,UDUC,ils_feedback,2024-07-17T00:19:00,BREW,GPS,USER_WL_SD,3,0,0,nan,nan,0,0,0,1,False
r48u_20260914_BREW_UDUC_ils_feedback_fix1,BREW,UDUC,ils_feedback,2024-07-17T00:19:00,BREW,GPS,USER_L1_SD_CONDITIONAL,3,0,0,nan,nan,0,0,0,1,False
r48u_20260914_BREW_UDUC_ils_feedback_fix1,BREW,UDUC,ils_feedback,2024-07-17T00:19:30,BREW,GPS,USER_WL_SD,3,0,0,nan,nan,0,0,0,1,False
r48u_20260914_BREW_UDUC_ils_feedback_fix1,BREW,UDUC,ils_feedback,2024-07-17T00:19:30,BREW,GPS,USER_L1_SD_CONDITIONAL,3,0,0,nan,nan,0,0,0,1,False
r48u_20260914_BREW_UDUC_ils_feedback_fix1,BREW,UDUC,ils_feedback,2024-07-17T00:20:00,BREW,GPS,USER_WL_SD,3,0,0,nan,nan,0,0,0,1,False
r48u_20260914_BREW_UDUC_ils_feedback_fix1,BREW,UDUC,ils_feedback,2024-07-17T00:20:00,BREW,GPS,USER_L1_SD_CONDITIONAL,3,0,0,nan,nan,0,0,0,1,False
r48u_20260914_BREW_UDUC_ils_feedback_fix1,BREW,UDUC,ils_feedback,2024-07-17T00:20:30,BREW,GPS,USER_WL_SD,4,0,0,nan,nan,0,0,0,1,False
r48u_20260914_BREW_UDUC_ils_feedback_fix1,BREW,UDUC,ils_feedback,2024-07-17T00:20:30,BREW,GPS,USER_L1_SD_CONDITIONAL,4,0,0,nan,nan,0,0,0,1,False
r48u_20260914_BREW_UDUC_ils_feedback_fix1,BREW,UDUC,ils_feedback,2024-07-17T00:21:00,BREW,GPS,USER_WL_SD,3,0,0,nan,nan,0,0,0,1,False
r48u_20260914_BREW_UDUC_ils_feedback_fix1,BREW,UDUC,ils_feedback,2024-07-17T00:21:00,BREW,GPS,USER_L1_SD_CONDITIONAL,3,0,0,nan,nan,0,0,0,1,False
r48u_20260914_BREW_UDUC_ils_feedback_fix1,BREW,UDUC,ils_feedback,2024-07-17T00:21:30,BREW,GPS,USER_WL_SD,3,0,0,nan,nan,0,0,0,1,False
r48u_20260914_BREW_UDUC_ils_feedback_fix1,BREW,UDUC,ils_feedback,2024-07-17T00:21:30,BREW,GPS,USER_L1_SD_CONDITIONAL,3,0,0,nan,nan,0,0,0,1,False
r48u_20260914_BREW_UDUC_ils_feedback_fix1,BREW,UDUC,ils_feedback,2024-07-17T00:22:00,BREW,GPS,USER_WL_SD,4,0,0,nan,nan,0,0,0,1,False
r48u_20260914_BREW_UDUC_ils_feedback_fix1,BREW,UDUC,ils_feedback,2024-07-17T00:22:00,BREW,GPS,USER_L1_SD_CONDITIONAL,4,0,0,nan,nan,0,0,0,1,False
r48u_20260914_BREW_UDUC_ils_feedback_fix1,BREW,UDUC,ils_feedback,2024-07-17T00:22:30,BREW,GPS,USER_WL_SD,4,0,0,nan,nan,0,0,0,1,False
r48u_20260914_BREW_UDUC_ils_feedback_fix1,BREW,UDUC,ils_feedback,2024-07-17T00:22:30,BREW,GPS,USER_L1_SD_CONDITIONAL,4,0,0,nan,nan,0,0,0,1,False
r48u_20260914_BREW_UDUC_ils_feedback_fix1,BREW,UDUC,ils_feedback,2024-07-17T00:23:00,BREW,GPS,USER_WL_SD,4,0,0,nan,nan,0,0,0,1,False
r48u_20260914_BREW_UDUC_ils_feedback_fix1,BREW,UDUC,ils_feedback,2024-07-17T00:23:00,BREW,GPS,USER_L1_SD_CONDITIONAL,4,0,0,nan,nan,0,0,0,1,False
r48u_20260914_BREW_UDUC_ils_feedback_fix1,BREW,UDUC,ils_feedback,2024-07-17T00:23:30,BREW,GPS,USER_WL_SD,3,0,0,nan,nan,0,0,0,1,False
r48u_20260914_BREW_UDUC_ils_feedback_fix1,BREW,UDUC,ils_feedback,2024-07-17T00:23:30,BREW,GPS,USER_L1_SD_CONDITIONAL,3,0,0,nan,nan,0,0,0,1,False
r48u_20260914_BREW_UDUC_ils_feedback_fix1,BREW,UDUC,ils_feedback,2024-07-17T00:24:00,BREW,GPS,USER_WL_SD,4,0,0,nan,nan,0,0,0,1,False
r48u_20260914_BREW_UDUC_ils_feedback_fix1,BREW,UDUC,ils_feedback,2024-07-17T00:24:00,BREW,GPS,USER_L1_SD_CONDITIONAL,4,0,0,nan,nan,0,0,0,1,False
r48u_20260914_BREW_UDUC_ils_feedback_fix1,BREW,UDUC,ils_feedback,2024-07-17T00:24:30,BREW,GPS,USER_WL_SD,4,0,0,nan,nan,0,0,0,1,False
r48u_20260914_BREW_UDUC_ils_feedback_fix1,BREW,UDUC,ils_feedback,2024-07-17T00:24:30,BREW,GPS,USER_L1_SD_CONDITIONAL,4,0,0,nan,nan,0,0,0,1,False
r48u_20260914_BREW_UDUC_ils_feedback_fix1,BREW,UDUC,ils_feedback,2024-07-17T00:25:00,BREW,GPS,USER_WL_SD,4,1,1,0.136064,23.9281,1,2.64215e-05,1,1,True
r48u_20260914_BREW_UDUC_ils_feedback_fix1,BREW,UDUC,ils_feedback,2024-07-17T00:25:00,BREW,GPS,USER_L1_SD_CONDITIONAL,4,1,1,1.38539,23.9281,1,8.17306e-05,1,1,True
r48u_20260914_BREW_UDUC_ils_feedback_fix1,BREW,UDUC,ils_feedback,2024-07-17T00:25:30,BREW,GPS,USER_WL_SD,1,0,0,nan,nan,0,0,0,1,False
r48u_20260914_BREW_UDUC_ils_feedback_fix1,BREW,UDUC,ils_feedback,2024-07-17T00:26:00,BREW,GPS,USER_WL_SD,3,0,0,nan,nan,0,0,0,1,False
r48u_20260914_BREW_UDUC_ils_feedback_fix1,BREW,UDUC,ils_feedback,2024-07-17T00:26:30,BREW,GPS,USER_WL_SD,3,0,0,nan,nan,0,0,0,1,False
r48u_20260914_BREW_UDUC_ils_feedback_fix1,BREW,UDUC,ils_feedback,2024-07-17T00:27:00,BREW,GPS,USER_WL_SD,2,0,0,nan,nan,0,0,0,1,False
r48u_20260914_BREW_UDUC_ils_feedback_fix1,BREW,UDUC,ils_feedback,2024-07-17T00:27:30,BREW,GPS,USER_WL_SD,2,0,0,nan,nan,0,0,0,1,False
r48u_20260914_BREW_UDUC_ils_feedback_fix1,BREW,UDUC,ils_feedback,2024-07-17T00:28:00,BREW,GPS,USER_WL_SD,2,0,0,nan,nan,0,0,0,1,False
r48u_20260914_BREW_UDUC_ils_feedback_fix1,BREW,UDUC,ils_feedback,2024-07-17T00:28:30,BREW,GPS,USER_WL_SD,3,0,0,nan,nan,0,0,0,1,False
r48u_20260914_BREW_UDUC_ils_feedback_fix1,BREW,UDUC,ils_feedback,2024-07-17T00:29:00,BREW,GPS,USER_WL_SD,3,0,0,nan,nan,0,0,0,1,False
r48u_20260914_BREW_UDUC_ils_feedback_fix1,BREW,UDUC,ils_feedback,2024-07-17T00:29:30,BREW,GPS,USER_WL_SD,3,0,0,nan,nan,0,0,0,1,False
r48u_20260914_BREW_UDUC_ils_feedback_fix1,BREW,UDUC,ils_feedback,2024-07-17T00:30:00,BREW,GPS,USER_WL_SD,3,0,0,nan,nan,0,0,0,1,False
r48u_20260914_MARS_UDUC_round_shadow_fix1,MARS,UDUC,round_shadow,2024-07-17T00:10:30,MARS,GPS,USER_WL_SD,4,1,1,0.321011,23.9281,1,6.89594e-05,1,0,True
r48u_20260914_MARS_UDUC_round_shadow_fix1,MARS,UDUC,round_shadow,2024-07-17T00:10:30,MARS,GPS,USER_L1_SD_CONDITIONAL,4,0,0,nan,nan,0,0,0,0,False
r48u_20260914_MARS_UDUC_round_shadow_fix1,MARS,UDUC,round_shadow,2024-07-17T00:17:00,MARS,GPS,USER_WL_SD,4,3,3,1.44543,30.6648,3,0.000419182,1,0,True
r48u_20260914_MARS_UDUC_round_shadow_fix1,MARS,UDUC,round_shadow,2024-07-17T00:17:00,MARS,GPS,USER_L1_SD_CONDITIONAL,4,0,0,nan,nan,0,0,0,0,False
r48u_20260914_MARS_UDUC_round_shadow_fix1,MARS,UDUC,round_shadow,2024-07-17T00:17:30,MARS,GPS,USER_WL_SD,4,3,3,1.38413,30.6648,3,0.000316559,1,0,True
r48u_20260914_MARS_UDUC_round_shadow_fix1,MARS,UDUC,round_shadow,2024-07-17T00:17:30,MARS,GPS,USER_L1_SD_CONDITIONAL,4,0,0,nan,nan,0,0,0,0,False
r48u_20260914_MARS_UDUC_round_shadow_fix1,MARS,UDUC,round_shadow,2024-07-17T00:18:00,MARS,GPS,USER_WL_SD,4,3,3,1.31434,30.6648,3,0.000240592,1,0,True
r48u_20260914_MARS_UDUC_round_shadow_fix1,MARS,UDUC,round_shadow,2024-07-17T00:18:00,MARS,GPS,USER_L1_SD_CONDITIONAL,4,0,0,nan,nan,0,0,0,0,False
r48u_20260914_MARS_UDUC_round_shadow_fix1,MARS,UDUC,round_shadow,2024-07-17T00:18:30,MARS,GPS,USER_WL_SD,4,3,3,1.26966,30.6648,3,0.000189614,1,0,True
r48u_20260914_MARS_UDUC_round_shadow_fix1,MARS,UDUC,round_shadow,2024-07-17T00:18:30,MARS,GPS,USER_L1_SD_CONDITIONAL,4,0,0,nan,nan,0,0,0,0,False
r48u_20260914_MARS_UDUC_round_shadow_fix1,MARS,UDUC,round_shadow,2024-07-17T00:19:00,MARS,GPS,USER_WL_SD,4,3,3,1.15646,30.6648,3,0.000149353,1,0,True
r48u_20260914_MARS_UDUC_round_shadow_fix1,MARS,UDUC,round_shadow,2024-07-17T00:19:00,MARS,GPS,USER_L1_SD_CONDITIONAL,4,0,0,nan,nan,0,0,0,0,False
r48u_20260914_MARS_UDUC_round_shadow_fix1,MARS,UDUC,round_shadow,2024-07-17T00:19:30,MARS,GPS,USER_WL_SD,4,3,3,1.12432,30.6648,3,0.000128964,1,0,True
r48u_20260914_MARS_UDUC_round_shadow_fix1,MARS,UDUC,round_shadow,2024-07-17T00:19:30,MARS,GPS,USER_L1_SD_CONDITIONAL,4,0,0,nan,nan,0,0,0,0,False
r48u_20260914_MARS_UDUC_round_shadow_fix1,MARS,UDUC,round_shadow,2024-07-17T00:20:00,MARS,GPS,USER_WL_SD,4,3,3,1.16923,30.6648,3,0.000106886,1,0,True
r48u_20260914_MARS_UDUC_round_shadow_fix1,MARS,UDUC,round_shadow,2024-07-17T00:20:00,MARS,GPS,USER_L1_SD_CONDITIONAL,4,0,0,nan,nan,0,0,0,0,False
r48u_20260914_MARS_UDUC_round_shadow_fix1,MARS,UDUC,round_shadow,2024-07-17T00:20:30,MARS,GPS,USER_WL_SD,5,3,3,1.21715,30.6648,3,9.16307e-05,1,0,True
r48u_20260914_MARS_UDUC_round_shadow_fix1,MARS,UDUC,round_shadow,2024-07-17T00:20:30,MARS,GPS,USER_L1_SD_CONDITIONAL,5,0,0,nan,nan,0,0,0,0,False
r48u_20260914_MARS_UDUC_round_shadow_fix1,MARS,UDUC,round_shadow,2024-07-17T00:21:00,MARS,GPS,USER_WL_SD,4,3,3,1.24466,30.6648,3,6.84146e-05,1,0,True
r48u_20260914_MARS_UDUC_round_shadow_fix1,MARS,UDUC,round_shadow,2024-07-17T00:21:00,MARS,GPS,USER_L1_SD_CONDITIONAL,4,0,0,nan,nan,0,0,0,0,False
r48u_20260914_MARS_UDUC_round_shadow_fix1,MARS,UDUC,round_shadow,2024-07-17T00:21:30,MARS,GPS,USER_WL_SD,5,3,3,1.31856,30.6648,3,5.61255e-05,1,0,True
r48u_20260914_MARS_UDUC_round_shadow_fix1,MARS,UDUC,round_shadow,2024-07-17T00:21:30,MARS,GPS,USER_L1_SD_CONDITIONAL,5,0,0,nan,nan,0,0,0,0,False
r48u_20260914_MARS_UDUC_round_shadow_fix1,MARS,UDUC,round_shadow,2024-07-17T00:22:00,MARS,GPS,USER_WL_SD,5,3,3,1.35436,30.6648,3,4.20934e-05,1,0,True
r48u_20260914_MARS_UDUC_round_shadow_fix1,MARS,UDUC,round_shadow,2024-07-17T00:22:00,MARS,GPS,USER_L1_SD_CONDITIONAL,5,0,0,nan,nan,0,0,0,0,False
r48u_20260914_MARS_UDUC_round_shadow_fix1,MARS,UDUC,round_shadow,2024-07-17T00:22:30,MARS,GPS,USER_WL_SD,5,3,3,1.35302,30.6648,3,3.20824e-05,1,0,True
r48u_20260914_MARS_UDUC_round_shadow_fix1,MARS,UDUC,round_shadow,2024-07-17T00:22:30,MARS,GPS,USER_L1_SD_CONDITIONAL,5,0,0,nan,nan,0,0,0,0,False
r48u_20260914_MARS_UDUC_round_shadow_fix1,MARS,UDUC,round_shadow,2024-07-17T00:23:00,MARS,GPS,USER_WL_SD,5,3,3,1.31725,30.6648,3,2.39618e-05,1,0,True
r48u_20260914_MARS_UDUC_round_shadow_fix1,MARS,UDUC,round_shadow,2024-07-17T00:23:00,MARS,GPS,USER_L1_SD_CONDITIONAL,5,0,0,nan,nan,0,0,0,0,False
r48u_20260914_MARS_UDUC_round_shadow_fix1,MARS,UDUC,round_shadow,2024-07-17T00:23:30,MARS,GPS,USER_WL_SD,4,3,3,1.28147,30.6648,3,1.65933e-05,1,0,True
r48u_20260914_MARS_UDUC_round_shadow_fix1,MARS,UDUC,round_shadow,2024-07-17T00:23:30,MARS,GPS,USER_L1_SD_CONDITIONAL,4,0,0,nan,nan,0,0,0,0,False
r48u_20260914_MARS_UDUC_round_shadow_fix1,MARS,UDUC,round_shadow,2024-07-17T00:24:00,MARS,GPS,USER_WL_SD,4,4,0,1.30238,33.3768,4,0.0022038,0,0,False
r48u_20260914_MARS_UDUC_round_shadow_fix1,MARS,UDUC,round_shadow,2024-07-17T00:24:00,MARS,GPS,USER_L1_SD_CONDITIONAL,4,0,0,nan,nan,0,0,0,0,False
r48u_20260914_MARS_UDUC_round_shadow_fix1,MARS,UDUC,round_shadow,2024-07-17T00:24:30,MARS,GPS,USER_WL_SD,4,4,0,1.37799,33.3768,4,0.00196863,0,0,False
r48u_20260914_MARS_UDUC_round_shadow_fix1,MARS,UDUC,round_shadow,2024-07-17T00:24:30,MARS,GPS,USER_L1_SD_CONDITIONAL,4,0,0,nan,nan,0,0,0,0,False
r48u_20260914_MARS_UDUC_round_shadow_fix1,MARS,UDUC,round_shadow,2024-07-17T00:25:00,MARS,GPS,USER_WL_SD,4,4,0,1.51205,33.3768,4,0.00179919,0,0,False
r48u_20260914_MARS_UDUC_round_shadow_fix1,MARS,UDUC,round_shadow,2024-07-17T00:25:00,MARS,GPS,USER_L1_SD_CONDITIONAL,4,0,0,nan,nan,0,0,0,0,False
r48u_20260914_MARS_UDUC_round_shadow_fix1,MARS,UDUC,round_shadow,2024-07-17T00:26:00,MARS,GPS,USER_WL_SD,4,4,0,1.88426,33.3768,4,0.00154978,0,0,False
r48u_20260914_MARS_UDUC_round_shadow_fix1,MARS,UDUC,round_shadow,2024-07-17T00:26:00,MARS,GPS,USER_L1_SD_CONDITIONAL,4,0,0,nan,nan,0,0,0,0,False
r48u_20260914_MARS_UDUC_round_shadow_fix1,MARS,UDUC,round_shadow,2024-07-17T00:26:30,MARS,GPS,USER_WL_SD,4,4,0,1.98064,33.3768,4,0.00133435,0,0,False
r48u_20260914_MARS_UDUC_round_shadow_fix1,MARS,UDUC,round_shadow,2024-07-17T00:26:30,MARS,GPS,USER_L1_SD_CONDITIONAL,4,0,0,nan,nan,0,0,0,0,False
r48u_20260914_MARS_UDUC_round_shadow_fix1,MARS,UDUC,round_shadow,2024-07-17T00:27:00,MARS,GPS,USER_WL_SD,5,4,0,2.04035,33.3768,4,0.00112067,0,0,False
r48u_20260914_MARS_UDUC_round_shadow_fix1,MARS,UDUC,round_shadow,2024-07-17T00:27:00,MARS,GPS,USER_L1_SD_CONDITIONAL,5,0,0,nan,nan,0,0,0,0,False
r48u_20260914_MARS_UDUC_round_shadow_fix1,MARS,UDUC,round_shadow,2024-07-17T00:27:30,MARS,GPS,USER_WL_SD,5,4,4,2.06358,33.3768,4,0.000993016,1,0,True
r48u_20260914_MARS_UDUC_round_shadow_fix1,MARS,UDUC,round_shadow,2024-07-17T00:27:30,MARS,GPS,USER_L1_SD_CONDITIONAL,5,0,0,nan,nan,0,0,0,0,False
r48u_20260914_MARS_UDUC_round_shadow_fix1,MARS,UDUC,round_shadow,2024-07-17T00:28:00,MARS,GPS,USER_WL_SD,5,4,4,2.1079,33.3768,4,0.000822531,1,0,True
r48u_20260914_MARS_UDUC_round_shadow_fix1,MARS,UDUC,round_shadow,2024-07-17T00:28:00,MARS,GPS,USER_L1_SD_CONDITIONAL,5,0,0,nan,nan,0,0,0,0,False
r48u_20260914_MARS_UDUC_round_shadow_fix1,MARS,UDUC,round_shadow,2024-07-17T00:28:30,MARS,GPS,USER_WL_SD,5,4,4,2.15502,33.3768,4,0.000624758,1,0,True
r48u_20260914_MARS_UDUC_round_shadow_fix1,MARS,UDUC,round_shadow,2024-07-17T00:28:30,MARS,GPS,USER_L1_SD_CONDITIONAL,5,0,0,nan,nan,0,0,0,0,False
r48u_20260914_MARS_UDUC_round_shadow_fix1,MARS,UDUC,round_shadow,2024-07-17T00:29:00,MARS,GPS,USER_WL_SD,5,4,4,2.22525,33.3768,4,0.000488926,1,0,True
r48u_20260914_MARS_UDUC_round_shadow_fix1,MARS,UDUC,round_shadow,2024-07-17T00:29:00,MARS,GPS,USER_L1_SD_CONDITIONAL,5,0,0,nan,nan,0,0,0,0,False
r48u_20260914_MARS_UDUC_round_shadow_fix1,MARS,UDUC,round_shadow,2024-07-17T00:29:30,MARS,GPS,USER_WL_SD,6,4,4,2.31811,33.3768,4,0.000389199,1,0,True
r48u_20260914_MARS_UDUC_round_shadow_fix1,MARS,UDUC,round_shadow,2024-07-17T00:29:30,MARS,GPS,USER_L1_SD_CONDITIONAL,6,0,0,nan,nan,0,0,0,0,False
r48u_20260914_MARS_UDUC_round_shadow_fix1,MARS,UDUC,round_shadow,2024-07-17T00:30:00,MARS,GPS,USER_WL_SD,6,4,4,2.43151,33.3768,4,0.000327032,1,0,True
r48u_20260914_MARS_UDUC_round_shadow_fix1,MARS,UDUC,round_shadow,2024-07-17T00:30:00,MARS,GPS,USER_L1_SD_CONDITIONAL,6,0,0,nan,nan,0,0,0,0,False
r48u_20260914_MARS_UDUC_round_feedback_fix1,MARS,UDUC,round_feedback,2024-07-17T00:10:30,MARS,GPS,USER_WL_SD,4,1,1,0.321011,23.9281,1,6.89594e-05,1,1,True
r48u_20260914_MARS_UDUC_round_feedback_fix1,MARS,UDUC,round_feedback,2024-07-17T00:10:30,MARS,GPS,USER_L1_SD_CONDITIONAL,4,0,0,nan,nan,0,0,0,1,False
r48u_20260914_MARS_UDUC_round_feedback_fix1,MARS,UDUC,round_feedback,2024-07-17T00:17:00,MARS,GPS,USER_WL_SD,4,0,0,nan,nan,0,0,0,1,False
r48u_20260914_MARS_UDUC_round_feedback_fix1,MARS,UDUC,round_feedback,2024-07-17T00:17:00,MARS,GPS,USER_L1_SD_CONDITIONAL,4,0,0,nan,nan,0,0,0,1,False
r48u_20260914_MARS_UDUC_round_feedback_fix1,MARS,UDUC,round_feedback,2024-07-17T00:17:30,MARS,GPS,USER_WL_SD,4,0,0,nan,nan,0,0,0,1,False
r48u_20260914_MARS_UDUC_round_feedback_fix1,MARS,UDUC,round_feedback,2024-07-17T00:17:30,MARS,GPS,USER_L1_SD_CONDITIONAL,4,0,0,nan,nan,0,0,0,1,False
r48u_20260914_MARS_UDUC_round_feedback_fix1,MARS,UDUC,round_feedback,2024-07-17T00:18:00,MARS,GPS,USER_WL_SD,4,0,0,nan,nan,0,0,0,1,False
r48u_20260914_MARS_UDUC_round_feedback_fix1,MARS,UDUC,round_feedback,2024-07-17T00:18:00,MARS,GPS,USER_L1_SD_CONDITIONAL,4,0,0,nan,nan,0,0,0,1,False
r48u_20260914_MARS_UDUC_round_feedback_fix1,MARS,UDUC,round_feedback,2024-07-17T00:18:30,MARS,GPS,USER_WL_SD,4,0,0,nan,nan,0,0,0,1,False
r48u_20260914_MARS_UDUC_round_feedback_fix1,MARS,UDUC,round_feedback,2024-07-17T00:18:30,MARS,GPS,USER_L1_SD_CONDITIONAL,4,0,0,nan,nan,0,0,0,1,False
r48u_20260914_MARS_UDUC_round_feedback_fix1,MARS,UDUC,round_feedback,2024-07-17T00:19:00,MARS,GPS,USER_WL_SD,4,0,0,nan,nan,0,0,0,1,False
r48u_20260914_MARS_UDUC_round_feedback_fix1,MARS,UDUC,round_feedback,2024-07-17T00:19:00,MARS,GPS,USER_L1_SD_CONDITIONAL,4,0,0,nan,nan,0,0,0,1,False
r48u_20260914_MARS_UDUC_round_feedback_fix1,MARS,UDUC,round_feedback,2024-07-17T00:19:30,MARS,GPS,USER_WL_SD,4,0,0,nan,nan,0,0,0,1,False
r48u_20260914_MARS_UDUC_round_feedback_fix1,MARS,UDUC,round_feedback,2024-07-17T00:19:30,MARS,GPS,USER_L1_SD_CONDITIONAL,4,0,0,nan,nan,0,0,0,1,False
r48u_20260914_MARS_UDUC_round_feedback_fix1,MARS,UDUC,round_feedback,2024-07-17T00:20:00,MARS,GPS,USER_WL_SD,4,0,0,nan,nan,0,0,0,1,False
r48u_20260914_MARS_UDUC_round_feedback_fix1,MARS,UDUC,round_feedback,2024-07-17T00:20:00,MARS,GPS,USER_L1_SD_CONDITIONAL,4,0,0,nan,nan,0,0,0,1,False
r48u_20260914_MARS_UDUC_round_feedback_fix1,MARS,UDUC,round_feedback,2024-07-17T00:20:30,MARS,GPS,USER_WL_SD,5,0,0,nan,nan,0,0,0,1,False
r48u_20260914_MARS_UDUC_round_feedback_fix1,MARS,UDUC,round_feedback,2024-07-17T00:20:30,MARS,GPS,USER_L1_SD_CONDITIONAL,5,0,0,nan,nan,0,0,0,1,False
r48u_20260914_MARS_UDUC_round_feedback_fix1,MARS,UDUC,round_feedback,2024-07-17T00:21:00,MARS,GPS,USER_WL_SD,4,0,0,nan,nan,0,0,0,1,False
r48u_20260914_MARS_UDUC_round_feedback_fix1,MARS,UDUC,round_feedback,2024-07-17T00:21:00,MARS,GPS,USER_L1_SD_CONDITIONAL,4,0,0,nan,nan,0,0,0,1,False
r48u_20260914_MARS_UDUC_round_feedback_fix1,MARS,UDUC,round_feedback,2024-07-17T00:21:30,MARS,GPS,USER_WL_SD,5,0,0,nan,nan,0,0,0,1,False
r48u_20260914_MARS_UDUC_round_feedback_fix1,MARS,UDUC,round_feedback,2024-07-17T00:21:30,MARS,GPS,USER_L1_SD_CONDITIONAL,5,0,0,nan,nan,0,0,0,1,False
r48u_20260914_MARS_UDUC_round_feedback_fix1,MARS,UDUC,round_feedback,2024-07-17T00:22:00,MARS,GPS,USER_WL_SD,5,0,0,nan,nan,0,0,0,1,False
r48u_20260914_MARS_UDUC_round_feedback_fix1,MARS,UDUC,round_feedback,2024-07-17T00:22:00,MARS,GPS,USER_L1_SD_CONDITIONAL,5,0,0,nan,nan,0,0,0,1,False
r48u_20260914_MARS_UDUC_round_feedback_fix1,MARS,UDUC,round_feedback,2024-07-17T00:22:30,MARS,GPS,USER_WL_SD,5,0,0,nan,nan,0,0,0,1,False
r48u_20260914_MARS_UDUC_round_feedback_fix1,MARS,UDUC,round_feedback,2024-07-17T00:22:30,MARS,GPS,USER_L1_SD_CONDITIONAL,5,0,0,nan,nan,0,0,0,1,False
r48u_20260914_MARS_UDUC_round_feedback_fix1,MARS,UDUC,round_feedback,2024-07-17T00:23:00,MARS,GPS,USER_WL_SD,5,0,0,nan,nan,0,0,0,1,False
r48u_20260914_MARS_UDUC_round_feedback_fix1,MARS,UDUC,round_feedback,2024-07-17T00:23:00,MARS,GPS,USER_L1_SD_CONDITIONAL,5,0,0,nan,nan,0,0,0,1,False
r48u_20260914_MARS_UDUC_round_feedback_fix1,MARS,UDUC,round_feedback,2024-07-17T00:23:30,MARS,GPS,USER_WL_SD,4,0,0,nan,nan,0,0,0,1,False
r48u_20260914_MARS_UDUC_round_feedback_fix1,MARS,UDUC,round_feedback,2024-07-17T00:23:30,MARS,GPS,USER_L1_SD_CONDITIONAL,4,0,0,nan,nan,0,0,0,1,False
r48u_20260914_MARS_UDUC_round_feedback_fix1,MARS,UDUC,round_feedback,2024-07-17T00:24:00,MARS,GPS,USER_WL_SD,4,0,0,nan,nan,0,0,0,1,False
r48u_20260914_MARS_UDUC_round_feedback_fix1,MARS,UDUC,round_feedback,2024-07-17T00:24:00,MARS,GPS,USER_L1_SD_CONDITIONAL,4,0,0,nan,nan,0,0,0,1,False
r48u_20260914_MARS_UDUC_round_feedback_fix1,MARS,UDUC,round_feedback,2024-07-17T00:24:30,MARS,GPS,USER_WL_SD,4,0,0,nan,nan,0,0,0,1,False
r48u_20260914_MARS_UDUC_round_feedback_fix1,MARS,UDUC,round_feedback,2024-07-17T00:24:30,MARS,GPS,USER_L1_SD_CONDITIONAL,4,0,0,nan,nan,0,0,0,1,False
r48u_20260914_MARS_UDUC_round_feedback_fix1,MARS,UDUC,round_feedback,2024-07-17T00:25:00,MARS,GPS,USER_WL_SD,4,0,0,nan,nan,0,0,0,1,False
r48u_20260914_MARS_UDUC_round_feedback_fix1,MARS,UDUC,round_feedback,2024-07-17T00:25:00,MARS,GPS,USER_L1_SD_CONDITIONAL,4,0,0,nan,nan,0,0,0,1,False
r48u_20260914_MARS_UDUC_round_feedback_fix1,MARS,UDUC,round_feedback,2024-07-17T00:26:00,MARS,GPS,USER_WL_SD,4,0,0,nan,nan,0,0,0,1,False
r48u_20260914_MARS_UDUC_round_feedback_fix1,MARS,UDUC,round_feedback,2024-07-17T00:26:00,MARS,GPS,USER_L1_SD_CONDITIONAL,4,0,0,nan,nan,0,0,0,1,False
r48u_20260914_MARS_UDUC_round_feedback_fix1,MARS,UDUC,round_feedback,2024-07-17T00:26:30,MARS,GPS,USER_WL_SD,4,0,0,nan,nan,0,0,0,1,False
r48u_20260914_MARS_UDUC_round_feedback_fix1,MARS,UDUC,round_feedback,2024-07-17T00:26:30,MARS,GPS,USER_L1_SD_CONDITIONAL,4,0,0,nan,nan,0,0,0,1,False
r48u_20260914_MARS_UDUC_round_feedback_fix1,MARS,UDUC,round_feedback,2024-07-17T00:27:00,MARS,GPS,USER_WL_SD,5,0,0,nan,nan,0,0,0,1,False
r48u_20260914_MARS_UDUC_round_feedback_fix1,MARS,UDUC,round_feedback,2024-07-17T00:27:00,MARS,GPS,USER_L1_SD_CONDITIONAL,5,0,0,nan,nan,0,0,0,1,False
r48u_20260914_MARS_UDUC_round_feedback_fix1,MARS,UDUC,round_feedback,2024-07-17T00:27:30,MARS,GPS,USER_WL_SD,5,0,0,nan,nan,0,0,0,1,False
r48u_20260914_MARS_UDUC_round_feedback_fix1,MARS,UDUC,round_feedback,2024-07-17T00:27:30,MARS,GPS,USER_L1_SD_CONDITIONAL,5,0,0,nan,nan,0,0,0,1,False
r48u_20260914_MARS_UDUC_round_feedback_fix1,MARS,UDUC,round_feedback,2024-07-17T00:28:00,MARS,GPS,USER_WL_SD,5,0,0,nan,nan,0,0,0,1,False
r48u_20260914_MARS_UDUC_round_feedback_fix1,MARS,UDUC,round_feedback,2024-07-17T00:28:00,MARS,GPS,USER_L1_SD_CONDITIONAL,5,0,0,nan,nan,0,0,0,1,False
r48u_20260914_MARS_UDUC_round_feedback_fix1,MARS,UDUC,round_feedback,2024-07-17T00:28:30,MARS,GPS,USER_WL_SD,5,0,0,nan,nan,0,0,0,1,False
r48u_20260914_MARS_UDUC_round_feedback_fix1,MARS,UDUC,round_feedback,2024-07-17T00:28:30,MARS,GPS,USER_L1_SD_CONDITIONAL,5,0,0,nan,nan,0,0,0,1,False
r48u_20260914_MARS_UDUC_round_feedback_fix1,MARS,UDUC,round_feedback,2024-07-17T00:29:00,MARS,GPS,USER_WL_SD,5,0,0,nan,nan,0,0,0,1,False
r48u_20260914_MARS_UDUC_round_feedback_fix1,MARS,UDUC,round_feedback,2024-07-17T00:29:00,MARS,GPS,USER_L1_SD_CONDITIONAL,5,0,0,nan,nan,0,0,0,1,False
r48u_20260914_MARS_UDUC_round_feedback_fix1,MARS,UDUC,round_feedback,2024-07-17T00:29:30,MARS,GPS,USER_WL_SD,6,0,0,nan,nan,0,0,0,1,False
r48u_20260914_MARS_UDUC_round_feedback_fix1,MARS,UDUC,round_feedback,2024-07-17T00:29:30,MARS,GPS,USER_L1_SD_CONDITIONAL,6,0,0,nan,nan,0,0,0,1,False
r48u_20260914_MARS_UDUC_round_feedback_fix1,MARS,UDUC,round_feedback,2024-07-17T00:30:00,MARS,GPS,USER_WL_SD,6,0,0,nan,nan,0,0,0,1,False
r48u_20260914_MARS_UDUC_round_feedback_fix1,MARS,UDUC,round_feedback,2024-07-17T00:30:00,MARS,GPS,USER_L1_SD_CONDITIONAL,6,0,0,nan,nan,0,0,0,1,False
r48u_20260914_MARS_UDUC_ils_shadow_fix1,MARS,UDUC,ils_shadow,2024-07-17T00:10:30,MARS,GPS,USER_WL_SD,4,1,1,0.321011,23.9281,1,6.89594e-05,1,0,True
r48u_20260914_MARS_UDUC_ils_shadow_fix1,MARS,UDUC,ils_shadow,2024-07-17T00:10:30,MARS,GPS,USER_L1_SD_CONDITIONAL,4,0,0,nan,nan,0,0,0,0,False
r48u_20260914_MARS_UDUC_ils_shadow_fix1,MARS,UDUC,ils_shadow,2024-07-17T00:17:00,MARS,GPS,USER_WL_SD,4,2,2,1.4414,27.631,2,2.01581e-06,1,0,True
r48u_20260914_MARS_UDUC_ils_shadow_fix1,MARS,UDUC,ils_shadow,2024-07-17T00:17:00,MARS,GPS,USER_L1_SD_CONDITIONAL,4,0,0,nan,nan,0,0,0,0,False
r48u_20260914_MARS_UDUC_ils_shadow_fix1,MARS,UDUC,ils_shadow,2024-07-17T00:17:30,MARS,GPS,USER_WL_SD,4,2,2,1.38033,27.631,2,1.24463e-06,1,0,True
r48u_20260914_MARS_UDUC_ils_shadow_fix1,MARS,UDUC,ils_shadow,2024-07-17T00:17:30,MARS,GPS,USER_L1_SD_CONDITIONAL,4,0,0,nan,nan,0,0,0,0,False
r48u_20260914_MARS_UDUC_ils_shadow_fix1,MARS,UDUC,ils_shadow,2024-07-17T00:18:00,MARS,GPS,USER_WL_SD,4,3,3,1.31434,30.6648,3,0.000240592,1,0,True
r48u_20260914_MARS_UDUC_ils_shadow_fix1,MARS,UDUC,ils_shadow,2024-07-17T00:18:00,MARS,GPS,USER_L1_SD_CONDITIONAL,4,0,0,nan,nan,0,0,0,0,False
r48u_20260914_MARS_UDUC_ils_shadow_fix1,MARS,UDUC,ils_shadow,2024-07-17T00:18:30,MARS,GPS,USER_WL_SD,4,3,3,1.26966,30.6648,3,0.000189614,1,0,True
r48u_20260914_MARS_UDUC_ils_shadow_fix1,MARS,UDUC,ils_shadow,2024-07-17T00:18:30,MARS,GPS,USER_L1_SD_CONDITIONAL,4,0,0,nan,nan,0,0,0,0,False
r48u_20260914_MARS_UDUC_ils_shadow_fix1,MARS,UDUC,ils_shadow,2024-07-17T00:19:00,MARS,GPS,USER_WL_SD,4,3,3,1.15646,30.6648,3,0.000149353,1,0,True
r48u_20260914_MARS_UDUC_ils_shadow_fix1,MARS,UDUC,ils_shadow,2024-07-17T00:19:00,MARS,GPS,USER_L1_SD_CONDITIONAL,4,0,0,nan,nan,0,0,0,0,False
r48u_20260914_MARS_UDUC_ils_shadow_fix1,MARS,UDUC,ils_shadow,2024-07-17T00:19:30,MARS,GPS,USER_WL_SD,4,3,3,1.12432,30.6648,3,0.000128964,1,0,True
r48u_20260914_MARS_UDUC_ils_shadow_fix1,MARS,UDUC,ils_shadow,2024-07-17T00:19:30,MARS,GPS,USER_L1_SD_CONDITIONAL,4,0,0,nan,nan,0,0,0,0,False
r48u_20260914_MARS_UDUC_ils_shadow_fix1,MARS,UDUC,ils_shadow,2024-07-17T00:20:00,MARS,GPS,USER_WL_SD,4,3,3,1.16923,30.6648,3,0.000106886,1,0,True
r48u_20260914_MARS_UDUC_ils_shadow_fix1,MARS,UDUC,ils_shadow,2024-07-17T00:20:00,MARS,GPS,USER_L1_SD_CONDITIONAL,4,0,0,nan,nan,0,0,0,0,False
r48u_20260914_MARS_UDUC_ils_shadow_fix1,MARS,UDUC,ils_shadow,2024-07-17T00:20:30,MARS,GPS,USER_WL_SD,5,3,3,1.21715,30.6648,3,9.16307e-05,1,0,True
r48u_20260914_MARS_UDUC_ils_shadow_fix1,MARS,UDUC,ils_shadow,2024-07-17T00:20:30,MARS,GPS,USER_L1_SD_CONDITIONAL,5,0,0,nan,nan,0,0,0,0,False
r48u_20260914_MARS_UDUC_ils_shadow_fix1,MARS,UDUC,ils_shadow,2024-07-17T00:21:00,MARS,GPS,USER_WL_SD,4,3,3,1.24466,30.6648,3,6.84146e-05,1,0,True
r48u_20260914_MARS_UDUC_ils_shadow_fix1,MARS,UDUC,ils_shadow,2024-07-17T00:21:00,MARS,GPS,USER_L1_SD_CONDITIONAL,4,0,0,nan,nan,0,0,0,0,False
r48u_20260914_MARS_UDUC_ils_shadow_fix1,MARS,UDUC,ils_shadow,2024-07-17T00:21:30,MARS,GPS,USER_WL_SD,5,3,3,1.31856,30.6648,3,5.61255e-05,1,0,True
r48u_20260914_MARS_UDUC_ils_shadow_fix1,MARS,UDUC,ils_shadow,2024-07-17T00:21:30,MARS,GPS,USER_L1_SD_CONDITIONAL,5,0,0,nan,nan,0,0,0,0,False
r48u_20260914_MARS_UDUC_ils_shadow_fix1,MARS,UDUC,ils_shadow,2024-07-17T00:22:00,MARS,GPS,USER_WL_SD,5,3,3,1.35436,30.6648,3,4.20934e-05,1,0,True
r48u_20260914_MARS_UDUC_ils_shadow_fix1,MARS,UDUC,ils_shadow,2024-07-17T00:22:00,MARS,GPS,USER_L1_SD_CONDITIONAL,5,0,0,nan,nan,0,0,0,0,False
r48u_20260914_MARS_UDUC_ils_shadow_fix1,MARS,UDUC,ils_shadow,2024-07-17T00:22:30,MARS,GPS,USER_WL_SD,5,3,3,1.35302,30.6648,3,3.20824e-05,1,0,True
r48u_20260914_MARS_UDUC_ils_shadow_fix1,MARS,UDUC,ils_shadow,2024-07-17T00:22:30,MARS,GPS,USER_L1_SD_CONDITIONAL,5,0,0,nan,nan,0,0,0,0,False
r48u_20260914_MARS_UDUC_ils_shadow_fix1,MARS,UDUC,ils_shadow,2024-07-17T00:23:00,MARS,GPS,USER_WL_SD,5,3,3,1.31725,30.6648,3,2.39618e-05,1,0,True
r48u_20260914_MARS_UDUC_ils_shadow_fix1,MARS,UDUC,ils_shadow,2024-07-17T00:23:00,MARS,GPS,USER_L1_SD_CONDITIONAL,5,0,0,nan,nan,0,0,0,0,False
r48u_20260914_MARS_UDUC_ils_shadow_fix1,MARS,UDUC,ils_shadow,2024-07-17T00:23:30,MARS,GPS,USER_WL_SD,4,3,3,1.28147,30.6648,3,1.65933e-05,1,0,True
r48u_20260914_MARS_UDUC_ils_shadow_fix1,MARS,UDUC,ils_shadow,2024-07-17T00:23:30,MARS,GPS,USER_L1_SD_CONDITIONAL,4,0,0,nan,nan,0,0,0,0,False
r48u_20260914_MARS_UDUC_ils_shadow_fix1,MARS,UDUC,ils_shadow,2024-07-17T00:24:00,MARS,GPS,USER_WL_SD,4,3,3,1.29477,30.6648,3,1.25331e-05,1,0,True
r48u_20260914_MARS_UDUC_ils_shadow_fix1,MARS,UDUC,ils_shadow,2024-07-17T00:24:00,MARS,GPS,USER_L1_SD_CONDITIONAL,4,0,0,nan,nan,0,0,0,0,False
r48u_20260914_MARS_UDUC_ils_shadow_fix1,MARS,UDUC,ils_shadow,2024-07-17T00:24:30,MARS,GPS,USER_WL_SD,4,3,3,1.37654,30.6648,3,1.00891e-05,1,0,True
r48u_20260914_MARS_UDUC_ils_shadow_fix1,MARS,UDUC,ils_shadow,2024-07-17T00:24:30,MARS,GPS,USER_L1_SD_CONDITIONAL,4,0,0,nan,nan,0,0,0,0,False
r48u_20260914_MARS_UDUC_ils_shadow_fix1,MARS,UDUC,ils_shadow,2024-07-17T00:25:00,MARS,GPS,USER_WL_SD,4,3,3,1.51197,30.6648,3,8.06554e-06,1,0,True
r48u_20260914_MARS_UDUC_ils_shadow_fix1,MARS,UDUC,ils_shadow,2024-07-17T00:25:00,MARS,GPS,USER_L1_SD_CONDITIONAL,4,0,0,nan,nan,0,0,0,0,False
r48u_20260914_MARS_UDUC_ils_shadow_fix1,MARS,UDUC,ils_shadow,2024-07-17T00:26:00,MARS,GPS,USER_WL_SD,4,3,3,1.87615,30.6648,3,5.84415e-06,1,0,True
r48u_20260914_MARS_UDUC_ils_shadow_fix1,MARS,UDUC,ils_shadow,2024-07-17T00:26:00,MARS,GPS,USER_L1_SD_CONDITIONAL,4,0,0,nan,nan,0,0,0,0,False
r48u_20260914_MARS_UDUC_ils_shadow_fix1,MARS,UDUC,ils_shadow,2024-07-17T00:26:30,MARS,GPS,USER_WL_SD,4,3,3,1.97021,30.6648,3,4.09988e-06,1,0,True
r48u_20260914_MARS_UDUC_ils_shadow_fix1,MARS,UDUC,ils_shadow,2024-07-17T00:26:30,MARS,GPS,USER_L1_SD_CONDITIONAL,4,0,0,nan,nan,0,0,0,0,False
r48u_20260914_MARS_UDUC_ils_shadow_fix1,MARS,UDUC,ils_shadow,2024-07-17T00:27:00,MARS,GPS,USER_WL_SD,5,3,3,2.02912,30.6648,3,3.12058e-06,1,0,True
r48u_20260914_MARS_UDUC_ils_shadow_fix1,MARS,UDUC,ils_shadow,2024-07-17T00:27:00,MARS,GPS,USER_L1_SD_CONDITIONAL,5,0,0,nan,nan,0,0,0,0,False
r48u_20260914_MARS_UDUC_ils_shadow_fix1,MARS,UDUC,ils_shadow,2024-07-17T00:27:30,MARS,GPS,USER_WL_SD,5,3,3,2.04517,30.6648,3,2.37412e-06,1,0,True
r48u_20260914_MARS_UDUC_ils_shadow_fix1,MARS,UDUC,ils_shadow,2024-07-17T00:27:30,MARS,GPS,USER_L1_SD_CONDITIONAL,5,0,0,nan,nan,0,0,0,0,False
r48u_20260914_MARS_UDUC_ils_shadow_fix1,MARS,UDUC,ils_shadow,2024-07-17T00:28:00,MARS,GPS,USER_WL_SD,5,3,3,2.08968,30.6648,3,1.80446e-06,1,0,True
r48u_20260914_MARS_UDUC_ils_shadow_fix1,MARS,UDUC,ils_shadow,2024-07-17T00:28:00,MARS,GPS,USER_L1_SD_CONDITIONAL,5,0,0,nan,nan,0,0,0,0,False
r48u_20260914_MARS_UDUC_ils_shadow_fix1,MARS,UDUC,ils_shadow,2024-07-17T00:28:30,MARS,GPS,USER_WL_SD,5,3,3,2.14447,30.6648,3,1.23142e-06,1,0,True
r48u_20260914_MARS_UDUC_ils_shadow_fix1,MARS,UDUC,ils_shadow,2024-07-17T00:28:30,MARS,GPS,USER_L1_SD_CONDITIONAL,5,0,0,nan,nan,0,0,0,0,False
r48u_20260914_MARS_UDUC_ils_shadow_fix1,MARS,UDUC,ils_shadow,2024-07-17T00:29:00,MARS,GPS,USER_WL_SD,5,3,3,2.21855,30.6648,3,8.98943e-07,1,0,True
r48u_20260914_MARS_UDUC_ils_shadow_fix1,MARS,UDUC,ils_shadow,2024-07-17T00:29:00,MARS,GPS,USER_L1_SD_CONDITIONAL,5,0,0,nan,nan,0,0,0,0,False
r48u_20260914_MARS_UDUC_ils_shadow_fix1,MARS,UDUC,ils_shadow,2024-07-17T00:29:30,MARS,GPS,USER_WL_SD,6,3,3,2.31347,30.6648,3,6.85569e-07,1,0,True
r48u_20260914_MARS_UDUC_ils_shadow_fix1,MARS,UDUC,ils_shadow,2024-07-17T00:29:30,MARS,GPS,USER_L1_SD_CONDITIONAL,6,0,0,nan,nan,0,0,0,0,False
r48u_20260914_MARS_UDUC_ils_shadow_fix1,MARS,UDUC,ils_shadow,2024-07-17T00:30:00,MARS,GPS,USER_WL_SD,6,3,3,2.42604,30.6648,3,5.47258e-07,1,0,True
r48u_20260914_MARS_UDUC_ils_shadow_fix1,MARS,UDUC,ils_shadow,2024-07-17T00:30:00,MARS,GPS,USER_L1_SD_CONDITIONAL,6,0,0,nan,nan,0,0,0,0,False
r48u_20260914_MARS_UDUC_ils_feedback_fix1,MARS,UDUC,ils_feedback,2024-07-17T00:10:30,MARS,GPS,USER_WL_SD,4,1,1,0.321011,23.9281,1,6.89594e-05,1,1,True
r48u_20260914_MARS_UDUC_ils_feedback_fix1,MARS,UDUC,ils_feedback,2024-07-17T00:10:30,MARS,GPS,USER_L1_SD_CONDITIONAL,4,0,0,nan,nan,0,0,0,1,False
r48u_20260914_MARS_UDUC_ils_feedback_fix1,MARS,UDUC,ils_feedback,2024-07-17T00:17:00,MARS,GPS,USER_WL_SD,4,0,0,nan,nan,0,0,0,1,False
r48u_20260914_MARS_UDUC_ils_feedback_fix1,MARS,UDUC,ils_feedback,2024-07-17T00:17:00,MARS,GPS,USER_L1_SD_CONDITIONAL,4,0,0,nan,nan,0,0,0,1,False
r48u_20260914_MARS_UDUC_ils_feedback_fix1,MARS,UDUC,ils_feedback,2024-07-17T00:17:30,MARS,GPS,USER_WL_SD,4,0,0,nan,nan,0,0,0,1,False
r48u_20260914_MARS_UDUC_ils_feedback_fix1,MARS,UDUC,ils_feedback,2024-07-17T00:17:30,MARS,GPS,USER_L1_SD_CONDITIONAL,4,0,0,nan,nan,0,0,0,1,False
r48u_20260914_MARS_UDUC_ils_feedback_fix1,MARS,UDUC,ils_feedback,2024-07-17T00:18:00,MARS,GPS,USER_WL_SD,4,0,0,nan,nan,0,0,0,1,False
r48u_20260914_MARS_UDUC_ils_feedback_fix1,MARS,UDUC,ils_feedback,2024-07-17T00:18:00,MARS,GPS,USER_L1_SD_CONDITIONAL,4,0,0,nan,nan,0,0,0,1,False
r48u_20260914_MARS_UDUC_ils_feedback_fix1,MARS,UDUC,ils_feedback,2024-07-17T00:18:30,MARS,GPS,USER_WL_SD,4,0,0,nan,nan,0,0,0,1,False
r48u_20260914_MARS_UDUC_ils_feedback_fix1,MARS,UDUC,ils_feedback,2024-07-17T00:18:30,MARS,GPS,USER_L1_SD_CONDITIONAL,4,0,0,nan,nan,0,0,0,1,False
r48u_20260914_MARS_UDUC_ils_feedback_fix1,MARS,UDUC,ils_feedback,2024-07-17T00:19:00,MARS,GPS,USER_WL_SD,4,0,0,nan,nan,0,0,0,1,False
r48u_20260914_MARS_UDUC_ils_feedback_fix1,MARS,UDUC,ils_feedback,2024-07-17T00:19:00,MARS,GPS,USER_L1_SD_CONDITIONAL,4,0,0,nan,nan,0,0,0,1,False
r48u_20260914_MARS_UDUC_ils_feedback_fix1,MARS,UDUC,ils_feedback,2024-07-17T00:19:30,MARS,GPS,USER_WL_SD,4,0,0,nan,nan,0,0,0,1,False
r48u_20260914_MARS_UDUC_ils_feedback_fix1,MARS,UDUC,ils_feedback,2024-07-17T00:19:30,MARS,GPS,USER_L1_SD_CONDITIONAL,4,0,0,nan,nan,0,0,0,1,False
r48u_20260914_MARS_UDUC_ils_feedback_fix1,MARS,UDUC,ils_feedback,2024-07-17T00:20:00,MARS,GPS,USER_WL_SD,4,0,0,nan,nan,0,0,0,1,False
r48u_20260914_MARS_UDUC_ils_feedback_fix1,MARS,UDUC,ils_feedback,2024-07-17T00:20:00,MARS,GPS,USER_L1_SD_CONDITIONAL,4,0,0,nan,nan,0,0,0,1,False
r48u_20260914_MARS_UDUC_ils_feedback_fix1,MARS,UDUC,ils_feedback,2024-07-17T00:20:30,MARS,GPS,USER_WL_SD,5,0,0,nan,nan,0,0,0,1,False
r48u_20260914_MARS_UDUC_ils_feedback_fix1,MARS,UDUC,ils_feedback,2024-07-17T00:20:30,MARS,GPS,USER_L1_SD_CONDITIONAL,5,0,0,nan,nan,0,0,0,1,False
r48u_20260914_MARS_UDUC_ils_feedback_fix1,MARS,UDUC,ils_feedback,2024-07-17T00:21:00,MARS,GPS,USER_WL_SD,4,0,0,nan,nan,0,0,0,1,False
r48u_20260914_MARS_UDUC_ils_feedback_fix1,MARS,UDUC,ils_feedback,2024-07-17T00:21:00,MARS,GPS,USER_L1_SD_CONDITIONAL,4,0,0,nan,nan,0,0,0,1,False
r48u_20260914_MARS_UDUC_ils_feedback_fix1,MARS,UDUC,ils_feedback,2024-07-17T00:21:30,MARS,GPS,USER_WL_SD,5,0,0,nan,nan,0,0,0,1,False
r48u_20260914_MARS_UDUC_ils_feedback_fix1,MARS,UDUC,ils_feedback,2024-07-17T00:21:30,MARS,GPS,USER_L1_SD_CONDITIONAL,5,0,0,nan,nan,0,0,0,1,False
r48u_20260914_MARS_UDUC_ils_feedback_fix1,MARS,UDUC,ils_feedback,2024-07-17T00:22:00,MARS,GPS,USER_WL_SD,5,0,0,nan,nan,0,0,0,1,False
r48u_20260914_MARS_UDUC_ils_feedback_fix1,MARS,UDUC,ils_feedback,2024-07-17T00:22:00,MARS,GPS,USER_L1_SD_CONDITIONAL,5,0,0,nan,nan,0,0,0,1,False
r48u_20260914_MARS_UDUC_ils_feedback_fix1,MARS,UDUC,ils_feedback,2024-07-17T00:22:30,MARS,GPS,USER_WL_SD,5,0,0,nan,nan,0,0,0,1,False
r48u_20260914_MARS_UDUC_ils_feedback_fix1,MARS,UDUC,ils_feedback,2024-07-17T00:22:30,MARS,GPS,USER_L1_SD_CONDITIONAL,5,0,0,nan,nan,0,0,0,1,False
r48u_20260914_MARS_UDUC_ils_feedback_fix1,MARS,UDUC,ils_feedback,2024-07-17T00:23:00,MARS,GPS,USER_WL_SD,5,0,0,nan,nan,0,0,0,1,False
r48u_20260914_MARS_UDUC_ils_feedback_fix1,MARS,UDUC,ils_feedback,2024-07-17T00:23:00,MARS,GPS,USER_L1_SD_CONDITIONAL,5,0,0,nan,nan,0,0,0,1,False
r48u_20260914_MARS_UDUC_ils_feedback_fix1,MARS,UDUC,ils_feedback,2024-07-17T00:23:30,MARS,GPS,USER_WL_SD,4,0,0,nan,nan,0,0,0,1,False
r48u_20260914_MARS_UDUC_ils_feedback_fix1,MARS,UDUC,ils_feedback,2024-07-17T00:23:30,MARS,GPS,USER_L1_SD_CONDITIONAL,4,0,0,nan,nan,0,0,0,1,False
r48u_20260914_MARS_UDUC_ils_feedback_fix1,MARS,UDUC,ils_feedback,2024-07-17T00:24:00,MARS,GPS,USER_WL_SD,4,0,0,nan,nan,0,0,0,1,False
r48u_20260914_MARS_UDUC_ils_feedback_fix1,MARS,UDUC,ils_feedback,2024-07-17T00:24:00,MARS,GPS,USER_L1_SD_CONDITIONAL,4,0,0,nan,nan,0,0,0,1,False
r48u_20260914_MARS_UDUC_ils_feedback_fix1,MARS,UDUC,ils_feedback,2024-07-17T00:24:30,MARS,GPS,USER_WL_SD,4,0,0,nan,nan,0,0,0,1,False
r48u_20260914_MARS_UDUC_ils_feedback_fix1,MARS,UDUC,ils_feedback,2024-07-17T00:24:30,MARS,GPS,USER_L1_SD_CONDITIONAL,4,0,0,nan,nan,0,0,0,1,False
r48u_20260914_MARS_UDUC_ils_feedback_fix1,MARS,UDUC,ils_feedback,2024-07-17T00:25:00,MARS,GPS,USER_WL_SD,4,0,0,nan,nan,0,0,0,1,False
r48u_20260914_MARS_UDUC_ils_feedback_fix1,MARS,UDUC,ils_feedback,2024-07-17T00:25:00,MARS,GPS,USER_L1_SD_CONDITIONAL,4,0,0,nan,nan,0,0,0,1,False
r48u_20260914_MARS_UDUC_ils_feedback_fix1,MARS,UDUC,ils_feedback,2024-07-17T00:26:00,MARS,GPS,USER_WL_SD,4,0,0,nan,nan,0,0,0,1,False
r48u_20260914_MARS_UDUC_ils_feedback_fix1,MARS,UDUC,ils_feedback,2024-07-17T00:26:00,MARS,GPS,USER_L1_SD_CONDITIONAL,4,0,0,nan,nan,0,0,0,1,False
r48u_20260914_MARS_UDUC_ils_feedback_fix1,MARS,UDUC,ils_feedback,2024-07-17T00:26:30,MARS,GPS,USER_WL_SD,4,0,0,nan,nan,0,0,0,1,False
r48u_20260914_MARS_UDUC_ils_feedback_fix1,MARS,UDUC,ils_feedback,2024-07-17T00:26:30,MARS,GPS,USER_L1_SD_CONDITIONAL,4,0,0,nan,nan,0,0,0,1,False
r48u_20260914_MARS_UDUC_ils_feedback_fix1,MARS,UDUC,ils_feedback,2024-07-17T00:27:00,MARS,GPS,USER_WL_SD,5,0,0,nan,nan,0,0,0,1,False
r48u_20260914_MARS_UDUC_ils_feedback_fix1,MARS,UDUC,ils_feedback,2024-07-17T00:27:00,MARS,GPS,USER_L1_SD_CONDITIONAL,5,0,0,nan,nan,0,0,0,1,False
r48u_20260914_MARS_UDUC_ils_feedback_fix1,MARS,UDUC,ils_feedback,2024-07-17T00:27:30,MARS,GPS,USER_WL_SD,5,0,0,nan,nan,0,0,0,1,False
r48u_20260914_MARS_UDUC_ils_feedback_fix1,MARS,UDUC,ils_feedback,2024-07-17T00:27:30,MARS,GPS,USER_L1_SD_CONDITIONAL,5,0,0,nan,nan,0,0,0,1,False
r48u_20260914_MARS_UDUC_ils_feedback_fix1,MARS,UDUC,ils_feedback,2024-07-17T00:28:00,MARS,GPS,USER_WL_SD,5,0,0,nan,nan,0,0,0,1,False
r48u_20260914_MARS_UDUC_ils_feedback_fix1,MARS,UDUC,ils_feedback,2024-07-17T00:28:00,MARS,GPS,USER_L1_SD_CONDITIONAL,5,0,0,nan,nan,0,0,0,1,False
r48u_20260914_MARS_UDUC_ils_feedback_fix1,MARS,UDUC,ils_feedback,2024-07-17T00:28:30,MARS,GPS,USER_WL_SD,5,0,0,nan,nan,0,0,0,1,False
r48u_20260914_MARS_UDUC_ils_feedback_fix1,MARS,UDUC,ils_feedback,2024-07-17T00:28:30,MARS,GPS,USER_L1_SD_CONDITIONAL,5,0,0,nan,nan,0,0,0,1,False
r48u_20260914_MARS_UDUC_ils_feedback_fix1,MARS,UDUC,ils_feedback,2024-07-17T00:29:00,MARS,GPS,USER_WL_SD,5,0,0,nan,nan,0,0,0,1,False
r48u_20260914_MARS_UDUC_ils_feedback_fix1,MARS,UDUC,ils_feedback,2024-07-17T00:29:00,MARS,GPS,USER_L1_SD_CONDITIONAL,5,0,0,nan,nan,0,0,0,1,False
r48u_20260914_MARS_UDUC_ils_feedback_fix1,MARS,UDUC,ils_feedback,2024-07-17T00:29:30,MARS,GPS,USER_WL_SD,6,0,0,nan,nan,0,0,0,1,False
r48u_20260914_MARS_UDUC_ils_feedback_fix1,MARS,UDUC,ils_feedback,2024-07-17T00:29:30,MARS,GPS,USER_L1_SD_CONDITIONAL,6,0,0,nan,nan,0,0,0,1,False
r48u_20260914_MARS_UDUC_ils_feedback_fix1,MARS,UDUC,ils_feedback,2024-07-17T00:30:00,MARS,GPS,USER_WL_SD,6,0,0,nan,nan,0,0,0,1,False
r48u_20260914_MARS_UDUC_ils_feedback_fix1,MARS,UDUC,ils_feedback,2024-07-17T00:30:00,MARS,GPS,USER_L1_SD_CONDITIONAL,6,0,0,nan,nan,0,0,0,1,False
r48u_20260914_JPLM_UDUC_round_shadow_fix1,JPLM,UDUC,round_shadow,2024-07-17T00:11:30,JPLM,GPS,USER_WL_SD,1,1,0,0.000914797,23.9281,1,0.00121648,0,0,False
r48u_20260914_JPLM_UDUC_round_shadow_fix1,JPLM,UDUC,round_shadow,2024-07-17T00:12:00,JPLM,GPS,USER_WL_SD,1,1,1,0.00328533,23.9281,1,0.000816852,1,0,True
r48u_20260914_JPLM_UDUC_round_shadow_fix1,JPLM,UDUC,round_shadow,2024-07-17T00:12:00,JPLM,GPS,USER_L1_SD_CONDITIONAL,1,0,0,nan,nan,0,0,0,0,False
r48u_20260914_JPLM_UDUC_round_shadow_fix1,JPLM,UDUC,round_shadow,2024-07-17T00:12:30,JPLM,GPS,USER_WL_SD,1,1,1,0.013388,23.9281,1,0.00056761,1,0,True
r48u_20260914_JPLM_UDUC_round_shadow_fix1,JPLM,UDUC,round_shadow,2024-07-17T00:12:30,JPLM,GPS,USER_L1_SD_CONDITIONAL,1,0,0,nan,nan,0,0,0,0,False
r48u_20260914_JPLM_UDUC_round_shadow_fix1,JPLM,UDUC,round_shadow,2024-07-17T00:13:00,JPLM,GPS,USER_WL_SD,1,1,1,0.0523303,23.9281,1,0.000443639,1,0,True
r48u_20260914_JPLM_UDUC_round_shadow_fix1,JPLM,UDUC,round_shadow,2024-07-17T00:13:00,JPLM,GPS,USER_L1_SD_CONDITIONAL,1,0,0,nan,nan,0,0,0,0,False
r48u_20260914_JPLM_UDUC_round_shadow_fix1,JPLM,UDUC,round_shadow,2024-07-17T00:13:30,JPLM,GPS,USER_WL_SD,1,1,1,0.0575931,23.9281,1,0.000306245,1,0,True
r48u_20260914_JPLM_UDUC_round_shadow_fix1,JPLM,UDUC,round_shadow,2024-07-17T00:13:30,JPLM,GPS,USER_L1_SD_CONDITIONAL,1,0,0,nan,nan,0,0,0,0,False
r48u_20260914_JPLM_UDUC_round_shadow_fix1,JPLM,UDUC,round_shadow,2024-07-17T00:14:00,JPLM,GPS,USER_WL_SD,1,1,1,0.0125098,23.9281,1,0.000171503,1,0,True
r48u_20260914_JPLM_UDUC_round_shadow_fix1,JPLM,UDUC,round_shadow,2024-07-17T00:14:00,JPLM,GPS,USER_L1_SD_CONDITIONAL,1,0,0,nan,nan,0,0,0,0,False
r48u_20260914_JPLM_UDUC_round_shadow_fix1,JPLM,UDUC,round_shadow,2024-07-17T00:14:30,JPLM,GPS,USER_WL_SD,1,1,1,0.00414808,23.9281,1,0.000111286,1,0,True
r48u_20260914_JPLM_UDUC_round_shadow_fix1,JPLM,UDUC,round_shadow,2024-07-17T00:14:30,JPLM,GPS,USER_L1_SD_CONDITIONAL,1,0,0,nan,nan,0,0,0,0,False
r48u_20260914_JPLM_UDUC_round_shadow_fix1,JPLM,UDUC,round_shadow,2024-07-17T00:15:00,JPLM,GPS,USER_WL_SD,1,1,1,0.000963494,23.9281,1,7.40392e-05,1,0,True
r48u_20260914_JPLM_UDUC_round_shadow_fix1,JPLM,UDUC,round_shadow,2024-07-17T00:15:00,JPLM,GPS,USER_L1_SD_CONDITIONAL,1,0,0,nan,nan,0,0,0,0,False
r48u_20260914_JPLM_UDUC_round_shadow_fix1,JPLM,UDUC,round_shadow,2024-07-17T00:15:30,JPLM,GPS,USER_WL_SD,1,1,1,0.000206597,23.9281,1,4.99667e-05,1,0,True
r48u_20260914_JPLM_UDUC_round_shadow_fix1,JPLM,UDUC,round_shadow,2024-07-17T00:15:30,JPLM,GPS,USER_L1_SD_CONDITIONAL,1,0,0,nan,nan,0,0,0,0,False
r48u_20260914_JPLM_UDUC_round_shadow_fix1,JPLM,UDUC,round_shadow,2024-07-17T00:16:00,JPLM,GPS,USER_WL_SD,1,1,1,0.00940185,23.9281,1,3.5674e-05,1,0,True
r48u_20260914_JPLM_UDUC_round_shadow_fix1,JPLM,UDUC,round_shadow,2024-07-17T00:16:00,JPLM,GPS,USER_L1_SD_CONDITIONAL,1,0,0,nan,nan,0,0,0,0,False
r48u_20260914_JPLM_UDUC_round_shadow_fix1,JPLM,UDUC,round_shadow,2024-07-17T00:16:30,JPLM,GPS,USER_WL_SD,1,1,1,0.0117611,23.9281,1,2.46627e-05,1,0,True
r48u_20260914_JPLM_UDUC_round_shadow_fix1,JPLM,UDUC,round_shadow,2024-07-17T00:16:30,JPLM,GPS,USER_L1_SD_CONDITIONAL,1,0,0,nan,nan,0,0,0,0,False
r48u_20260914_JPLM_UDUC_round_shadow_fix1,JPLM,UDUC,round_shadow,2024-07-17T00:17:00,JPLM,GPS,USER_WL_SD,2,2,2,0.0574087,27.631,2,1.59998e-05,1,0,True
r48u_20260914_JPLM_UDUC_round_shadow_fix1,JPLM,UDUC,round_shadow,2024-07-17T00:17:00,JPLM,GPS,USER_L1_SD_CONDITIONAL,2,0,0,nan,nan,0,0,0,0,False
r48u_20260914_JPLM_UDUC_round_shadow_fix1,JPLM,UDUC,round_shadow,2024-07-17T00:17:30,JPLM,GPS,USER_WL_SD,2,2,2,0.0534948,27.631,2,1.07597e-05,1,0,True
r48u_20260914_JPLM_UDUC_round_shadow_fix1,JPLM,UDUC,round_shadow,2024-07-17T00:17:30,JPLM,GPS,USER_L1_SD_CONDITIONAL,2,0,0,nan,nan,0,0,0,0,False
r48u_20260914_JPLM_UDUC_round_shadow_fix1,JPLM,UDUC,round_shadow,2024-07-17T00:18:00,JPLM,GPS,USER_WL_SD,2,2,2,0.0396009,27.631,2,7.55726e-06,1,0,True
r48u_20260914_JPLM_UDUC_round_shadow_fix1,JPLM,UDUC,round_shadow,2024-07-17T00:18:00,JPLM,GPS,USER_L1_SD_CONDITIONAL,2,0,0,nan,nan,0,0,0,0,False
r48u_20260914_JPLM_UDUC_round_shadow_fix1,JPLM,UDUC,round_shadow,2024-07-17T00:18:30,JPLM,GPS,USER_WL_SD,2,2,2,0.00901964,27.631,2,5.05308e-06,1,0,True
r48u_20260914_JPLM_UDUC_round_shadow_fix1,JPLM,UDUC,round_shadow,2024-07-17T00:18:30,JPLM,GPS,USER_L1_SD_CONDITIONAL,2,0,0,nan,nan,0,0,0,0,False
r48u_20260914_JPLM_UDUC_round_shadow_fix1,JPLM,UDUC,round_shadow,2024-07-17T00:19:00,JPLM,GPS,USER_WL_SD,3,2,2,0.00123217,27.631,2,3.4724e-06,1,0,True
r48u_20260914_JPLM_UDUC_round_shadow_fix1,JPLM,UDUC,round_shadow,2024-07-17T00:19:00,JPLM,GPS,USER_L1_SD_CONDITIONAL,3,0,0,nan,nan,0,0,0,0,False
r48u_20260914_JPLM_UDUC_round_shadow_fix1,JPLM,UDUC,round_shadow,2024-07-17T00:19:30,JPLM,GPS,USER_WL_SD,3,2,2,0.00104483,27.631,2,2.40561e-06,1,0,True
r48u_20260914_JPLM_UDUC_round_shadow_fix1,JPLM,UDUC,round_shadow,2024-07-17T00:19:30,JPLM,GPS,USER_L1_SD_CONDITIONAL,3,0,0,nan,nan,0,0,0,0,False
r48u_20260914_JPLM_UDUC_round_shadow_fix1,JPLM,UDUC,round_shadow,2024-07-17T00:20:00,JPLM,GPS,USER_WL_SD,3,2,2,0.0159364,27.631,2,1.78147e-06,1,0,True
r48u_20260914_JPLM_UDUC_round_shadow_fix1,JPLM,UDUC,round_shadow,2024-07-17T00:20:00,JPLM,GPS,USER_L1_SD_CONDITIONAL,3,0,0,nan,nan,0,0,0,0,False
r48u_20260914_JPLM_UDUC_round_shadow_fix1,JPLM,UDUC,round_shadow,2024-07-17T00:20:30,JPLM,GPS,USER_WL_SD,3,2,2,0.00670845,27.631,2,1.16329e-06,1,0,True
r48u_20260914_JPLM_UDUC_round_shadow_fix1,JPLM,UDUC,round_shadow,2024-07-17T00:20:30,JPLM,GPS,USER_L1_SD_CONDITIONAL,3,0,0,nan,nan,0,0,0,0,False
r48u_20260914_JPLM_UDUC_round_shadow_fix1,JPLM,UDUC,round_shadow,2024-07-17T00:21:00,JPLM,GPS,USER_WL_SD,3,2,2,0.00717651,27.631,2,8.20092e-07,1,0,True
r48u_20260914_JPLM_UDUC_round_shadow_fix1,JPLM,UDUC,round_shadow,2024-07-17T00:21:00,JPLM,GPS,USER_L1_SD_CONDITIONAL,3,0,0,nan,nan,0,0,0,0,False
r48u_20260914_JPLM_UDUC_round_shadow_fix1,JPLM,UDUC,round_shadow,2024-07-17T00:21:30,JPLM,GPS,USER_WL_SD,3,2,2,0.00833759,27.631,2,5.91061e-07,1,0,True
r48u_20260914_JPLM_UDUC_round_shadow_fix1,JPLM,UDUC,round_shadow,2024-07-17T00:21:30,JPLM,GPS,USER_L1_SD_CONDITIONAL,3,0,0,nan,nan,0,0,0,0,False
r48u_20260914_JPLM_UDUC_round_shadow_fix1,JPLM,UDUC,round_shadow,2024-07-17T00:22:00,JPLM,GPS,USER_WL_SD,3,2,2,0.0196718,27.631,2,4.46784e-07,1,0,True
r48u_20260914_JPLM_UDUC_round_shadow_fix1,JPLM,UDUC,round_shadow,2024-07-17T00:22:00,JPLM,GPS,USER_L1_SD_CONDITIONAL,3,0,0,nan,nan,0,0,0,0,False
r48u_20260914_JPLM_UDUC_round_shadow_fix1,JPLM,UDUC,round_shadow,2024-07-17T00:22:30,JPLM,GPS,USER_WL_SD,3,2,2,0.0362882,27.631,2,3.28444e-07,1,0,True
r48u_20260914_JPLM_UDUC_round_shadow_fix1,JPLM,UDUC,round_shadow,2024-07-17T00:22:30,JPLM,GPS,USER_L1_SD_CONDITIONAL,3,0,0,nan,nan,0,0,0,0,False
r48u_20260914_JPLM_UDUC_round_shadow_fix1,JPLM,UDUC,round_shadow,2024-07-17T00:23:00,JPLM,GPS,USER_WL_SD,3,2,2,0.0660253,27.631,2,2.30638e-07,1,0,True
r48u_20260914_JPLM_UDUC_round_shadow_fix1,JPLM,UDUC,round_shadow,2024-07-17T00:23:00,JPLM,GPS,USER_L1_SD_CONDITIONAL,3,0,0,nan,nan,0,0,0,0,False
r48u_20260914_JPLM_UDUC_round_shadow_fix1,JPLM,UDUC,round_shadow,2024-07-17T00:23:30,JPLM,GPS,USER_WL_SD,2,2,2,0.0861144,27.631,2,1.44577e-07,1,0,True
r48u_20260914_JPLM_UDUC_round_shadow_fix1,JPLM,UDUC,round_shadow,2024-07-17T00:23:30,JPLM,GPS,USER_L1_SD_CONDITIONAL,2,0,0,nan,nan,0,0,0,0,False
r48u_20260914_JPLM_UDUC_round_shadow_fix1,JPLM,UDUC,round_shadow,2024-07-17T00:24:00,JPLM,GPS,USER_WL_SD,3,2,2,0.125761,27.631,2,1.05429e-07,1,0,True
r48u_20260914_JPLM_UDUC_round_shadow_fix1,JPLM,UDUC,round_shadow,2024-07-17T00:24:00,JPLM,GPS,USER_L1_SD_CONDITIONAL,3,0,0,nan,nan,0,0,0,0,False
r48u_20260914_JPLM_UDUC_round_shadow_fix1,JPLM,UDUC,round_shadow,2024-07-17T00:24:30,JPLM,GPS,USER_WL_SD,3,2,2,0.134819,27.631,2,8.69073e-08,1,0,True
r48u_20260914_JPLM_UDUC_round_shadow_fix1,JPLM,UDUC,round_shadow,2024-07-17T00:24:30,JPLM,GPS,USER_L1_SD_CONDITIONAL,3,0,0,nan,nan,0,0,0,0,False
r48u_20260914_JPLM_UDUC_round_shadow_fix1,JPLM,UDUC,round_shadow,2024-07-17T00:25:00,JPLM,GPS,USER_WL_SD,3,2,2,0.101814,27.631,2,6.37174e-08,1,0,True
r48u_20260914_JPLM_UDUC_round_shadow_fix1,JPLM,UDUC,round_shadow,2024-07-17T00:25:00,JPLM,GPS,USER_L1_SD_CONDITIONAL,3,0,0,nan,nan,0,0,0,0,False
r48u_20260914_JPLM_UDUC_round_shadow_fix1,JPLM,UDUC,round_shadow,2024-07-17T00:25:30,JPLM,GPS,USER_WL_SD,2,1,1,0.00882431,23.9281,1,3.98831e-08,1,0,True
r48u_20260914_JPLM_UDUC_round_shadow_fix1,JPLM,UDUC,round_shadow,2024-07-17T00:25:30,JPLM,GPS,USER_L1_SD_CONDITIONAL,2,0,0,nan,nan,0,0,0,0,False
r48u_20260914_JPLM_UDUC_round_shadow_fix1,JPLM,UDUC,round_shadow,2024-07-17T00:26:00,JPLM,GPS,USER_WL_SD,3,2,2,0.0357425,27.631,2,2.66543e-08,1,0,True
r48u_20260914_JPLM_UDUC_round_shadow_fix1,JPLM,UDUC,round_shadow,2024-07-17T00:26:00,JPLM,GPS,USER_L1_SD_CONDITIONAL,3,0,0,nan,nan,0,0,0,0,False
r48u_20260914_JPLM_UDUC_round_shadow_fix1,JPLM,UDUC,round_shadow,2024-07-17T00:26:30,JPLM,GPS,USER_WL_SD,3,2,2,0.0257213,27.631,2,1.94006e-08,1,0,True
r48u_20260914_JPLM_UDUC_round_shadow_fix1,JPLM,UDUC,round_shadow,2024-07-17T00:26:30,JPLM,GPS,USER_L1_SD_CONDITIONAL,3,0,0,nan,nan,0,0,0,0,False
r48u_20260914_JPLM_UDUC_round_shadow_fix1,JPLM,UDUC,round_shadow,2024-07-17T00:27:00,JPLM,GPS,USER_WL_SD,2,1,1,0.00588956,23.9281,1,8.55193e-07,1,0,True
r48u_20260914_JPLM_UDUC_round_shadow_fix1,JPLM,UDUC,round_shadow,2024-07-17T00:27:00,JPLM,GPS,USER_L1_SD_CONDITIONAL,2,0,0,nan,nan,0,0,0,0,False
r48u_20260914_JPLM_UDUC_round_shadow_fix1,JPLM,UDUC,round_shadow,2024-07-17T00:27:30,JPLM,GPS,USER_WL_SD,2,1,1,0.00830654,23.9281,1,6.9328e-07,1,0,True
r48u_20260914_JPLM_UDUC_round_shadow_fix1,JPLM,UDUC,round_shadow,2024-07-17T00:27:30,JPLM,GPS,USER_L1_SD_CONDITIONAL,2,0,0,nan,nan,0,0,0,0,False
r48u_20260914_JPLM_UDUC_round_shadow_fix1,JPLM,UDUC,round_shadow,2024-07-17T00:28:00,JPLM,GPS,USER_WL_SD,2,1,1,0.018335,23.9281,1,5.94964e-07,1,0,True
r48u_20260914_JPLM_UDUC_round_shadow_fix1,JPLM,UDUC,round_shadow,2024-07-17T00:28:00,JPLM,GPS,USER_L1_SD_CONDITIONAL,2,0,0,nan,nan,0,0,0,0,False
r48u_20260914_JPLM_UDUC_round_shadow_fix1,JPLM,UDUC,round_shadow,2024-07-17T00:28:30,JPLM,GPS,USER_WL_SD,3,2,2,0.046748,27.631,2,5.64727e-09,1,0,True
r48u_20260914_JPLM_UDUC_round_shadow_fix1,JPLM,UDUC,round_shadow,2024-07-17T00:28:30,JPLM,GPS,USER_L1_SD_CONDITIONAL,3,0,0,nan,nan,0,0,0,0,False
r48u_20260914_JPLM_UDUC_round_shadow_fix1,JPLM,UDUC,round_shadow,2024-07-17T00:29:00,JPLM,GPS,USER_WL_SD,3,2,2,0.0397516,27.631,2,4.36051e-09,1,0,True
r48u_20260914_JPLM_UDUC_round_shadow_fix1,JPLM,UDUC,round_shadow,2024-07-17T00:29:00,JPLM,GPS,USER_L1_SD_CONDITIONAL,3,0,0,nan,nan,0,0,0,0,False
r48u_20260914_JPLM_UDUC_round_shadow_fix1,JPLM,UDUC,round_shadow,2024-07-17T00:29:30,JPLM,GPS,USER_WL_SD,3,2,2,0.0208106,27.631,2,3.07527e-09,1,0,True
r48u_20260914_JPLM_UDUC_round_shadow_fix1,JPLM,UDUC,round_shadow,2024-07-17T00:29:30,JPLM,GPS,USER_L1_SD_CONDITIONAL,3,0,0,nan,nan,0,0,0,0,False
r48u_20260914_JPLM_UDUC_round_shadow_fix1,JPLM,UDUC,round_shadow,2024-07-17T00:30:00,JPLM,GPS,USER_WL_SD,3,2,2,0.0132262,27.631,2,2.21941e-09,1,0,True
r48u_20260914_JPLM_UDUC_round_shadow_fix1,JPLM,UDUC,round_shadow,2024-07-17T00:30:00,JPLM,GPS,USER_L1_SD_CONDITIONAL,3,0,0,nan,nan,0,0,0,0,False
r48u_20260914_JPLM_UDUC_round_feedback_fix1,JPLM,UDUC,round_feedback,2024-07-17T00:11:30,JPLM,GPS,USER_WL_SD,1,1,0,0.000914797,23.9281,1,0.00121648,0,1,False
r48u_20260914_JPLM_UDUC_round_feedback_fix1,JPLM,UDUC,round_feedback,2024-07-17T00:12:00,JPLM,GPS,USER_WL_SD,1,1,1,0.00328533,23.9281,1,0.000816852,1,1,True
r48u_20260914_JPLM_UDUC_round_feedback_fix1,JPLM,UDUC,round_feedback,2024-07-17T00:12:00,JPLM,GPS,USER_L1_SD_CONDITIONAL,1,0,0,nan,nan,0,0,0,1,False
r48u_20260914_JPLM_UDUC_round_feedback_fix1,JPLM,UDUC,round_feedback,2024-07-17T00:12:30,JPLM,GPS,USER_WL_SD,1,0,0,nan,nan,0,0,0,1,False
r48u_20260914_JPLM_UDUC_round_feedback_fix1,JPLM,UDUC,round_feedback,2024-07-17T00:12:30,JPLM,GPS,USER_L1_SD_CONDITIONAL,1,0,0,nan,nan,0,0,0,1,False
r48u_20260914_JPLM_UDUC_round_feedback_fix1,JPLM,UDUC,round_feedback,2024-07-17T00:13:00,JPLM,GPS,USER_WL_SD,1,0,0,nan,nan,0,0,0,1,False
r48u_20260914_JPLM_UDUC_round_feedback_fix1,JPLM,UDUC,round_feedback,2024-07-17T00:13:00,JPLM,GPS,USER_L1_SD_CONDITIONAL,1,0,0,nan,nan,0,0,0,1,False
r48u_20260914_JPLM_UDUC_round_feedback_fix1,JPLM,UDUC,round_feedback,2024-07-17T00:13:30,JPLM,GPS,USER_WL_SD,1,0,0,nan,nan,0,0,0,1,False
r48u_20260914_JPLM_UDUC_round_feedback_fix1,JPLM,UDUC,round_feedback,2024-07-17T00:13:30,JPLM,GPS,USER_L1_SD_CONDITIONAL,1,0,0,nan,nan,0,0,0,1,False
r48u_20260914_JPLM_UDUC_round_feedback_fix1,JPLM,UDUC,round_feedback,2024-07-17T00:14:00,JPLM,GPS,USER_WL_SD,1,0,0,nan,nan,0,0,0,1,False
r48u_20260914_JPLM_UDUC_round_feedback_fix1,JPLM,UDUC,round_feedback,2024-07-17T00:14:00,JPLM,GPS,USER_L1_SD_CONDITIONAL,1,0,0,nan,nan,0,0,0,1,False
r48u_20260914_JPLM_UDUC_round_feedback_fix1,JPLM,UDUC,round_feedback,2024-07-17T00:14:30,JPLM,GPS,USER_WL_SD,1,0,0,nan,nan,0,0,0,1,False
r48u_20260914_JPLM_UDUC_round_feedback_fix1,JPLM,UDUC,round_feedback,2024-07-17T00:14:30,JPLM,GPS,USER_L1_SD_CONDITIONAL,1,0,0,nan,nan,0,0,0,1,False
r48u_20260914_JPLM_UDUC_round_feedback_fix1,JPLM,UDUC,round_feedback,2024-07-17T00:15:00,JPLM,GPS,USER_WL_SD,1,0,0,nan,nan,0,0,0,1,False
r48u_20260914_JPLM_UDUC_round_feedback_fix1,JPLM,UDUC,round_feedback,2024-07-17T00:15:00,JPLM,GPS,USER_L1_SD_CONDITIONAL,1,0,0,nan,nan,0,0,0,1,False
r48u_20260914_JPLM_UDUC_round_feedback_fix1,JPLM,UDUC,round_feedback,2024-07-17T00:15:30,JPLM,GPS,USER_WL_SD,1,0,0,nan,nan,0,0,0,1,False
r48u_20260914_JPLM_UDUC_round_feedback_fix1,JPLM,UDUC,round_feedback,2024-07-17T00:15:30,JPLM,GPS,USER_L1_SD_CONDITIONAL,1,0,0,nan,nan,0,0,0,1,False
r48u_20260914_JPLM_UDUC_round_feedback_fix1,JPLM,UDUC,round_feedback,2024-07-17T00:16:00,JPLM,GPS,USER_WL_SD,1,0,0,nan,nan,0,0,0,1,False
r48u_20260914_JPLM_UDUC_round_feedback_fix1,JPLM,UDUC,round_feedback,2024-07-17T00:16:00,JPLM,GPS,USER_L1_SD_CONDITIONAL,1,0,0,nan,nan,0,0,0,1,False
r48u_20260914_JPLM_UDUC_round_feedback_fix1,JPLM,UDUC,round_feedback,2024-07-17T00:16:30,JPLM,GPS,USER_WL_SD,1,0,0,nan,nan,0,0,0,1,False
r48u_20260914_JPLM_UDUC_round_feedback_fix1,JPLM,UDUC,round_feedback,2024-07-17T00:16:30,JPLM,GPS,USER_L1_SD_CONDITIONAL,1,0,0,nan,nan,0,0,0,1,False
r48u_20260914_JPLM_UDUC_round_feedback_fix1,JPLM,UDUC,round_feedback,2024-07-17T00:17:00,JPLM,GPS,USER_WL_SD,2,1,1,0.0548474,23.9281,1,6.32869e-08,1,1,True
r48u_20260914_JPLM_UDUC_round_feedback_fix1,JPLM,UDUC,round_feedback,2024-07-17T00:17:00,JPLM,GPS,USER_L1_SD_CONDITIONAL,2,0,0,nan,nan,0,0,0,1,False
r48u_20260914_JPLM_UDUC_round_feedback_fix1,JPLM,UDUC,round_feedback,2024-07-17T00:17:30,JPLM,GPS,USER_WL_SD,2,0,0,nan,nan,0,0,0,1,False
r48u_20260914_JPLM_UDUC_round_feedback_fix1,JPLM,UDUC,round_feedback,2024-07-17T00:18:00,JPLM,GPS,USER_WL_SD,2,0,0,nan,nan,0,0,0,1,False
r48u_20260914_JPLM_UDUC_round_feedback_fix1,JPLM,UDUC,round_feedback,2024-07-17T00:18:30,JPLM,GPS,USER_WL_SD,2,0,0,nan,nan,0,0,0,1,False
r48u_20260914_JPLM_UDUC_round_feedback_fix1,JPLM,UDUC,round_feedback,2024-07-17T00:19:00,JPLM,GPS,USER_WL_SD,3,0,0,nan,nan,0,0,0,1,False
r48u_20260914_JPLM_UDUC_round_feedback_fix1,JPLM,UDUC,round_feedback,2024-07-17T00:19:30,JPLM,GPS,USER_WL_SD,3,0,0,nan,nan,0,0,0,1,False
r48u_20260914_JPLM_UDUC_round_feedback_fix1,JPLM,UDUC,round_feedback,2024-07-17T00:20:00,JPLM,GPS,USER_WL_SD,3,0,0,nan,nan,0,0,0,1,False
r48u_20260914_JPLM_UDUC_round_feedback_fix1,JPLM,UDUC,round_feedback,2024-07-17T00:20:30,JPLM,GPS,USER_WL_SD,3,0,0,nan,nan,0,0,0,1,False
r48u_20260914_JPLM_UDUC_round_feedback_fix1,JPLM,UDUC,round_feedback,2024-07-17T00:21:00,JPLM,GPS,USER_WL_SD,3,0,0,nan,nan,0,0,0,1,False
r48u_20260914_JPLM_UDUC_round_feedback_fix1,JPLM,UDUC,round_feedback,2024-07-17T00:21:30,JPLM,GPS,USER_WL_SD,3,0,0,nan,nan,0,0,0,1,False
r48u_20260914_JPLM_UDUC_round_feedback_fix1,JPLM,UDUC,round_feedback,2024-07-17T00:22:00,JPLM,GPS,USER_WL_SD,3,0,0,nan,nan,0,0,0,1,False
r48u_20260914_JPLM_UDUC_round_feedback_fix1,JPLM,UDUC,round_feedback,2024-07-17T00:22:30,JPLM,GPS,USER_WL_SD,3,0,0,nan,nan,0,0,0,1,False
r48u_20260914_JPLM_UDUC_round_feedback_fix1,JPLM,UDUC,round_feedback,2024-07-17T00:23:00,JPLM,GPS,USER_WL_SD,3,0,0,nan,nan,0,0,0,1,False
r48u_20260914_JPLM_UDUC_round_feedback_fix1,JPLM,UDUC,round_feedback,2024-07-17T00:23:30,JPLM,GPS,USER_WL_SD,2,0,0,nan,nan,0,0,0,1,False
r48u_20260914_JPLM_UDUC_round_feedback_fix1,JPLM,UDUC,round_feedback,2024-07-17T00:24:00,JPLM,GPS,USER_WL_SD,3,0,0,nan,nan,0,0,0,1,False
r48u_20260914_JPLM_UDUC_round_feedback_fix1,JPLM,UDUC,round_feedback,2024-07-17T00:24:30,JPLM,GPS,USER_WL_SD,3,0,0,nan,nan,0,0,0,1,False
r48u_20260914_JPLM_UDUC_round_feedback_fix1,JPLM,UDUC,round_feedback,2024-07-17T00:25:00,JPLM,GPS,USER_WL_SD,3,0,0,nan,nan,0,0,0,1,False
r48u_20260914_JPLM_UDUC_round_feedback_fix1,JPLM,UDUC,round_feedback,2024-07-17T00:25:30,JPLM,GPS,USER_WL_SD,2,0,0,nan,nan,0,0,0,1,False
r48u_20260914_JPLM_UDUC_round_feedback_fix1,JPLM,UDUC,round_feedback,2024-07-17T00:26:00,JPLM,GPS,USER_WL_SD,3,0,0,nan,nan,0,0,0,1,False
r48u_20260914_JPLM_UDUC_round_feedback_fix1,JPLM,UDUC,round_feedback,2024-07-17T00:26:30,JPLM,GPS,USER_WL_SD,3,0,0,nan,nan,0,0,0,1,False
r48u_20260914_JPLM_UDUC_round_feedback_fix1,JPLM,UDUC,round_feedback,2024-07-17T00:27:00,JPLM,GPS,USER_WL_SD,2,0,0,nan,nan,0,0,0,1,False
r48u_20260914_JPLM_UDUC_round_feedback_fix1,JPLM,UDUC,round_feedback,2024-07-17T00:27:30,JPLM,GPS,USER_WL_SD,2,0,0,nan,nan,0,0,0,1,False
r48u_20260914_JPLM_UDUC_round_feedback_fix1,JPLM,UDUC,round_feedback,2024-07-17T00:28:00,JPLM,GPS,USER_WL_SD,2,0,0,nan,nan,0,0,0,1,False
r48u_20260914_JPLM_UDUC_round_feedback_fix1,JPLM,UDUC,round_feedback,2024-07-17T00:28:30,JPLM,GPS,USER_WL_SD,3,0,0,nan,nan,0,0,0,1,False
r48u_20260914_JPLM_UDUC_round_feedback_fix1,JPLM,UDUC,round_feedback,2024-07-17T00:29:00,JPLM,GPS,USER_WL_SD,3,0,0,nan,nan,0,0,0,1,False
r48u_20260914_JPLM_UDUC_round_feedback_fix1,JPLM,UDUC,round_feedback,2024-07-17T00:29:30,JPLM,GPS,USER_WL_SD,3,0,0,nan,nan,0,0,0,1,False
r48u_20260914_JPLM_UDUC_round_feedback_fix1,JPLM,UDUC,round_feedback,2024-07-17T00:30:00,JPLM,GPS,USER_WL_SD,3,0,0,nan,nan,0,0,0,1,False
r48u_20260914_JPLM_UDUC_ils_shadow_fix1,JPLM,UDUC,ils_shadow,2024-07-17T00:11:30,JPLM,GPS,USER_WL_SD,1,0,0,nan,nan,0,0,0,0,False
r48u_20260914_JPLM_UDUC_ils_shadow_fix1,JPLM,UDUC,ils_shadow,2024-07-17T00:12:00,JPLM,GPS,USER_WL_SD,1,0,0,nan,nan,0,0,0,0,False
r48u_20260914_JPLM_UDUC_ils_shadow_fix1,JPLM,UDUC,ils_shadow,2024-07-17T00:12:30,JPLM,GPS,USER_WL_SD,1,0,0,nan,nan,0,0,0,0,False
r48u_20260914_JPLM_UDUC_ils_shadow_fix1,JPLM,UDUC,ils_shadow,2024-07-17T00:13:00,JPLM,GPS,USER_WL_SD,1,0,0,nan,nan,0,0,0,0,False
r48u_20260914_JPLM_UDUC_ils_shadow_fix1,JPLM,UDUC,ils_shadow,2024-07-17T00:13:30,JPLM,GPS,USER_WL_SD,1,0,0,nan,nan,0,0,0,0,False
r48u_20260914_JPLM_UDUC_ils_shadow_fix1,JPLM,UDUC,ils_shadow,2024-07-17T00:14:00,JPLM,GPS,USER_WL_SD,1,0,0,nan,nan,0,0,0,0,False
r48u_20260914_JPLM_UDUC_ils_shadow_fix1,JPLM,UDUC,ils_shadow,2024-07-17T00:14:30,JPLM,GPS,USER_WL_SD,1,0,0,nan,nan,0,0,0,0,False
r48u_20260914_JPLM_UDUC_ils_shadow_fix1,JPLM,UDUC,ils_shadow,2024-07-17T00:15:00,JPLM,GPS,USER_WL_SD,1,0,0,nan,nan,0,0,0,0,False
r48u_20260914_JPLM_UDUC_ils_shadow_fix1,JPLM,UDUC,ils_shadow,2024-07-17T00:15:30,JPLM,GPS,USER_WL_SD,1,0,0,nan,nan,0,0,0,0,False
r48u_20260914_JPLM_UDUC_ils_shadow_fix1,JPLM,UDUC,ils_shadow,2024-07-17T00:16:00,JPLM,GPS,USER_WL_SD,1,1,1,0.00940185,23.9281,1,3.5674e-05,1,0,True
r48u_20260914_JPLM_UDUC_ils_shadow_fix1,JPLM,UDUC,ils_shadow,2024-07-17T00:16:00,JPLM,GPS,USER_L1_SD_CONDITIONAL,1,0,0,nan,nan,0,0,0,0,False
r48u_20260914_JPLM_UDUC_ils_shadow_fix1,JPLM,UDUC,ils_shadow,2024-07-17T00:16:30,JPLM,GPS,USER_WL_SD,1,1,1,0.0117611,23.9281,1,2.46627e-05,1,0,True
r48u_20260914_JPLM_UDUC_ils_shadow_fix1,JPLM,UDUC,ils_shadow,2024-07-17T00:16:30,JPLM,GPS,USER_L1_SD_CONDITIONAL,1,0,0,nan,nan,0,0,0,0,False
r48u_20260914_JPLM_UDUC_ils_shadow_fix1,JPLM,UDUC,ils_shadow,2024-07-17T00:17:00,JPLM,GPS,USER_WL_SD,2,2,2,0.0574087,27.631,2,1.59998e-05,1,0,True
r48u_20260914_JPLM_UDUC_ils_shadow_fix1,JPLM,UDUC,ils_shadow,2024-07-17T00:17:00,JPLM,GPS,USER_L1_SD_CONDITIONAL,2,0,0,nan,nan,0,0,0,0,False
r48u_20260914_JPLM_UDUC_ils_shadow_fix1,JPLM,UDUC,ils_shadow,2024-07-17T00:17:30,JPLM,GPS,USER_WL_SD,2,2,2,0.0534948,27.631,2,1.07597e-05,1,0,True
r48u_20260914_JPLM_UDUC_ils_shadow_fix1,JPLM,UDUC,ils_shadow,2024-07-17T00:17:30,JPLM,GPS,USER_L1_SD_CONDITIONAL,2,0,0,nan,nan,0,0,0,0,False
r48u_20260914_JPLM_UDUC_ils_shadow_fix1,JPLM,UDUC,ils_shadow,2024-07-17T00:18:00,JPLM,GPS,USER_WL_SD,2,2,2,0.0396009,27.631,2,7.55726e-06,1,0,True
r48u_20260914_JPLM_UDUC_ils_shadow_fix1,JPLM,UDUC,ils_shadow,2024-07-17T00:18:00,JPLM,GPS,USER_L1_SD_CONDITIONAL,2,0,0,nan,nan,0,0,0,0,False
r48u_20260914_JPLM_UDUC_ils_shadow_fix1,JPLM,UDUC,ils_shadow,2024-07-17T00:18:30,JPLM,GPS,USER_WL_SD,2,2,2,0.00901964,27.631,2,5.05308e-06,1,0,True
r48u_20260914_JPLM_UDUC_ils_shadow_fix1,JPLM,UDUC,ils_shadow,2024-07-17T00:18:30,JPLM,GPS,USER_L1_SD_CONDITIONAL,2,0,0,nan,nan,0,0,0,0,False
r48u_20260914_JPLM_UDUC_ils_shadow_fix1,JPLM,UDUC,ils_shadow,2024-07-17T00:19:00,JPLM,GPS,USER_WL_SD,3,2,2,0.00123217,27.631,2,3.4724e-06,1,0,True
r48u_20260914_JPLM_UDUC_ils_shadow_fix1,JPLM,UDUC,ils_shadow,2024-07-17T00:19:00,JPLM,GPS,USER_L1_SD_CONDITIONAL,3,0,0,nan,nan,0,0,0,0,False
r48u_20260914_JPLM_UDUC_ils_shadow_fix1,JPLM,UDUC,ils_shadow,2024-07-17T00:19:30,JPLM,GPS,USER_WL_SD,3,2,2,0.00104483,27.631,2,2.40561e-06,1,0,True
r48u_20260914_JPLM_UDUC_ils_shadow_fix1,JPLM,UDUC,ils_shadow,2024-07-17T00:19:30,JPLM,GPS,USER_L1_SD_CONDITIONAL,3,0,0,nan,nan,0,0,0,0,False
r48u_20260914_JPLM_UDUC_ils_shadow_fix1,JPLM,UDUC,ils_shadow,2024-07-17T00:20:00,JPLM,GPS,USER_WL_SD,3,2,2,0.0159364,27.631,2,1.78147e-06,1,0,True
r48u_20260914_JPLM_UDUC_ils_shadow_fix1,JPLM,UDUC,ils_shadow,2024-07-17T00:20:00,JPLM,GPS,USER_L1_SD_CONDITIONAL,3,0,0,nan,nan,0,0,0,0,False
r48u_20260914_JPLM_UDUC_ils_shadow_fix1,JPLM,UDUC,ils_shadow,2024-07-17T00:20:30,JPLM,GPS,USER_WL_SD,3,2,2,0.00670845,27.631,2,1.16329e-06,1,0,True
r48u_20260914_JPLM_UDUC_ils_shadow_fix1,JPLM,UDUC,ils_shadow,2024-07-17T00:20:30,JPLM,GPS,USER_L1_SD_CONDITIONAL,3,0,0,nan,nan,0,0,0,0,False
r48u_20260914_JPLM_UDUC_ils_shadow_fix1,JPLM,UDUC,ils_shadow,2024-07-17T00:21:00,JPLM,GPS,USER_WL_SD,3,2,2,0.00717651,27.631,2,8.20092e-07,1,0,True
r48u_20260914_JPLM_UDUC_ils_shadow_fix1,JPLM,UDUC,ils_shadow,2024-07-17T00:21:00,JPLM,GPS,USER_L1_SD_CONDITIONAL,3,0,0,nan,nan,0,0,0,0,False
r48u_20260914_JPLM_UDUC_ils_shadow_fix1,JPLM,UDUC,ils_shadow,2024-07-17T00:21:30,JPLM,GPS,USER_WL_SD,3,2,2,0.00833759,27.631,2,5.91061e-07,1,0,True
r48u_20260914_JPLM_UDUC_ils_shadow_fix1,JPLM,UDUC,ils_shadow,2024-07-17T00:21:30,JPLM,GPS,USER_L1_SD_CONDITIONAL,3,0,0,nan,nan,0,0,0,0,False
r48u_20260914_JPLM_UDUC_ils_shadow_fix1,JPLM,UDUC,ils_shadow,2024-07-17T00:22:00,JPLM,GPS,USER_WL_SD,3,2,2,0.0196718,27.631,2,4.46784e-07,1,0,True
r48u_20260914_JPLM_UDUC_ils_shadow_fix1,JPLM,UDUC,ils_shadow,2024-07-17T00:22:00,JPLM,GPS,USER_L1_SD_CONDITIONAL,3,0,0,nan,nan,0,0,0,0,False
r48u_20260914_JPLM_UDUC_ils_shadow_fix1,JPLM,UDUC,ils_shadow,2024-07-17T00:22:30,JPLM,GPS,USER_WL_SD,3,2,2,0.0362882,27.631,2,3.28444e-07,1,0,True
r48u_20260914_JPLM_UDUC_ils_shadow_fix1,JPLM,UDUC,ils_shadow,2024-07-17T00:22:30,JPLM,GPS,USER_L1_SD_CONDITIONAL,3,0,0,nan,nan,0,0,0,0,False
r48u_20260914_JPLM_UDUC_ils_shadow_fix1,JPLM,UDUC,ils_shadow,2024-07-17T00:23:00,JPLM,GPS,USER_WL_SD,3,2,2,0.0660253,27.631,2,2.30638e-07,1,0,True
r48u_20260914_JPLM_UDUC_ils_shadow_fix1,JPLM,UDUC,ils_shadow,2024-07-17T00:23:00,JPLM,GPS,USER_L1_SD_CONDITIONAL,3,0,0,nan,nan,0,0,0,0,False
r48u_20260914_JPLM_UDUC_ils_shadow_fix1,JPLM,UDUC,ils_shadow,2024-07-17T00:23:30,JPLM,GPS,USER_WL_SD,2,2,2,0.0861144,27.631,2,1.44577e-07,1,0,True
r48u_20260914_JPLM_UDUC_ils_shadow_fix1,JPLM,UDUC,ils_shadow,2024-07-17T00:23:30,JPLM,GPS,USER_L1_SD_CONDITIONAL,2,0,0,nan,nan,0,0,0,0,False
r48u_20260914_JPLM_UDUC_ils_shadow_fix1,JPLM,UDUC,ils_shadow,2024-07-17T00:24:00,JPLM,GPS,USER_WL_SD,3,2,2,0.125761,27.631,2,1.05429e-07,1,0,True
r48u_20260914_JPLM_UDUC_ils_shadow_fix1,JPLM,UDUC,ils_shadow,2024-07-17T00:24:00,JPLM,GPS,USER_L1_SD_CONDITIONAL,3,0,0,nan,nan,0,0,0,0,False
r48u_20260914_JPLM_UDUC_ils_shadow_fix1,JPLM,UDUC,ils_shadow,2024-07-17T00:24:30,JPLM,GPS,USER_WL_SD,3,2,2,0.134819,27.631,2,8.69073e-08,1,0,True
r48u_20260914_JPLM_UDUC_ils_shadow_fix1,JPLM,UDUC,ils_shadow,2024-07-17T00:24:30,JPLM,GPS,USER_L1_SD_CONDITIONAL,3,0,0,nan,nan,0,0,0,0,False
r48u_20260914_JPLM_UDUC_ils_shadow_fix1,JPLM,UDUC,ils_shadow,2024-07-17T00:25:00,JPLM,GPS,USER_WL_SD,3,2,2,0.101814,27.631,2,6.37174e-08,1,0,True
r48u_20260914_JPLM_UDUC_ils_shadow_fix1,JPLM,UDUC,ils_shadow,2024-07-17T00:25:00,JPLM,GPS,USER_L1_SD_CONDITIONAL,3,0,0,nan,nan,0,0,0,0,False
r48u_20260914_JPLM_UDUC_ils_shadow_fix1,JPLM,UDUC,ils_shadow,2024-07-17T00:25:30,JPLM,GPS,USER_WL_SD,2,1,1,0.00882431,23.9281,1,3.98831e-08,1,0,True
r48u_20260914_JPLM_UDUC_ils_shadow_fix1,JPLM,UDUC,ils_shadow,2024-07-17T00:25:30,JPLM,GPS,USER_L1_SD_CONDITIONAL,2,0,0,nan,nan,0,0,0,0,False
r48u_20260914_JPLM_UDUC_ils_shadow_fix1,JPLM,UDUC,ils_shadow,2024-07-17T00:26:00,JPLM,GPS,USER_WL_SD,3,2,2,0.0357425,27.631,2,2.66543e-08,1,0,True
r48u_20260914_JPLM_UDUC_ils_shadow_fix1,JPLM,UDUC,ils_shadow,2024-07-17T00:26:00,JPLM,GPS,USER_L1_SD_CONDITIONAL,3,0,0,nan,nan,0,0,0,0,False
r48u_20260914_JPLM_UDUC_ils_shadow_fix1,JPLM,UDUC,ils_shadow,2024-07-17T00:26:30,JPLM,GPS,USER_WL_SD,3,2,2,0.0257213,27.631,2,1.94006e-08,1,0,True
r48u_20260914_JPLM_UDUC_ils_shadow_fix1,JPLM,UDUC,ils_shadow,2024-07-17T00:26:30,JPLM,GPS,USER_L1_SD_CONDITIONAL,3,0,0,nan,nan,0,0,0,0,False
r48u_20260914_JPLM_UDUC_ils_shadow_fix1,JPLM,UDUC,ils_shadow,2024-07-17T00:27:00,JPLM,GPS,USER_WL_SD,2,1,1,0.00588956,23.9281,1,8.55193e-07,1,0,True
r48u_20260914_JPLM_UDUC_ils_shadow_fix1,JPLM,UDUC,ils_shadow,2024-07-17T00:27:00,JPLM,GPS,USER_L1_SD_CONDITIONAL,2,0,0,nan,nan,0,0,0,0,False
r48u_20260914_JPLM_UDUC_ils_shadow_fix1,JPLM,UDUC,ils_shadow,2024-07-17T00:27:30,JPLM,GPS,USER_WL_SD,2,1,1,0.00830654,23.9281,1,6.9328e-07,1,0,True
r48u_20260914_JPLM_UDUC_ils_shadow_fix1,JPLM,UDUC,ils_shadow,2024-07-17T00:27:30,JPLM,GPS,USER_L1_SD_CONDITIONAL,2,0,0,nan,nan,0,0,0,0,False
r48u_20260914_JPLM_UDUC_ils_shadow_fix1,JPLM,UDUC,ils_shadow,2024-07-17T00:28:00,JPLM,GPS,USER_WL_SD,2,1,1,0.018335,23.9281,1,5.94964e-07,1,0,True
r48u_20260914_JPLM_UDUC_ils_shadow_fix1,JPLM,UDUC,ils_shadow,2024-07-17T00:28:00,JPLM,GPS,USER_L1_SD_CONDITIONAL,2,0,0,nan,nan,0,0,0,0,False
r48u_20260914_JPLM_UDUC_ils_shadow_fix1,JPLM,UDUC,ils_shadow,2024-07-17T00:28:30,JPLM,GPS,USER_WL_SD,3,2,2,0.046748,27.631,2,5.64727e-09,1,0,True
r48u_20260914_JPLM_UDUC_ils_shadow_fix1,JPLM,UDUC,ils_shadow,2024-07-17T00:28:30,JPLM,GPS,USER_L1_SD_CONDITIONAL,3,0,0,nan,nan,0,0,0,0,False
r48u_20260914_JPLM_UDUC_ils_shadow_fix1,JPLM,UDUC,ils_shadow,2024-07-17T00:29:00,JPLM,GPS,USER_WL_SD,3,2,2,0.0397516,27.631,2,4.36051e-09,1,0,True
r48u_20260914_JPLM_UDUC_ils_shadow_fix1,JPLM,UDUC,ils_shadow,2024-07-17T00:29:00,JPLM,GPS,USER_L1_SD_CONDITIONAL,3,0,0,nan,nan,0,0,0,0,False
r48u_20260914_JPLM_UDUC_ils_shadow_fix1,JPLM,UDUC,ils_shadow,2024-07-17T00:29:30,JPLM,GPS,USER_WL_SD,3,2,2,0.0208106,27.631,2,3.07527e-09,1,0,True
r48u_20260914_JPLM_UDUC_ils_shadow_fix1,JPLM,UDUC,ils_shadow,2024-07-17T00:29:30,JPLM,GPS,USER_L1_SD_CONDITIONAL,3,0,0,nan,nan,0,0,0,0,False
r48u_20260914_JPLM_UDUC_ils_shadow_fix1,JPLM,UDUC,ils_shadow,2024-07-17T00:30:00,JPLM,GPS,USER_WL_SD,3,2,2,0.0132262,27.631,2,2.21941e-09,1,0,True
r48u_20260914_JPLM_UDUC_ils_shadow_fix1,JPLM,UDUC,ils_shadow,2024-07-17T00:30:00,JPLM,GPS,USER_L1_SD_CONDITIONAL,3,0,0,nan,nan,0,0,0,0,False
r48u_20260914_JPLM_UDUC_ils_feedback_fix1,JPLM,UDUC,ils_feedback,2024-07-17T00:11:30,JPLM,GPS,USER_WL_SD,1,0,0,nan,nan,0,0,0,1,False
r48u_20260914_JPLM_UDUC_ils_feedback_fix1,JPLM,UDUC,ils_feedback,2024-07-17T00:12:00,JPLM,GPS,USER_WL_SD,1,0,0,nan,nan,0,0,0,1,False
r48u_20260914_JPLM_UDUC_ils_feedback_fix1,JPLM,UDUC,ils_feedback,2024-07-17T00:12:30,JPLM,GPS,USER_WL_SD,1,0,0,nan,nan,0,0,0,1,False
r48u_20260914_JPLM_UDUC_ils_feedback_fix1,JPLM,UDUC,ils_feedback,2024-07-17T00:13:00,JPLM,GPS,USER_WL_SD,1,0,0,nan,nan,0,0,0,1,False
r48u_20260914_JPLM_UDUC_ils_feedback_fix1,JPLM,UDUC,ils_feedback,2024-07-17T00:13:30,JPLM,GPS,USER_WL_SD,1,0,0,nan,nan,0,0,0,1,False
r48u_20260914_JPLM_UDUC_ils_feedback_fix1,JPLM,UDUC,ils_feedback,2024-07-17T00:14:00,JPLM,GPS,USER_WL_SD,1,0,0,nan,nan,0,0,0,1,False
r48u_20260914_JPLM_UDUC_ils_feedback_fix1,JPLM,UDUC,ils_feedback,2024-07-17T00:14:30,JPLM,GPS,USER_WL_SD,1,0,0,nan,nan,0,0,0,1,False
r48u_20260914_JPLM_UDUC_ils_feedback_fix1,JPLM,UDUC,ils_feedback,2024-07-17T00:15:00,JPLM,GPS,USER_WL_SD,1,0,0,nan,nan,0,0,0,1,False
r48u_20260914_JPLM_UDUC_ils_feedback_fix1,JPLM,UDUC,ils_feedback,2024-07-17T00:15:30,JPLM,GPS,USER_WL_SD,1,0,0,nan,nan,0,0,0,1,False
r48u_20260914_JPLM_UDUC_ils_feedback_fix1,JPLM,UDUC,ils_feedback,2024-07-17T00:16:00,JPLM,GPS,USER_WL_SD,1,1,1,0.00940185,23.9281,1,3.5674e-05,1,1,True
r48u_20260914_JPLM_UDUC_ils_feedback_fix1,JPLM,UDUC,ils_feedback,2024-07-17T00:16:00,JPLM,GPS,USER_L1_SD_CONDITIONAL,1,0,0,nan,nan,0,0,0,1,False
r48u_20260914_JPLM_UDUC_ils_feedback_fix1,JPLM,UDUC,ils_feedback,2024-07-17T00:16:30,JPLM,GPS,USER_WL_SD,1,0,0,nan,nan,0,0,0,1,False
r48u_20260914_JPLM_UDUC_ils_feedback_fix1,JPLM,UDUC,ils_feedback,2024-07-17T00:16:30,JPLM,GPS,USER_L1_SD_CONDITIONAL,1,0,0,nan,nan,0,0,0,1,False
r48u_20260914_JPLM_UDUC_ils_feedback_fix1,JPLM,UDUC,ils_feedback,2024-07-17T00:17:00,JPLM,GPS,USER_WL_SD,2,1,1,0.0548474,23.9281,1,6.32869e-08,1,1,True
r48u_20260914_JPLM_UDUC_ils_feedback_fix1,JPLM,UDUC,ils_feedback,2024-07-17T00:17:00,JPLM,GPS,USER_L1_SD_CONDITIONAL,2,0,0,nan,nan,0,0,0,1,False
r48u_20260914_JPLM_UDUC_ils_feedback_fix1,JPLM,UDUC,ils_feedback,2024-07-17T00:17:30,JPLM,GPS,USER_WL_SD,2,0,0,nan,nan,0,0,0,1,False
r48u_20260914_JPLM_UDUC_ils_feedback_fix1,JPLM,UDUC,ils_feedback,2024-07-17T00:18:00,JPLM,GPS,USER_WL_SD,2,0,0,nan,nan,0,0,0,1,False
r48u_20260914_JPLM_UDUC_ils_feedback_fix1,JPLM,UDUC,ils_feedback,2024-07-17T00:18:30,JPLM,GPS,USER_WL_SD,2,0,0,nan,nan,0,0,0,1,False
r48u_20260914_JPLM_UDUC_ils_feedback_fix1,JPLM,UDUC,ils_feedback,2024-07-17T00:19:00,JPLM,GPS,USER_WL_SD,3,0,0,nan,nan,0,0,0,1,False
r48u_20260914_JPLM_UDUC_ils_feedback_fix1,JPLM,UDUC,ils_feedback,2024-07-17T00:19:30,JPLM,GPS,USER_WL_SD,3,0,0,nan,nan,0,0,0,1,False
r48u_20260914_JPLM_UDUC_ils_feedback_fix1,JPLM,UDUC,ils_feedback,2024-07-17T00:20:00,JPLM,GPS,USER_WL_SD,3,0,0,nan,nan,0,0,0,1,False
r48u_20260914_JPLM_UDUC_ils_feedback_fix1,JPLM,UDUC,ils_feedback,2024-07-17T00:20:30,JPLM,GPS,USER_WL_SD,3,0,0,nan,nan,0,0,0,1,False
r48u_20260914_JPLM_UDUC_ils_feedback_fix1,JPLM,UDUC,ils_feedback,2024-07-17T00:21:00,JPLM,GPS,USER_WL_SD,3,0,0,nan,nan,0,0,0,1,False
r48u_20260914_JPLM_UDUC_ils_feedback_fix1,JPLM,UDUC,ils_feedback,2024-07-17T00:21:30,JPLM,GPS,USER_WL_SD,3,0,0,nan,nan,0,0,0,1,False
r48u_20260914_JPLM_UDUC_ils_feedback_fix1,JPLM,UDUC,ils_feedback,2024-07-17T00:22:00,JPLM,GPS,USER_WL_SD,3,0,0,nan,nan,0,0,0,1,False
r48u_20260914_JPLM_UDUC_ils_feedback_fix1,JPLM,UDUC,ils_feedback,2024-07-17T00:22:30,JPLM,GPS,USER_WL_SD,3,0,0,nan,nan,0,0,0,1,False
r48u_20260914_JPLM_UDUC_ils_feedback_fix1,JPLM,UDUC,ils_feedback,2024-07-17T00:23:00,JPLM,GPS,USER_WL_SD,3,0,0,nan,nan,0,0,0,1,False
r48u_20260914_JPLM_UDUC_ils_feedback_fix1,JPLM,UDUC,ils_feedback,2024-07-17T00:23:30,JPLM,GPS,USER_WL_SD,2,0,0,nan,nan,0,0,0,1,False
r48u_20260914_JPLM_UDUC_ils_feedback_fix1,JPLM,UDUC,ils_feedback,2024-07-17T00:24:00,JPLM,GPS,USER_WL_SD,3,0,0,nan,nan,0,0,0,1,False
r48u_20260914_JPLM_UDUC_ils_feedback_fix1,JPLM,UDUC,ils_feedback,2024-07-17T00:24:30,JPLM,GPS,USER_WL_SD,3,0,0,nan,nan,0,0,0,1,False
r48u_20260914_JPLM_UDUC_ils_feedback_fix1,JPLM,UDUC,ils_feedback,2024-07-17T00:25:00,JPLM,GPS,USER_WL_SD,3,0,0,nan,nan,0,0,0,1,False
r48u_20260914_JPLM_UDUC_ils_feedback_fix1,JPLM,UDUC,ils_feedback,2024-07-17T00:25:30,JPLM,GPS,USER_WL_SD,2,0,0,nan,nan,0,0,0,1,False
r48u_20260914_JPLM_UDUC_ils_feedback_fix1,JPLM,UDUC,ils_feedback,2024-07-17T00:26:00,JPLM,GPS,USER_WL_SD,3,0,0,nan,nan,0,0,0,1,False
r48u_20260914_JPLM_UDUC_ils_feedback_fix1,JPLM,UDUC,ils_feedback,2024-07-17T00:26:30,JPLM,GPS,USER_WL_SD,3,0,0,nan,nan,0,0,0,1,False
r48u_20260914_JPLM_UDUC_ils_feedback_fix1,JPLM,UDUC,ils_feedback,2024-07-17T00:27:00,JPLM,GPS,USER_WL_SD,2,0,0,nan,nan,0,0,0,1,False
r48u_20260914_JPLM_UDUC_ils_feedback_fix1,JPLM,UDUC,ils_feedback,2024-07-17T00:27:30,JPLM,GPS,USER_WL_SD,2,0,0,nan,nan,0,0,0,1,False
r48u_20260914_JPLM_UDUC_ils_feedback_fix1,JPLM,UDUC,ils_feedback,2024-07-17T00:28:00,JPLM,GPS,USER_WL_SD,2,0,0,nan,nan,0,0,0,1,False
r48u_20260914_JPLM_UDUC_ils_feedback_fix1,JPLM,UDUC,ils_feedback,2024-07-17T00:28:30,JPLM,GPS,USER_WL_SD,3,0,0,nan,nan,0,0,0,1,False
r48u_20260914_JPLM_UDUC_ils_feedback_fix1,JPLM,UDUC,ils_feedback,2024-07-17T00:29:00,JPLM,GPS,USER_WL_SD,3,0,0,nan,nan,0,0,0,1,False
r48u_20260914_JPLM_UDUC_ils_feedback_fix1,JPLM,UDUC,ils_feedback,2024-07-17T00:29:30,JPLM,GPS,USER_WL_SD,3,0,0,nan,nan,0,0,0,1,False
r48u_20260914_JPLM_UDUC_ils_feedback_fix1,JPLM,UDUC,ils_feedback,2024-07-17T00:30:00,JPLM,GPS,USER_WL_SD,3,0,0,nan,nan,0,0,0,1,False
